t;x;y;q
0;-13.4;-33.2;-0.9
2;-13.2;-32.8;-1.8
4;-13.4;-33;-1.6
6;-13.2;-32.9;-1.4
8;-13.3;-32.7;-2
10;-13.2;-32.3;-1.3
12;-13.2;-32.6;-1.7
14;-13.3;-32.7;-1.8
16;-13.3;-33;-1.2
18;-13.4;-33.3;-1.8
20;-13.1;-32.7;-1.6
22;-13.1;-32.8;-1.3
24;-13.1;-32.8;-1.8
26;-13.3;-32.9;-1.6
28;-13.4;-32.6;-1.4
30;-13.5;-33;-1.8
32;-13.4;-32.8;-1.6
34;-13.4;-32.4;-1.2
36;-13.3;-32.8;-2.1
38;-13.1;-32.5;-1.3
40;-13.1;-32.4;-1.2
42;-13;-32.6;-1.8
44;-13.2;-32.7;-1.7
46;-13.1;-32.8;-1.3
48;-13.3;-33.1;-2.2
50;-13.4;-33.2;-1.6
52;-13.5;-33.2;-1.7
54;-13.4;-32.9;-2.1
56;-13.3;-32.8;-1.4
58;-13.1;-33;-1.6
60;-13.2;-32.5;-1.8
62;-13.4;-32.8;-1.4
64;-13.1;-32.7;-1.9
66;-13.3;-32.6;-1.4
68;-13.3;-33.2;-1.4
70;-13.2;-32.9;-2
72;-13.4;-32.6;-2
74;-13;-32.6;-1.1
76;-13.2;-32.8;-1.8
78;-13.2;-32.7;-1.9
80;-13.2;-32.8;-1.4
82;-13.2;-32.5;-1.8
84;-13.2;-32.5;-1.7
86;-13.1;-32.4;-1.4
88;-13.5;-33.1;-1.5
90;-13.2;-32.5;-1.6
92;-13.2;-32.6;-2.1
94;-13.6;-32.6;-1.7
96;-13.5;-33.1;-1.4
98;-13.4;-32.8;-2.1
100;-13.3;-32.9;-1.7
102;-13.3;-33.2;-1.7
104;-13;-32.3;-1.8
106;-13.3;-32.8;-1.5
108;-13.5;-33;-2.1
110;-13.2;-32.7;-1.6
112;-13.1;-32.8;-1.6
114;-13.1;-32.8;-2
116;-13.2;-33;-1.1
118;-13.4;-33;-1.6
120;-13.1;-32.7;-2.1
122;-13.4;-32.9;-1.5
124;-13.5;-33;-2.2
126;-13.2;-32.6;-1.9
128;-13.1;-32.5;-1
130;-12.9;-32.8;-2.1
132;-13.4;-33;-2
134;-13.3;-32.6;-1.7
136;-13.2;-32.8;-1.6
138;-13.2;-32.9;-1.8
140;-13.3;-32.4;-1.6
142;-13.3;-33.1;-1.7
144;-13;-32.5;-1.4
146;-13.4;-32.5;-1.3
148;-13.5;-33.1;-2.2
150;-13.4;-33.1;-1.6
152;-13.3;-32.9;-1
154;-13.4;-33.2;-2.4
156;-13.1;-32.7;-1.2
158;-13.6;-33.4;-1.6
160;-13.4;-32.9;-2
162;-13.4;-33.2;-1.2
164;-13.1;-32.3;-1.7
166;-13.4;-32.6;-2.3
168;-13.1;-32.7;-1.4
170;-13.3;-32.9;-1.6
172;-13.1;-32.7;-1.8
174;-13.3;-33;-1.4
176;-13.4;-32.9;-1.5
178;-13.1;-33;-1.9
180;-13.2;-32.7;-1.3
182;-13.4;-32.8;-1.6
184;-13.2;-32.6;-2.1
186;-13.4;-32.6;-1.4
188;-13.4;-32.9;-2
190;-13.3;-33;-1.9
192;-13.2;-32.6;-1
194;-13.2;-32.8;-1.8
196;-13.1;-32.9;-1.6
198;-13.4;-32.9;-1.5
200;-13.4;-33.3;-1.8
202;-13.1;-32.4;-1.3
204;-13.4;-33.2;-2.2
206;-13.2;-32.6;-1.8
208;-13.4;-33.2;-1.2
210;-13.2;-32.7;-2.2
212;-13.3;-33;-1.4
214;-13.1;-32.6;-1.4
216;-13.4;-33.1;-2.1
218;-13.1;-33.3;-0.8
220;-13.5;-33.3;-2.1
222;-13.2;-32.9;-1.7
224;-13.2;-32.6;-1.2
226;-13.3;-32.8;-2.3
228;-13.4;-32.8;-1.3
230;-13.3;-32.4;-1.4
232;-13.2;-32.4;-1.9
234;-13.2;-32.3;-1.3
236;-13.3;-33;-1.5
238;-13.4;-33.1;-1.8
240;-13.2;-32.8;-1.6
242;-13;-32.7;-1.5
244;-13.3;-32.8;-1.5
246;-13.3;-32.7;-1.6
248;-13.1;-32.6;-1.5
250;-13.4;-33.1;-1.5
252;-13.1;-32.4;-2
254;-13.2;-32.8;-1.3
256;-13.1;-32.5;-1.5
258;-13.1;-32.7;-2
260;-13.1;-32.8;-1.2
262;-13.2;-32.7;-2
264;-13.3;-33.1;-1.7
266;-13.4;-32.8;-1.6
268;-13.2;-33.2;-2.1
270;-13;-32.5;-1.6
272;-13.6;-33.1;-1.5
274;-13.2;-32.2;-2
276;-13.4;-33.2;-1.5
278;-13.1;-32.7;-1.3
280;-13.2;-33;-1.5
282;-13.2;-32.8;-1.6
284;-13.4;-33.6;-1.4
286;-13.2;-32.7;-1.6
288;-13.4;-33.1;-2.2
290;-13.1;-32.9;-1.3
292;-13.3;-32.2;-1.5
294;-13.4;-33;-2.2
296;-13.4;-32.8;-1.6
298;-13.5;-33.3;-1.7
300;-13.4;-33.4;-1.7
302;-13.1;-32.6;-1.4
304;-13;-32.4;-1.7
306;-13.2;-32.3;-2
308;-13.3;-32.3;-1.7
310;-13.2;-32.7;-1.6
312;-13;-32.7;-1.6
314;-13.2;-33.1;-1.6
316;-13.2;-33.3;-2.1
318;-13;-32.5;-1.6
320;-13.5;-32.8;-1.3
322;-13;-32.2;-1.6
324;-13.2;-32.5;-1.6
326;-13.3;-33;-1
328;-13.5;-33.3;-2
330;-13;-33;-2.1
332;-13.2;-32.8;-1
334;-13.1;-32.4;-2.1
336;-13.3;-32.5;-1.8
338;-13.4;-32.9;-1.2
340;-13.1;-32.6;-2
342;-13.3;-32.5;-1.5
344;-13.3;-32.8;-1.6
346;-13.3;-33.5;-2.1
348;-13.1;-32.6;-1.5
350;-13.4;-32.9;-1.8
352;-13.2;-32.3;-1.6
354;-13.1;-32.3;-1.5
356;-13.2;-32.8;-1.7
358;-13.4;-33.1;-1.4
360;-13.4;-33.1;-1.5
362;-13.3;-32.6;-1.9
364;-13.1;-32.6;-1.8
366;-13.4;-32.9;-1.3
368;-13;-32.6;-2.1
370;-13;-32.5;-1.7
372;-13.4;-33;-1.6
374;-13.2;-32.7;-1.6
376;-13.1;-32.5;-1.5
378;-13.3;-33.1;-2.2
380;-13.2;-32.7;-1.5
382;-13.1;-32.5;-1.5
384;-13.3;-32.6;-1.7
386;-13.3;-32.7;-1.6
388;-13.5;-33.1;-1.9
390;-13.3;-32.7;-1.4
392;-13.1;-32.5;-1.7
394;-13.5;-33.5;-1.6
396;-13.3;-32.9;-1.5
398;-13.4;-33;-2.1
400;-13.4;-32.9;-1.6
402;-13.4;-32.9;-1.1
404;-13.5;-32.9;-2.5
406;-13.1;-32.7;-1.6
408;-13.5;-32.5;-1.5
410;-13.4;-32.9;-2
412;-13.4;-32.8;-1.2
414;-13.3;-32.6;-2.1
416;-13.4;-32.7;-1.6
418;-13.4;-32.9;-1.4
420;-13.2;-32.3;-1.8
422;-13.1;-32.8;-1.6
424;-13.1;-32.5;-1.5
426;-13.2;-32.7;-1.6
428;-13.1;-32.5;-1.9
430;-13.3;-32.6;-2
432;-13.4;-32.5;-1.8
434;-13.2;-32.6;-1.4
436;-13.2;-32.4;-1.8
438;-13.5;-33.1;-1.5
440;-13.2;-32.5;-1.6
442;-13.4;-33.3;-1.9
444;-13.2;-32.7;-1.8
446;-13.4;-33.2;-1.9
448;-13.4;-33.2;-1.5
450;-13.3;-32.8;-1.3
452;-13.2;-32.4;-2
454;-13.5;-32.9;-1.6
456;-13.1;-32.6;-1.6
458;-13.2;-32.8;-2.1
460;-13.5;-33.2;-1.6
462;-13;-32.3;-1.3
464;-13.6;-33.2;-1.6
466;-13.3;-32.8;-1.9
468;-13.2;-32.6;-1.7
470;-13.2;-32.6;-1.7
472;-13.3;-33.2;-1.6
474;-13.2;-33;-1.6
476;-13.6;-33.4;-1.5
478;-13.1;-32.3;-1.4
480;-13.3;-32.9;-1.7
482;-13.6;-33;-1.8
484;-13.4;-33;-1.7
486;-13.2;-32.4;-1.7
488;-13.3;-33;-2
490;-13.2;-32.6;-1.5
492;-13.6;-33;-1.3
494;-13;-32.8;-1.6
496;-13.2;-32.9;-1.8
498;-13.4;-33.1;-1.6
500;-13.4;-32.7;-1.7
502;-13.3;-32.6;-1.5
504;-13.3;-32.6;-1.6
506;-13.3;-32.5;-1.6
508;-13.3;-33;-1.4
510;-13.4;-33.1;-2.2
512;-13.2;-32.6;-1.6
514;-13.4;-33.2;-1.4
516;-13.2;-32.8;-2.1
518;-13.2;-32.7;-1.7
520;-13.2;-32.8;-1.3
522;-13.4;-32.4;-2.4
524;-13.3;-32.4;-0.9
526;-13.3;-32.7;-1.8
528;-13.6;-33.3;-2
530;-13.2;-33.6;-0.8
532;-13.2;-32.7;-2.2
534;-13.1;-32.4;-1.7
536;-13.2;-32.1;-1.1
538;-13.3;-32.3;-2.4
540;-13.2;-32.7;-1.3
542;-13.1;-33.1;-1.6
544;-13.1;-33;-2.2
546;-13.2;-32.7;-1.3
548;-13.3;-32.8;-1.8
550;-13.3;-32.6;-2
552;-13.2;-32.6;-1.4
554;-13.1;-32.5;-1.7
556;-13.2;-33.1;-1.8
558;-13.4;-33.5;-1.7
560;-13.2;-32.7;-1.5
562;-13.2;-32;-1.4
564;-13;-32;-1.5
566;-13.4;-32.9;-1.5
568;-13;-32.9;-1.3
570;-13.3;-32.9;-1.7
572;-13.2;-32.9;-1.8
574;-13.2;-32.1;-1.5
576;-13.3;-32.2;-1.9
578;-12.9;-31.9;-1.6
580;-13.2;-32.8;-1.2
582;-13.2;-33.3;-2
584;-13.1;-33;-2
586;-13;-32.5;-1.5
588;-13.5;-32.6;-1.8
590;-13.2;-32.2;-1.7
592;-13.4;-33;-1
594;-13.5;-33.6;-2.3
596;-13.3;-33;-1.6
598;-13.3;-32.9;-1.5
600;-13.3;-32.9;-2.2
602;-13.4;-32.2;-1.3
604;-13.4;-32.9;-2.1
606;-13.1;-32.7;-1.7
608;-13.1;-32.9;-1.4
610;-13.1;-32.8;-2.3
612;-13;-32;-1.4
614;-13.1;-31.7;-1.9
616;-13.3;-32.4;-2.3
618;-13.3;-33.4;-0.9
620;-13.4;-33.9;-2.1
622;-13.2;-33.1;-2.1
624;-13.5;-33.2;-1.2
626;-13.4;-32.4;-2
628;-13.2;-32;-2
630;-13.2;-32.7;-1.5
632;-13.4;-33.8;-1.6
634;-13.2;-33.1;-1.9
636;-13.2;-32.7;-1.7
638;-13.1;-32;-1.5
640;-13.3;-32;-1.9
642;-13.5;-33.1;-1.3
644;-13.1;-33;-1.4
646;-13.4;-33.6;-1.9
648;-13.5;-33.3;-1.3
650;-13.1;-32;-1.5
652;-13.2;-32.3;-1.8
654;-13.3;-32.6;-1.5
656;-13.3;-33.2;-1.6
658;-13.5;-33.8;-2.4
660;-13.4;-33.3;-1.4
662;-13.1;-32.2;-1.6
664;-13.4;-32.5;-2.1
666;-13.1;-32.3;-1.2
668;-13.4;-33.2;-1.7
670;-13;-33.3;-2
672;-13.2;-32.4;-1.4
674;-13.1;-32.2;-1.5
676;-13.2;-32.2;-1.6
678;-13.3;-32.7;-1.5
680;-13.1;-33.2;-1.7
682;-12.9;-33.1;-2.1
684;-13.2;-32.7;-1.6
686;-13.3;-32.6;-1.7
688;-13.3;-32.3;-2
690;-13;-32.2;-1.5
692;-13.4;-33;-1.9
694;-12.8;-32.9;-1.8
696;-13.2;-32.4;-1.7
698;-13.2;-31.9;-2
700;-13.2;-32.1;-1.4
702;-13.4;-33;-1.3
704;-13;-32.8;-1.9
706;-13.4;-33.2;-1.2
708;-13.1;-32.9;-1.6
710;-13;-32.3;-2.2
712;-13.4;-32.6;-1.2
714;-13.3;-32.8;-2.2
716;-13.3;-32.8;-1.7
718;-13.4;-33;-0.9
720;-13.2;-33;-2.1
722;-13.2;-32.7;-1.6
724;-13.2;-32.3;-1.5
726;-13.2;-32.2;-2.4
728;-13.2;-32.5;-1.3
730;-13.2;-32.8;-1.9
732;-13.2;-33;-1.8
734;-13.4;-33;-1.1
736;-13.3;-32.5;-2.4
738;-13.3;-32.3;-1.1
740;-13.4;-32.8;-1.6
742;-13.2;-32.6;-2.1
744;-13.2;-33.1;-0.9
746;-13.4;-33.3;-1.6
748;-13.5;-32.9;-1.7
750;-13.5;-32.7;-1.1
752;-13;-32.2;-2.2
754;-13.1;-32.7;-2.3
756;-13.1;-33;-1.3
758;-13.2;-32.9;-2
760;-13.3;-32.3;-1.8
762;-12.9;-32;-1
764;-13;-32.1;-2.1
766;-13;-32.8;-1.6
768;-13.4;-33.7;-1.3
770;-13.3;-33.8;-2
772;-13.3;-33;-1.9
774;-13.4;-32.3;-1.5
776;-13.4;-32.3;-2
778;-13.3;-32.9;-1.8
780;-13.4;-33.9;-1.5
782;-13.1;-33.1;-2.1
784;-13.2;-32.6;-1.6
786;-13.3;-32.1;-1.5
788;-13.1;-32;-2.1
790;-13.2;-32.7;-1.6
792;-13.1;-32.7;-1.6
794;-12.9;-33;-1.9
796;-13.1;-32.1;-1.6
798;-13.2;-31.8;-1.6
800;-13.3;-32.4;-2
802;-13.2;-33;-1.5
804;-13.5;-33.6;-1.5
806;-13.3;-32.9;-2
808;-13.4;-33.2;-1.5
810;-13.5;-33;-1.8
812;-13.2;-32.1;-1.8
814;-13.3;-32.3;-1.1
816;-13.2;-32.9;-1.8
818;-13.4;-33.1;-1.5
820;-13.2;-32.8;-1.3
822;-13.4;-32.8;-1.8
824;-13.1;-32;-1.1
826;-13.3;-32.5;-1.6
828;-13.4;-33.2;-2.3
830;-13.3;-33.2;-1.3
832;-13.1;-32.9;-2.2
834;-13.2;-32.7;-2.4
836;-13.3;-32.6;-0.8
838;-13.5;-32.9;-2
840;-13.2;-32.6;-1.6
842;-13.3;-33.3;-1.6
844;-13.4;-33.5;-2.4
846;-13.5;-32.8;-1.1
848;-13;-31.9;-2.1
850;-13.1;-32.2;-1.7
852;-13.4;-33.1;-1
854;-13.4;-33.7;-2.4
856;-13.4;-33.3;-1.4
858;-13.1;-32.8;-1.5
860;-13.5;-32.3;-2.2
862;-13.6;-32.4;-1
864;-13.6;-33.2;-1.9
866;-13.1;-33;-2.5
868;-13.3;-33.1;-0.7
870;-13.1;-32.5;-2.7
872;-13.2;-32.7;-1.7
874;-13.4;-32.1;-1
876;-13;-32.4;-2.7
878;-13.5;-33.6;-1.3
880;-13.3;-33.2;-2
882;-13.4;-33.4;-2.2
884;-13.5;-32.6;-1.3
886;-13.3;-32.2;-1.9
888;-12.9;-32.6;-1.5
890;-13.2;-33.2;-1.3
892;-13.2;-33.1;-2.2
894;-13;-33.5;-1.5
896;-13.4;-32.8;-1.2
898;-12.9;-32.2;-1.7
900;-13.4;-32.8;-1.5
902;-13.1;-32.7;-1.8
904;-12.9;-33.3;-1.7
906;-13.3;-32.7;-1.7
908;-13.3;-32.7;-1.7
910;-13.1;-32.1;-1.4
912;-13.5;-32.6;-1.7
914;-13.2;-32.9;-1.9
916;-13.3;-33.5;-1.4
918;-13.3;-33.6;-1.8
920;-13;-32.3;-2.1
922;-13.5;-32.3;-1.9
924;-13.2;-32.4;-1.6
926;-13.4;-33.8;-1.5
928;-12.9;-33.3;-2
930;-13.1;-32.8;-1.2
932;-13.4;-32.5;-1.2
934;-13;-32;-2.3
936;-13.1;-32.3;-1.2
938;-13.3;-33.5;-1.5
940;-13.2;-33.2;-1.8
942;-13.1;-32.9;-1.6
944;-13.3;-32.2;-1.5
946;-13.3;-32;-1.8
948;-13.4;-32.5;-1.7
950;-13.3;-33.3;-1.9
952;-13.4;-33.7;-1.7
954;-13.2;-33.4;-1.5
956;-13.2;-32.2;-2.1
958;-13.4;-32.7;-1.8
960;-13;-32.1;-1.2
962;-13.4;-33.3;-2.2
964;-13.2;-32.8;-1.5
966;-13.1;-32.6;-1.2
968;-13.2;-32.3;-2.2
970;-13.1;-32.1;-1.1
972;-13.4;-32.8;-1.7
974;-13.4;-33.1;-2.2
976;-13.3;-33.5;-1.1
978;-13.4;-33.4;-2.2
980;-13.4;-32.6;-1.6
982;-13.2;-32.2;-1.2
984;-13.2;-32.7;-2.1
986;-13.4;-33.4;-1.4
988;-13.4;-33.9;-1.5
990;-13.2;-32.8;-2.2
992;-13.3;-32.4;-1.5
994;-13.3;-32.4;-1.2
996;-13;-32.4;-1.8
998;-13.4;-33.6;-1.3
1000;-13.4;-33.8;-2
1002;-13.3;-33.3;-1.9
1004;-13.3;-32.1;-1.2
1006;-13.2;-32;-1.7
1008;-13.4;-33;-1.6
1010;-13.3;-32.8;-2
1012;-13.2;-33.6;-1.7
1014;-13.3;-32.9;-1.5
1016;-13.3;-32.6;-1.7
1018;-13.1;-31.8;-1.8
1020;-13.3;-32.5;-1.4
1022;-13.5;-33.4;-2.4
1024;-13.2;-33;-1.7
1026;-13.5;-33.3;-1.6
1028;-13.2;-32.4;-2.2
1030;-13.2;-32.2;-1.1
1032;-13.3;-32.3;-2.1
1034;-13.2;-33.2;-1.9
1036;-13.4;-33.3;-1.1
1038;-13.2;-33.7;-2.1
1040;-13.2;-32.8;-1.5
1042;-13.4;-32.7;-1.7
1044;-13.3;-32.3;-2.1
1046;-13.2;-32.6;-1.5
1048;-13.2;-33.4;-1.4
1050;-13.2;-33;-2
1052;-13.4;-32.9;-1.3
1054;-13.3;-32;-1.5
1056;-13.5;-32.2;-2.1
1058;-13.4;-33.2;-1.2
1060;-13.4;-33.5;-2.1
1062;-13.4;-33.7;-2.2
1064;-13.1;-32.3;-0.9
1066;-13.3;-32.2;-2.1
1068;-13.2;-32.4;-1.6
1070;-13;-32.5;-1.5
1072;-13;-33.1;-2
1074;-13.5;-33.5;-1.5
1076;-13.1;-32.4;-1.7
1078;-13.4;-32.4;-2
1080;-13.3;-32.2;-1.2
1082;-13;-32.3;-2.2
1084;-13.4;-33.1;-1.9
1086;-13.2;-33;-0.9
1088;-13.4;-33.2;-2.2
1090;-13.2;-32.5;-2
1092;-13.1;-32.1;-1.2
1094;-13.1;-32.5;-2.6
1096;-13.2;-32.9;-1.5
1098;-13.5;-33.6;-1
1100;-13.4;-32.8;-2.5
1102;-13.1;-31.9;-1.3
1104;-13.4;-32.2;-1.7
1106;-13.3;-33;-2.2
1108;-13.6;-33.8;-0.9
1110;-13.3;-33.2;-1.9
1112;-13.3;-33.2;-1.8
1114;-13.4;-32;-1.2
1116;-13.3;-32.1;-2.2
1118;-13.4;-32.8;-1.6
1120;-13.4;-33.7;-1.4
1122;-13.5;-33.8;-1.9
1124;-13.3;-32.9;-1.4
1126;-13.2;-32.6;-1.4
1128;-13.3;-32.7;-2.3
1130;-13.2;-32.6;-1.6
1132;-13.1;-32.9;-1.6
1134;-13;-33.4;-2.1
1136;-13.2;-32.9;-1.1
1138;-13.3;-32.3;-2.2
1140;-13.3;-32.4;-1.5
1142;-13.3;-32.3;-1.3
1144;-13.3;-33;-2.4
1146;-13.1;-33.1;-1.7
1148;-13.3;-33.2;-1.3
1150;-13.3;-32.4;-2.1
1152;-13.3;-32.7;-1.3
1154;-13.4;-33.1;-1.4
1156;-13.4;-33.2;-2.2
1158;-13.2;-33.1;-1.3
1160;-13.5;-33.4;-2.2
1162;-13.3;-32.1;-2
1164;-13.4;-31.7;-0.9
1166;-13.2;-31.6;-1.6
1168;-13.3;-32.3;-1.7
1170;-13.4;-32.3;-1.4
1172;-13.3;-31.1;-1.7
1174;-13.1;-29.6;-1.8
1176;-12.7;-28.2;-1.4
1178;-12.8;-27.8;-1.4
1180;-13.2;-26.7;-1.8
1182;-12.7;-25.5;-1.3
1184;-12.5;-24.7;-1.5
1186;-12.6;-24.3;-1.7
1188;-12.2;-24.3;-1.3
1190;-12.2;-25;-2
1192;-12;-25;-1.7
1194;-11.5;-24.7;-1.6
1196;-11.6;-24.8;-1.9
1198;-11.3;-25.1;-1.5
1200;-10.5;-24;-2.2
1202;-10.2;-24;-1.7
1204;-9.6;-24;-1.2
1206;-9.4;-23.5;-2.2
1208;-9.1;-23.7;-1.4
1210;-8.2;-23.2;-1.5
1212;-8;-22.5;-1.8
1214;-7.5;-22.9;-1.1
1216;-7.5;-22.3;-2.1
1218;-7.5;-22.2;-1.5
1220;-7.1;-21.7;-1.5
1222;-7.4;-21.5;-1.8
1224;-7.2;-21.2;-1.7
1226;-7.4;-20.6;-0.9
1228;-7.5;-20.3;-2.1
1230;-7.3;-20;-2.1
1232;-7.2;-19.8;-1.1
1234;-7.1;-19;-2.1
1236;-7.2;-18.8;-1.5
1238;-7.1;-18.3;-1.2
1240;-7.1;-18.2;-1.9
1242;-7.3;-17.8;-2
1244;-7.3;-17.8;-1.7
1246;-7.4;-17;-1.7
1248;-7.4;-17.3;-1.9
1250;-7.4;-16.7;-1.6
1252;-7.4;-17;-2.1
1254;-7.4;-16.7;-1.6
1256;-7.4;-16.5;-1.5
1258;-7;-15.3;-1.8
1260;-7;-15.9;-1.6
1262;-7.1;-15.4;-1.7
1264;-6.7;-15.2;-2
1266;-6.4;-15.1;-1.3
1268;-6.4;-14.9;-1.7
1270;-6.4;-14;-2
1272;-6.2;-14.9;-1.6
1274;-5.8;-13.8;-1.6
1276;-5.5;-13.2;-1.4
1278;-4.9;-13.2;-1.7
1280;-4.7;-12.6;-1.3
1282;-4;-12.1;-1.5
1284;-3.7;-11.3;-1.8
1286;-3;-10.2;-1.5
1288;-2.6;-10.3;-1.6
1290;-2.2;-8.5;-1.9
1292;-1.4;-8.4;-1.5
1294;-0.8;-7.3;-1.2
1296;-0.1;-7.4;-2.3
1298;0.4;-5.5;-1.6
1300;0.7;-6.1;-1.6
1302;1.2;-5.3;-2.2
1304;1.6;-5.3;-1
1306;2.3;-5.1;-2.1
1308;2.9;-4.5;-1.5
1310;3.4;-5.3;-1.2
1312;3.7;-5.5;-2.5
1314;4.5;-6.1;-1.1
1316;4.7;-7;-1.7
1318;5.3;-7.2;-2.3
1320;5.2;-5.9;-0.9
1322;5;-6.7;-2.1
1324;4.8;-5.1;-2.1
1326;4.4;-3.9;-0.7
1328;3.5;-2.8;-2.2
1330;2.7;-2.1;-1.7
1332;1.8;-1.1;-0.9
1334;1.2;0.3;-2.6
1336;0.4;0.9;-1
1338;0.5;2.7;-1.7
1340;0.7;3.1;-2.3
1342;1.1;3.3;-1
1344;2.2;3.9;-1.9
1346;3.7;3.1;-2
1348;4.9;2.6;-1.7
1350;6;1.3;-1.7
1352;6.9;0.6;-2.2
1354;8.3;1.4;-1.4
1356;9.2;1.9;-1.4
1358;10;3.3;-2
1360;10.6;3.2;-1.8
1362;11.5;5.8;-1.6
1364;11.2;9.9;-1.5
1366;11.3;6.8;-1.6
1368;10.7;9.2;-1.8
1370;8.6;9.3;-1.7
1372;8.2;7.8;-1.6
1374;7.3;6.4;-1.8
1376;8.1;7.4;-1.8
1378;9;7.2;-1.8
1380;10;8.8;-1.5
1382;12.2;11;-1.6
1384;14.2;11.4;-1.7
1386;16.2;14.9;-1.3
1388;17.4;14.6;-1.6
1390;18.9;15.3;-2
1392;19.1;14.5;-1.3
1394;19;12.4;-1.4
1396;18.2;12.9;-2.2
1398;17.4;12.2;-1.5
1400;15.8;14.9;-1.7
1402;15.2;17;-2
1404;15.6;20.9;-0.9
1406;16.4;21.6;-1.7
1408;18.4;23.2;-2.1
1410;20;22.2;-0.7
1412;21.8;19.8;-2.4
1414;22.8;18.4;-1.8
1416;23.7;20.4;-1.1
1418;23.9;20.6;-1.8
1420;22;22.7;-1.6
1422;21.2;25.5;-2
1424;20.5;24.4;-1.4
1426;21;25.2;-1.4
1428;21.9;20.4;-2
1430;24;19.1;-1.3
1432;26.4;20.5;-1.6
1434;28;23.1;-1.6
1436;29.8;27;-1.3
1438;29.8;29.1;-2
1440;27.6;29.1;-1.6
1442;26.4;28;-1.3
1444;25;23.9;-2
1446;26.2;25.5;-1.7
1448;26.6;29.2;-1.5
1450;29.7;34;-2.1
1452;32.1;37.2;-1.5
1454;33;36.1;-1.7
1456;32.9;35;-1.9
1458;30.8;33;-1.5
1460;29.2;34;-1.8
1462;28.4;38.3;-1.6
1464;28.6;42.3;-1.5
1466;30.5;45.8;-1.6
1468;32.6;42.7;-1.8
1470;34.1;39.9;-1.3
1472;35.4;41.5;-1.6
1474;33.6;43.8;-2
1476;30.4;46.7;-1.5
1478;28;48.1;-1.8
1480;27.9;47.5;-2.1
1482;30.1;41.6;-1.4
1484;32.9;42.1;-1.7
1486;34.5;46.1;-1.9
1488;34.4;49.5;-1.5
1490;33.5;52.7;-1.5
1492;30.2;51.4;-1.8
1494;30.5;47.1;-1.3
1496;31.6;49.5;-1.6
1498;33.3;52.9;-2.2
1500;36;54.7;-1
1502;35.3;52.7;-2.2
1504;34.7;50.8;-1.5
1506;32.7;47.5;-1.2
1508;32.3;50.6;-2.2
1510;32.9;54.9;-0.5
1512;34;55.2;-1.6
1514;35.2;50.5;-2.6
1516;35.5;51.6;-0.5
1518;34.3;51.1;-2.1
1520;32.2;53.9;-1.5
1522;32.6;59.4;-1.4
1524;34;53.4;-2
1526;35.8;51.3;-1.4
1528;36.4;54.3;-1.2
1530;36.2;55.8;-2
1532;34.7;57.3;-1.6
1534;33.7;53.9;-1.4
1536;34;51.1;-1.8
1538;35.6;55.1;-1.7
1540;37.1;57.2;-1.3
1542;36;56;-1.7
1544;33.9;50.8;-2
1546;34.1;52.4;-1.7
1548;35;58;-1.5
1550;35.6;58.7;-2
1552;35.7;55.8;-0.9
1554;35.9;55.5;-1.7
1556;33.8;57.9;-2.4
1558;34.5;62.3;-1.2
1560;36.4;59.9;-2
1562;38;52.5;-1.7
1564;38.3;55.1;-1.2
1566;37.1;60.2;-1.9
1568;35;61;-2
1570;36.7;56.9;-1.5
1572;38.1;54;-1.6
1574;38.2;61.4;-1.6
1576;37.7;65.6;-1.4
1578;36.7;60.4;-1.7
1580;37.1;55.2;-1.9
1582;37.4;60.6;-1.8
1584;38.4;64.8;-1.5
1586;38.7;60.9;-2
1588;36.3;54.9;-1.7
1590;34.3;60.2;-1.2
1592;35.6;66.7;-1.8
1594;37.5;59.2;-1.6
1596;38.9;55.3;-1.7
1598;36.8;59.2;-1.7
1600;37.2;68.3;-1.7
1602;39;63.9;-1.5
1604;39.8;55.1;-1.5
1606;40.9;63.7;-1.3
1608;39.7;67.5;-1.8
1610;37.9;60.7;-2.3
1612;39.1;55;-1.2
1614;42;65.6;-1.6
1616;41.1;67.8;-1.7
1618;38;59.8;-0.7
1620;37.2;58.5;-2
1622;39.7;66.5;-2.2
1624;42.7;66.9;-1
1626;40.1;59.8;-2.2
1628;37.7;61.3;-1.5
1630;37.8;68.1;-1.2
1632;40;63.2;-2.5
1634;40.3;62.8;-1.1
1636;38.6;67;-2
1638;38.7;68.3;-1.9
1640;39.4;60.2;-1.2
1642;41.8;64.8;-2.2
1644;40.3;70.3;-1.3
1646;37.9;64.6;-1.6
1648;38.1;63.5;-2.1
1650;41.2;69.8;-1.5
1652;41.8;66.9;-1.5
1654;40.7;63.7;-2
1656;38.7;66.4;-1.6
1658;41.5;69.8;-1.8
1660;41.6;60.1;-2
1662;40.7;66.4;-1.4
1664;40.2;72.6;-1.6
1666;40.7;63.2;-2
1668;43;66;-1.4
1670;39.5;71.6;-2.2
1672;39.5;67.6;-1.4
1674;40.5;64.5;-1.5
1676;41.1;72.2;-2.5
1678;41.3;68.6;-1.1
1680;40.7;60.7;-1.7
1682;40.9;71.1;-2.2
1684;42.2;71.2;-1.4
1686;42.1;64.1;-1.6
1688;40;70.9;-2.1
1690;40.9;74;-1.4
1692;41.6;60.1;-1.7
1694;40.5;67.1;-1.8
1696;39.9;73.3;-1.6
1698;42.9;63;-1.6
1700;43.7;69.1;-1.7
1702;42.2;79;-1.6
1704;41.3;63.5;-1.6
1706;43.7;69.2;-1.6
1708;44.1;77.7;-1.7
1710;41.2;64.7;-1.6
1712;41.2;67.1;-1.4
1714;43;73.5;-1.8
1716;43.2;64.6;-2.1
1718;40.7;68.1;-1.7
1720;41.4;75.6;-1.5
1722;45.2;68.6;-1.6
1724;43.6;71.1;-1.8
1726;42.6;74.2;-1.5
1728;45.5;66.8;-1.5
1730;44.1;71.6;-1.7
1732;41.8;69.6;-1.5
1734;42.5;66.8;-1.7
1736;44.9;76.3;-2.3
1738;41.5;70.1;-1.1
1740;40.9;69.8;-1.6
1742;42.6;74.6;-2.1
1744;43.7;68.6;-1
1746;42.6;74.3;-2.3
1748;43.4;71.9;-1.6
1750;46.8;68.3;-1.3
1752;44.4;77;-2.3
1754;43.1;69.9;-0.9
1756;45;71.1;-1.7
1758;46.4;79.9;-2.1
1760;42.5;65.9;-1.2
1762;43.2;73.1;-2
1764;44;74.3;-2
1766;44.2;67.3;-1.1
1768;44.3;80.7;-2.4
1770;45.2;70.5;-1.7
1772;43.4;68.7;-1.6
1774;43.7;79.6;-2
1776;45.7;68.1;-1.1
1778;44;75.6;-1.7
1780;42.6;74.3;-2
1782;43.4;66.8;-1.3
1784;44.6;81.8;-1.8
1786;44.7;72.2;-1.9
1788;45.2;77;-1.7
1790;45.7;76.4;-1.7
1792;44.2;66.9;-1.7
1794;43;77.6;-1.3
1796;45;70.2;-1.7
1798;43.8;75.1;-1.8
1800;43.9;79.1;-1.8
1802;44.1;69.9;-1.4
1804;44.3;77.4;-1.9
1806;44.8;72.7;-1.7
1808;47.7;77.3;-1.3
1810;46.5;74.9;-1.6
1812;45.1;73.6;-1.9
1814;46.7;77.9;-2.3
1816;45.5;75.5;-1.4
1818;43.8;78.2;-1.7
1820;45.9;71.4;-2.3
1822;44.1;74.6;-1.5
1824;43.9;72.6;-1.5
1826;47.8;76.2;-2
1828;45.1;78.5;-1.2
1830;47.1;73;-1.8
1832;47.4;79.8;-1.9
1834;44.1;70.5;-1.4
1836;45.3;79.7;-1.7
1838;45.7;72.6;-1.5
1840;45.5;73.2;-1.6
1842;45.1;81.5;-2
1844;47;72;-1.3
1846;46.8;84.6;-1.4
1848;45;69.7;-2.4
1850;46.3;79.7;-1.7
1852;44;73;-1.5
1854;46.4;76.5;-2.3
1856;47.5;79.6;-1.6
1858;46.9;73.8;-1.3
1860;46.8;81;-1.9
1862;47.5;72.3;-1.8
1864;45.6;80.8;-1.7
1866;48.1;72.2;-1.8
1868;46.8;78.8;-1.4
1870;46.3;79.3;-1.3
1872;46.8;79.3;-1.4
1874;46.5;77.3;-1.5
1876;47.2;76.8;-1.8
1878;49.7;79.4;-1.7
1880;46.6;75.7;-1.4
1882;47.1;80.1;-1.7
1884;47.8;77.2;-1.6
1886;46.2;78.9;-1.5
1888;48.2;77.5;-2
1890;46.3;78.1;-1.4
1892;46.8;73.7;-2.1
1894;49.1;84.1;-1.7
1896;45.7;75.8;-1.2
1898;47.7;83.2;-1.9
1900;47.8;74.6;-1.7
1902;46.7;81.8;-1.5
1904;48.3;73.8;-2.1
1906;46.4;84.3;-1.8
1908;49.3;76.5;-1.4
1910;48.7;83.8;-2.1
1912;46.2;75;-1.4
1914;48;82.5;-1.5
1916;47.8;75.5;-2
1918;46.2;81.4;-1.8
1920;47.6;79;-1.7
1922;46.6;80.2;-1.7
1924;49.6;75.9;-2
1926;49.1;80.7;-1.8
1928;47.9;77.5;-1.3
1930;49.5;80.9;-2.2
1932;48.5;80.7;-1.6
1934;48;79.5;-1.4
1936;49.1;80;-2
1938;46;79.1;-1.8
1940;49.5;78.7;-1.1
1942;46;80.2;-2.3
1944;48.7;80.3;-1.7
1946;49.1;85.3;-1.4
1948;46.7;75.5;-2.1
1950;49.7;81.9;-1.3
1952;47.2;75.7;-1.7
1954;50.4;84.6;-2
1956;48.1;77.4;-1.2
1958;47.3;80.2;-2.1
1960;47.7;78.6;-1.7
1962;46.1;79.2;-0.6
1964;48.8;76.7;-2.1
1966;49;82.6;-1.7
1968;51.7;83.7;-1
1970;48.8;77.8;-2.3
1972;48.9;80.2;-1.5
1974;50.9;79.8;-1.4
1976;47.8;82.8;-1.9
1978;50.5;79.4;-1.2
1980;47.2;82.5;-1.8
1982;50;78.6;-2
1984;50.4;85.5;-1
1986;49.3;77;-2.1
1988;51.1;86.3;-2.1
1990;48.1;80.2;-1.2
1992;49.8;81.5;-2
1994;47.2;78.9;-1.5
1996;50.8;81.2;-1.2
1998;49;82.4;-2.2
2000;50;80.5;-1.5
2002;48.3;81.2;-1.9
2004;48.2;79.8;-2.1
2006;51.1;82.6;-1.6
2008;50.8;80.8;-1.8
2010;52.4;85;-1.7
2012;49.6;84.6;-1.6
2014;49.7;76.5;-1.8
2016;49.9;82.9;-1.7
2018;48.6;76.6;-1.4
2020;48.8;85.3;-2.1
2022;48.3;77.3;-1.4
2024;49.6;81.4;-1.5
2026;49.8;82.6;-2.3
2028;50;78.2;-1.3
2030;47.7;81.1;-1.5
2032;49.2;79.9;-2
2034;49.9;86.8;-1.5
2036;51.3;78;-1.5
2038;49.5;81.5;-1.8
2040;49.2;79.8;-1.5
2042;49.3;82.6;-1.9
2044;50.2;82.5;-1.5
2046;53;82.2;-1.7
2048;49.8;80.2;-1.9
2050;52.2;79.6;-1
2052;50.2;85.8;-2.3
2054;51.3;83.2;-1.8
2056;49.6;79.8;-1.4
2058;50.3;82.5;-1.9
2060;49.1;79.3;-1.4
2062;50.6;83.4;-1.8
2064;52.2;83.3;-2.1
2066;51.1;80.6;-0.9
2068;50.8;84.7;-2.1
2070;50.6;78.2;-1.7
2072;51.8;84.8;-1.3
2074;50.6;83.7;-1.8
2076;51.7;82.4;-1.7
2078;48.7;80.8;-1.4
2080;50.3;78.5;-1.7
2082;49.3;87.1;-2
2084;51.8;79.8;-1.6
2086;49.1;82.1;-1.5
2088;51.1;81;-2
2090;51.2;81.4;-1.4
2092;49.2;81.1;-1.5
2094;48.7;80.6;-2.1
2096;50.2;83.8;-1.3
2098;50.8;82.9;-1.5
2100;51;80.5;-2.4
2102;49.4;82.5;-1.3
2104;49.1;79.7;-1.9
2106;50.3;80.4;-1.9
2108;49.9;83.1;-1.2
2110;48.8;77.7;-2.4
2112;49;82.8;-1.4
2114;50.8;81.7;-1.3
2116;50.2;83.3;-2.4
2118;53.4;81.4;-1.1
2120;48.8;79.5;-2.1
2122;51;84.9;-1.8
2124;51.6;80.1;-0.9
2126;52.4;83.3;-2.7
2128;52.1;81.6;-1.6
2130;52.5;81.9;-1.3
2132;49.5;82.4;-2.5
2134;49.6;81.9;-0.5
2136;49.8;83.2;-2.2
2138;50.8;77.5;-1.6
2140;50.8;81.8;-0.9
2142;51.5;83;-2.4
2144;49.8;80.4;-1.5
2146;48.5;81.9;-1.4
2148;50.7;83.2;-2.1
2150;50.1;82.6;-2.1
2152;51.8;85.7;-1.5
2154;49.9;82.4;-1.8
2156;51.5;83.7;-1.7
2158;48.9;78.8;-1.1
2160;50;78;-2.3
2162;49.8;85.2;-2
2164;52.6;80.7;-1.5
2166;49.2;81.1;-2.3
2168;50.4;80.6;-1.9
2170;49.7;79.7;-1.3
2172;50.2;82.8;-2
2174;48.7;80.3;-1.7
2176;52.8;85.9;-1.2
2178;51.3;79.1;-2
2180;52.6;82.6;-1.7
2182;48.9;82.9;-1.6
2184;49.8;80.6;-2.2
2186;49.6;83.6;-1.8
2188;49.9;79.8;-1.5
2190;51.4;81.8;-1.8
2192;51;81.2;-1.4
2194;52.7;85.6;-1.8
2196;49.9;83.4;-2
2198;49.6;77.2;-1.5
2200;51;82.2;-1.6
2202;52;84.8;-2
2204;48.9;81.4;-1.5
2206;50.8;83.9;-1.9
2208;50.8;83;-2
2210;50.3;79.6;-1.4
2212;48.9;82.5;-2.3
2214;50.7;82.4;-1.6
2216;49.9;83.7;-1.2
2218;51.4;80.5;-2.2
2220;46.9;78.3;-0.9
2222;50;86.2;-1.7
2224;48;79.7;-1.9
2226;51;82.4;-1
2228;49.7;79.9;-2.6
2230;51;80.4;-1.6
2232;49.2;83.4;-1.4
2234;49.8;82.1;-2.5
2236;49.6;84.9;-1.2
2238;51.1;80.2;-1.4
2240;49.5;82.9;-2.5
2242;50.5;83.8;-0.7
2244;50.3;81.2;-2.3
2246;50.5;84.5;-1.8
2248;51.6;83;-0.9
2250;50.8;83.3;-2.6
2252;49.1;81.5;-1.3
2254;47.5;82.7;-1.5
2256;49.7;83.4;-2.2
2258;48.3;82.3;-1.4
2260;50.5;81.4;-1.8
2262;49.4;87.4;-1.9
2264;50.1;80.4;-1.3
2266;50.5;84.1;-1.7
2268;52.4;84.1;-1.8
2270;50.2;81.9;-1.2
2272;48.4;83;-2
2274;48.8;83.7;-1.9
2276;51.8;88;-1.4
2278;50.2;80.6;-2.2
2280;50.9;81.5;-1.9
2282;49;84.1;-1.3
2284;51.5;82.4;-2.2
2286;50.8;85.8;-1.7
2288;50;79.7;-1.7
2290;49;82.2;-1.6
2292;49.5;85.8;-1.7
2294;49.8;84.2;-1.8
2296;49;85.1;-1.6
2298;50.9;82.5;-1.7
2300;50.7;84;-1.7
2302;51.7;85.1;-2
2304;50.5;83.7;-1.6
2306;51.5;84.8;-0.9
2308;48.1;84.6;-2.5
2310;49.2;80.6;-1.9
2312;50.3;87.5;-1.2
2314;50.8;84.5;-2.3
2316;50.4;85.9;-0.9
2318;51.4;82.2;-1.4
2320;49.4;82.5;-2.2
2322;50.1;87;-1.2
2324;48.7;80.6;-1.6
2326;49.5;85.6;-2
2328;48.8;83.4;-1.1
2330;48.9;82.2;-1.7
2332;48.5;83.9;-1.7
2334;48.4;82;-1.5
2336;49.5;87.6;-1.8
2338;51;81.9;-1.7
2340;51.3;85.4;-1.7
2342;48.7;83.9;-1.1
2344;48.5;82;-1.7
2346;49.7;87.4;-1.9
2348;48.8;83.8;-1.8
2350;49.9;82.4;-1.6
2352;52.4;86.8;-2
2354;49.5;84.7;-1.6
2356;50.9;85.8;-1.2
2358;50.1;83.6;-1.8
2360;49.7;81.4;-1.7
2362;48.9;87;-1.4
2364;50.9;84.2;-1.9
2366;51;86.9;-2
2368;52.9;85.5;-1.5
2370;48.1;80.4;-2.5
2372;52.3;88.7;-1.3
2374;48.5;83.3;-1.5
2376;52.8;87.7;-2.6
2378;48.7;79.1;-1.2
2380;49.7;83.4;-1.9
2382;48.1;86.4;-1.9
2384;50;81.3;-0.9
2386;50.2;86.5;-2
2388;51.7;84.3;-1.5
2390;49.9;83.2;-1.5
2392;51;86.2;-2.2
2394;51.3;87;-1.3
2396;46.8;83.3;-1.6
2398;50.1;84.5;-1.6
2400;48.4;83.5;-1.4
2402;49.7;85.8;-2.2
2404;50.7;85.8;-1.8
2406;48.9;82.7;-1.1
2408;49.3;86.1;-2.1
2410;50.2;81.9;-1.7
2412;48.4;86.3;-1.5
2414;48.8;84.2;-1.9
2416;49.5;87.8;-1.2
2418;49.8;83.6;-1.4
2420;49.4;84.5;-2.1
2422;50.6;89.8;-1.1
2424;49.3;82.9;-2
2426;52.9;89.3;-1.9
2428;51;85.2;-1.1
2430;49.7;82.4;-1.7
2432;49.5;88.6;-1.9
2434;48.1;86;-1.4
2436;48.9;88.8;-2.1
2438;49.1;80.7;-1.5
2440;50;86.1;-1.8
2442;50.9;88.5;-1.6
2444;48.6;84;-1.8
2446;49.4;87.8;-1.6
2448;50.4;85.9;-1.7
2450;49.5;85;-1.5
2452;49;86;-1.9
2454;48.4;86.2;-2
2456;50.2;86.2;-1.5
2458;47.9;83;-1.4
2460;48.5;80.8;-1.5
2462;48.6;87.5;-1.8
2464;49;81.9;-1.7
2466;48.2;84.8;-1.9
2468;47.8;82.5;-1.9
2470;48;84.2;-1.4
2472;49.9;89.8;-1.8
2474;49.8;86.8;-2
2476;50.9;88.8;-1.6
2478;48.9;82.8;-2
2480;49.1;83.9;-1.5
2482;47.2;85.9;-1.5
2484;49.4;83.9;-1.6
2486;48.8;88.1;-1.6
2488;50.2;85.5;-1.5
2490;48.6;84.1;-1.7
2492;49.1;84.1;-1.7
2494;50.7;88.8;-1.4
2496;48.6;86.4;-1.6
2498;49.7;83.1;-1.5
2500;50.6;86.6;-1.3
2502;51.9;88.1;-1.9
2504;47.7;84.7;-1.6
2506;49.3;86;-1.4
2508;48.9;87;-2.4
2510;49.4;81.5;-1
2512;48.1;85.8;-1.8
2514;51.8;84.9;-1.7
2516;48.9;86.4;-1
2518;51.3;83.7;-2.6
2520;48.1;81;-1.4
2522;49.5;88.7;-0.9
2524;49.2;82.9;-2.7
2526;50.3;87.9;-0.9
2528;49;82.8;-2.4
2530;49.8;83.2;-2
2532;49;84.9;-0.6
2534;48.6;84.6;-2.7
2536;48.3;86;-0.9
2538;50.4;82.4;-1.4
2540;49;84.9;-2.6
2542;47.9;85.7;-0.6
2544;50.4;86.7;-2.6
2546;49.2;87.2;-1.5
2548;50.9;84.8;-1
2550;50.6;86.8;-2.6
2552;48.8;85.2;-1.1
2554;49;87.8;-1.7
2556;49.6;86.4;-2.1
2558;47.4;84.3;-1.4
2560;50.6;86;-2.3
2562;48.9;88.5;-1.8
2564;51;85;-1.6
2566;49.2;86.1;-1.6
2568;52.9;86.5;-1.3
2570;49.4;83.8;-2
2572;50.2;86.7;-1.7
2574;50.7;84.4;-1.8
2576;50.7;88.7;-1.6
2578;49;82.4;-1.7
2580;49.2;83.7;-2
2582;48.5;86.7;-1.5
2584;48.8;81.4;-1.5
2586;49;85.5;-1.8
2588;49.9;82.8;-1.3
2590;50.3;84.4;-2
2592;48.2;83.6;-1.5
2594;47.6;83.8;-1.5
2596;47.9;86.9;-2
2598;49.9;83.3;-1.4
2600;49.1;83.6;-1.5
2602;52;86.6;-1.9
2604;51.7;84.9;-1.7
2606;51.5;86;-1.5
2608;50.1;85.4;-1.5
2610;49.4;80.6;-1.5
2612;48.7;85.1;-1.9
2614;50.6;84.9;-1.8
2616;49.8;85.7;-1.4
2618;50.3;81.1;-1.8
2620;48;80.5;-1.9
2622;50.7;87.7;-1.7
2624;48.3;80.9;-1.7
2626;49.7;85.3;-1.5
2628;50.7;84.3;-1.7
2630;49.2;81;-1.7
2632;47.7;84.2;-1.8
2634;49.7;86.8;-2
2636;50.4;86.9;-1.8
2638;51;80;-1.2
2640;50.6;82.7;-1.9
2642;49.7;84;-1.6
2644;51.8;83.9;-1.2
2646;50.8;87.3;-2.1
2648;51.3;84.6;-1.7
2650;50.9;84.7;-1.5
2652;50.1;84.7;-2
2654;49.3;84.7;-1.5
2656;50.3;83.9;-1.6
2658;51;83.6;-2.3
2660;50.5;81.6;-1.3
2662;48.7;86;-2
2664;50.4;82.8;-1.8
2666;49.7;85.3;-1.3
2668;51.8;83.6;-1.8
2670;49.8;82;-1.5
2672;50.5;85.9;-1.5
2674;49;82.4;-2.1
2676;50.7;84.9;-1.2
2678;49.3;79.5;-1.9
2680;50.9;84.1;-2.2
2682;50.5;88.8;-1.1
2684;50.9;83.9;-2
2686;48.6;85.7;-1.7
2688;51.7;85.2;-1.4
2690;50.1;82.3;-2.3
2692;52.5;85.6;-1.2
2694;50.6;83.1;-1.7
2696;50.3;86.7;-2.2
2698;52;82.1;-1.3
2700;51.3;84;-1.5
2702;50.3;84.8;-2
2704;50.6;85.2;-1.3
2706;50.2;82.5;-1.8
2708;48.6;82.4;-1.8
2710;52.3;81;-1.8
2712;49.6;85.3;-1.7
2714;50.8;82.8;-1.9
2716;51.1;86;-1.7
2718;51;80.7;-1.5
2720;49.3;81;-1.6
2722;50;86;-1.8
2724;50.5;79.6;-1.4
2726;53.3;86.3;-1.8
2728;52.9;83.5;-1.7
2730;51.5;80.6;-1.5
2732;50.3;83.6;-1.8
2734;51.9;83.7;-1.6
2736;50.2;87.2;-1.7
2738;50.2;78.3;-2
2740;52.1;84.3;-1.8
2742;53.6;86.4;-2.3
2744;52.1;82.6;-1.2
2746;53.2;86.2;-1.4
2748;53.4;83.6;-2.1
2750;50.6;82;-1.1
2752;51.5;83.2;-2
2754;52.6;83.9;-2
2756;52.6;85.2;-1.2
2758;51.8;84.7;-1.9
2760;53.3;81.4;-1.8
2762;51.8;86.6;-1.6
2764;52.7;81;-1.7
2766;51.9;82.9;-1.9
2768;52.1;81.7;-1.9
2770;50.9;80.8;-1.6
2772;53;88.1;-2
2774;49.7;82.1;-1.6
2776;52.8;87;-1.6
2778;53.6;81.8;-2.3
2780;51.2;80.7;-1.7
2782;50.5;84.9;-1.6
2784;51;80.2;-1.6
2786;50.6;83.8;-1.6
2788;53.3;83.9;-1.8
2790;51.8;82.8;-1.3
2792;51.5;81.8;-1.6
2794;53;85.7;-2.2
2796;52;83.5;-1
2798;52.5;78.7;-1.5
2800;54.8;83.6;-2.2
2802;55.9;87;-1.3
2804;52;82.1;-2.1
2806;53.4;83.1;-2
2808;52.7;85.8;-1.3
2810;52.3;79.9;-2.1
2812;53.7;87.6;-1.4
2814;55.9;85.4;-1.5
2816;53.6;84.9;-1.7
2818;53.5;79;-1
2820;51.7;80;-2
2822;53.3;85.8;-2
2824;53.3;81.9;-1.1
2826;52.8;84.5;-2
2828;50.7;81;-1.8
2830;54.8;83.3;-1.1
2832;53.8;86.2;-2.2
2834;53.1;82.2;-1.7
2836;53.1;85.6;-1.3
2838;53.1;77.5;-1.8
2840;55;84.5;-1.7
2842;52.5;82.7;-1.5
2844;51.5;80.4;-2
2846;52.1;83.7;-1.6
2848;55;83.4;-1.3
2850;54;82.2;-2.1
2852;53.1;80.9;-1.4
2854;54.2;83.9;-1.6
2856;54.1;83.7;-2.2
2858;52.6;81.6;-1.7
2860;53.3;80.9;-1.8
2862;52;86.3;-2
2864;54.6;81.5;-1.7
2866;53.9;84.4;-1.4
2868;57.4;84.5;-1.9
2870;55.7;82.1;-1.4
2872;54.2;83;-1.4
2874;53;80.2;-1.8
2876;56.3;86;-1.5
2878;55.4;81.6;-1.5
2880;56.1;84.6;-1.6
2882;52.9;84.5;-1.7
2884;53.4;81.1;-1.6
2886;55.5;86;-1.7
2888;54.6;80.2;-1.9
2890;55.9;84.3;-1.8
2892;55.5;85;-1.9
2894;53;83.3;-1.4
2896;52.4;84.5;-1.8
2898;54.8;81.9;-1.9
2900;54.6;85.1;-1.6
2902;56.2;87.3;-1.6
2904;54.4;82.6;-1.7
2906;56.1;85;-1.5
2908;53.2;84.3;-1.5
2910;53.8;79.9;-2.3
2912;55.2;86.5;-1.5
2914;54;83.6;-1.5
2916;54.9;87.9;-2.5
2918;54.1;80.5;-1.1
2920;52.9;81.7;-1.8
2922;54.1;85.7;-2.1
2924;52.5;79.3;-1.4
2926;56.2;84.9;-1.7
2928;53.9;81.7;-2.1
2930;54.8;82.2;-1.3
2932;52.1;83.3;-2
2934;55.1;85.9;-1.6
2936;54.5;87.8;-1.4
2938;55.4;81.3;-2.2
2940;55.6;82;-1.4
2942;55.4;84.6;-1.5
2944;54.7;81.5;-2.2
2946;55.2;85.8;-1.4
2948;54.6;81.8;-1.7
2950;56.1;85;-2.2
2952;55.7;85.8;-1.2
2954;53.2;85.8;-1.8
2956;55.7;82.3;-2.2
2958;55.3;82.8;-1.3
2960;54.6;80.7;-2
2962;54.6;85.9;-1.4
2964;55.3;80.9;-1.5
2966;55.4;85.8;-2.3
2968;56.5;85.8;-1.4
2970;51.6;81.4;-1.9
2972;54.6;86.7;-2.3
2974;52.6;82;-1.2
2976;56.1;85.9;-1.7
2978;55.9;81.5;-2.2
2980;54.9;81.5;-1.5
2982;53.1;85;-1.6
2984;54.2;81.5;-2
2986;53.4;84.8;-1.5
2988;56.6;83.9;-1.8
2990;54.7;82.9;-2
2992;54.8;82.1;-1.5
2994;54.4;82.5;-1.6
2996;56.3;86.3;-1.8
2998;57.1;83.3;-1.4
3000;56.3;85.1;-1.9
3002;54.6;84.7;-1.8
3004;55.5;86.5;-1.6
3006;54.9;83.8;-1.8
3008;54.3;84.6;-1.7
3010;57.9;83.5;-1.7
3012;57.1;86.9;-2.1
3014;59.1;86.2;-1.8
3016;56.8;85.7;-1.6
3018;57.2;81.6;-1.6
3020;55.3;82;-1.7
3022;56;86.7;-1.4
3024;54.9;81.7;-2.1
3026;58.8;88.2;-2
3028;56.2;81.5;-1.2
3030;56.1;79.9;-1.8
3032;56.1;84.8;-1.8
3034;55.9;86.5;-1.3
3036;55.7;87.7;-1.6
3038;55.7;80.5;-1.7
3040;54.7;84.4;-1.7
3042;54.9;86.1;-1.7
3044;56.5;83.4;-1.6
3046;55.6;84.9;-1.7
3048;54.1;81.2;-1.7
3050;54.7;80.4;-1.6
3052;55.4;83.5;-1.7
3054;56.4;87.1;-1.9
3056;55.8;85;-1.6
3058;53.8;83.9;-1.6
3060;55.3;80.8;-1.8
3062;55.3;86.6;-1.7
3064;58.7;84.6;-1.9
3066;55.1;83;-1.7
3068;56.3;82.8;-1.6
3070;56.6;84.5;-1.6
3072;55;85.9;-1.6
3074;55.3;85.1;-1.5
3076;55.4;88.8;-2.2
3078;54.7;81.1;-1.5
3080;55.5;82.6;-1.2
3082;54.5;85.3;-2.1
3084;56.3;83;-1.7
3086;54.9;84.6;-1.6
3088;57.1;85.4;-1.9
3090;54.8;82.2;-1.5
3092;55;83;-1.7
3094;54.5;85.7;-1.9
3096;54.5;86.2;-1.2
3098;54.2;79.4;-1.7
3100;57.1;83.3;-2
3102;57.6;86.1;-1.3
3104;54.9;81.8;-1.7
3106;56.1;83;-2
3108;56.1;85.5;-1.1
3110;55.9;80.4;-2.2
3112;54.1;84.4;-1.4
3114;55.9;81.9;-1.6
3116;57.3;85.8;-2.1
3118;57.5;80.2;-1.3
3120;55.4;79.9;-1.3
3122;56.4;85.2;-2.3
3124;55;80.1;-1.5
3126;58.1;85.3;-1.3
3128;54.4;80.6;-2.5
3130;56.5;81.7;-1.3
3132;55.9;84;-1.4
3134;58.3;85.7;-2.3
3136;56.1;83.8;-1.3
3138;58.2;79.6;-1.7
3140;57.4;83.7;-1.9
3142;57.3;85.2;-1.3
3144;57.4;83.1;-2.1
3146;54.5;83.6;-1.6
3148;56.9;83.7;-1.3
3150;56.5;83.6;-2
3152;56.1;82.6;-1.7
3154;57.7;85.7;-1.6
3156;55.9;80.8;-1.7
3158;55.2;80.2;-1.3
3160;55.8;81.3;-1.8
3162;55.2;85.7;-1.6
3164;56;81.6;-1.3
3166;55.3;82.7;-1.8
3168;58.9;84.3;-1.7
3170;55.7;81;-1.4
3172;57.1;82.6;-2.2
3174;58.8;83.7;-1.4
3176;57.7;84.9;-1.2
3178;58.5;82.3;-2.2
3180;57.6;82.7;-1.7
3182;55.5;86.3;-1.7
3184;56.5;82.5;-2
3186;57.1;86.6;-1.5
3188;58.9;84.5;-2
3190;56.5;80.8;-2.1
3192;58.7;84.5;-1.3
3194;58.5;85.8;-1.6
3196;55.7;85;-2.4
3198;57.8;82.5;-1
3200;55.2;82.8;-1.9
3202;58.2;87;-1.7
3204;56.3;83.2;-1.3
3206;57.5;83.5;-1.9
3208;57.1;84.4;-1.6
3210;58.3;82.2;-1.4
3212;55.5;82.4;-1.6
3214;57.2;83.8;-1.7
3216;56.1;83.9;-1.6
3218;58.2;82.6;-1.7
3220;56.2;82.9;-1.9
3222;56.2;85.7;-1.7
3224;56.1;79.3;-1.4
3226;57.6;83.6;-1.7
3228;57.9;80.3;-1.5
3230;56.9;79.7;-1.6
3232;54.9;81.6;-2.2
3234;55.7;80.9;-1.5
3236;57.3;86.5;-1.6
3238;58.4;80.8;-2
3240;56.7;82.4;-1.3
3242;57.2;82.6;-2
3244;56.5;80.2;-1.6
3246;57.1;83.7;-1.3
3248;57.8;82.1;-2
3250;59.1;84.1;-1.5
3252;59.9;85.6;-2.1
3254;55.5;83.9;-2
3256;58.5;86.1;-1
3258;57.6;83.8;-2.1
3260;57.5;81.4;-1.9
3262;56.2;84.3;-1.1
3264;58.4;81.5;-2
3266;58.3;85.7;-1.7
3268;57.8;82.4;-1.3
3270;57.6;83.3;-1.9
3272;58.3;87.2;-1.6
3274;54.8;82.3;-1.5
3276;59.5;88.5;-2
3278;59;79.5;-1.7
3280;59.9;83.6;-1.6
3282;57.1;85.3;-1.7
3284;56.7;80.9;-1.3
3286;56.4;84.6;-1.8
3288;59.4;84.4;-1.9
3290;58.1;83.6;-1.5
3292;57.3;83.7;-2.2
3294;59.3;84.3;-2.1
3296;59;86.8;-1.3
3298;59.9;81.2;-1.7
3300;58.1;81.3;-1.8
3302;59.1;84.6;-1
3304;56.9;81.3;-1.5
3306;58.4;82.8;-2.2
3308;57.3;85.2;-1.4
3310;58.3;80.8;-2.1
3312;57;83.3;-1.8
3314;59.2;82.4;-0.4
3316;58.4;83;-2.5
3318;61.3;81.4;-1.7
3320;58.1;81.7;-1.7
3322;58.3;85.4;-2.4
3324;57.5;79.5;-1.2
3326;59.2;85.6;-1.6
3328;59;82.7;-2
3330;59.8;84.4;-1.2
3332;57.4;83.9;-2.2
3334;56.9;83;-1.8
3336;56.7;85.7;-1
3338;57;78.1;-2.3
3340;56.6;81.4;-1.6
3342;58.5;84.7;-0.9
3344;54.8;81.4;-2.5
3346;56.6;85;-1.4
3348;58.1;84.5;-1.4
3350;55.8;79.6;-2.3
3352;58.4;84.9;-1.3
3354;58.9;86.3;-1.3
3356;57.6;84;-2.5
3358;58;83.5;-1
3360;58.5;82.2;-1.5
3362;55.5;85.7;-1.9
3364;58.2;81.3;-1.5
3366;57.9;86.8;-1.6
3368;58;82.7;-1.3
3370;55.4;79.7;-1.8
3372;57.7;86.5;-1.6
3374;56.3;83.1;-1.4
3376;58.5;87;-2.2
3378;57.8;82.1;-1.3
3380;56;82.6;-2
3382;54.6;85.3;-1.7
3384;56.7;84.8;-1.6
3386;57.1;85.9;-1.9
3388;58.4;83;-1.5
3390;56.9;82;-1.6
3392;56.6;82.1;-1.8
3394;59.2;85.7;-1.8
3396;57.4;85.6;-1.6
3398;58;82.7;-1.5
3400;56.3;82.7;-1.7
3402;57.9;85.6;-1.7
3404;57.2;82.7;-2
3406;58.9;83.6;-1.8
3408;57.5;83.8;-1.8
3410;56.4;80;-1.5
3412;55.9;82.4;-1.6
3414;57.1;82.5;-1.9
3416;57.1;85.8;-1.2
3418;58.7;81.9;-1.5
3420;56.1;80.2;-2.1
3422;56.7;84.6;-1.5
3424;57.5;80.4;-1.7
3426;59;83.7;-1.9
3428;56.7;79.2;-1.6
3430;56.8;78.9;-2.1
3432;55.8;82.9;-2
3434;56.6;83.4;-1.1
3436;57.3;84.6;-1.8
3438;59.4;78.7;-1.8
3440;57.4;80.3;-1.3
3442;56.7;82.2;-1.9
3444;58.2;79.6;-1.4
3446;57.3;82.8;-1.5
3448;57.2;79.8;-2
3450;57.9;82;-0.9
3452;57.1;81.9;-2.2
3454;55.3;82.8;-1.9
3456;57.7;82.1;-0.7
3458;56.1;79.5;-2.7
3460;58.8;80.9;-1.3
3462;57.2;85.5;-1.4
3464;57.8;78.9;-2
3466;57.4;82.6;-1.3
3468;57.3;80.9;-1.8
3470;57.1;81.5;-2.2
3472;56.6;83;-1.4
3474;56;80.1;-1.5
3476;60;85.8;-1.8
3478;56.7;77.6;-1.6
3480;60.3;84;-2
3482;56.7;83.6;-1.5
3484;58.6;81;-1.5
3486;56.5;83.2;-2.1
3488;56.8;81.3;-1.1
3490;58.1;83.9;-2
3492;58;82.9;-1.9
3494;57.1;83.3;-1.2
3496;57.5;84.7;-1.9
3498;59.6;81.8;-1.8
3500;57;83.4;-1.4
3502;59.7;84.8;-2.2
3504;58.2;83.1;-1.8
3506;58.2;84;-1.4
3508;55.7;83;-2.1
3510;57.5;79.3;-1.7
3512;57.8;84.2;-1.4
3514;58.7;83.2;-1.7
3516;57.9;82.9;-1.6
3518;56.9;79.8;-1.3
3520;55.5;80.1;-2
3522;56;85.3;-1.5
3524;55.2;79.9;-1.5
3526;57;85;-2.3
3528;58.4;81.8;-1.2
3530;57.3;78.6;-1.4
3532;55.8;81.6;-2.1
3534;58.8;84.1;-1.4
3536;56.4;83.7;-2
3538;59.1;79.7;-2
3540;56.4;80.6;-1.2
3542;57.8;83.2;-2.1
3544;59.8;83.3;-1.4
3546;58.8;84.8;-1
3548;57.7;80;-2.5
3550;60.6;81.9;-1.2
3552;59.6;82.8;-1.4
3554;57.7;81.7;-2.5
3556;58.4;81.6;-1
3558;58.5;81.3;-1.8
3560;58.4;80.1;-2.4
3562;58.6;84.9;-1.1
3564;60.9;80.7;-1.6
3566;59.8;84.5;-1.7
3568;61.2;82.8;-1.3
3570;59.7;81.6;-2.3
3572;57.4;82.1;-1.5
3574;57.1;81;-1.6
3576;58.8;84.4;-2.3
3578;56.4;77.5;-1.3
3580;57.2;81;-1.4
3582;56.2;83.8;-2
3584;56.8;79.3;-2
3586;56.7;83.8;-1.5
3588;58.4;80.4;-1.4
3590;58.3;81.5;-1.7
3592;59.3;81.4;-2
3594;59;85.1;-1.8
3596;58;86.1;-1.8
3598;56.7;79.2;-2
3600;59.5;82.9;-1.4
3602;58.8;83.7;-1.6
3604;57.7;81.9;-1.7
3606;59.4;82;-1.6
3608;57.5;80.9;-1.8
3610;61;81.5;-2
3612;58.4;83.6;-1.6
3614;60.1;82.5;-1.6
3616;58.7;82.4;-1.6
3618;62.2;80.5;-1.7
3620;58.5;82;-2
3622;61.9;87.1;-1.8
3624;58.9;81.3;-1.7
3626;62;85.5;-1.7
3628;59.1;81.4;-1.7
3630;58.5;80;-1.7
3632;59.3;85.4;-1.8
3634;58.6;82;-1.2
3636;59.2;84.2;-2.1
3638;59.2;78;-1.9
3640;58.7;82.9;-1.5
3642;58.5;82.4;-1.6
3644;57.4;80.3;-1.6
3646;56.9;82.4;-1.4
3648;59.3;83.1;-2.2
3650;59.2;83.5;-1.1
3652;57.9;82.4;-1.6
3654;58.7;81.8;-2.5
3656;60.6;83.4;-0.7
3658;59.6;82.4;-2
3660;60.6;81.8;-1.9
3662;58.3;84.7;-0.9
3664;58.6;79;-2.2
3666;57.2;81.8;-1.8
3668;58.5;80.6;-0.7
3670;58.8;80.7;-2.2
3672;61.3;86.6;-1.2
3674;57.1;80.4;-1.5
3676;61.3;85.8;-2.3
3678;58;79.5;-1.1
3680;60.5;83.5;-2.1
3682;58.3;85.7;-1.9
3684;56.9;81.3;-0.7
3686;58.7;86.5;-2.6
3688;59.3;81.1;-1.5
3690;61.1;85.1;-1.4
3692;60.9;85;-2.4
3694;61.3;88.4;-0.7
3696;57.5;83.4;-1.7
3698;59.3;79.7;-2
3700;59.6;83.5;-1
3702;58.9;84.5;-2.4
3704;58.2;83.3;-1.3
3706;59.1;83.6;-1.6
3708;58.7;84.6;-2.4
3710;58.1;79.6;-1.2
3712;57.3;83.5;-1.9
3714;59.2;84.8;-1.8
3716;58;83.7;-1.5
3718;58.1;79.9;-1.7
3720;56.6;80.7;-1.8
3722;58.7;87.7;-1.9
3724;57.4;81.1;-1.5
3726;59.4;85.1;-1.9
3728;57.5;79.6;-1.7
3730;59;80.2;-1.4
3732;57.9;83.8;-2
3734;58.2;82.4;-1.1
3736;57.1;83.8;-1.3
3738;60.2;81.5;-2.4
3740;58.9;85.3;-1.1
3742;59.5;84.8;-2.1
3744;60.4;83.3;-2.3
3746;59.6;85.6;-1.1
3748;60.4;83.5;-2.2
3750;60;82.9;-1.7
3752;58.1;81.4;-1.6
3754;57.6;83.7;-2.6
3756;58.4;83.3;-1.1
3758;57.2;81.5;-1.6
3760;60.9;83;-2.5
3762;57.7;84.8;-1.2
3764;60;80.4;-2
3766;59.4;83.3;-2.1
3768;61.2;83.8;-0.9
3770;59.7;81.7;-2.2
3772;57.6;82.7;-1.8
3774;57.7;82.4;-1.4
3776;61.1;87.4;-2
3778;58.9;80.1;-1.7
3780;59;80.9;-1.4
3782;58.1;84.6;-1.8
3784;58.1;79.5;-1.5
3786;58.9;84.7;-1.7
3788;59.9;82;-2.1
3790;57.4;80.3;-1.5
3792;60;85.3;-2.1
3794;59.7;85.5;-1.5
3796;57.8;84;-1.6
3798;60.1;81.7;-2.3
3800;58.1;81.7;-1
3802;59.3;84;-1.7
3804;60.3;83.9;-2.1
3806;60.2;84.6;-1.4
3808;58.5;83.7;-1.9
3810;58.6;79.3;-2
3812;59.6;85.1;-1.7
3814;62.7;86.4;-2
3816;59.6;84.8;-1.6
3818;60.8;82.2;-1.4
3820;59.3;81.8;-2
3822;59.8;85.8;-1.8
3824;57.5;78.3;-1.7
3826;59;82.6;-2.3
3828;59.7;83.2;-1.5
3830;59;82.1;-1.5
3832;59.8;85.6;-2.4
3834;59.5;84;-0.8
3836;58.1;83.7;-2
3838;58.7;78.5;-1.7
3840;59;82.7;-1.3
3842;57.2;81.2;-2.5
3844;57.4;80.2;-1.2
3846;56.1;81.9;-1
3848;58.1;81.4;-2.6
3850;58.6;80.1;-1.3
3852;58.2;81.1;-1.8
3854;58;82.2;-2.5
3856;59.1;82.2;-0.9
3858;59.3;81.8;-2.1
3860;58.1;78.8;-2.1
3862;56.9;82.9;-1.2
3864;59.7;80.5;-1.6
3866;59.2;84.3;-1.9
3868;61.8;83;-1.6
3870;57.4;77.6;-2
3872;59.3;82.6;-1.8
3874;57.6;80.3;-1.7
3876;60.9;84.7;-2.1
3878;57.3;76.8;-1.4
3880;60.8;81.9;-1.4
3882;59.6;86.4;-2.1
3884;58.7;80.5;-1
3886;59.3;84.2;-2.2
3888;61.2;81.8;-2
3890;60.1;82.2;-1.2
3892;60.6;83.5;-2
3894;60.1;83.6;-1.6
3896;57.8;83.1;-1.9
3898;59.5;80.1;-1.8
3900;59.4;82.5;-1.3
3902;57.8;82.3;-2.3
3904;57.4;79.8;-1.3
3906;59.8;82.7;-1.4
3908;57.3;81;-2.3
3910;57.8;77.4;-1.1
3912;57;82.2;-1.7
3914;58.1;80;-2.5
3916;58.6;82.3;-0.8
3918;59.6;79.7;-2.2
3920;57.7;80.6;-1.4
3922;60.3;84.4;-1.3
3924;60.6;80.2;-2.2
3926;61.7;84.6;-1.1
3928;61;81.4;-2.2
3930;59.4;78.8;-1.8
3932;59.4;82.7;-1
3934;59;82.5;-2
3936;59.8;86.5;-1.4
3938;59.6;77.9;-1.4
3940;60.3;83;-2.2
3942;59.9;83.4;-1.5
3944;58.9;81.2;-1.2
3946;57.8;82.6;-2.1
3948;60.9;82.2;-1.6
3950;59.7;81.4;-1.9
3952;60.6;84.7;-1.8
3954;59.8;83;-1.4
3956;60.2;83.7;-2.3
3958;59.9;81.3;-1.5
3960;58.9;78.1;-1.1
3962;59;85.7;-2.4
3964;59.6;79.1;-1.4
3966;58;82.9;-1.8
3968;58.4;81;-1.7
3970;55.2;77.3;-1
3972;57.8;84.9;-2.3
3974;57.1;80.6;-1.7
3976;60;84.8;-1.4
3978;58.4;80.3;-2.4
3980;58.9;81.2;-1.7
3982;58.2;83.8;-1.1
3984;57.9;79.1;-2.3
3986;57.1;82.7;-1.6
3988;60.5;82.3;-0.9
3990;60.7;85.2;-2.4
3992;59.4;81.7;-1.6
3994;59.1;82.9;-1.5
3996;60.6;85.4;-2.1
3998;59;79.3;-1.4
4000;59.3;82.9;-1.5
4002;62.3;85.6;-1.9
4004;60;84.3;-1.5
4006;58.5;82.6;-1.9
4008;59.1;84.3;-1.7
4010;59.3;79.1;-1.6
4012;59.3;83.9;-2.1
4014;61.9;84.8;-1.7
4016;60.7;86.9;-1.7
4018;61.7;82.1;-2.2
4020;57.9;79.7;-1.5
4022;57.8;84.2;-1.2
4024;59.5;82.8;-2.1
4026;58.8;83.3;-1.2
4028;59;80.6;-1.9
4030;60.8;82.5;-2
4032;57.2;83.7;-1.3
4034;60.5;84.3;-1.9
4036;58.6;84.5;-1.6
4038;59.7;78.3;-1.7
4040;58.5;82.1;-2.4
4042;58.8;84;-1.4
4044;60.4;83.1;-1.3
4046;58.1;82.2;-1.8
4048;58.2;81.4;-1.1
4050;58.8;80.8;-1.7
4052;60.3;83.6;-2.2
4054;60.7;86.6;-1.4
4056;58.8;82.1;-1.6
4058;58.9;84.1;-2
4060;59.7;81.9;-1.4
4062;58.6;86.3;-1.8
4064;60.7;81.5;-2
4066;59.2;82.8;-1.5
4068;63.5;85.1;-2.2
4070;60.2;83.5;-1.5
4072;60.4;84.3;-1.5
4074;61.2;84.9;-2.3
4076;61.6;85.8;-1.6
4078;59.2;80.2;-1.2
4080;60.1;82;-2.1
4082;58.4;83.1;-1.3
4084;60.7;81.7;-1.4
4086;60;84.8;-2.4
4088;59;79.2;-1.2
4090;58.8;79.9;-2.1
4092;57.9;80.9;-2.1
4094;58;83;-0.9
4096;58.7;85.4;-1.7
4098;58.2;77.6;-1.5
4100;60.3;82.5;-1.2
4102;59.5;82.2;-2.2
4104;59.3;80.3;-1.3
4106;60.3;82.2;-1.7
4108;58.1;79.5;-2.1
4110;58.7;78.1;-1.1
4112;57.7;82.5;-1.9
4114;59.4;81.6;-1.8
4116;59.6;82.9;-1
4118;60.9;79.7;-2.2
4120;58.4;79.4;-1.9
4122;59.8;85.6;-1.3
4124;57.6;78.5;-1.7
4126;60.9;84.6;-2
4128;58.5;80.4;-1.3
4130;59.9;81.6;-2
4132;57.9;83.4;-2
4134;60.7;81.5;-1.1
4136;59.3;83.6;-2.2
4138;60.1;78.2;-1.7
4140;59.6;80.4;-1.3
4142;59.2;82.1;-1.8
4144;59.6;80.1;-1.6
4146;58.1;82.1;-1.7
4148;57.6;79.2;-2.1
4150;58.5;80.3;-1.6
4152;60.3;80.9;-1.7
4154;58.9;82.2;-1.3
4156;59.8;81.2;-1.6
4158;60.2;80.4;-2.1
4160;59.3;78.7;-1.6
4162;58.4;82.8;-1.4
4164;59;78.4;-1.7
4166;58.4;81.5;-1.3
4168;61.5;83.1;-1.4
4170;57.5;77.5;-1.8
4172;59.4;81.5;-1.9
4174;58.5;80.2;-1.5
4176;59.6;81.6;-2
4178;59;78.5;-1.9
4180;58.9;80.7;-1.1
4182;57.6;83.6;-1.7
4184;57.8;79.4;-2.3
4186;58.7;84.7;-1.5
4188;61.5;81.7;-1.9
4190;60.1;81.7;-2.2
4192;58.6;79.7;-1.4
4194;60.8;83.7;-1.3
4196;58.7;83.2;-2.1
4198;58.5;76.7;-1.2
4200;58.2;80.6;-1.4
4202;57.3;82.2;-2
4204;59.4;81;-1.5
4206;58.3;79.3;-1.7
4208;57.6;80.9;-1.7
4210;60.4;80.9;-1.4
4212;57.5;81.1;-2.3
4214;58.6;81.3;-1.6
4216;58.4;82.6;-1.4
4218;60.3;80;-2.1
4220;56.3;78.6;-1.6
4222;59.8;85.5;-1.9
4224;59.6;78.9;-1.8
4226;61.9;84.1;-1.2
4228;59.3;78.7;-1.6
4230;59.9;78.5;-2.1
4232;60.4;83.7;-1.7
4234;60.9;84.1;-1.9
4236;58.4;83.7;-1.9
4238;58.7;76.7;-1.5
4240;59.8;83.2;-1.7
4242;59.5;81.8;-2
4244;58.8;79.6;-1.6
4246;59.2;81.2;-1.2
4248;60.1;80.2;-1.6
4250;58.2;79.9;-1.7
4252;60;82.1;-2
4254;59.7;84.6;-1.7
4256;59.6;83.2;-1.9
4258;59.1;82;-1.6
4260;59.5;78.2;-1.6
4262;60.2;84.5;-1.5
4264;60.4;79.6;-1.6
4266;59.7;81.2;-2
4268;59.3;79.3;-1.5
4270;60;81.4;-1.1
4272;58;82.8;-1.9
4274;57.7;80.5;-1.9
4276;59.5;84.8;-1.3
4278;60.5;79.7;-1.6
4280;59.3;79.1;-2
4282;58.1;81.8;-1.4
4284;60.2;79.5;-2.2
4286;59.7;83.9;-1.4
4288;61.4;81.8;-1
4290;59.4;80.9;-2.2
4292;59.1;80.1;-1.1
4294;61.8;85.8;-2.2
4296;60.9;83.4;-2
4298;62.8;80;-1.2
4300;62.6;82.5;-2.1
4302;61;82.6;-1.5
4304;58.9;80.2;-1.4
4306;60;81.9;-2.5
4308;59.6;84.3;-1.4
4310;61.3;81.7;-1.9
4312;58.8;83.1;-1.6
4314;61;81.3;-1.3
4316;60.8;84.5;-2.3
4318;61.5;79.3;-1.4
4320;60.9;81;-1.5
4322;59.9;85.2;-2.1
4324;57.3;78.3;-1.3
4326;60.1;83.6;-1.7
4328;57.6;78.9;-1.7
4330;59.7;78.9;-1.5
4332;58.1;83;-2
4334;59.4;80.5;-1.7
4336;58.7;82.1;-1.4
4338;61.4;77.3;-1.8
4340;59.6;81.9;-1.8
4342;60.8;83.3;-1.7
4344;58.9;81.5;-2
4346;60.3;84.1;-1.5
4348;59.6;80.4;-1.5
4350;59;78.5;-1.9
4352;60.6;80.9;-1.8
4354;60.8;82.4;-1.4
4356;61.7;82.4;-1.7
4358;58.3;78.8;-2.1
4360;60.5;79.6;-1.6
4362;58.6;84;-1.5
4364;60.2;80;-1.9
4366;60.4;83.7;-1.3
4368;63.4;81;-1.8
4370;59.2;77.4;-1.7
4372;60.1;81.9;-1.4
4374;60;79.9;-2
4376;61.6;83.6;-1.6
4378;61.7;80.5;-1.5
4380;62.6;83.1;-2.1
4382;59.4;84.2;-1.1
4384;59.7;78.8;-1.6
4386;59.9;81.9;-2
4388;60;77.5;-1.3
4390;61.5;81.1;-2
4392;59.1;79.7;-1.8
4394;58.7;81.3;-1.5
4396;57.4;81.4;-1.7
4398;60.5;79.4;-1.9
4400;57.5;80.4;-1.6
4402;59;81.8;-2
4404;59.8;80;-1.5
4406;60.5;80.9;-1.5
4408;59.5;81;-1.6
4410;60.1;80.3;-1.6
4412;59.6;81.7;-2
4414;59.5;81;-1.6
4416;59.6;83.5;-1.5
4418;60.5;79.6;-1.8
4420;58.1;78.4;-1.5
4422;60.5;83.8;-1.8
4424;60.5;78.2;-1.6
4426;61;81;-1.5
4428;61.5;80.4;-2.3
4430;62.5;79.7;-1.8
4432;58.6;81.8;-1.7
4434;60.9;83.2;-1.8
4436;59.9;85.3;-1.3
4438;62.9;79.7;-1.7
4440;61.3;79.4;-2.1
4442;59.9;80.8;-1.1
4444;61.3;80.7;-2
4446;59.9;82;-1.6
4448;59.6;79.4;-1.3
4450;58.4;78.7;-2
4452;62;84.3;-1.9
4454;58.6;82;-1.3
4456;60.6;81.5;-1.8
4458;60.2;80.3;-1.4
4460;59.4;78.4;-1.5
4462;58.8;82.7;-2
4464;61.6;80.5;-1.5
4466;60;82.4;-2.2
4468;61.3;82.5;-1.7
4470;58.1;79.2;-0.9
4472;58.3;83.4;-2.5
4474;58.6;80.4;-1.5
4476;61.1;83;-1.5
4478;59.4;76.2;-2.2
4480;60.1;78.8;-1.7
4482;58.6;83.7;-1.7
4484;61.5;81.2;-2.4
4486;58;81.7;-1.7
4488;60.1;79.5;-1.2
4490;61;84;-1.8
4492;61.5;81.1;-1.9
4494;61.2;81.3;-1.5
4496;60.1;83.3;-1.7
4498;59.1;78.5;-1.8
4500;59.8;81.7;-1.4
4502;58.4;82.2;-1.6
4504;57.1;80.5;-1.7
4506;58.7;81.6;-1.4
4508;58.8;83.9;-1.9
4510;59.8;78.9;-1.5
4512;60.5;82.4;-1.4
4514;60.8;81.4;-1.7
4516;60.9;84.4;-1.1
4518;61.9;80.1;-1.9
4520;59;80.4;-2
4522;59;84;-1.1
4524;57;77.9;-2
4526;61.8;85;-1.8
4528;58.3;78.1;-1.6
4530;60.1;77.5;-1.8
4532;59.2;82.4;-1.5
4534;59.3;81.4;-1.5
4536;58.2;84;-2
4538;59.1;76.7;-1.6
4540;58.2;82.2;-1.7
4542;58.2;83.6;-1.8
4544;58.2;80.9;-1.6
4546;59.2;83.6;-1.3
4548;60.9;82;-1.6
4550;58;78.7;-1.9
4552;61.5;82.5;-1.8
4554;60;84.8;-1.9
4556;60.4;83.4;-1.4
4558;57.2;80.8;-1.5
4560;58.4;78.9;-2.2
4562;58.1;83.2;-2
4564;60.8;80.8;-1.6
4566;59.9;82.4;-2
4568;59.9;80.4;-1.6
4570;57.8;78.8;-1.5
4572;58.3;83.8;-1.6
4574;59.1;80.9;-1.6
4576;57.9;84.4;-1.8
4578;59;80.4;-2
4580;57.9;80.3;-1.4
4582;57.5;82.4;-1.1
4584;59.1;80.1;-2
4586;58.4;83.2;-1.6
4588;59;80.4;-1.5
4590;58.7;81.7;-1.8
4592;57.9;80.8;-1.4
4594;57.9;84;-1.6
4596;56.6;82.1;-1.8
4598;58;77.9;-1.5
4600;59.4;80.9;-1.8
4602;60.4;82.6;-1.7
4604;59.2;80.2;-1
4606;60.2;82.4;-1.8
4608;60.4;83.8;-1.7
4610;59;78.4;-1.6
4612;57.8;82.3;-1.7
4614;60.6;82.4;-1.7
4616;60.2;84.1;-1.6
4618;63;80.5;-1.5
4620;58.9;79.2;-1.6
4622;59.5;84.6;-1.5
4624;60.9;81.3;-1.8
4626;60.3;83;-1.7
4628;60.2;83.1;-2
4630;59.7;81.3;-1.9
4632;57.4;82.8;-1.5
4634;59.2;82.1;-1.7
4636;60.1;83.1;-1.8
4638;61.9;78.9;-1
4640;59.6;80.6;-2.4
4642;61.2;83.6;-1.5
4644;59.4;80.5;-1.4
4646;58.1;82.5;-2.2
4648;60.4;83.1;-1.3
4650;60.4;82.6;-1.6
4652;59.5;80.9;-1.8
4654;59.4;82.5;-1.5
4656;60.6;82.9;-2
4658;58.9;79.9;-1.6
4660;60.9;80.4;-1.6
4662;60.2;86.8;-2.1
4664;59.3;80.6;-1.9
4666;59.1;83.6;-1.4
4668;62.2;82.7;-2
4670;61.1;81.3;-1.9
4672;63.1;84.9;-1.4
4674;59.3;79.3;-1.9
4676;63.9;86.5;-2
4678;60;79.4;-1.4
4680;61.9;80.9;-1.5
4682;59.8;85.9;-1.9
4684;61.2;82.6;-1.8
4686;60.1;83.9;-1.7
4688;60.3;79.1;-1.8
4690;60.9;80.7;-2
4692;59.6;80.7;-1.7
4694;61.9;84.8;-1.8
4696;58.2;82.4;-2.1
4698;61.6;80.8;-1.6
4700;59.9;83.2;-1.1
4702;60.8;84.9;-2
4704;60.4;83.1;-1.7
4706;59.4;80.1;-1.4
4708;60.5;82.5;-2.4
4710;61.9;81.2;-1.8
4712;59.8;81.8;-1.3
4714;60.7;82.3;-1.8
4716;58.6;81.4;-1.3
4718;58.5;78.6;-1.7
4720;59.6;80.5;-1.6
4722;61.2;87.1;-1.5
4724;58.5;78.5;-2.2
4726;61.3;84.2;-1.7
4728;61.2;81.4;-1.1
4730;60.4;79.8;-2.3
4732;59;82.5;-1.2
4734;58.8;80.4;-1.4
4736;59.4;87;-2.4
4738;61.3;80.9;-1.1
4740;59.9;81.5;-2.3
4742;60.4;82.6;-2.1
4744;62.2;82.2;-1.2
4746;60.8;84.6;-2.2
4748;59.7;80.9;-1.3
4750;61.5;83;-1.2
4752;63;85.6;-2.3
4754;59.9;83.5;-1.1
4756;59.8;83.7;-1.8
4758;60.3;82.3;-2.3
4760;62.9;80.5;-1.2
4762;59.5;83.3;-2
4764;61.6;79.8;-1.7
4766;61.5;84.8;-1.1
4768;62.1;83.1;-2.3
4770;58.1;78.3;-1.2
4772;59.2;84.2;-1.3
4774;60.2;84.9;-2.4
4776;60.4;84.8;-1.4
4778;58.9;77.6;-1.6
4780;59.9;79.5;-2.3
4782;60.7;86.1;-1.5
4784;59.2;79.5;-1.8
4786;59.5;84.2;-2.1
4788;60.4;80.4;-1.4
4790;60.2;83.2;-2.5
4792;59.9;80.7;-1.9
4794;61.4;85;-1.4
4796;61.8;86.1;-2.3
4798;62.1;80.6;-1.4
4800;60.4;81;-1.3
4802;61;83.6;-2.2
4804;61.7;82.9;-1.1
4806;61.2;82.8;-1.7
4808;57.6;82.4;-1.7
4810;59.8;79.1;-1.5
4812;59.6;83.4;-2.3
4814;61.4;82.4;-1.5
4816;60.1;83.2;-1.7
4818;64;81.9;-1.8
4820;59.3;80.3;-1.5
4822;60.3;84.8;-1.2
4824;60.1;80;-2.2
4826;61.3;84;-1.5
4828;61.1;82.7;-1.5
4830;61.4;81.6;-2.2
4832;59.6;82.3;-1.3
4834;61.4;84.4;-1.8
4836;59.6;84.1;-1.9
4838;61.9;80.1;-1.6
4840;59.3;81.7;-2.1
4842;61.3;84.8;-2.1
4844;57.8;80.7;-1.4
4846;57.8;82.6;-1.7
4848;61;84;-1.8
4850;61.3;83.3;-1.5
4852;60.3;84.8;-1.9
4854;61.7;83.1;-1.6
4856;61.1;83.4;-1.7
4858;60.8;82.8;-2
4860;61.3;82.8;-1.6
4862;59;85.1;-1.6
4864;60.3;80.3;-1.7
4866;59.9;85.2;-1.8
4868;62.9;84.6;-1.8
4870;58.2;78.9;-1.9
4872;59.3;84.4;-1.5
4874;59.2;84.1;-1.5
4876;61.5;85.9;-1.6
4878;58.1;78.2;-1.9
4880;60.6;83.3;-1.7
4882;57.9;85.4;-1.7
4884;59.6;81.7;-2.3
4886;61;85.7;-1.6
4888;60.9;80.4;-1.2
4890;61.7;83.5;-2.4
4892;62.2;85.1;-1.2
4894;61.8;84.1;-1.4
4896;59.3;83.3;-2.1
4898;61.4;81.3;-0.9
4900;61.2;84.2;-1.8
4902;60.9;85.1;-1.8
4904;59.1;81.8;-1.4
4906;61.5;83.5;-2.1
4908;58.9;82.1;-1.8
4910;59.2;78.6;-1.3
4912;58.4;82.2;-1.8
4914;61.3;84;-1.5
4916;59.4;83.3;-1.6
4918;60.3;80.4;-1.8
4920;57.8;80.1;-1.4
4922;60.6;86.5;-2.1
4924;58;78.4;-1.8
4926;62.1;84.7;-1.4
4928;58.8;79.8;-2.2
4930;61.8;80.5;-1.8
4932;59.8;85.4;-1.5
4934;59.3;82.9;-2
4936;59.9;87.3;-1.4
4938;60.7;77.7;-1.4
4940;62.2;83.8;-2.1
4942;59.1;82.5;-1.3
4944;59.1;81.3;-2
4946;60.5;84.8;-1.8
4948;60.2;82.2;-1.2
4950;60.2;82.6;-2.1
4952;58.6;81.6;-1.8
4954;59.8;84.7;-1.6
4956;59.8;83.1;-1.6
4958;59.5;82.2;-1.7
4960;59.4;80.3;-1.6
4962;58.6;85.5;-2.3
4964;59.2;79.6;-2
4966;58.1;82.5;-1.2
4968;60.7;81.3;-2.2
4970;59.2;80.6;-1.7
4972;58.5;84.1;-1.3
4974;58.8;81.8;-2.1
4976;62.7;85.3;-1.7
4978;61.7;79.4;-1.1
4980;62.8;83.6;-2.1
4982;58.6;84.2;-1.6
4984;59.2;79.3;-1.7
4986;59.1;83.4;-1.8
4988;59.3;80;-1.4
4990;60.2;84.6;-1.6
4992;62;86.5;-1.7
4994;60.3;81.9;-1.3
4996;60.9;85.9;-2
4998;61.9;80.2;-1.7
5000;58.5;80.9;-1.7
5002;62.3;84.6;-2.4
5004;57.8;80.8;-1
5006;61.4;85.1;-2.3
5008;58.6;82.7;-2.2
5010;60.5;79.4;-0.8
5012;61.4;84.6;-2.6
5014;61.6;83.5;-1.2
5016;61.4;85.4;-1.3
5018;59.5;77.9;-2.5
5020;57.4;78.7;-1
5022;57.8;84.8;-2.1
5024;59.8;81.4;-2.1
5026;59.2;84.3;-1
5028;59.4;81.4;-2.4
5030;59.3;79.6;-1.5
5032;57.7;82.1;-1.1
5034;58.4;80.9;-2.2
5036;59.3;87.4;-1.4
5038;61.1;80.6;-1.2
5040;57.8;80.5;-2.4
5042;59.4;83.7;-1.4
5044;59.6;83.2;-1.6
5046;60.1;84;-2.2
5048;62.7;83.9;-1.5
5050;61.8;83.8;-2
5052;62.9;85.7;-1.7
5054;59;82.8;-1.3
5056;61.2;83.6;-2
5058;59.3;83;-1.6
5060;61.4;83.4;-1.4
5062;60.2;87.6;-1.9
5064;61.5;80.7;-1.5
5066;61.6;85.8;-1.4
5068;63.1;85.2;-1.8
5070;60.6;82.4;-1.7
5072;60;83.4;-1.2
5074;57.5;81.1;-2
5076;60.9;85.7;-1.6
5078;57.6;78.6;-1.6
5080;60;82.8;-1.8
5082;58.4;84.8;-1.7
5084;59.2;81;-1.5
5086;59.9;85.2;-2.1
5088;60.6;82.2;-1.5
5090;58.8;81.2;-1.5
5092;59;81.8;-1.9
5094;59;85;-1.3
5096;59.2;85.9;-1.1
5098;60.9;82.8;-1.9
5100;61;83.8;-1.8
5102;62.1;83.8;-1.6
5104;60.3;82;-2.1
5106;62;84;-1.6
5108;58.1;81.9;-1.5
5110;59.4;79;-2.1
5112;59.3;84.7;-1.4
5114;60.2;82.5;-1.7
5116;60.2;85.4;-1.8
5118;63.2;81;-2.1
5120;58.8;81.5;-1.7
5122;60.4;85.8;-1.7
5124;62;82.2;-2.1
5126;62;85.5;-1.1
5128;59.9;81;-1.8
5130;60.3;81.7;-1.8
5132;59.1;83.7;-1.3
5134;59.5;83.7;-1.9
5136;61.9;86.9;-1.5
5138;60.9;78.6;-1.5
5140;60.3;83.5;-2.5
5142;59.6;83.2;-0.8
5144;59.8;82.3;-1.8
5146;58.9;83.7;-2.2
5148;58.8;82.5;-0.7
5150;58.2;80.9;-2.5
5152;62.1;86.6;-2
5154;61.3;83.9;-1
5156;60.2;82.9;-2.5
5158;60.7;84.1;-1.5
5160;60.7;80.8;-1.6
5162;59.1;84.9;-2.2
5164;62.2;83.2;-0.7
5166;58.6;82.9;-1.7
5168;62.4;84.9;-2
5170;58.6;80.1;-1
5172;60.6;84.6;-2.4
5174;59.1;81.3;-1.1
5176;61.8;85.5;-1.3
5178;61.2;81.1;-2
5180;59.8;81.7;-1.1
5182;57.8;84.5;-2
5184;59.6;81.2;-2.2
5186;60.8;87.1;-1.4
5188;62.6;82.8;-1.7
5190;61.2;81.4;-1.5
5192;61.1;82;-1.4
5194;60.2;83.5;-1.6
5196;60.3;84.3;-1.9
5198;59.7;78.6;-1.7
5200;61.8;83.8;-1.6
5202;62.4;86.2;-1.7
5204;61.5;84.8;-1.6
5206;61.9;84;-2
5208;60.6;85.4;-1.8
5210;59.7;79.4;-1.8
5212;61.3;86.7;-2.2
5214;62.1;85.2;-1.6
5216;60;85.4;-1.4
5218;58.3;80.3;-1.8
5220;56.5;81.2;-1.7
5222;59;87.6;-1.5
5224;58.6;81.5;-2.1
5226;60.2;84.9;-1.7
5228;58.6;80.8;-1.7
5230;59.8;80.4;-1.7
5232;58.3;83.6;-1.5
5234;61.3;86;-1.8
5236;59.2;86.1;-1.8
5238;61.5;82.2;-1.3
5240;60;84.6;-2.2
5242;60;84.7;-1.8
5244;61.9;84;-1.2
5246;59.1;83.8;-2.6
5248;62.1;84.6;-1.3
5250;60.2;82.9;-1.6
5252;59;82.4;-1.9
5254;59.9;86.6;-1.3
5256;58.3;82.4;-2.1
5258;57.9;83.4;-1.6
5260;60.7;81.4;-1.6
5262;59.3;86;-2.3
5264;62.5;82.2;-1.4
5266;59.2;82.5;-1.5
5268;62.4;83.9;-2.3
5270;60.4;82.3;-1.3
5272;61;87.1;-1.5
5274;57.6;81.5;-2.1
5276;62.7;88.5;-1.6
5278;60.3;81.1;-1.9
5280;60;81.4;-1.8
5282;60.7;86.3;-1.6
5284;59.3;80.5;-1.5
5286;59.9;85.5;-1.7
5288;61.1;83.2;-1.4
5290;60.6;84.7;-1.6
5292;59.3;83.8;-1.8
5294;58.4;83.5;-1.5
5296;61;87.4;-1.5
5298;61.2;81.6;-1.6
5300;61.4;84.4;-1.8
5302;61.8;84.3;-1.7
5304;58.4;81.8;-1.5
5306;61.3;85.5;-1.8
5308;58.6;83.2;-1.6
5310;58.8;80.4;-1.4
5312;58.9;84.4;-1.6
5314;60.4;83.2;-1.9
5316;60.3;85.2;-1.5
5318;59.7;79.1;-1.5
5320;58;80.3;-2
5322;61.8;88.7;-1.7
5324;58.4;79.9;-1.2
5326;60.2;86.4;-1.8
5328;60.3;83.4;-1.9
5330;59.9;81.1;-1.1
5332;59.3;82.8;-2.3
5334;61;84.6;-1.7
5336;60.2;85.9;-1.3
5338;61.4;80.2;-2.3
5340;60.6;83.6;-1.2
5342;59.4;84.2;-2
5344;60.7;84.9;-2.2
5346;60;86.2;-0.8
5348;58.9;81.8;-2.2
5350;61.7;83.8;-2.2
5352;62.4;83.8;-1.7
5354;59.5;83.3;-1.4
5356;59.9;83.6;-1.9
5358;58.8;81.1;-1.6
5360;59.2;79.9;-1.6
5362;58.3;85.1;-1.8
5364;60.9;82.4;-1.7
5366;59.8;84;-1.4
5368;62.7;84.8;-2
5370;57.7;79.6;-1.8
5372;61.3;84.9;-1.3
5374;58;81.6;-2
5376;60.2;84.7;-1.4
5378;60.1;81.3;-1.6
5380;60.9;84.6;-2.6
5382;57.4;85.3;-1
5384;59.9;82.4;-1.5
5386;59.1;84.6;-1.8
5388;61.8;83.6;-1.4
5390;61.5;84.5;-1.7
5392;61;84.6;-2.2
5394;59.4;83.2;-1.7
5396;57.7;84.2;-1.6
5398;60;82.9;-2.4
5400;59;83;-1.5
5402;58.6;84;-1.6
5404;58.4;82.2;-2
5406;59.5;83.4;-1.4
5408;57.9;83.4;-1.5
5410;59.4;82.4;-2
5412;57.8;83.7;-1.6
5414;59.6;83.8;-1.6
5416;59.7;84.7;-1.8
5418;60.8;81.4;-1.4
5420;60;82.9;-1.7
5422;61.5;87.5;-1.9
5424;59.1;79.3;-1.7
5426;63.6;86.8;-1.7
5428;62.2;83.3;-2
5430;61.3;82.3;-1
5432;58.3;82.7;-2
5434;60;83.3;-2.2
5436;61.2;88.8;-0.7
5438;61.4;81.7;-2.4
5440;60.7;84.5;-2
5442;63;86.7;-1.3
5444;63.1;83.3;-2.1
5446;60;84;-1.7
5448;62.3;84.3;-1.2
5450;61.3;83.8;-2.1
5452;59.3;83.9;-1.5
5454;61.6;86.8;-1.2
5456;60.8;85.2;-2.3
5458;61.6;83.3;-1.6
5460;60.8;79.2;-1.4
5462;61.5;86.8;-2.2
5464;61;80.9;-1.2
5466;60.2;83;-1.8
5468;62;84.2;-2
5470;58.4;80;-1.1
5472;59;85.7;-2.1
5474;59.2;83.2;-1.8
5476;60.1;84.8;-1.4
5478;61.7;81;-2.1
5480;60;81.5;-1.8
5482;58.4;84.2;-1.4
5484;59.1;80;-2.4
5486;59.8;85.5;-1.2
5488;62;84;-1.4
5490;59.5;82.6;-2.3
5492;60.4;82.7;-1.4
5494;62.9;84.5;-1.8
5496;61.1;85.6;-1.7
5498;63.4;82.5;-1.4
5500;63.2;84;-1.5
5502;63.9;87.3;-1.6
5504;59.6;82;-1.4
5506;61.6;84.3;-1.9
5508;60.1;83.8;-1.8
5510;62.6;83.5;-1.4
5512;60.7;83.7;-2.2
5514;61.8;82;-1.6
5516;62.5;87.3;-1.3
5518;60.5;80.6;-1.7
5520;59.5;80.8;-1.4
5522;59.9;85.9;-1.6
5524;57.9;80.4;-1.9
5526;61.7;86.8;-1.1
5528;60.4;81.2;-2
5530;60.2;80.5;-1.4
5532;59.5;84.8;-1.8
5534;60.5;82.1;-1.9
5536;60.5;86;-1.2
5538;61.9;80.7;-1.9
5540;61;84.5;-1.6
5542;61.3;85.8;-1
5544;58.6;82.1;-2.4
5546;58.6;83.3;-1.6
5548;60.3;83.3;-1.2
5550;59.6;80.2;-2.6
5552;60.9;83.4;-1.6
5554;61.7;86.1;-1.7
5556;60;83.2;-2.2
5558;58.7;81.1;-1.3
5560;62.1;81.4;-1.5
5562;60.5;85.3;-2
5564;62;80.8;-1.1
5566;62.8;84.2;-1.6
5568;62.2;81.4;-1.8
5570;61.9;81.2;-1.6
5572;61.4;84;-1.7
5574;60.4;82.1;-1.9
5576;63;86.7;-1.2
5578;62;82.1;-1.9
5580;61.3;82.4;-1.7
5582;60.7;85.1;-1.4
5584;59.9;79.5;-1.9
5586;59.7;83.4;-1.4
5588;60.4;80;-1.7
5590;60.7;82.5;-2.1
5592;59.1;83;-1.8
5594;58.1;82.1;-1.6
5596;59.4;86.1;-1.5
5598;61.3;81.4;-1.8
5600;60.4;82.1;-1.4
5602;61.3;83.5;-1.7
5604;62.2;83.1;-1.7
5606;61.9;83.7;-1.7
5608;60.9;84.3;-1.6
5610;60.5;79.6;-1.7
5612;60.6;84.8;-1.7
5614;62;83.2;-1.4
5616;61.9;85.4;-1.7
5618;61.8;79.8;-1.8
5620;61.5;82.6;-1.9
5622;60.3;86;-2
5624;58.4;80.1;-1.7
5626;61.5;85.1;-1.4
5628;60;81.9;-1.8
5630;62;82.1;-2
5632;58.7;83.9;-1.8
5634;59.9;82.6;-1.8
5636;61.3;85.3;-1.6
5638;62.3;80.9;-2.1
5640;61.4;82.8;-2
5642;60.8;84.5;-1.3
5644;60.6;82.8;-1.7
5646;58.6;83.1;-1.7
5648;59.9;82.5;-1.7
5650;59.8;82.1;-2.1
5652;61.6;84.4;-1.5
5654;62.7;86.6;-1.5
5656;62.7;84.9;-2.1
5658;61.9;82.4;-1.4
5660;60.5;80;-1.7
5662;60.7;85.5;-2.2
5664;62.7;83.2;-1.4
5666;61.3;85.8;-1.3
5668;62.8;85.3;-1.9
5670;61.6;83.1;-1.3
5672;61.9;84.8;-1.6
5674;62.1;83.8;-2.2
5676;62.4;84.6;-1.2
5678;59.8;78.6;-1.6
5680;60.7;81.8;-1.9
5682;58.4;85;-1.7
5684;59.5;81.5;-1.6
5686;58.8;84.8;-1.7
5688;62.3;82.8;-1.5
5690;62.7;85.2;-1.6
5692;62;84.6;-1.8
5694;62.7;86.1;-1.6
5696;59.6;85.7;-1.9
5698;59.5;80.1;-1.9
5700;60;83.5;-1.6
5702;59.2;84.8;-1.8
5704;57.9;81.8;-1.5
5706;59.9;82.3;-1.6
5708;59.8;84.2;-1.6
5710;61.5;82.6;-1.4
5712;60.3;86.6;-1.7
5714;60.2;83.2;-2
5716;58.9;84.9;-1.5
5718;61.4;81.9;-1.8
5720;57;81.7;-1.7
5722;59;85.7;-1.5
5724;58.6;78.8;-2.4
5726;62.8;84.8;-1.7
5728;60.2;80.4;-1.5
5730;62.7;83.8;-2
5732;59.1;83.3;-1.5
5734;59;82.3;-1.9
5736;59.5;86.5;-1.5
5738;59.1;78;-1.5
5740;60.2;84;-1.6
5742;60.1;83.9;-1.8
5744;60.4;81.5;-1.8
5746;58.9;82.9;-1.8
5748;62.6;84.7;-1.5
5750;58.7;82;-1.5
5752;62.5;86.6;-1.8
5754;60.5;86.4;-1.7
5756;60.3;84.3;-1.3
5758;59.9;83.8;-1.5
5760;60;79.2;-1.7
5762;59.4;84.8;-2
5764;60.6;80.6;-1.8
5766;60.8;84.3;-1.6
5768;59.5;81.6;-1.7
5770;58.8;80.4;-2.1
5772;59;85.9;-1.4
5774;56.8;81.5;-1.3
5776;60.1;85.7;-2.3
5778;59.1;78.3;-1.3
5780;60;80.8;-1.5
5782;59.7;83.6;-2.1
5784;61.6;82.3;-1.6
5786;61.1;85.6;-1.5
5788;60.9;81;-2.2
5790;60.2;82.7;-1
5792;59.9;81.1;-2.1
5794;59.5;83.2;-1.8
5796;61.6;85.1;-1.3
5798;60.3;78.2;-2.2
5800;62.8;82.7;-1.5
5802;63.7;85.6;-1.4
5804;59.7;81.3;-2.2
5806;60.8;82.9;-1.4
5808;59.5;85.2;-1.7
5810;59.7;79.9;-2.2
5812;59.4;84.2;-1.1
5814;61.5;82.2;-1.7
5816;61.5;84.8;-1.8
5818;63.7;82.5;-1.2
5820;60.4;81.4;-2.2
5822;60.2;86;-1.7
5824;59.6;81.4;-1.1
5826;60;84.6;-2.1
5828;61.4;83.9;-1.7
5830;60;80.3;-1.2
5832;59.8;83.7;-2.2
5834;60.7;81.6;-1.5
5836;60;84.1;-1.3
5838;62.3;80.8;-1.9
5840;60;82.6;-1.8
5842;59.4;83.1;-1.6
5844;58.1;81.5;-1.5
5846;60.3;85.7;-1.7
5848;59.7;81.7;-2.1
5850;59.1;80.2;-1
5852;59.7;81;-2.1
5854;62.3;85.5;-1.6
5856;62.8;85.5;-1.3
5858;60.9;82.7;-2.4
5860;61.8;83.3;-1.8
5862;60.6;88.7;-1.3
5864;59.8;80.3;-2.1
5866;59.3;83;-1.7
5868;63.4;85;-1.4
5870;60.1;81.8;-1.8
5872;63;86.6;-1.1
5874;59.5;81.8;-1.8
5876;63.4;88.2;-1.9
5878;58.7;79.2;-1
5880;60.5;83.6;-2.1
5882;60.5;87.2;-1.7
5884;59.6;80.5;-1.6
5886;61.7;86.6;-1.5
5888;60.2;79.6;-1.5
5890;61.1;81.9;-1.8
5892;60.8;83.6;-1.9
5894;61.7;86.4;-1.5
5896;58.9;85.3;-2
5898;58.8;80.2;-2.2
5900;58.8;83.1;-1.4
5902;59.3;83.8;-1.8
5904;59.2;81;-2
5906;60.4;83;-1.5
5908;61.2;83.4;-1.5
5910;61.7;82.3;-1.7
5912;60.4;84.2;-1.5
5914;60.6;83.9;-1.4
5916;58.5;82.9;-2
5918;60.4;82.3;-1.7
5920;58.1;80.4;-1.5
5922;59.9;85.6;-2.5
5924;59.5;79.6;-1.2
5926;62.2;85.2;-1.7
5928;61.6;83.4;-2.5
5930;60;80.8;-1.1
5932;57.7;82.5;-1.8
5934;58.7;82.3;-2.2
5936;60;87.6;-1.3
5938;62.4;81.7;-1.9
5940;60.1;81.8;-1.5
5942;60.3;83.1;-1.3
5944;61.2;84.1;-2.6
5946;60.5;84.7;-1.5
5948;60.9;82.7;-1.3
5950;61.3;84;-1.8
5952;62.7;86.8;-1.4
5954;58.8;85.1;-1.5
5956;61.8;84.5;-2
5958;61.4;82.3;-1.3
5960;61.1;81.1;-2.2
5962;59.4;84.4;-1.8
5964;60.3;80.5;-1.4
5966;61.5;86.3;-2
5968;61.7;85;-1.1
5970;57;79.5;-2.4
5972;58.8;84.9;-1.9
5974;58;82.6;-1.2
5976;61.8;85.2;-2.1
5978;58.9;77.7;-1.6
5980;62.2;80.8;-1.4
5982;60.9;87.5;-2.1
5984;59.1;80.4;-1.6
5986;60.2;86.2;-1.3
5988;61.7;83.2;-2.1
5990;60.7;84.6;-1.7
5992;60.2;81.5;-1.7
5994;60.4;82.7;-1.7
5996;61.1;85.7;-1.7
5998;59.1;78.7;-2
6000;58.4;81;-1.7
6002;59.7;84.1;-1.7
6004;60.7;84.9;-1.6
6006;61.4;84.6;-1.7
6008;58.5;83.9;-1.8
6010;61.1;80.2;-1.4
6012;61.9;85.8;-1.3
6014;60.5;81.1;-1.6
6016;59.6;83.1;-1.9
6018;60.8;80.3;-1.4
6020;58;80.3;-1.6
6022;58.3;84.7;-1.7
6024;60.2;81.1;-1.3
6026;60.6;85.1;-2.3
6028;61.5;80.7;-1.6
6030;59.7;78.9;-1.1
6032;59.3;82.6;-2.2
6034;60.3;82.1;-1.1
6036;59.5;84.6;-1.2
6038;61.6;78.4;-2.2
6040;59.1;82.9;-1.3
6042;59.5;83.9;-1.6
6044;61;81.9;-2.3
6046;59.1;81.8;-1.5
6048;61.3;82.4;-1.5
6050;58.7;81.3;-1.8
6052;59.2;81.8;-1.6
6054;58.4;82.2;-1.8
6056;60.1;84.3;-1.6
6058;59.5;82.7;-1.6
6060;61.7;82.2;-1.9
6062;59.1;85;-2
6064;61;80.4;-1.5
6066;61.2;83.6;-1.9
6068;63.3;84;-2.1
6070;58.2;78.8;-0.7
6072;62;87;-2.3
6074;58.5;80.3;-2
6076;60.4;86.1;-1
6078;58.8;79.6;-2.4
6080;60.1;82.2;-1
6082;59.2;84.6;-1.9
6084;58.9;79;-2.4
6086;60.6;85.9;-0.7
6088;61.4;82.1;-2.1
6090;59.7;81.9;-2.2
6092;60.9;83.8;-1
6094;58.9;83.8;-2.1
6096;58.4;83.1;-1.9
6098;58.6;78.4;-1.1
6100;62.4;83.4;-2.8
6102;62.5;84.4;-1.2
6104;61.9;83.2;-1.3
6106;59.5;81.3;-2.2
6108;59.8;83.1;-0.9
6110;59.1;78.7;-1.7
6112;57.9;82.4;-2
6114;62.1;85.8;-1.1
6116;60.4;83.8;-2.3
6118;61.3;78.7;-1.6
6120;58.8;79.9;-1.3
6122;59.6;85.2;-2.4
6124;60;81.2;-1.5
6126;60.9;82.9;-1.3
6128;59.1;80.9;-1.8
6130;61.4;83.3;-1.5
6132;58.4;83;-1.7
6134;59.5;81.8;-1.9
6136;61.4;85;-1.5
6138;62.7;80.2;-1.8
6140;61.4;83.4;-1.8
6142;59;81.8;-1.6
6144;61;82.5;-1.5
6146;60.1;84.9;-1.7
6148;60.4;83.1;-1.8
6150;58.4;81.6;-1.5
6152;59.9;82.9;-1.4
6154;59.1;82.3;-1.7
6156;59.6;80.4;-1.7
6158;58.1;78.9;-1.3
6160;60.2;80.9;-1.9
6162;58.8;84.7;-1.7
6164;60.4;80.6;-1.4
6166;59.3;82.7;-2.2
6168;62.2;83.5;-2.1
6170;60;80.1;-1.7
6172;63.2;85.7;-1.8
6174;58.9;79.9;-1.5
6176;63.7;86.8;-1
6178;61.8;81.4;-1.8
6180;60.1;81.3;-1.7
6182;58.2;84.5;-1.3
6184;59.7;80.7;-2.3
6186;59.7;84.6;-1.3
6188;62.4;82;-1.2
6190;60.2;80;-2.4
6192;61.9;85;-1
6194;59.3;82.5;-1.5
6196;58.3;84.1;-2
6198;61.5;79.6;-1.1
6200;58.5;81.4;-2.2
6202;59.8;84;-2
6204;60.7;82.5;-1.2
6206;59.4;81.4;-2.2
6208;59.1;81.5;-1.4
6210;59.9;78.5;-1.3
6212;60.9;85.7;-2.3
6214;61.3;84.9;-1.5
6216;59.5;83.2;-1.2
6218;59.6;80.3;-2.3
6220;57.9;82.3;-1.4
6222;58.2;85;-1.8
6224;58.3;78.7;-1.6
6226;60.4;82.3;-1.2
6228;61;82.8;-2.1
6230;59.4;80;-1.4
6232;57.4;81.8;-1.6
6234;58.6;82.2;-1.8
6236;57.8;85.2;-1.4
6238;61.3;80.8;-1.4
6240;59.4;82;-1.8
6242;60.1;82.7;-1.3
6244;62.5;82.7;-1.7
6246;60.3;82.5;-1.9
6248;62.8;84.8;-1.2
6250;61.1;82.1;-2.2
6252;61.4;84;-1.8
6254;61.6;86.7;-1.3
6256;62.3;86.7;-1.8
6258;60.1;81.4;-1.6
6260;61;79.8;-1.6
6262;60;83.8;-1.5
6264;61.4;80.8;-2
6266;61.2;83.9;-1.9
6268;63.1;84.7;-1.6
6270;58.8;79.9;-1.6
6272;59.4;84.8;-1.3
6274;60.6;85.6;-1.6
6276;59.9;84.7;-1.6
6278;59.1;79.3;-1.4
6280;60.8;82.6;-1.7
6282;58.5;84.5;-1.7
6284;60.1;81.4;-1.8
6286;60.1;85.4;-1.4
6288;60.2;80.8;-1.7
6290;60.1;84.2;-1.7
6292;61.1;85.3;-1.3
6294;60.2;84.8;-1.7
6296;59.4;83.7;-2.1
6298;61.8;81.7;-1.4
6300;61.6;83.5;-1.8
6302;62.7;86.2;-1.7
6304;59.8;81.9;-1.2
6306;60.3;83.1;-2.4
6308;57.6;83.2;-1.6
6310;59.6;79.7;-1.2
6312;59.1;84.2;-2.3
6314;62.2;83.2;-1.2
6316;59.9;82.9;-1.7
6318;63.5;82.7;-2.2
6320;58.8;81.2;-1
6322;60.3;85.7;-2.1
6324;61.2;82.6;-2.1
6326;62.3;87.1;-1.2
6328;59.4;81.7;-2
6330;59.7;80.7;-1.4
6332;59.7;83.7;-1.5
6334;59.1;81.9;-1.7
6336;59.9;85.5;-1.6
6338;61.2;79.4;-1.7
6340;59.3;82.3;-1.7
6342;60.4;84.1;-1.7
6344;58.1;83;-1.6
6346;59.3;84.7;-1.5
6348;60.5;84;-1.7
6350;59.1;81.4;-1.7
6352;58.7;81.8;-2
6354;58.9;83;-1.4
6356;59.6;82.4;-1.9
6358;60.1;82.5;-2
6360;59.4;80.4;-1.5
6362;59.9;87.4;-2
6364;61.2;82.3;-1.8
6366;59.7;84.3;-1.8
6368;61.3;82.8;-1.8
6370;57.3;79.2;-1.1
6372;60.1;86.1;-1.7
6374;57.5;82.2;-2.1
6376;60;85.4;-1.2
6378;59.9;81.1;-1.6
6380;60.7;83.1;-2.2
6382;57.3;84.7;-1.5
6384;58.7;81.3;-1.7
6386;58.8;83.9;-1.6
6388;61.9;83.2;-1.4
6390;59.4;81.5;-1.7
6392;60;82.8;-1.9
6394;61.8;86;-1.5
6396;58.4;83.6;-1.9
6398;60.8;82.2;-1.6
6400;60.4;84.7;-1.7
6402;62.6;87.7;-1.7
6404;58.8;82.3;-1.5
6406;59.3;82.7;-1.5
6408;60.3;84.7;-1.6
6410;59.2;79.7;-2.1
6412;59.3;84.3;-2
6414;59;82;-1.3
6416;60.5;87.1;-1.8
6418;58.7;79.8;-1.8
6420;60.4;83;-1.4
6422;60.3;86;-1.6
6424;58.9;81.1;-2.2
6426;61.7;85.9;-1.3
6428;59.2;81.1;-1.5
6430;59.3;81;-1.8
6432;58.4;83.1;-1.5
6434;59.1;82.8;-1.9
6436;59.5;87;-1.8
6438;60.7;78.2;-1.6
6440;61.6;84.8;-1.7
6442;60;84.2;-2.1
6444;60.3;82.2;-1.8
6446;60.3;85.6;-1.5
6448;58.1;80.4;-1.7
6450;59.7;83.3;-1.7
6452;57.9;81.5;-1.5
6454;58.5;86.4;-1.7
6456;61;87.1;-1.5
6458;59.5;82.4;-1.2
6460;59.7;81.4;-2.3
6462;58.1;85;-1.8
6464;59.1;79.8;-1.1
6466;58.9;83.8;-2.3
6468;59.1;80.9;-1.4
6470;57.7;81.7;-1.3
6472;61.1;85.4;-2.2
6474;61.1;85.4;-1.3
6476;62.8;87.7;-1.4
6478;61.6;79.4;-2.1
6480;60.8;82.6;-1.8
6482;59.6;81.7;-2
6484;61.3;83.7;-1.8
6486;59;83.7;-1.2
6488;59.4;79;-1.9
6490;59;83.5;-1.6
6492;59.4;78.7;-1.8
6494;61.3;88.6;-1.9
6496;60.6;87.4;-1.4
6498;61.5;83.4;-1.3
6500;60.2;84.2;-2.2
6502;59.7;80.3;-1.4
6504;57.2;81.5;-1.8
6506;58.5;80.7;-2.5
6508;59.3;83.3;-0.3
6510;59.6;85.4;-2.3
6512;59.1;78.3;-2
6514;60.3;82.7;-0.4
6516;60.5;84.8;-2.6
6518;60.4;79.8;-1.3
6520;57.1;80.7;-1.6
6522;60.7;79.2;-2.4
6524;57.5;86.1;-0.9
6526;61;79;-2.2
6528;58.2;83.9;-1.6
6530;58.8;79.1;-1
6532;58;80.2;-2.6
6534;59.3;81.2;-1.2
6536;58.9;82.2;-1.8
6538;61;85.9;-2.3
6540;58.1;75.8;-1.2
6542;58.3;81;-1.5
6544;60.8;79.3;-1.8
6546;59.1;84.1;-1.4
6548;59.2;80.6;-1.9
6550;59.8;81.7;-1.7
6552;62.7;83.8;-1.7
6554;58.8;77.1;-2.1
6556;60;84;-1.6
6558;59;83.6;-1.4
6560;59;79.9;-1.7
6562;58.3;78.3;-1.7
6564;61.3;79.9;-1.5
6566;59.5;83.7;-2.1
6568;62.4;81.3;-1.9
6570;57.8;82.6;-1.6
6572;58.8;77.6;-2
6574;59.5;86;-1.5
6576;58.3;75.1;-1.8
6578;59.3;86.2;-2
6580;59.3;79;-1.3
6582;57.5;80.1;-1.4
6584;58.1;77.4;-1.8
6586;57.9;79.7;-1.7
6588;60.2;81.4;-1.8
6590;59.7;81.4;-1.6
6592;57.8;79.6;-1.8
6594;56.7;78.6;-1.9
6596;59.2;83.6;-1.6
6598;60.6;78.2;-2
6600;60.5;84.4;-1.8
6602;58.8;77.9;-1.5
6604;61.2;82;-2
6606;61.9;77;-1.5
6608;58;81.1;-1.5
6610;61.9;80;-1.8
6612;58.2;80.8;-1.3
6614;61;78.4;-1.8
6616;60.8;80.7;-2.1
6618;63;81.5;-0.9
6620;59.3;76.3;-2
6622;60.1;76.9;-1.8
6624;60.9;81.9;-0.9
6626;62.4;84;-2.4
6628;59.5;76.9;-1.4
6630;59.2;78.7;-1.9
6632;57.7;76;-2.5
6634;58.8;79.5;-1.1
6636;59.1;77.5;-2.4
6638;59.2;77.8;-1.7
6640;60;77.1;-1.2
6642;58.4;77.4;-1.8
6644;59.1;76.1;-1.9
6646;57.7;76.8;-1.3
6648;59.8;82.2;-2.1
6650;58.1;79;-1.5
6652;59.5;79.1;-1.4
6654;60.9;76.2;-2
6656;58.9;79.1;-1.2
6658;58.6;74.8;-1.7
6660;61.1;82.7;-2.1
6662;59;74.2;-1.4
6664;58.8;78.9;-2.2
6666;58.4;75.8;-1.5
6668;61.1;79.8;-1.6
6670;58.4;76.3;-1.9
6672;60.9;82.6;-1.2
6674;58.7;76.9;-1.8
6676;60.1;78.5;-2
6678;60.7;74.6;-1.6
6680;59.6;77.8;-2.1
6682;58.1;73.3;-1.5
6684;59;81.3;-1.6
6686;60.1;74.1;-2.3
6688;62;81.2;-1.1
6690;60.4;74.7;-2.2
6692;59.6;78.3;-2.1
6694;60.8;75;-1.1
6696;58.5;74.2;-2.7
6698;61.8;83;-1.7
6700;60.8;75.4;-1.2
6702;58.8;80.3;-2.6
6704;59.3;69.5;-1.1
6706;60.7;82;-1.6
6708;60;72.1;-2.4
6710;60;78.9;-1.2
6712;58.9;74.7;-2
6714;59.4;73;-1.8
6716;59.7;80.1;-1.2
6718;61.1;73.9;-1.8
6720;57.4;81.4;-1.4
6722;59;68.6;-1.4
6724;60.1;81.5;-2.3
6726;60.1;76.8;-1.3
6728;59.1;76.4;-2.1
6730;59.1;75.1;-1.9
6732;57.7;70.8;-1.3
6734;58.8;76;-2.1
6736;59.3;72.3;-1.7
6738;61.4;80.6;-1.3
6740;60;75.1;-2.1
6742;62;78.3;-1.9
6744;58.9;74;-1.6
6746;60.3;76;-1.6
6748;61.5;76.3;-1.9
6750;58.7;70.9;-1.7
6752;60.2;80.5;-1.5
6754;59.6;72.5;-2.5
6756;60.3;79.2;-1.6
6758;59.1;76.1;-1.4
6760;60.4;70.3;-1.7
6762;59.3;78.8;-1.5
6764;61.1;67.6;-1.8
6766;59.9;80;-2
6768;62.4;76.6;-2
6770;58.3;69.5;-1.5
6772;58.6;80.8;-1.5
6774;58.7;69.6;-1.7
6776;60;76.3;-1.8
6778;62;75.8;-1.6
6780;59.8;65.3;-2
6782;60.2;82.7;-1.9
6784;59.5;69.5;-1.5
6786;59.5;74.2;-1.7
6788;59.5;76.8;-2.1
6790;59.2;66.7;-1.1
6792;59.2;77.6;-2
6794;58.1;71.7;-1.4
6796;60.5;71.3;-1.3
6798;61.7;81.6;-2.7
6800;59.5;70.3;-1.3
6802;60.3;73;-2.1
6804;60.8;75.7;-1.7
6806;58.5;69;-1.4
6808;59.1;77.6;-2
6810;58.6;69.2;-1.7
6812;60.2;72.1;-1.3
6814;61.4;76.2;-1.9
6816;60.5;72.2;-1.4
6818;60.3;74.3;-1.7
6820;60.9;74.2;-2.2
6822;60;70.8;-1.2
6824;57.9;75.3;-2.2
6826;60.2;69.6;-2.1
6828;60.6;73.5;-1.2
6830;59.6;76.5;-2.2
6832;59.7;68.2;-1.6
6834;59.9;73.8;-1.4
6836;60.4;74.7;-2.3
6838;61.4;68.8;-1.7
6840;60.4;77;-1.6
6842;58.6;71.3;-2.1
6844;57.6;63.8;-1.5
6846;60.4;78.8;-1.9
6848;61.3;76.7;-1.5
6850;59.9;69;-1.7
6852;62.6;80.2;-2.2
6854;59.6;73.3;-1.3
6856;59.4;64;-1.6
6858;60.5;79.8;-1.9
6860;61.1;72.3;-1.3
6862;58.1;63.6;-2
6864;60.8;78.1;-1.8
6866;61.2;73.9;-1.4
6868;61.5;64.4;-2.2
6870;60.6;76.3;-2
6872;59.5;73.1;-1.2
6874;60.8;66.4;-2.1
6876;61.5;73.8;-1.7
6878;59.2;75.7;-1.3
6880;59.7;63.2;-2.3
6882;58.4;72.4;-1.5
6884;59.9;76.9;-1.2
6886;60.1;67.2;-2.3
6888;60.6;70.9;-1
6890;60.2;75.6;-1.7
6892;58.6;68.8;-2.4
6894;59.6;67;-0.9
6896;56.8;73.7;-2.1
6898;57.5;66.8;-1.6
6900;59.3;68.7;-1.4
6902;59.6;72;-2.3
6904;60.4;72.1;-1.8
6906;60.5;67.8;-1.1
6908;59.2;71.8;-2.2
6910;60.4;72.2;-1.4
6912;58.2;65.5;-1.1
6914;59.6;70.7;-2.1
6916;58.6;74.4;-1
6918;60.2;64.9;-1.7
6920;58.4;66.2;-2.2
6922;60.1;73.3;-0.7
6924;59.7;70.9;-1.8
6926;62.5;67.8;-1.7
6928;61.9;74.2;-1
6930;61.1;74.3;-2.1
6932;57.9;62.7;-1.5
6934;59.5;66.2;-1.4
6936;59.8;72.2;-2.2
6938;62.3;71.3;-1.4
6940;60.9;62.5;-1.5
6942;60.5;69.4;-2.2
6944;59.6;74.6;-1.5
6946;61;68.4;-1.2
6948;61.3;62.8;-2.4
6950;57.3;70.3;-1.5
6952;60.8;74;-1.7
6954;58.8;65;-1.7
6956;59.2;63.9;-1.6
6958;60.4;73.8;-1.8
6960;59;72.6;-2.1
6962;59.5;60.7;-1.7
6964;61.9;64.5;-1.6
6966;59.3;71.2;-2
6968;58.3;73.7;-1.3
6970;58.7;64.1;-1.8
6972;58.3;65.8;-2.2
6974;60.5;73;-1
6976;59.4;72;-2.5
6978;60.5;63.9;-1.8
6980;60;61.4;-1.1
6982;57.6;69.7;-2.5
6984;58.4;69.9;-1
6986;59.5;65.6;-1.8
6988;61.5;62.3;-2.5
6990;60;68.6;-0.5
6992;60.7;71;-2.6
6994;59.2;64.4;-1.9
6996;60.1;64.3;-1.2
6998;60.3;64.8;-2.5
7000;59.5;71.5;-1
7002;62.2;68.2;-1.7
7004;59.1;62.9;-2.1
7006;58.9;65.3;-0.9
7008;59.6;68.1;-2.3
7010;59.7;69.3;-1.9
7012;58.7;60.9;-0.9
7014;60.8;61.1;-2.3
7016;59.8;66.3;-1.6
7018;61.8;68.5;-1.1
7020;57.1;65.7;-1.9
7022;58.3;63.8;-2
7024;58.8;66.2;-1.4
7026;58.9;68.4;-1.8
7028;57.5;65.8;-1.8
7030;60.7;63.9;-1.3
7032;60.1;63.2;-1.8
7034;58.6;62.4;-1.6
7036;57.9;65.8;-1.7
7038;61;66.7;-1.9
7040;58.5;59.5;-1.4
7042;58.7;61.6;-1.5
7044;57.9;62.7;-1.8
7046;60.7;66.8;-1.4
7048;59.3;68.3;-2
7050;60.9;61.6;-2.2
7052;60.5;58.3;-1.5
7054;58.4;64.7;-1.7
7056;58.8;64.7;-1.9
7058;57.1;64.5;-1.4
7060;59.2;63.2;-1.6
7062;61;58.9;-1.6
7064;61.7;59.7;-1.8
7066;61.7;66.9;-1.7
7068;64.4;66.7;-1.4
7070;62.6;64.6;-1.8
7072;60.6;58.8;-1.6
7074;61.7;57.2;-1.3
7076;61.6;60;-2.2
7078;61.2;66.4;-1.4
7080;61.2;66.3;-1.4
7082;60.4;62.7;-2.1
7084;62.2;60.3;-1.3
7086;59.6;58.7;-1.7
7088;59.6;58.4;-2
7090;59.8;63.6;-1.3
7092;58.9;67.6;-1.7
7094;57.4;62.9;-1.6
7096;57.5;56;-1.4
7098;59.1;55.9;-2
7100;60.1;60.1;-1.6
7102;60.8;60.8;-1.4
7104;60.7;64.8;-1.7
7106;59.5;63.4;-2
7108;59.3;61.7;-1.4
7110;58.5;54.1;-1.7
7112;58;54.7;-2.1
7114;60;57.8;-1.3
7116;59.7;60.7;-2.1
7118;61.8;62.9;-2.3
7120;56.7;64;-1.1
7122;58.3;59.6;-1.7
7124;56.8;55;-1.6
7126;59.3;54;-1.6
7128;58.7;56.3;-2
7130;57.2;58.4;-1.6
7132;56.3;60.4;-1.8
7134;59.3;61.9;-1.8
7136;59.4;61.7;-1.7
7138;61;58;-1.6
7140;58.9;55.5;-2
7142;59.4;53.9;-1.6
7144;58.1;53.9;-1.4
7146;59.5;57.2;-1.9
7148;58.8;57.4;-1.6
7150;60.1;61.4;-1.7
7152;61.9;59.6;-2
7154;58.6;56.6;-1.5
7156;61.5;53;-2.1
7158;60.5;54.5;-1.8
7160;58.9;52;-1.5
7162;59;52.1;-2
7164;59.5;55.1;-1.7
7166;59.6;57;-1.5
7168;58.4;57.2;-2
7170;56.9;58.9;-1.5
7172;59.6;57.1;-1.7
7174;57.1;53.3;-2
7176;59.9;52.5;-1.4
7178;58.3;52.2;-1.7
7180;58.1;52.9;-2
7182;57;54.6;-1.6
7184;58.9;54.3;-1.5
7186;57.2;54;-1.8
7188;60.8;55.6;-2.1
7190;60.5;57.4;-1.9
7192;58.1;54.8;-1.5
7194;58.1;56.4;-2.2
7196;57.5;52.2;-1.7
7198;59.8;50.3;-1.5
7200;59;50.6;-2
7202;57.4;49.8;-1.7
7204;57.8;50.9;-1.2
7206;60.9;51.2;-2
7208;57.9;52.6;-2.1
7210;58.5;52;-1.4
7212;57.9;51.4;-2
7214;59.2;52;-1.7
7216;58.3;53.9;-1
7218;59.7;53.3;-1.8
7220;56.2;51.2;-1.8
7222;58.8;50.1;-1.2
7224;60.2;51.6;-1.7
7226;61.9;51.3;-1.2
7228;59.8;47.4;-1.5
7230;62.3;49.1;-2.5
7232;57.9;47;-1.4
7234;60.3;48;-1.5
7236;58.3;47.3;-2.5
7238;60.6;48.2;-0.9
7240;60.6;49.9;-2.1
7242;61.2;48.8;-2.3
7244;58;49.1;-0.9
7246;60;51.8;-2.4
7248;58.4;49.2;-1.8
7250;58.6;49;-0.8
7252;59.6;50.7;-2.4
7254;57;50.2;-0.7
7256;58.1;48.7;-1.5
7258;58.7;50.7;-2.6
7260;59;47.5;-1
7262;58.2;48.1;-2.2
7264;61.9;47.9;-1.5
7266;59.3;47.5;-1
7268;59.5;46.8;-2.6
7270;57.1;46.7;-0.9
7272;59.2;48.3;-1.7
7274;55.5;46;-1.7
7276;59.1;45.2;-1.2
7278;59.9;46;-2.2
7280;58;44.7;-1
7282;56.9;44.3;-1.7
7284;59.7;45;-1.9
7286;57.2;44.2;-1.3
7288;59.8;45.4;-1.9
7290;57;43.8;-2
7292;58.1;44.3;-1.3
7294;60.5;45;-2
7296;58.5;43.5;-1.6
7298;60;43.8;-1.4
7300;59.3;44.7;-1.8
7302;62.7;44.6;-1.5
7304;59.6;44.4;-1.5
7306;61.3;44.9;-1.9
7308;59.2;45.5;-1.7
7310;58.8;44.2;-1.4
7312;59.1;44.8;-2
7314;61;44.9;-1.8
7316;58.8;45.5;-1.6
7318;62.8;46;-2.2
7320;57.8;45.6;-1.5
7322;59.5;45.3;-1.4
7324;56.9;44.7;-1.9
7326;59.4;45.1;-1.5
7328;59.4;45.2;-1.5
7330;59.2;45;-2.2
7332;57.3;44.4;-1.5
7334;58.6;44.6;-1.2
7336;58.7;44.3;-2
7338;59;44.6;-1.3
7340;59.9;44.6;-1.2
7342;57;44;-2.2
7344;56.9;43.9;-2
7346;57.5;44.6;-1.1
7348;58.8;44.1;-2.1
7350;59.2;44.4;-1.7
7352;58.9;43.7;-1.3
7354;58.8;43.2;-2
7356;57.9;43.1;-2.2
7358;57.7;43.5;-1.3
7360;59;42.9;-2.1
7362;57.1;42.5;-2
7364;60.6;43;-1.4
7366;59.9;42.9;-1.6
7368;62.5;42.6;-1.8
7370;58.5;42.6;-1
7372;59.5;42.1;-1.7
7374;58.5;42.2;-2.1
7376;61;42.5;-1.3
7378;58.6;42;-1.6
7380;60.7;42.2;-1.9
7382;56.9;41.3;-2
7384;58.4;41.5;-1.5
7386;58.5;41.2;-1.5
7388;58.5;40.9;-2.2
7390;59.4;41.4;-1.4
7392;58.6;41.5;-1.6
7394;60.1;41.6;-1.8
7396;57.3;41.4;-1.5
7398;59.5;41.5;-1.5
7400;56.8;40.7;-2
7402;57.7;40.4;-1.7
7404;60.2;41.2;-1.8
7406;58.6;40.1;-1.9
7408;58.9;40.7;-1.3
7410;60.2;40.2;-2.2
7412;58.7;40.6;-1.6
7414;58.3;39.8;-1.5
7416;57.8;40;-1.7
7418;57.9;39.5;-1.8
7420;58.9;40.2;-1.5
7422;57.9;39.4;-1.7
7424;58;39.8;-1.7
7426;59.4;39.3;-1.4
7428;60.1;39.9;-1.9
7430;59.1;39.4;-1.8
7432;56.7;39;-1.4
7434;58.1;39.4;-1.8
7436;59.2;39.6;-1.5
7438;60.8;39.6;-1.6
7440;61.3;39.4;-1.6
7442;58.8;39.1;-1.6
7444;58.6;38.4;-1.7
7446;59.9;39.4;-1.8
7448;60.9;39.2;-1.7
7450;59.6;39;-1.7
7452;60.6;39.2;-1.2
7454;57.4;38.7;-1.9
7456;58.1;38.4;-1.5
7458;58.9;38.9;-1.1
7460;58;38.2;-1.9
7462;57.4;38.4;-1.3
7464;59.1;39;-1.6
7466;58.7;38.7;-1.6
7468;58.1;38.5;-1.8
7470;56.3;38.5;-1.7
7472;57;38.2;-1.3
7474;58.9;39;-1.3
7476;59.5;38.5;-2.1
7478;56.6;38.1;-1.6
7480;58.3;37.9;-1.2
7482;58.7;38.8;-2.1
7484;59;38.8;-1.5
7486;56.3;37.9;-1.5
7488;59.8;39;-2.2
7490;58.1;38.3;-1.5
7492;60.5;38.7;-1.7
7494;58.2;38.1;-2.4
7496;57.9;38.8;-1.5
7498;60.2;38.7;-1.5
7500;56.7;38;-1.9
7502;57.9;38.1;-1.4
7504;58.6;39;-1.7
7506;59.4;38.8;-2.3
7508;57.8;38.2;-1.4
7510;59.1;38.6;-1.4
7512;57.1;37.9;-2.3
7514;60.8;38.1;-1.6
7516;58.2;38.5;-1.2
7518;57.8;38.1;-2
7520;56.8;38.1;-1.2
7522;56.4;38.4;-1.6
7524;55.3;38.2;-1.9
7526;58.9;38.7;-1.3
7528;59.3;38.7;-1.8
7530;58.5;38.3;-2.1
7532;56.8;38.4;-1.2
7534;56.9;38;-1.6
7536;56.3;38.2;-1.8
7538;57.8;38;-1.6
7540;56.8;38.3;-2.1
7542;58.9;39;-1.2
7544;57.1;38.2;-2.1
7546;58.8;38.9;-1.9
7548;59.7;38.9;-1.3
7550;57.6;39;-2.1
7552;58.2;38.5;-1.6
7554;57.6;38.5;-1.5
7556;59;38.8;-1.9
7558;57;39.2;-1.7
7560;57.2;38.2;-1.1
7562;58.5;38.7;-1.9
7564;58.9;38.3;-1.7
7566;58.5;39.1;-1.2
7568;58.5;38.3;-1.7
7570;57.2;38.1;-1.5
7572;56.9;38.2;-1.4
7574;55.3;38.5;-1.7
7576;58.1;38.6;-1.7
7578;56.4;38.1;-1.9
7580;57.6;38.1;-1.5
7582;55.9;38.2;-1.6
7584;56.2;38.7;-2.1
7586;56.8;38.6;-1.7
7588;58.6;39;-1.6
7590;56.8;38.4;-2.2
7592;58.7;39.3;-1.4
7594;56.5;38.9;-2
7596;55.4;38.5;-2.1
7598;58.2;38.7;-1.5
7600;57.8;39.1;-2.2
7602;60.3;39;-2.1
7604;57;38.7;-1.1
7606;59.1;39.1;-2.1
7608;57.7;39;-1.6
7610;57.1;38.6;-1.4
7612;56.5;38.8;-2.2
7614;58.5;38.9;-1.9
7616;59.2;39.1;-0.9
7618;59.5;38.6;-2.3
7620;57.8;38.9;-1.4
7622;60.2;39;-1.3
7624;59.1;39.1;-2.9
7626;58.7;38.8;-1.1
7628;56.3;38.4;-1.6
7630;56.8;38.3;-1.9
7632;55.8;38.4;-0.8
7634;56.9;38.4;-2.5
7636;57.4;38.5;-1.4
7638;59.6;39.1;-1.3
7640;58.1;38.8;-2.2
7642;56.4;38.5;-1.5
7644;58.4;39.1;-1.4
7646;56.1;39.2;-1.6
7648;57.7;39.3;-1.7
7650;56;38.7;-1.9
7652;56.5;38.6;-1.6
7654;58.3;38.7;-1.7
7656;57.3;38.8;-2
7658;56.1;38.7;-1.2
7660;56.4;38.5;-1.8
7662;55.5;38.7;-2.2
7664;57.9;39;-1.4
7666;56.9;38.9;-1.8
7668;59.2;39.3;-1.7
7670;58;39.1;-1.2
7672;59.9;39.4;-2.2
7674;56.8;38.6;-1.4
7676;60.4;39.4;-1.5
7678;55.6;38.6;-2.3
7680;56.7;38.6;-1.6
7682;56;38.8;-1.3
7684;55.3;38.6;-2.3
7686;55.6;38.9;-1.4
7688;58.4;39;-1.5
7690;57.6;38.8;-2.2
7692;58.8;39.4;-1
7694;56.3;38.8;-2.1
7696;57.6;39.4;-2
7698;58.3;39.3;-1.1
7700;56.5;38.7;-2.5
7702;56.1;38.7;-1.6
7704;57.6;39.8;-1.2
7706;59;39.4;-2.4
7708;57.4;39.5;-1.1
7710;57.3;38.5;-2
7712;56.7;39.1;-1.9
7714;58.5;39.6;-1.3
7716;55.9;38.6;-2.3
7718;55.1;38.7;-1.5
7720;53.6;39;-1.7
7722;55.1;39.2;-2.1
7724;56.8;39.5;-1.5
7726;56.4;38.4;-2.1
7728;57.2;39.5;-2
7730;58.6;39.5;-1.4
7732;56.4;39.3;-2.2
7734;57.1;39.3;-1.6
7736;55.1;39.1;-1.4
7738;57.7;39.5;-2.4
7740;56.1;38.7;-1.5
7742;56.7;38.9;-1.5
7744;57.1;39.2;-2.5
7746;57.6;39.4;-1.2
7748;57;39;-2
7750;57.6;39.5;-1.5
7752;57.3;38.7;-1.2
7754;54.9;38.9;-2.1
7756;56.8;39;-2.1
7758;56.6;39.4;-1.5
7760;57.3;38.9;-2
7762;56.4;38.7;-1.8
7764;57.7;38.8;-1.2
7766;58.4;39.5;-1.5
7768;59.1;39.6;-2
7770;54.5;38.8;-1.5
7772;56.5;39.2;-1.5
7774;57;38.9;-2
7776;57.6;38.8;-2.1
7778;58.8;39.7;-1.2
7780;56.7;38.8;-2.4
7782;55.9;38.9;-1.5
7784;56.1;38.7;-1.5
7786;56.4;39.1;-2.3
7788;57;39.1;-1.2
7790;55.1;39.1;-2.2
7792;55;38.7;-1.8
7794;56.1;39.5;-1.3
7796;57.5;39.5;-1.9
7798;56.2;39.3;-1.6
7800;57.2;39.4;-1.2
7802;56.1;38.7;-2.2
7804;56.5;39.4;-1.3
7806;58.1;39.8;-2
7808;55.6;39.8;-2
7810;56.6;39.6;-1.2
7812;56.5;39.3;-2.1
7814;57.4;39.2;-1.9
7816;58.4;39.4;-1.2
7818;57.6;38.8;-1.7
7820;57.4;39.3;-1.5
7822;57.8;39.1;-2
7824;56.2;39.1;-1.8
7826;58.9;39.7;-1.4
7828;56.4;39.6;-2
7830;56.6;38.7;-1.8
7832;56.7;39.3;-1.3
7834;57.6;39.6;-1.9
7836;56;39.2;-1.3
7838;56;38.9;-1.7
7840;57.5;39.4;-2.1
7842;54.9;38.9;-1.6
7844;55;39.3;-2.1
7846;55.9;39.7;-1.3
7848;56.9;39.9;-1.2
7850;57.3;39.2;-2.3
7852;56.5;38.9;-1
7854;55.6;38.8;-2.1
7856;58.1;39.5;-1.8
7858;55.5;39.1;-1.3
7860;57.1;38.8;-2.2
7862;56.4;39.5;-1.4
7864;56.7;39.2;-1.7
7866;56.5;39.2;-2.1
7868;57.5;39.1;-1
7870;56.2;39.3;-1.7
7872;57.9;39.5;-2.2
7874;54;39.4;-1.4
7876;57.4;39.8;-2.2
7878;54.5;39.7;-1.7
7880;55.3;39.4;-1.4
7882;55.8;40;-2.1
7884;55;39.1;-1.4
7886;57.8;39.9;-1.9
7888;57.3;39.2;-2.3
7890;56.5;39.2;-1.3
7892;56.2;39.2;-2.1
7894;58.1;40;-2
7896;55.3;39.1;-1.1
7898;55.9;39.3;-2.3
7900;56.2;39.2;-1.4
7902;57.9;39.4;-1.5
7904;58;39.8;-2.3
7906;58.4;40;-1
7908;57.5;39.8;-1.9
7910;55.9;39.2;-2.4
7912;54.9;39.2;-0.5
7914;55.4;39.3;-2.4
7916;56.5;39.8;-1.4
7918;56.6;39.1;-1.4
7920;54.5;38.9;-2.6
7922;56.6;38.8;-1.1
7924;54.1;38.9;-1.7
7926;57.5;39.4;-2.2
7928;55.7;39.4;-0.8
7930;56.6;38.8;-1.9
7932;53.5;39.1;-2.1
7934;54.3;38.8;-1.2
7936;55.7;39.5;-2.2
7938;57;39.7;-1.6
7940;57.2;39.6;-1.2
7942;55.4;39;-2.1
7944;58.1;39.7;-1.5
7946;56.4;40.1;-1.8
7948;55.6;40;-1.9
7950;54.9;39.7;-1.6
7952;54.1;39;-1.7
7954;53.7;38.8;-1.8
7956;55.9;39.4;-2
7958;54.5;39.3;-1.5
7960;55;39.2;-2.2
7962;54.4;39.4;-1.4
7964;56.2;39.3;-1.5
7966;54.7;39.2;-2.3
7968;55.8;39.1;-1.1
7970;52.9;39.1;-1.5
7972;55.2;39.4;-2
7974;57.1;39.4;-1.3
7976;57.8;40;-1.9
7978;57.7;39.9;-1.8
7980;56.4;38.9;-1.4
7982;55.5;39.2;-1.8
7984;56;39.5;-2
7986;54.6;39;-1.6
7988;57.7;39.8;-1.7
7990;57.4;39.5;-1.7
7992;56.9;39.2;-1.6
7994;55.6;39.1;-1.9
7996;57.4;39.8;-1.7
7998;58.4;39.3;-1.5
8000;55.4;39.6;-1.6
8002;55.6;39.1;-1.7
8004;55.9;39.5;-1.6
8006;56.7;39.5;-1.6
8008;54.9;39.7;-2.2
8010;57.8;39.9;-1.4
8012;55.8;39.3;-1.4
8014;58.4;39.8;-1.8
8016;55.3;38.9;-1.4
8018;56.6;39.3;-1.7
8020;56.1;39.5;-2
8022;54.9;39.3;-1.7
8024;53;39;-1.6
8026;57.1;39.6;-1.8
8028;55.4;39.4;-2
8030;55.6;39.4;-1.2
8032;55.1;39.1;-2
8034;54.9;39.3;-2.3
8036;56.9;39.7;-1.4
8038;55;39;-1.9
8040;55.3;39.4;-2
8042;55.1;39.1;-1.4
8044;56.1;40.1;-2
8046;56.1;39.5;-1.8
8048;55.5;39;-1.6
8050;56.3;39.9;-1.6
8052;59.3;40;-1.6
8054;57.5;39.9;-1.7
8056;56.4;39.3;-2.4
8058;55.6;39.9;-1.6
8060;55.8;39.4;-1.6
8062;55.9;39.8;-2.1
8064;57.6;39.5;-1.3
8066;57;39.8;-1.2
8068;56;39.1;-1.8
8070;56.9;40;-1.6
8072;55.3;39.4;-2
8074;56.1;40;-1.9
8076;55.2;39.3;-1.6
8078;53.9;39.3;-1.8
8080;55.9;39.3;-2
8082;55.4;39.8;-1
8084;55.5;39.5;-1.8
8086;56.1;39.6;-2.1
8088;57.7;39.9;-0.8
8090;57.3;39.2;-2.6
8092;54.3;39.3;-1.4
8094;53.6;39.2;-1.4
8096;55.4;40.1;-2.7
8098;57;40.1;-1
8100;57.1;40;-1.7
8102;57.9;40.1;-2.2
8104;56.9;39.8;-0.8
8106;57.5;39;-2.6
8108;54.5;39.4;-1.6
8110;57.3;40.3;-1.3
8112;55;39.7;-2.6
8114;56.1;39.1;-1.1
8116;57.5;39.9;-2
8118;58.1;40;-2.2
8120;54.8;39.2;-1
8122;57;39.6;-2.4
8124;55.1;39.4;-1.2
8126;59.4;39.9;-1.3
8128;56;39.2;-2.5
8130;55.6;39.5;-1
8132;54.4;39.6;-1.9
8134;56.1;40;-2.2
8136;55.5;39.2;-0.9
8138;55.5;39.3;-2
8140;57.1;39.9;-1.8
8142;57.3;40;-1.4
8144;54.3;39.3;-2
8146;56;39.9;-1
8148;56.4;40;-1.7
8150;54;39.3;-2.2
8152;56.6;39.3;-1.4
8154;56.1;39.5;-1.9
8156;55.4;39.6;-2.1
8158;56.7;40;-1.1
8160;56.7;39.2;-1.7
8162;55.8;39.7;-2.2
8164;58.3;40.2;-1.2
8166;55.1;39.7;-2
8168;55.4;39.5;-1.7
8170;53.9;39.5;-1.3
8172;55.6;39.4;-2.3
8174;54.7;39.4;-1.6
8176;57.1;39.6;-1.2
8178;57.5;40.1;-2.2
8180;55.9;39.5;-1.2
8182;53.7;39.5;-1.5
8184;55.2;39.5;-1.9
8186;55.5;39.7;-1.4
8188;58;40;-2
8190;57;39.6;-2
8192;56.2;39.4;-1.4
8194;57.4;39.4;-1.5
8196;55;39.5;-1.8
8198;58.5;40.3;-1.8
8200;57.1;39.9;-1.8
8202;58.3;39.9;-1.7
8204;55.4;39.4;-1.6
8206;57.3;39.4;-1.6
8208;57;40.2;-1.8
8210;56;39.3;-1.8
8212;54.9;39.1;-1.7
8214;56.7;39.6;-2
8216;56.5;40.1;-1.7
8218;56.7;40.2;-1.9
8220;52.8;39.4;-1.7
8222;54;39.5;-1.6
8224;56.2;40;-1.7
8226;55.2;39.5;-1.9
8228;57;39.5;-1.5
8230;58.7;40.1;-2
8232;55.2;39.6;-2
8234;57.1;40.3;-1.1
8236;55.7;39.8;-2.2
8238;57.2;40.1;-1.8
8240;57.5;40;-1.2
8242;58.4;40.3;-1.8
8244;58.1;40.3;-1.9
8246;55.1;39.8;-1.4
8248;55.8;39.3;-1.7
8250;55;39.3;-1.9
8252;56.2;39.7;-2.1
8254;54.7;39.5;-1.7
8256;56.9;40.2;-1.6
8258;54.3;39.5;-2.1
8260;56;39.6;-1.3
8262;54.7;39.5;-1.6
8264;57.4;40.2;-1.9
8266;56.3;39.5;-1.4
8268;58.6;40;-1.8
8270;57.3;40.3;-2
8272;55.3;39.7;-1.6
8274;54.9;39.7;-1.7
8276;58;40;-1.8
8278;55.7;39.3;-1.5
8280;56.8;39.6;-1.8
8282;56.4;40;-1.9
8284;55;39.5;-1.9
8286;56.4;40;-1.8
8288;55.9;39.9;-1.6
8290;54;39.2;-1.8
8292;55.3;39.9;-1.6
8294;57.1;40.1;-1.7
8296;55.2;39.7;-1.7
8298;57.3;40.1;-1.7
8300;54.6;39.2;-1.6
8302;55.5;39.4;-1.7
8304;55.9;39.8;-2
8306;55.7;39.4;-1.4
8308;54.9;40.2;-1.5
8310;56.9;40.1;-2.1
8312;54.3;39.4;-1.5
8314;57.4;39.7;-1.7
8316;57;40.2;-2
8318;57;39.8;-1.4
8320;54.9;39.6;-1.6
8322;56.2;39.7;-2
8324;54.9;39.9;-1.1
8326;55.8;40.2;-1.7
8328;55.9;39.5;-1.9
8330;54.8;39.3;-1
8332;54.5;39.1;-2.2
8334;55.4;39.3;-1.5
8336;56.6;40.5;-1.5
8338;55.9;40.2;-1.8
8340;54.7;39.5;-1.6
8342;55.3;39.7;-1.1
8344;53.7;39.4;-2.2
8346;55.6;40;-1.7
8348;54.6;39.3;-1.2
8350;57.4;40.1;-2.2
8352;57.9;39.8;-1.8
8354;55.1;39.3;-1.6
8356;56.2;39.9;-1.8
8358;55.4;40.2;-1.4
8360;54.3;39.8;-1.7
8362;54.3;39.4;-1.6
8364;57.4;39.7;-1.8
8366;56.5;40.5;-1.7
8368;55.8;39.8;-1.7
8370;54.3;39.8;-2.3
8372;57.5;39.9;-2.2
8374;56.1;39.9;-1.1
8376;56.9;40;-2.1
8378;53.1;39.5;-2.1
8380;55.1;39.7;-1
8382;53.1;39.4;-2
8384;54.5;39.5;-1.8
8386;54.7;39.5;-1.6
8388;57;40;-2.1
8390;56.5;39.8;-1.4
8392;54.5;39.5;-1.6
8394;55.2;39.5;-2.2
8396;53.9;39.8;-1.1
8398;53;39.2;-2
8400;55.3;40.2;-2
8402;54.8;39.5;-1.5
8404;55;39.7;-2.3
8406;55;40.3;-1.7
8408;55;40.4;-1.4
8410;55.1;39.9;-2.2
8412;53.6;39.2;-1.3
8414;55.5;39.6;-1.6
8416;54.5;39.9;-1.7
8418;56.2;39.7;-1.3
8420;56;39.8;-2.2
8422;55.8;39.2;-2.2
8424;55.6;39.5;-1.6
8426;59.1;40.2;-1.6
8428;57.8;40.5;-1.7
8430;58.7;40.1;-1.5
8432;54.2;39.7;-2
8434;54.4;39.4;-1.7
8436;56;39.5;-1.1
8438;56;39.3;-2.2
8440;56.2;39.1;-1.7
8442;56.9;39.6;-1.3
8444;55.8;39.4;-2.3
8446;57.2;40.4;-1.3
8448;55.7;39.5;-1.5
8450;56.2;40.2;-2.2
8452;57.3;40.1;-1.3
8454;53.9;39.4;-2.1
8456;57.9;40.2;-2
8458;54.8;39.8;-1.3
8460;57.9;40.1;-2.1
8462;55.7;39.5;-1.6
8464;56.3;39.5;-1.2
8466;56.6;40.4;-2.1
8468;54.8;39.7;-1.4
8470;54.8;40.2;-1.5
8472;56.9;40.2;-2.1
8474;53.8;39.5;-1.2
8476;58;40.2;-1.8
8478;54.5;39.4;-1.8
8480;57.7;40.4;-1.2
8482;54.7;40;-2.4
8484;55;39.6;-1.9
8486;55.7;40.1;-1.1
8488;57.3;40.2;-2.3
8490;55.3;39.5;-1.5
8492;55.8;39.4;-1.3
8494;58.3;40.5;-2.4
8496;55.6;40;-1.3
8498;58.8;40.3;-1.8
8500;57.6;39.9;-2.1
8502;58.4;40.3;-1.3
8504;55.3;39.7;-2.3
8506;55.3;39.7;-1.7
8508;56.1;40.3;-1.6
8510;57.2;39.9;-1.9
8512;55.2;39.4;-1.5
8514;56.9;39.6;-1.2
8516;56.1;40;-2.1
8518;57.4;40.1;-1.7
8520;53.8;39.8;-1.3
8522;56;39.8;-2
8524;54.4;39.9;-1.8
8526;56.9;39.9;-1.5
8528;55.5;39.8;-1.9
8530;56.1;39.5;-1.5
8532;54;39.4;-2
8534;55.7;40.2;-1.8
8536;55.5;39.9;-1.2
8538;56;39.9;-1.9
8540;54.2;39.8;-1.4
8542;53.8;39.4;-1.3
8544;54;39.3;-1.8
8546;56.3;40.3;-1.4
8548;56.9;40.1;-1.5
8550;56.9;40.4;-2.1
8552;55.5;39.5;-1.6
8554;57;40.4;-1.8
8556;55.9;40.1;-2.1
8558;53.4;39.6;-1.3
8560;56.1;39.6;-1.9
8562;57.2;40.5;-2.2
8564;58.1;39.9;-0.6
8566;58;40.4;-1.8
8568;57.7;39.4;-2
8570;56.4;39.5;-0.9
8572;57.5;39.9;-2.1
8574;57.7;39.9;-1.8
8576;57.9;40.4;-1.1
8578;55;40;-2.3
8580;57;39.9;-1.3
8582;55.5;39.5;-1.8
8584;57.5;39.9;-2
8586;55.5;39.8;-1
8588;56.7;39.7;-1.9
8590;57.2;40.2;-2.2
8592;54.4;39.5;-1.3
8594;53.4;39.5;-2.3
8596;54.2;39.9;-2
8598;56;40.2;-1.1
8600;55;39.8;-2
8602;57.4;40.1;-1.7
8604;57.4;40.2;-1.2
8606;55.2;39.5;-2.1
8608;55.7;40.2;-1.7
8610;55;39.6;-1.4
8612;55.4;39.9;-2.1
8614;56.2;39.7;-2.1
8616;55.9;40;-1.1
8618;56.4;39.7;-1.8
8620;54.7;40;-1.6
8622;58.2;40.1;-1.5
8624;56.7;40.2;-1.9
8626;56.3;39.7;-1.2
8628;55.9;40.6;-1.7
8630;55.1;40;-2
8632;53.2;39.6;-1.3
8634;54.6;39.6;-1.6
8636;57;40.2;-2
8638;57.8;40.5;-1.5
8640;55.8;39.9;-2
8642;55.9;39.9;-1.9
8644;57.1;40.4;-1.3
8646;55.7;40.3;-2
8648;56.4;40.2;-2.1
8650;55.4;40;-1.2
8652;56.4;40.1;-1.8
8654;55.6;39.9;-1.8
8656;55.8;39.5;-1.3
8658;55.7;40.1;-1.8
8660;54.5;39.4;-2.4
8662;53.8;39.6;-1.4
8664;57;40.3;-2
8666;54.5;40;-1.8
8668;55.5;39.7;-1.4
8670;54.8;39.9;-2
8672;55.2;39.6;-1.9
8674;53.2;39.8;-0.9
8676;57.7;40.2;-2
8678;54.1;39.9;-1.6
8680;54.9;39.8;-1.2
8682;52.8;39.6;-2.2
8684;53.3;39.7;-1.5
8686;54.2;39.8;-1.7
8688;57;40.3;-2.3
8690;57.1;40.3;-1.4
8692;56.8;40.5;-1.5
8694;57.7;40.4;-1.9
8696;54.7;40.3;-1.7
8698;54.9;39.9;-1.7
8700;54;39.8;-1.7
8702;54.3;39.8;-1.4
8704;55.5;40.3;-1.7
8706;55;39.8;-1.9
8708;53.9;39.9;-1.5
8710;56.5;40.1;-1.6
8712;53.6;39.3;-2
8714;54.9;39.6;-1.5
8716;54.4;39.7;-1.6
8718;55.2;40.5;-2.1
8720;52.7;39.8;-1.4
8722;54.5;39.5;-1.5
8724;53.9;39.4;-1.7
8726;57.2;39.9;-2
8728;57.1;40.4;-1.8
8730;56.6;39.7;-1.3
8732;55.4;39.9;-1.5
8734;54.4;39.6;-1.8
8736;53.6;39.8;-1.8
8738;55.3;39.8;-1.5
8740;56.6;40.3;-1.6
8742;57.3;40.3;-2
8744;56.8;40.6;-1.9
8746;53.7;39.7;-1.4
8748;57.3;40.5;-1.9
8750;55.9;40.5;-2.1
8752;56.7;40.1;-1.5
8754;53.8;39.7;-1.8
8756;54.4;39.7;-1.6
8758;54.2;40.1;-1
8760;54.8;39.7;-1.9
8762;54.6;40;-1.5
8764;56.2;39.6;-1.4
8766;54;39.8;-1.5
8768;54.5;39.5;-1.7
8770;53.2;39.9;-1.9
8772;53.3;39.7;-1.8
8774;52.1;40.1;-1.7
8776;54.1;40;-1.6
8778;55.5;40.4;-1.7
8780;54.3;39.8;-1.7
8782;52.5;39.9;-1.6
8784;53.9;39.9;-2.1
8786;54.2;40.5;-1.9
8788;53.9;40.4;-1.7
8790;54.1;39.9;-1.8
8792;52.9;39.5;-1.4
8794;56;40.1;-1.6
8796;56.1;40.4;-1.7
8798;54.6;39.7;-1.5
8800;56.9;40.6;-2.2
8802;58;40.4;-1.7
8804;54.4;40;-1.6
8806;55.8;40.5;-1.6
8808;54.5;40.5;-1.6
8810;54.6;39.9;-1.7
8812;53.9;39.7;-1.8
8814;58;40.1;-2
8816;54.6;39.5;-1.4
8818;58;40.3;-2.1
8820;53.4;39.9;-1.7
8822;55.8;40.2;-1
8824;55.3;40.4;-2.3
8826;53.6;39.5;-1.7
8828;53.1;40.1;-1.2
8830;56.4;40.3;-2.3
8832;55.1;40.4;-1
8834;53.3;39.9;-1.4
8836;54;39.5;-2
8838;56.2;40;-1.3
8840;54;39.9;-1.8
8842;53.1;40;-2.2
8844;51.7;39.8;-1.2
8846;52.9;40.4;-1.8
8848;55.1;40.6;-2.1
8850;55;40.3;-1.1
8852;54.1;39.6;-2.1
8854;52.9;39.8;-1.5
8856;54.6;39.7;-1.7
8858;54.2;40.3;-2.1
8860;54;39.5;-1.4
8862;52.4;39.5;-1.9
8864;55.9;40.1;-2.3
8866;54.8;40.2;-1.3
8868;57.1;40.2;-1.7
8870;56.1;40.4;-2.1
8872;56;39.9;-1.2
8874;53.4;39.6;-1.9
8876;57.5;40.3;-2.3
8878;53.5;39.9;-1.2
8880;54.5;39.7;-1.8
8882;53.3;39.6;-1.6
8884;54.7;39.7;-1.2
8886;54.1;39.6;-2.1
8888;55.1;39.5;-1.3
8890;56.5;40.4;-1.7
8892;54.6;39.8;-1.8
8894;53.5;39.6;-1.7
8896;52.3;39.9;-1.7
8898;54.9;40.5;-1.2
8900;54.6;40.4;-1.9
8902;55.7;40.2;-1.9
8904;53;39.3;-1.3
8906;54.4;39.9;-2
8908;52.6;39.7;-2
8910;55.6;40.7;-1.3
8912;55.4;40.6;-2
8914;55.9;40.2;-1.5
8916;52.3;39.5;-1.4
8918;56;39.9;-1.8
8920;54.9;40.4;-1.8
8922;54.8;40.4;-1.6
8924;53.4;39.9;-2.1
8926;56.1;39.9;-2
8928;52.7;39.5;-1.3
8930;54.8;40.2;-1.9
8932;52.9;40.1;-2
8934;55;40.4;-1.3
8936;54.5;39.9;-2.2
8938;54.9;40.2;-1.8
8940;55.7;40;-1.3
8942;55.1;39.9;-2.1
8944;54.5;39.3;-1.5
8946;53.2;39.4;-1.7
8948;54.9;39.9;-2
8950;55.9;40.5;-1.5
8952;53.9;39.5;-1.7
8954;54;39.9;-1.8
8956;55.3;40;-2
8958;53.7;40.7;-1.7
8960;54;39.8;-1.7
8962;53.4;39.7;-1.7
8964;54;39.8;-2
8966;53.8;40.2;-1.6
8968;55.8;40.5;-1.6
8970;52.6;39.9;-1.5
8972;52.5;39.8;-2.1
8974;54.7;39.8;-1.5
8976;54.9;40.1;-1.7
8978;53.8;40.1;-2.1
8980;54;39.6;-1.4
8982;52.1;39.5;-1.7
8984;53.1;39.7;-2.3
8986;53.2;40;-1
8988;54;40.6;-1.8
8990;53.4;39.7;-2.4
8992;55.8;40.3;-0.8
8994;54.1;39.7;-2.5
8996;52.9;39.8;-1.5
8998;53.8;40;-1.6
9000;54.3;40.5;-2.3
9002;52.9;39.9;-0.9
9004;52.8;40.2;-2.1
9006;52.6;39.5;-2
9008;51.3;39.7;-1.2
9010;53.6;39.7;-2.2
9012;53.3;40;-1.4
9014;54.9;39.7;-1.8
9016;54.1;40.5;-2.1
9018;55.9;40.5;-1.6
9020;52;39.7;-1.6
9022;53.3;40.4;-1.8
9024;52.5;40.1;-1.6
9026;56.1;41;-2.1
9028;55.4;40.6;-1.7
9030;54.3;39.7;-1.7
9032;52.9;39.7;-1.6
9034;52.3;39.6;-1.5
9036;52.7;40.1;-1.9
9038;52.2;39.6;-1.8
9040;52.9;40.1;-1.7
9042;51.7;39.7;-1.6
9044;54.6;40.4;-1.9
9046;53.1;40.3;-1.4
9048;55;40.6;-1.2
9050;54.4;39.8;-2.1
9052;53.8;40;-1.2
9054;52.1;40;-1.7
9056;53.7;40;-2.2
9058;51.5;40.3;-1.1
9060;52.8;39.8;-1.8
9062;53.5;40;-1.7
9064;54.1;39.5;-1.3
9066;53.3;40.1;-1.7
9068;54.7;40.2;-1.7
9070;53.3;40.2;-1.3
9072;55.2;40.5;-2.4
9074;50.7;39.8;-1.5
9076;54.3;40.4;-0.9
9078;53.6;40.7;-2.2
9080;52.2;39.7;-1.2
9082;52.3;40.2;-1.7
9084;51.9;39.7;-2.1
9086;52.2;40;-1.3
9088;54.5;40.3;-1.7
9090;53.3;40.3;-1.2
9092;51.8;39.9;-1.6
9094;51.9;40;-2.3
9096;52.8;40.5;-0.9
9098;52.4;39.8;-2
9100;53.9;40.2;-1.7
9102;55.8;40.6;-1
9104;54.9;40;-2.1
9106;54.8;40.4;-2.1
9108;52.6;40.5;-0.6
9110;54.2;40.4;-2.4
9112;53.5;40.1;-1.6
9114;55.1;40.7;-1.3
9116;53.6;40.2;-2.5
9118;56.2;40.5;-1.5
9120;50.9;39.8;-1.4
9122;53.1;40.1;-2.4
9124;53.4;40.7;-1.4
9126;53.1;39.7;-2.2
9128;52;39.5;-2
9130;51.7;39.6;-1.2
9132;52.8;40.1;-1.7
9134;52.5;40.1;-1.6
9136;53.8;40.3;-1.2
9138;52.2;39.6;-2.2
9140;54.2;40.6;-1.4
9142;51.1;39.5;-2
9144;51.8;40.1;-2.2
9146;49.7;40.1;-1.1
9148;51;40;-2
9150;52.4;40.8;-1.6
9152;51.9;40;-1.5
9154;53.9;40.4;-2.3
9156;52.4;40.7;-1.3
9158;51;40;-1.2
9160;51.2;40.1;-2.5
9162;51;40;-0.6
9164;52.8;40.1;-1.9
9166;51.6;40;-2.4
9168;54.7;40.7;-1
9170;51.4;39.9;-2
9172;53.1;39.8;-1.6
9174;54;40.6;-1
9176;54.2;40.1;-2.4
9178;53.9;40.2;-1.2
9180;52.2;39.9;-1.6
9182;51.5;40;-2.3
9184;51.2;39.8;-1.1
9186;53.2;40.5;-2.1
9188;52.3;39.7;-2.1
9190;53.1;39.9;-1
9192;52.3;39.8;-1.9
9194;51.9;39.7;-2.1
9196;52.5;40.5;-0.9
9198;54;40.5;-1.8
9200;51.7;40.3;-1.8
9202;53.8;40.5;-1.1
9204;52.8;40.8;-2.5
9206;53.8;40.7;-2
9208;52.4;40.3;-1
9210;53.7;40.4;-2.2
9212;51.1;39.9;-1.3
9214;52;40.2;-1.4
9216;52;40.5;-2.3
9218;50.6;39.7;-1.4
9220;50.1;39.5;-1.8
9222;51.4;40.1;-1.9
9224;49.9;39.9;-1.5
9226;52.4;40.2;-2.1
9228;51.4;40.1;-1.8
9230;52.3;39.9;-1.6
9232;51.8;40.2;-1.9
9234;52.3;40.5;-1.7
9236;51.1;40.4;-2.1
9238;52.8;40.7;-1.4
9240;52.4;40.4;-1.6
9242;51.8;39.9;-1.6
9244;51;39.6;-1.7
9246;51.7;40.1;-1.7
9248;53.6;40.7;-1.5
9250;51.3;40.2;-1.5
9252;53.9;40.4;-2.1
9254;52.8;40.2;-1.7
9256;53;40.3;-1.3
9258;52.2;40.6;-1.9
9260;52.1;39.7;-1.7
9262;51;40;-1.6
9264;54.8;40.5;-1.7
9266;51.9;40;-1.7
9268;54.3;40.4;-1.5
9270;51.3;40;-1.7
9272;51.4;40.1;-1.7
9274;50.5;39.8;-1.5
9276;52.5;40.1;-1.7
9278;51.8;40.1;-1.9
9280;52.5;39.8;-1.8
9282;50.7;39.7;-1.5
9284;51.2;39.9;-1.8
9286;51.5;40.1;-1.5
9288;53.1;40.6;-1.8
9290;50.9;40.2;-1.7
9292;50.5;40.1;-1.8
9294;53;40.2;-1.7
9296;51.5;40;-1.5
9298;53.9;40.7;-1.8
9300;53.2;40.8;-1.5
9302;51.8;40;-1.7
9304;51.9;40;-1.6
9306;52.3;40.7;-1.6
9308;51.7;40.4;-1.9
9310;52.6;40.4;-1.8
9312;53;40.5;-1.7
9314;53.3;39.9;-1.6
9316;52.5;40.4;-1.6
9318;54.3;39.9;-1.3
9320;51;39.8;-2.1
9322;53.1;39.7;-1.6
9324;51.9;40;-1.7
9326;53.7;40.3;-1.7
9328;50.9;39.9;-1.1
9330;52.2;39.8;-1.6
9332;51.5;39.8;-1.8
9334;53.2;40.4;-1.4
9336;52.1;39.8;-1.7
9338;51.6;39.8;-1.5
9340;52;40;-1.4
9342;53.3;40.5;-1.6
9344;50.9;40.1;-2
9346;50.8;40;-1.4
9348;51;40.1;-1.9
9350;51.2;40.2;-2.5
9352;51;39.8;-1.5
9354;53.2;40.2;-1.4
9356;52.4;40.3;-2.6
9358;52.6;40.6;-1.3
9360;51.5;40;-1.9
9362;51.8;40.3;-2
9364;53.2;40;-1.1
9366;51.5;40;-2.3
9368;52.3;39.7;-1.5
9370;49.8;39.9;-1.6
9372;51.8;39.9;-2.2
9374;50.5;39.7;-1.1
9376;51.7;39.7;-2
9378;50.4;40;-1.9
9380;51.3;39.8;-1
9382;49.2;39.8;-2.2
9384;50.5;39.7;-1.5
9386;51.3;40;-1.3
9388;52.9;40.2;-2.6
9390;51.6;39.7;-1.8
9392;50.7;39.9;-1.2
9394;53.2;40.8;-2.2
9396;51.7;40.7;-1.6
9398;52.8;40.2;-1.5
9400;52;40.5;-1.8
9402;53.9;40.4;-1.4
9404;50.6;39.7;-2
9406;51.9;39.9;-1.8
9408;52.2;40.5;-1.2
9410;51;39.8;-2.1
9412;50.3;39.7;-1.4
9414;51.1;39.8;-1.6
9416;52.1;40.4;-1.5
9418;53.5;40.6;-1.8
9420;50.6;39.8;-1.9
9422;51.9;39.8;-1.3
9424;49.8;39.8;-1.4
9426;54.1;40.5;-2.4
9428;50.7;39.7;-1.6
9430;52.2;39.9;-1.4
9432;50.3;39.7;-2.4
9434;50.4;40.3;-1.3
9436;51.7;40.4;-1.7
9438;52.2;39.8;-2.5
9440;53.3;40.5;-0.9
9442;51.5;39.6;-1.8
9444;51.2;39.7;-2.1
9446;52;40.6;-1.4
9448;52.5;40.5;-2.1
9450;51.3;39.9;-1.6
9452;50.7;39.9;-1.5
9454;49.8;40;-2
9456;51.9;40.3;-1.6
9458;50.9;40.3;-1.3
9460;52.6;40.5;-1.9
9462;50;39.8;-1.9
9464;51.1;39.8;-1.3
9466;51.1;40;-2.2
9468;52.8;40.6;-1.9
9470;51.1;40.8;-1.1
9472;51;40;-2.3
9474;52.3;39.7;-1.8
9476;53.9;40.5;-1.4
9478;50.9;40.2;-1.9
9480;51.5;40;-1.5
9482;52.2;40.6;-1.3
9484;51.3;40.1;-2.3
9486;51.7;40.6;-1.3
9488;50.5;40.2;-1.7
9490;52.1;40.3;-1.8
9492;51.4;39.6;-1
9494;51;39.9;-2.1
9496;50.8;40;-1.8
9498;53;40.7;-1.5
9500;52.4;40.8;-2.2
9502;53.7;40.6;-1.8
9504;51.8;40.4;-1.5
9506;51.5;39.7;-2.1
9508;51.6;40.8;-1.4
9510;52.6;40.2;-1.3
9512;50.6;39.8;-2.3
9514;53.5;39.8;-0.7
9516;51.2;40.1;-2
9518;52.2;40.6;-2.5
9520;51.9;40.4;-0.8
9522;49.8;39.8;-2.2
9524;48.5;40;-1.6
9526;52;40.3;-0.9
9528;52.3;40.8;-2.2
9530;50.7;40;-1.8
9532;49.5;39.6;-1.2
9534;50.3;40;-1.9
9536;51.6;40.5;-1.7
9538;52.4;40.3;-1.4
9540;49.8;39.7;-2.2
9542;50.4;39.8;-2
9544;50.4;40.1;-1
9546;50.7;40.2;-2.2
9548;52;39.9;-1.7
9550;53.2;40.5;-1.2
9552;54.4;40.3;-2.2
9554;51.7;39.9;-1.4
9556;52.3;39.8;-1.5
9558;49.4;40;-2
9560;52.7;40.3;-1.5
9562;51.3;39.9;-1.8
9564;53;39.9;-1.9
9566;52.8;40.7;-1.3
9568;52.9;40;-1.9
9570;51;39.8;-1.8
9572;52.4;40.1;-1.5
9574;52;40.5;-1.8
9576;51.6;40.2;-1.7
9578;49.4;39.9;-1.8
9580;51.2;40;-2
9582;51;40.1;-1.7
9584;51.5;39.9;-2
9586;52.1;40.2;-1.9
9588;51.1;39.7;-1.6
9590;52.2;40.6;-1.5
9592;50.8;39.9;-1.8
9594;49.4;39.7;-1.8
9596;51.5;40.6;-1.7
9598;52.5;40.5;-1.4
9600;52.4;40.6;-2
9602;50.6;40.1;-1.8
9604;50.5;39.9;-1.8
9606;53.2;40.3;-2
9608;51.6;40.5;-1.6
9610;53;40.7;-1.8
9612;49.9;39.9;-1.6
9614;52.9;40.2;-1.4
9616;51.9;40.1;-1.5
9618;55.2;40.6;-1.6
9620;50.9;39.9;-1.1
9622;51.9;39.8;-2.2
9624;50.6;39.6;-1.4
9626;53.6;40.3;-1.1
9628;53.2;40.6;-2.2
9630;52.2;40.2;-1.3
9632;51.7;40.2;-1.6
9634;50.9;40.3;-2.1
9636;51.4;40.1;-1.4
9638;52.3;40;-1.6
9640;51.9;39.7;-2.1
9642;51.6;40;-1.5
9644;50.8;39.6;-1.7
9646;51.8;40.6;-1.7
9648;52.8;40.9;-1.5
9650;52.3;40.4;-1.6
9652;54.4;40.5;-1.7
9654;52.2;40.1;-1.8
9656;52.4;39.8;-2.1
9658;52.9;40.7;-1.1
9660;53.2;40.4;-1.9
9662;50.9;39.7;-2.1
9664;53.9;40.5;-1
9666;51.2;40;-2.2
9668;51.4;39.8;-1.7
9670;52.3;40.5;-1.3
9672;52.3;40.1;-2.7
9674;49.8;40.1;-1.2
9676;54.4;40.7;-1.4
9678;50.2;39.8;-2.2
9680;53.3;40.5;-1.3
9682;50.6;40.1;-2
9684;51.6;40.7;-2.2
9686;51.6;40.7;-1.4
9688;52;39.8;-2.2
9690;53.3;40.4;-1.9
9692;52;40.1;-1.6
9694;54.2;40.2;-1.5
9696;51.8;40.4;-2
9698;51.4;40;-1.6
9700;52.2;40.3;-1.6
9702;53.5;40.3;-1.8
9704;51.6;40;-1.8
9706;53.9;40.7;-1.4
9708;52.2;40.6;-1.7
9710;53.1;40.6;-1.3
9712;52.1;40.7;-1.6
9714;53.4;40.7;-2.2
9716;52.2;40.6;-1.7
9718;51.9;40.7;-1.5
9720;50.6;40.6;-1.7
9722;50.6;40.1;-1.4
9724;51.9;40.8;-1.7
9726;52.2;40.2;-2.1
9728;51.1;40;-1.3
9730;51.5;39.9;-1.5
9732;51.4;40.4;-2.1
9734;51.4;40;-0.7
9736;51.4;40.1;-1.7
9738;52.9;40.3;-2
9740;51.2;39.9;-1
9742;51.6;39.9;-2.1
9744;50.9;39.9;-1.6
9746;52.1;40.5;-1.3
9748;53.5;39.9;-2.2
9750;50.8;39.8;-1.4
9752;53.2;40.3;-1.5
9754;51.2;40.6;-1.8
9756;52.2;40.8;-1.9
9758;50.8;40.7;-1.8
9760;53.4;40.7;-1.8
9762;52.2;40.7;-1.4
9764;51.9;40;-2.2
9766;51.5;40.2;-2.1
9768;51.5;40;-1.5
9770;51.5;40;-2.1
9772;51.5;39.9;-1.5
9774;52.5;40.4;-1.8
9776;54;40.6;-1.9
9778;51.1;40.1;-1.2
9780;51.5;39.8;-1.9
9782;50.4;39.9;-2.2
9784;53;40.6;-1.3
9786;50.7;40;-1.8
9788;50.7;39.8;-1.6
9790;51.3;40.4;-1.8
9792;49.8;39.9;-1.7
9794;51.2;40.1;-2
9796;51.9;40.4;-1.7
9798;52.8;40.7;-1.7
9800;52.6;40.6;-1.8
9802;52.2;40.3;-1.4
9804;51.2;40.5;-1.6
9806;51.8;39.9;-1.8
9808;51.2;40.1;-1.3
9810;51.2;40;-2.1
9812;51.7;40.5;-1.7
9814;52.5;40;-1.2
9816;51.8;40.3;-1.5
9818;54.7;40.5;-1.9
9820;51.1;40.1;-1.2
9822;51.7;39.9;-1.8
9824;49;39.8;-1.6
9826;50.6;40.1;-1.4
9828;51.6;40.9;-1.8
9830;50.6;40;-1.5
9832;50;39.7;-1.5
9834;51.2;40.2;-1.8
9836;50.4;40;-1.9
9838;52.4;40.5;-1.6
9840;51.2;40;-2
9842;51.3;40.3;-2.2
9844;52.5;40.6;-1.3
9846;51.2;40.5;-1.6
9848;53.4;40.8;-2.1
9850;53.3;40.6;-1.1
9852;52.4;40.3;-2.3
9854;51.2;39.7;-1.3
9856;51.6;40;-1.4
9858;51.8;40.8;-2.2
9860;50.5;40.1;-1.3
9862;49.8;40.3;-1.7
9864;51.4;40;-2
9866;51.6;40.3;-0.9
9868;53.9;40.3;-2.2
9870;50.1;39.9;-1.4
9872;51.9;40.4;-1.6
9874;49.8;40;-2.3
9876;51.8;40.2;-1
9878;50.3;40.1;-2.1
9880;50.2;39.9;-2.2
9882;51.8;40.6;-1.2
9884;52.6;40.3;-1.9
9886;51.7;39.9;-2
9888;53.7;40.7;-1
9890;52.7;40.6;-2.1
9892;52.9;40.6;-1.9
9894;50.2;39.7;-1.3
9896;49.7;40;-2.3
9898;49.6;40.4;-1.4
9900;52;41;-1.7
9902;50.7;40.1;-2.3
9904;52;40.5;-1.7
9906;50.9;40.5;-1.9
9908;50.8;40.8;-2
9910;50.6;40.2;-1.5
9912;50.8;40.6;-1.7
9914;50.7;40.6;-2.1
9916;49.7;40.3;-1.7
9918;52.9;40.9;-1.5
9920;49;40;-1.7
9922;51;39.9;-1.6
9924;50.7;40.2;-1.8
9926;52.6;40;-1.5
9928;52.3;40.8;-1.2
9930;51.1;40.1;-1.6
9932;50.2;40.6;-1.9
9934;50.5;40.2;-1.7
9936;50.1;39.9;-1.6
9938;50.7;39.7;-1.9
9940;51.5;39.8;-1.7
9942;50.7;40.3;-1.6
9944;50.7;40.2;-1.8
9946;49.6;39.9;-1.7
9948;52.6;40.6;-1.5
9950;51.7;40.9;-1.7
9952;52.4;40.9;-1.5
9954;50.2;40.9;-1.6
9956;50.2;39.8;-1.7
9958;51.7;40.5;-1.7
9960;50.7;40;-1.6
9962;51.3;40.3;-1.7
9964;50.9;40.1;-1.5
9966;51.6;40.8;-1.5
9968;50.2;39.9;-2
9970;50.6;40.6;-1.7
9972;51.6;40.8;-1.4
9974;50;40.1;-1.6
9976;52.8;40.7;-1.4
9978;49.6;40;-1.6
9980;51;40;-1.8
9982;49.1;39.9;-1.5
9984;51.3;39.9;-1.9
9986;49.5;40.2;-2.2
9988;50.6;40.7;-1.5
9990;50.1;39.9;-1.6
9992;50.8;39.9;-1.7
9994;52.7;40.1;-1.6
9996;51.9;40.7;-2
9998;50.5;40;-1.7
10000;50.7;40.2;-1.9
10002;53.3;40.3;-1.8
10004;49.5;40.1;-1.7
10006;50.3;40.1;-1.7
10008;51;41.1;-1.9
10010;52;40.2;-1.6
10012;50.7;40.3;-1.8
10014;52.5;40;-2
10016;51.7;40.3;-2
10018;52;40.2;-1.7
10020;49.2;39.9;-1.5
10022;51.3;40.7;-2.3
10024;51.2;40.8;-1.7
10026;50.8;40.3;-1.2
10028;51.3;40.2;-2.4
10030;50.7;39.9;-1.2
10032;50;40.1;-1.8
10034;50.6;39.8;-2.2
10036;49.8;39.8;-1.2
10038;52.1;40.3;-1.8
10040;50;39.9;-1.6
10042;51.9;40.6;-1.2
10044;52.6;40.8;-1.8
10046;51;40.3;-1.5
10048;52.7;40.7;-1.7
10050;52.3;40.6;-2
10052;51.3;39.8;-1.8
10054;49.7;40.2;-1.8
10056;50.7;40.2;-2.1
10058;49.7;40.3;-1.2
10060;52;40;-1.8
10062;50.6;39.8;-1.8
10064;53.6;40.2;-1.4
10066;52.8;40.8;-2.1
10068;55.5;41.1;-1.4
10070;53.6;40.7;-1.8
10072;51.5;39.9;-2.3
10074;50.5;39.7;-0.4
10076;54.3;40.5;-2.5
10078;51.5;40.2;-2.3
10080;51.8;40;-0.7
10082;51.2;39.9;-2.4
10084;51;39.8;-1.2
10086;52.3;40.5;-1.9
10088;50.9;40.1;-2.4
10090;50.7;40;-1
10092;52.4;40.6;-1.9
10094;48.8;40.1;-2
10096;50.9;40.7;-1
10098;49.1;40.1;-2.2
10100;49.6;40;-1.2
10102;52.6;40.3;-1.7
10104;51.9;40.5;-2.4
10106;51.4;39.9;-1.1
10108;49.6;40.3;-2
10110;52.3;40.8;-2.2
10112;50.7;40.6;-1.2
10114;52.7;40.7;-2.2
10116;51.1;40.3;-1.1
10118;50.8;40;-1.7
10120;48.2;40.1;-2.4
10122;52.9;41;-1.1
10124;50.2;40.5;-2.1
10126;51.1;40;-2.1
10128;49.2;39.9;-1.5
10130;50;40.3;-2.1
10132;47.8;40.1;-1.5
10134;48.9;39.8;-1.3
10136;51.2;40.3;-2.4
10138;51.8;40.6;-1.5
10140;50.3;40.3;-2
10142;49.6;40.2;-1.9
10144;50.8;40.2;-1.3
10146;49.3;40;-2.2
10148;51.4;40.4;-1.3
10150;51.2;40.7;-1.6
10152;50.2;40.1;-2.1
10154;50.7;40.4;-1.4
10156;50.3;39.9;-1.7
10158;51.1;40.7;-1.7
10160;50.5;39.8;-1.5
10162;49.3;40;-1.9
10164;50.2;40;-1.7
10166;50.3;40.6;-1.3
10168;52.6;40.8;-2.2
10170;49.7;40.8;-1.5
10172;50.9;40.5;-1.7
10174;48.4;39.8;-2.2
10176;52.9;40.8;-1
10178;49.2;39.9;-2
10180;51.1;40.5;-2
10182;49.1;40.5;-1.3
10184;48.9;40;-1.9
10186;50.9;40.3;-1.1
10188;51.1;39.8;-1.5
10190;52;40.2;-2.1
10192;50.2;40.1;-1.6
10194;53.2;40.8;-1.5
10196;51.7;40.7;-2.3
10198;50.8;40.1;-1.4
10200;50.7;40.6;-1.2
10202;52.4;40.9;-2.3
10204;51.3;40.9;-0.9
10206;51.4;40.3;-2.1
10208;49.5;39.8;-1.8
10210;50.7;40;-1.1
10212;50.8;40.2;-2.4
10214;53;40.7;-1.6
10216;50.5;40.2;-1.2
10218;52.3;40.3;-2.4
10220;49;40.1;-1.3
10222;50.8;40.2;-1.8
10224;50.3;40.6;-2.2
10226;52.8;40.5;-1.6
10228;50;40.3;-1.8
10230;52.2;40.4;-2
10232;50.8;40.5;-1.2
10234;50.6;40.7;-1.9
10236;49.6;40.2;-1.7
10238;50.1;40;-1.4
10240;51;40.7;-1.9
10242;51.5;39.9;-1.4
10244;50.7;40;-1.8
10246;50.3;40;-1.8
10248;53.1;40.5;-1.8
10250;51.7;40.8;-1.1
10252;53.1;40.8;-1.7
10254;50;40.3;-2.3
10256;52;40.6;-1.4
10258;50.4;40.7;-1.7
10260;53.1;40.7;-2
10262;50.9;40.1;-1.5
10264;52.2;40.3;-1.9
10266;50.4;40.2;-1.8
10268;51.4;40.2;-1.4
10270;49.8;40.3;-2
10272;49.1;40.1;-2.4
10274;48.6;40.3;-1
10276;51;40.4;-2.4
10278;51.4;40.2;-1.7
10280;50.5;39.8;-0.9
10282;50.4;40.6;-2.4
10284;50.7;40.6;-1.2
10286;50.4;40.9;-1
10288;49.8;40.7;-2.2
10290;49.4;40.3;-1.4
10292;49.1;40.1;-1.7
10294;50.2;40;-1.8
10296;50.7;40.4;-1.3
10298;50.4;39.9;-2.4
10300;52.1;40.7;-1.6
10302;53.6;40.5;-1.2
10304;49.6;40;-2.3
10306;49.9;39.8;-1.5
10308;48.9;40;-1.8
10310;51.6;40.2;-2
10312;49.5;39.7;-1.1
10314;51.7;40;-2.5
10316;51.9;40.7;-1.7
10318;53.9;40.9;-0.9
10320;51.7;40.9;-2.6
10322;52.7;40.7;-1.4
10324;48.7;39.7;-1.4
10326;52;40.4;-2.5
10328;49.8;40;-1.1
10330;49.9;40;-2.1
10332;49.2;40;-2
10334;50.4;39.8;-1.2
10336;50.2;40;-1.8
10338;52.3;40.8;-1.6
10340;49.8;40.8;-1.3
10342;48.7;40.2;-1.9
10344;50.4;40.8;-2
10346;47.2;39.9;-1.6
10348;48.8;40.4;-1.4
10350;50.5;41.1;-1.8
10352;48.7;40.1;-2
10354;48.6;39.8;-1.3
10356;49.9;40;-2.1
10358;49.6;40.8;-1.6
10360;49.8;40.6;-1.2
10362;48.1;40.4;-2.1
10364;50.5;40.1;-2
10366;49.9;40.1;-1.5
10368;53.3;40.7;-2.1
10370;49;39.9;-1.3
10372;50;39.7;-1.4
10374;51.3;40.5;-2.3
10376;51.1;40.3;-1
10378;51.2;40.9;-2.2
10380;51.4;40.8;-2
10382;48;39.9;-1.2
10384;48.9;40;-2.1
10386;50.2;40;-1.7
10388;51;40.7;-1.1
10390;49;40.1;-2.7
10392;49.2;40.1;-1.6
10394;48.7;40.1;-1.6
10396;49.2;40.8;-1.9
10398;50;40.6;-1.4
10400;49.9;40.8;-2.1
10402;48.7;39.9;-1.7
10404;49.2;40.1;-1.2
10406;48.8;39.8;-2.3
10408;49.9;41;-1.7
10410;50.9;40.8;-1.5
10412;48;40;-2.5
10414;50;40.2;-1.7
10416;49.1;40.6;-1.8
10418;48.9;40;-1.8
10420;48.4;40.1;-1.1
10422;49.1;39.9;-2.1
10424;47.7;40;-1.5
10426;50.4;40.4;-1.5
10428;50.5;40.8;-2.4
10430;49.3;40.2;-1
10432;48.1;40.2;-1.4
10434;49.8;40.8;-2.2
10436;49.4;40.4;-1.3
10438;50.3;40.1;-1.6
10440;51.2;40.2;-2.1
10442;49.8;40.1;-1.2
10444;50.9;40.3;-2.1
10446;50;40.5;-1.3
10448;49.4;40;-1.1
10450;50.6;40.3;-2.4
10452;49.3;39.9;-1.4
10454;49.4;40.2;-1.4
10456;50.5;40.2;-2.4
10458;50.3;40.8;-1
10460;49.4;40;-2.3
10462;49.1;40.1;-1.6
10464;49.5;39.9;-1.4
10466;49.9;40.4;-2
10468;51.2;40.7;-1.5
10470;48.3;40.4;-1.3
10472;48.5;40;-2
10474;48.6;40.7;-1.5
10476;50.3;40.2;-1.2
10478;49.2;40.2;-2.2
10480;50.6;40.3;-1.6
10482;48.2;40.1;-1.4
10484;49.5;39.9;-2.2
10486;48.1;39.9;-1.6
10488;51.1;40.7;-1.4
10490;49;40.3;-2.1
10492;49.2;40.2;-1.6
10494;48.6;40.2;-1.4
10496;49.9;40.5;-2.3
10498;50;40.4;-1.6
10500;48.2;40.5;-1.2
10502;51;40.7;-2.3
10504;47.1;39.9;-2.1
10506;50.4;40.5;-1.3
10508;48.8;40.6;-2.3
10510;51.3;40.7;-1.6
10512;50.4;41;-1.3
10514;52.4;40.8;-2.2
10516;49.5;40.1;-1.4
10518;50.7;40.1;-1.3
10520;49.1;40.2;-2
10522;50.9;41.1;-1.8
10524;50.1;40.8;-1.4
10526;51.3;40.7;-1.9
10528;48.8;39.8;-2.1
10530;49.4;39.7;-1.5
10532;50.4;40.7;-2
10534;50.3;40.9;-1.7
10536;48.7;40.3;-1.5
10538;49.2;40.1;-2.1
10540;48.5;39.6;-1.5
10542;50.2;40.4;-1.5
10544;48.9;40.4;-1.9
10546;48.5;40.5;-1.6
10548;50.6;40.8;-1.6
10550;48;40;-1.5
10552;48.9;40;-1.8
10554;50.5;41;-2.1
10556;49.9;40.2;-1.4
10558;49.5;40.6;-1.2
10560;50.9;40.7;-2.3
10562;49.5;40.6;-1.5
10564;51.4;40.3;-1.7
10566;49.6;40.4;-2.2
10568;50.6;40.3;-1.4
10570;47.9;40;-1.8
10572;49.3;40;-1.6
10574;47.8;40.2;-1.1
10576;49.2;40.2;-2.1
10578;49.9;40.9;-1.4
10580;48.8;40.1;-1.7
10582;48.6;40.1;-2.1
10584;47.9;40;-1
10586;48.9;40.5;-1.9
10588;50.4;41;-1.7
10590;48.1;39.9;-1.4
10592;47.5;40.1;-2
10594;48.2;40.3;-1.6
10596;48;40.4;-1.6
10598;48.7;40.3;-1.8
10600;50.2;40.4;-1.4
10602;51;40.5;-1.6
10604;48.7;39.9;-1.7
10606;48.9;40.1;-1.5
10608;48.9;40.8;-1.6
10610;48.5;40;-1.4
10612;47.3;40.3;-2.1
10614;49.8;40.1;-1.6
10616;50.4;40.5;-1.3
10618;49.6;39.8;-2.4
10620;48.4;40.4;-1.6
10622;50.4;40.5;-1.4
10624;48.1;40.2;-1.9
10626;50.3;40.2;-1.2
10628;47.2;39.7;-1.7
10630;50.2;40.7;-2.1
10632;49.1;40.8;-1.2
10634;48.7;40.2;-1.8
10636;48.3;40.1;-2.3
10638;48.9;40;-1.3
10640;50.3;40.6;-1.9
10642;48.1;40.1;-1.8
10644;47.8;40.8;-1
10646;48.3;41.2;-2.3
10648;47.1;40.4;-1.8
10650;46.1;39.7;-1.3
10652;47.8;40;-1.9
10654;49.3;40.9;-1.6
10656;49.7;41;-1.5
10658;47.2;40.3;-2.3
10660;48.5;40.1;-1.5
10662;46.6;39.7;-1.5
10664;48.2;40.3;-2.4
10666;48.3;40.6;-1.5
10668;48.4;39.9;-1.9
10670;48.6;40.2;-1.9
10672;49.3;39.9;-1.5
10674;47.7;40;-2.1
10676;52.2;40.6;-1.4
10678;48.7;40.2;-1.2
10680;49.2;40.2;-2.1
10682;48.4;40.6;-1.5
10684;48.2;40.5;-1.1
10686;47.7;40.2;-2.3
10688;49.4;39.9;-1.9
10690;50.2;40.4;-1.4
10692;48.9;39.9;-2.1
10694;49.3;40.1;-1.4
10696;47.6;40.3;-1.7
10698;50.4;40.6;-2.5
10700;46.3;39.9;-0.8
10702;47.5;40.1;-2.1
10704;48.7;40.4;-2.1
10706;50.2;40.7;-1
10708;49;40.8;-2
10710;49;40.2;-1.9
10712;48.1;40.2;-1.1
10714;48.3;39.8;-1.9
10716;47.8;40.4;-1.6
10718;48.4;40;-1.3
10720;46.4;40.9;-2.1
10722;46.6;40;-1.8
10724;48.5;40.7;-1.4
10726;48.2;40;-2.3
10728;49.2;40.7;-1.4
10730;50.2;40.6;-1.3
10732;48.5;40.9;-2.3
10734;48;40.9;-1.3
10736;47.1;40.3;-1.2
10738;49.3;40.7;-1.8
10740;48.4;39.7;-1.5
10742;48;40;-1.7
10744;48.4;40.4;-2
10746;47.9;40.5;-1.9
10748;48.8;40.1;-1.6
10750;49.8;40.5;-2
10752;50.5;40.5;-1.6
10754;47.8;40.3;-1.7
10756;49.7;40.4;-2.2
10758;46.2;40;-1.4
10760;49.3;39.9;-1.5
10762;49.3;40.5;-2
10764;51.6;41.1;-1.6
10766;49.7;40.8;-1.4
10768;49.3;40;-2.1
10770;46.3;40;-1.7
10772;48.4;40.3;-1.7
10774;48.7;40.5;-2.2
10776;48.9;39.8;-1.5
10778;47.1;40.2;-2
10780;49;40.5;-1.8
10782;46.9;40.1;-1.6
10784;47.2;39.7;-1.9
10786;47.3;39.7;-2
10788;48.2;40.2;-1.4
10790;48.3;40.5;-1.8
10792;47.7;40.1;-2
10794;47.5;39.9;-1.2
10796;47.7;40.2;-2.1
10798;49.7;40.6;-1.8
10800;49.5;40.8;-1.5
10802;48.3;40.4;-2
10804;47.8;40.3;-1.4
10806;49.4;40.6;-1.8
10808;47.3;41;-2
10810;48.4;40.5;-1.3
10812;46.9;40;-2
10814;49.5;40.1;-1.8
10816;49.3;40.6;-1.4
10818;51.5;40.8;-2.1
10820;47.5;40.1;-1.3
10822;49.2;40.2;-1.7
10824;47;40;-2.3
10826;50.2;40.7;-1
10828;49.4;40.8;-1.7
10830;50.1;40.6;-1.8
10832;48.7;40.4;-1
10834;47.6;40.2;-2.3
10836;48.8;40.5;-1.4
10838;47.5;39.9;-1.3
10840;47.4;40;-2.5
10842;49.1;40.3;-0.9
10844;47.4;39.8;-2
10846;48;40.9;-1.8
10848;47.3;40.3;-1.6
10850;48.8;40.6;-2.4
10852;48.5;40.3;-1.4
10854;47.1;40;-1.5
10856;48.7;40.1;-2.1
10858;48.3;40.1;-0.9
10860;48.2;40.3;-2.1
10862;47.8;40.4;-1.7
10864;49.3;40.5;-1.1
10866;48.7;40.4;-2.3
10868;48.7;39.8;-1.4
10870;48.5;40.6;-1.7
10872;47.5;40;-2.3
10874;46.8;40.1;-1
10876;49.2;40.3;-2.5
10878;46.1;40;-1.4
10880;48;40.1;-1.4
10882;46.4;40.1;-2.5
10884;47.8;40.8;-1
10886;47.2;39.9;-1.5
10888;49.6;40.7;-2
10890;48.8;40.2;-1.3
10892;48.5;40.3;-1.6
10894;50;40.9;-2
10896;47.1;40.6;-1.7
10898;46.8;39.8;-1.6
10900;47.2;40;-1.4
10902;49.6;40.6;-1.8
10904;49.8;40.8;-1.6
10906;50.4;40.9;-1.5
10908;47.8;40.3;-2.1
10910;48;39.8;-1.5
10912;47.9;40.1;-1.4
10914;48;39.8;-2.2
10916;46.9;40;-1.4
10918;48.2;40.2;-1.7
10920;47.8;40.7;-1.7
10922;50.3;40.8;-1.3
10924;48.9;40.8;-1.8
10926;48.7;40.1;-1.7
10928;49.1;40.8;-1.6
10930;50.1;40.2;-1.6
10932;46.1;39.9;-2.1
10934;47.4;40.2;-1.5
10936;48.1;40.4;-1.7
10938;49.5;40.7;-2.1
10940;47.7;39.7;-1.2
10942;49.3;39.9;-2
10944;49.9;40.5;-2.5
10946;46.6;40.1;-1.1
10948;49.1;40.9;-2.3
10950;47.7;40.7;-1.6
10952;47;39.9;-1.1
10954;48.5;40.6;-2.7
10956;49.5;40.5;-1.1
10958;46.6;40.1;-1.7
10960;48.1;40.8;-2.3
10962;48.6;41;-0.9
10964;47.7;40.2;-2.3
10966;48.4;40.8;-1.3
10968;48;40.1;-1.4
10970;46.1;39.9;-2.4
10972;47.1;40.2;-1.4
10974;48.8;41.1;-1.6
10976;49.7;40.9;-2.4
10978;46.6;39.8;-1.1
10980;48;39.7;-1.7
10982;47.2;40.4;-1.7
10984;48.7;41;-1.2
10986;46.9;40.2;-2.2
10988;46.9;40.1;-2.1
10990;47.8;40.1;-1.6
10992;47.2;39.5;-2
10994;47;40.1;-1.6
10996;47.2;40.3;-2.2
10998;49.8;41.1;-1.8
11000;47.1;40.4;-1.5
11002;49.5;40.6;-2
11004;46.8;40;-1.6
11006;48.8;40.9;-1.8
11008;47.2;40.7;-1.8
11010;49.8;40.8;-1.8
11012;46.7;40;-1.9
11014;48.5;39.8;-1.5
11016;48.6;40.7;-1.5
11018;48.4;40.9;-1.9
11020;46.4;40.3;-1.5
11022;46.5;40.4;-1.3
11024;46.1;40;-1.7
11026;48.1;40.2;-1.8
11028;48.5;40.5;-1.5
11030;47.8;40.3;-2.1
11032;46.4;40.5;-1.6
11034;46.2;39.8;-1.5
11036;48;40.5;-2.3
11038;48.8;40.8;-1.9
11040;46;40.2;-1.7
11042;46.5;40.2;-2
11044;46.8;40.1;-1.2
11046;48.1;40.4;-1.6
11048;48.1;40.1;-1.9
11050;49.6;40.8;-1.1
11052;49;40.2;-1.4
11054;47;40;-1.8
11056;48.4;39.7;-1.6
11058;47.2;40.5;-1.8
11060;47.4;39.8;-1.7
11062;47.4;40.3;-1.6
11064;48.3;39.8;-1.5
11066;48.5;40.6;-1.9
11068;50.6;40.7;-2
11070;47.2;40.4;-1.8
11072;46.5;40.1;-2.2
11074;45.3;39.7;-1.5
11076;48.5;40.5;-1.5
11078;45.6;40.3;-1.8
11080;47;40;-1.8
11082;46.4;39.9;-1.7
11084;47.3;39.9;-2.1
11086;46.9;40.1;-1.8
11088;47.9;39.9;-1.6
11090;48.4;40.3;-1.6
11092;47.1;39.9;-1.8
11094;48.3;40.8;-1.8
11096;47.1;40.6;-1.7
11098;46.8;41;-2.3
11100;46.7;40.5;-1.3
11102;47.7;40.5;-1.8
11104;47.5;40.4;-1.9
11106;48.1;40;-1.5
11108;45.8;39.7;-2.3
11110;47.2;39.9;-1.7
11112;48;40.8;-1.2
11114;48.1;40;-2.2
11116;47.3;40;-1.4
11118;50.9;40.2;-1.4
11120;46.4;39.7;-2.5
11122;48.8;40;-1.5
11124;48.4;40.4;-1.6
11126;49.3;40.4;-2.3
11128;48.3;40.1;-1.2
11130;49.5;40.1;-2
11132;46.7;40;-1.7
11134;47.8;39.9;-1.6
11136;48.2;40.2;-2.1
11138;49.7;40.9;-1.2
11140;48.7;40.5;-1.3
11142;49.6;40.6;-2.4
11144;47.1;39.6;-1.4
11146;46.1;39.8;-1.6
11148;47.1;40.2;-2
11150;48.5;40.8;-1.5
11152;48.7;40.3;-1.5
11154;47.3;40.1;-2.1
11156;47.5;39.6;-1.5
11158;48.5;40.6;-1.7
11160;49.9;40.7;-2.1
11162;48.8;40.9;-1.3
11164;50.4;41;-1.8
11166;47.3;40.4;-1.7
11168;48.7;40.1;-1.4
11170;47;39.9;-2.2
11172;48.5;40.3;-1.7
11174;45.8;40.1;-1.3
11176;49.1;40.8;-2.3
11178;46.9;40.1;-1.7
11180;48.3;40.2;-1.4
11182;45.8;39.8;-2.2
11184;46.1;40;-1.5
11186;48.4;40.9;-1.6
11188;49.2;40.9;-1.7
11190;48.9;40.6;-1.7
11192;48.1;40.2;-1.8
11194;50.2;40.7;-1.8
11196;48.7;40.4;-1.4
11198;47.6;39.9;-2.1
11200;48.8;40.8;-1.5
11202;48.5;40.4;-1.7
11204;47.7;40.8;-2.1
11206;49;39.8;-1.1
11208;47;40.2;-1.7
11210;47.8;40.2;-1.8
11212;46.6;40.2;-1.2
11214;49.8;40.8;-2.2
11216;47.8;40.7;-1.2
11218;48.5;41;-1.8
11220;45.4;40.2;-1.9
11222;45.9;40.1;-1.6
11224;47.6;40.9;-1.9
11226;46.5;40.2;-1.7
11228;46.7;40.4;-1.5
11230;48.3;40.4;-1.6
11232;47.8;40;-1.8
11234;46.3;39.8;-1.9
11236;47.6;40.6;-1.6
11238;48.2;40.8;-1.7
11240;48;40.5;-2.1
11242;47.1;39.8;-1.6
11244;47.5;40.2;-1.7
11246;47.1;40;-1.7
11248;48.8;40.7;-1.5
11250;47.5;40.2;-1.8
11252;47.1;40.2;-1.9
11254;44.4;39.8;-1.5
11256;46.6;39.4;-2.1
11258;45.2;40.1;-1.3
11260;47.6;40.8;-1.8
11262;46.5;40.2;-2.4
11264;48.2;40.4;-1
11266;47;40.1;-2.3
11268;49.4;40.5;-1.8
11270;47.5;40.7;-0.4
11272;48.5;40.8;-2.6
11274;47.9;41.2;-1.6
11276;48.1;40.2;-0.7
11278;48.9;40.5;-2.9
11280;47.6;39.8;-1.3
11282;46.7;40.1;-1.8
11284;47.4;40.3;-2
11286;47.3;40.5;-1
11288;46.4;39.7;-1.9
11290;46.8;39.9;-1.6
11292;48.3;40.7;-1.8
11294;45.8;40.4;-2
11296;45.8;40.2;-1.2
11298;48.3;39.9;-2
11300;46.6;40.1;-1.8
11302;47;40.4;-1.3
11304;47.2;40.3;-1.9
11306;46.7;40.1;-1.4
11308;45.5;40.4;-1.8
11310;46.9;40;-1.8
11312;46.6;40.4;-1.4
11314;50.1;40.7;-1.9
11316;46.6;39.9;-1.7
11318;48.4;40.3;-1.6
11320;47.9;40.6;-1.3
11322;47.2;39.8;-1.9
11324;46.4;40.4;-1.9
11326;46.2;39.9;-1.8
11328;47.3;40.9;-1.5
11330;48.6;40.8;-1.6
11332;47.7;40.7;-2.1
11334;46.5;40.3;-1.5
11336;46.7;40.1;-1.4
11338;48.3;40.5;-2
11340;47.5;40.4;-1.8
11342;47;40.3;-1.6
11344;48.5;41;-2.2
11346;45.7;40.2;-1.6
11348;49.2;41;-1.7
11350;49.1;40.7;-2.1
11352;48.2;39.8;-1.6
11354;46.7;39.8;-1.4
11356;49.5;40.6;-2.1
11358;47.3;40.6;-1.5
11360;46.7;40.5;-1.2
11362;45.7;40;-2.1
11364;49.4;39.8;-1.5
11366;47;40.1;-1.6
11368;50.1;40.1;-1.7
11370;47.9;40.8;-1.5
11372;48.7;40.8;-2
11374;46.3;39.9;-1.4
11376;48.5;40.2;-1.6
11378;46.9;40.3;-2.1
11380;47;40.5;-1.5
11382;45.4;40.2;-1.6
11384;46.8;40;-2.3
11386;47.1;39.9;-1.1
11388;47.4;40.2;-2
11390;48;40.4;-2.4
11392;47.9;40.7;-0.9
11394;45.7;40;-2.4
11396;46.4;40.7;-1.9
11398;47.3;40.7;-1.3
11400;46.5;40.8;-2
11402;48.1;40.5;-1.6
11404;46.4;40.2;-1.4
11406;45.5;40;-2
11408;45.1;40.2;-1.7
11410;45.7;40.1;-1.8
11412;45.3;40.1;-2
11414;47.5;40.7;-1.1
11416;45.3;40.2;-2.2
11418;48.6;41;-1.9
11420;45.2;39.9;-1.4
11422;46.8;39.7;-2
11424;48;40.5;-1.7
11426;48.8;40.5;-0.9
11428;46.6;40.3;-2.5
11430;46.9;40.3;-1.7
11432;45.1;40.3;-1.3
11434;46;40;-2.3
11436;46.1;40;-1.2
11438;46.8;39.9;-1.9
11440;46.5;40.5;-2.1
11442;47.9;41.1;-0.6
11444;45.9;39.9;-1.7
11446;45.2;40.5;-1.8
11448;46;40.6;-1.4
11450;44.7;40.2;-2
11452;46;40.4;-1.6
11454;44.2;40.2;-1.7
11456;46.8;40.5;-1.8
11458;46.5;40.8;-1.9
11460;46.2;40.4;-2.4
11462;46.3;40.7;-1.9
11464;46.6;39.9;-1.5
11466;46.1;40.6;-1.8
11468;47.1;40.7;-2.2
11470;44.2;40.7;-1.2
11472;44;40.1;-1.7
11474;44;40.4;-1.9
11476;46;40.2;-1.4
11478;43.8;40.3;-1.7
11480;45;39.9;-1.7
11482;44.7;40.1;-1.7
11484;43.5;39.9;-1.6
11486;44.5;40.1;-1.8
11488;44.3;40.2;-1.6
11490;45.8;40.3;-1.6
11492;45.7;40.1;-1.9
11494;46.8;39.9;-1.7
11496;46.1;40.4;-1.7
11498;45.5;40;-1.8
11500;46.4;40.3;-1.7
11502;48.6;40.7;-1.2
11504;43.9;39.9;-2.5
11506;45;40;-1.6
11508;45.5;40.7;-1.2
11510;44.4;39.8;-2.4
11512;45.1;40.1;-1.1
11514;44.4;40.2;-1.7
11516;46.4;40.7;-2.4
11518;46.3;40.9;-1
11520;44.8;40.1;-2.1
11522;43;40.2;-1.5
11524;46.1;40.7;-1.1
11526;43;40.2;-2.1
11528;44.5;40;-1.5
11530;43.6;40;-1.6
11532;45.4;40.2;-2.5
11534;45.2;40.5;-1
11536;44.5;40;-1.6
11538;44.1;40.2;-1.7
11540;43.6;40.2;-1.3
11542;45.7;40.8;-2.3
11544;45.2;40.6;-1.3
11546;45.4;40.2;-1.8
11548;42.9;39.9;-1.9
11550;44.8;40;-1.4
11552;42.2;40.3;-2.2
11554;45.2;40.1;-1.4
11556;42.8;39.8;-1.4
11558;45.8;40.4;-2
11560;42.7;40.1;-1.5
11562;42.2;40.1;-1.9
11564;43.7;40.1;-1.6
11566;44;40.2;-1
11568;47.4;40.6;-2.2
11570;43.8;39.7;-1.7
11572;45.7;40.1;-0.8
11574;44.8;40.4;-2.3
11576;46.2;40.7;-1.6
11578;46.4;40.7;-1.7
11580;43.9;40.2;-1.9
11582;45.2;40.2;-2
11584;43.3;40.1;-1.9
11586;46.4;40.7;-1.3
11588;43.5;40;-1.8
11590;45.1;40.6;-2.2
11592;45.2;40.6;-1.5
11594;43.4;40;-1.6
11596;44.3;39.9;-1.9
11598;42.8;39.8;-1.3
11600;45.2;40.7;-2
11602;43;40.7;-1.7
11604;44.4;40.8;-1.5
11606;43;39.9;-2.1
11608;44.8;40.2;-1.5
11610;43;39.9;-1.4
11612;43.3;40.3;-1.9
11614;44.4;40.2;-1.7
11616;42.2;40.2;-1.2
11618;42.1;39.7;-2.6
11620;42;40;-1.7
11622;43.7;40.9;-1.4
11624;45.2;40.9;-2.3
11626;42.9;40.2;-1.1
11628;44.2;40;-1.6
11630;41.3;39.7;-2.2
11632;41.8;40.1;-1.3
11634;43.3;40.1;-1.8
11636;42.1;40.8;-1.7
11638;44.4;40.6;-1.3
11640;41.1;39.7;-2.1
11642;41.1;40;-1.2
11644;41.1;40.1;-2
11646;40.7;40.6;-1.9
11648;44.4;40.4;-1.2
11650;43;40.3;-2
11652;43.6;40.5;-1.9
11654;43.7;39.9;-1.1
11656;42.6;40.1;-2.3
11658;45;40.7;-1.6
11660;41.7;39.9;-1.4
11662;40.9;39.9;-2.5
11664;41.4;39.8;-1.2
11666;42.6;40.8;-1.8
11668;44.6;40.7;-2.2
11670;43.4;40.5;-1
11672;41.5;39.8;-2.4
11674;42;40;-1.6
11676;41.6;40.3;-1.3
11678;41.6;40.2;-2.5
11680;41.6;40.2;-1.2
11682;40.4;40;-1.3
11684;42.1;40.1;-2.4
11686;40.5;40;-1.1
11688;41.4;40.1;-2.2
11690;41.3;39.8;-1.7
11692;39.8;40;-1.2
11694;41.9;40;-2
11696;43;40.7;-1.8
11698;40.6;39.9;-1.9
11700;43.4;39.9;-1.7
11702;41.7;40.1;-1.7
11704;42.8;40.6;-1.5
11706;43.7;40.8;-2.2
11708;39.7;40.3;-1.7
11710;39.9;40.4;-1.8
11712;41.9;40.9;-1.7
11714;40.5;40;-1.4
11716;44.2;40.9;-1.9
11718;43.7;40.7;-2.2
11720;42.1;39.9;-1.4
11722;42.8;40.2;-1.5
11724;40.8;40;-1.8
11726;39.5;40;-1.5
11728;42.8;40.7;-1.6
11730;41.4;40.7;-2.1
11732;39.4;40;-1.6
11734;42.8;40.7;-1.4
11736;39.4;40.2;-1.8
11738;41.7;40.9;-1.7
11740;41.2;40.1;-1.4
11742;41;40.8;-2.3
11744;40;40.9;-1.3
11746;42.6;40.9;-1.8
11748;41.2;40.6;-2
11750;41.1;40.1;-1.2
11752;40.9;39.8;-1.9
11754;41.4;40.7;-1.8
11756;41.9;40.9;-1.2
11758;41.6;40.8;-2.2
11760;39.1;40.6;-1.3
11762;40;40.3;-1.2
11764;41;39.9;-2.5
11766;40.7;40.2;-1.5
11768;41.6;40.4;-1.5
11770;41.9;40.3;-2.2
11772;39.8;40;-2
11774;42.3;40.7;-1.6
11776;42;40.5;-1.6
11778;40.1;40.6;-1.4
11780;39;40.2;-1.8
11782;41.9;41;-2.1
11784;40;40.7;-1.4
11786;39.9;40.3;-1.6
11788;41.7;40.1;-1.9
11790;39.7;39.9;-1.4
11792;40.8;40.5;-2
11794;41.3;39.9;-1.8
11796;40.1;39.9;-1.1
11798;37.6;39.6;-2.4
11800;42;40.5;-1.1
11802;42.2;40.5;-1.1
11804;38.2;40.2;-2.5
11806;41.6;40.1;-1
11808;42.3;40.5;-2.1
11810;38.4;39.7;-2.2
11812;38.8;40.2;-0.9
11814;39.6;40.2;-2.3
11816;38.3;40;-1.6
11818;38.2;40.1;-1.3
11820;40.7;40;-2.2
11822;42;40.1;-1.5
11824;39.5;40.5;-1.6
11826;40.2;40.3;-2.2
11828;40.9;39.7;-1.3
11830;39.2;39.8;-1.9
11832;38.7;39.9;-1.6
11834;40;40.4;-0.9
11836;40.1;40.8;-2.1
11838;37.8;40.7;-1.6
11840;38.9;40.6;-1.8
11842;38.6;39.5;-2.5
11844;38.1;40.2;-0.4
11846;39.4;40.5;-2
11848;40.2;40.2;-2.1
11850;39.7;40.2;-1
11852;38.7;39.9;-2.1
11854;38.5;39.9;-1.4
11856;39.4;39.9;-1.3
11858;37.2;40;-2.5
11860;37.6;40.3;-1.3
11862;38.5;39.7;-1.5
11864;38.8;40.1;-2.3
11866;37.4;39.9;-1
11868;39.3;40.8;-2
11870;40.4;40.6;-1.5
11872;38.6;40.1;-0.9
11874;37.3;39.9;-2.4
11876;39.7;41;-1.7
11878;40.9;40.6;-1.4
11880;37.8;39.9;-1.8
11882;38.3;40.5;-1.1
11884;39.1;40.2;-2.6
11886;40.6;40.4;-1.1
11888;39.5;40.8;-1.5
11890;37.5;39.7;-2.3
11892;38.8;40.2;-1.5
11894;40.5;40.2;-1.8
11896;38.9;40.8;-2
11898;38;40.8;-1.8
11900;38.5;40.2;-2
11902;39;39.7;-1.7
11904;36.7;40.5;-1.5
11906;35;39.9;-1.6
11908;38.1;40.7;-1.8
11910;39.6;40.7;-2.1
11912;37.8;40.4;-1.3
11914;36.4;40;-1.6
11916;38.5;40;-1.8
11918;39.8;40.3;-1.3
11920;38;40;-1.9
11922;36.8;40;-1.8
11924;37.3;39.9;-1.5
11926;39.4;40.2;-2.2
11928;39.2;40.6;-1.8
11930;35.4;40;-1.5
11932;36.6;40.8;-1.8
11934;37.5;40.2;-1.3
11936;39.4;40.5;-1.7
11938;35.9;40.1;-2
11940;35.3;40;-1.3
11942;36.5;40;-1.7
11944;38.8;40.8;-1.8
11946;36.7;40.1;-1.3
11948;34.7;40.1;-1.5
11950;35.5;39.9;-2.2
11952;38.1;40.1;-1.1
11954;38.7;40.4;-2.2
11956;37.5;40.6;-2.2
11958;35.2;40.7;-1.1
11960;35.5;40.2;-2.3
11962;37.5;40;-1
11964;38.5;40.7;-1.6
11966;36.6;40.4;-2.4
11968;36.5;40.6;-0.6
11970;36.2;40;-2.4
11972;38.5;40.5;-1.5
11974;36.2;39.9;-1.4
11976;35.1;40.3;-2.5
11978;34;39.8;-1.1
11980;35.3;40;-1.9
11982;35.9;39.8;-2
11984;35.8;40.6;-1.3
11986;32.7;39.9;-2.2
11988;33.5;40.5;-1.4
11990;35.2;40.1;-1.4
11992;37;40.3;-2
11994;36.2;40;-1.2
11996;35.6;40.9;-2
11998;35.3;40.8;-1.7
12000;35.6;40.1;-1.3
12002;36;39.8;-2.4
12004;35.7;39.8;-2
12006;34.2;40.2;-1.4
12008;33.5;39.9;-2.4
12010;36.3;40.6;-1.4
12012;36.2;39.8;-1.5
12014;37.1;40.1;-1.7
12016;34.6;40.5;-0.9
12018;33.3;40.2;-1.7
12020;32.5;40.2;-1.8
12022;34.3;40.2;-1.1
12024;36.9;40.7;-2.1
12026;36.2;40.5;-1.5
12028;33.4;39.6;-1.5
12030;32.9;40.7;-2.1
12032;33.2;39.8;-1.6
12034;35.1;40;-1.5
12036;37.7;40.8;-2.1
12038;37.2;40.7;-1
12040;34.9;40.4;-1.6
12042;34.6;40.5;-2.2
12044;34.3;39.8;-1
12046;36.2;40.3;-1.9
12048;37.4;40.4;-2.3
12050;36.7;40.3;-1.2
12052;34.4;40.4;-2.2
12054;32.9;40.9;-2
12056;31.1;39.6;-1
12058;34.4;40.6;-2.4
12060;35.7;39.9;-1.6
12062;37;40.2;-1
12064;35.6;40.4;-2.4
12066;33;40.4;-1.2
12068;31.5;40;-1.5
12070;32.5;40.5;-1.8
12072;34.1;39.8;-1.1
12074;36.1;40.4;-2.1
12076;36.5;40.5;-2
12078;33.7;40;-1.4
12080;32.2;40.4;-1.9
12082;30.4;40;-1.6
12084;30.8;40.1;-1.5
12086;33.1;40.1;-1.7
12088;36.1;40.9;-2
12090;36.4;40.8;-1.6
12092;33.8;40.3;-1.2
12094;31.1;39.8;-2.1
12096;30.8;40.4;-1.2
12098;30.9;40.4;-1.4
12100;32.4;40.8;-2.4
12102;33.7;40.3;-1.2
12104;35.4;40;-1.6
12106;35.8;40.3;-2.5
12108;34.6;40.8;-1.3
12110;31.6;40;-1.5
12112;30.1;40.2;-1.9
12114;30.1;40;-1.4
12116;31.5;40.2;-1.3
12118;32.9;40.3;-2.5
12120;34.9;40.9;-1.3
12122;35.4;40.3;-1.8
12124;35.1;40.8;-2
12126;32.7;40.6;-0.8
12128;29.7;40.1;-2.2
12130;29.3;40.8;-1.7
12132;30.3;40.6;-0.9
12134;30.6;39.7;-2.8
12136;32.6;39.8;-1.6
12138;34.5;40.7;-1.2
12140;33.3;40;-2.5
12142;32.9;40.3;-1
12144;30.2;40.2;-2.1
12146;28.3;39.9;-1.7
12148;27.9;40.5;-0.9
12150;28.1;40.8;-2.5
12152;28.5;40.8;-1.3
12154;29.8;40.3;-1.7
12156;32.2;40.1;-2.4
12158;32.8;40.3;-0.9
12160;32;39.7;-1.8
12162;31.3;39.9;-1.8
12164;30.5;40.3;-0.9
12166;28.4;40.2;-2.5
12168;28.2;40.9;-1.4
12170;26.9;39.9;-1.3
12172;27;39.8;-2.3
12174;29.3;40.8;-0.8
12176;30;40.7;-2.1
12178;32.1;41;-2.2
12180;31.8;39.9;-1
12182;32.8;40.3;-2.2
12184;32;40.2;-1.7
12186;31.2;40.2;-1.6
12188;29.5;40.3;-1.9
12190;28.7;41;-0.9
12192;27.1;39.9;-2
12194;26.8;40.3;-1.5
12196;27;40;-1.1
12198;27.5;40.1;-2.1
12200;28.4;40.3;-1.4
12202;28.8;39.9;-1.7
12204;29.6;40.2;-2.2
12206;30.1;40.2;-1.6
12208;31;40.8;-1.9
12210;30;39.9;-1.5
12212;29.6;40.5;-1.4
12214;28.8;39.8;-1.9
12216;28;40.5;-1.7
12218;27.2;40.8;-1.4
12220;26.3;40.9;-1.9
12222;25.2;40.2;-1.9
12224;25.1;40;-1.7
12226;25.7;40.4;-1.6
12228;25.5;40;-1.7
12230;25.3;40;-1.3
12232;26.1;40.2;-2.1
12234;26.6;40.7;-2.2
12236;26.3;39.8;-1.1
12238;27;40.2;-1.9
12240;27.8;40.9;-1.8
12242;27.7;40.1;-1.5
12244;28.1;39.9;-2.2
12246;29.3;40.7;-2
12248;28.8;40.1;-1.8
12250;28.6;40.4;-2.1
12252;28.8;40.7;-1.5
12254;27.6;40.4;-1.4
12256;27.1;39.5;-2.1
12258;26.7;40.2;-1.8
12260;25.4;40.2;-1.3
12262;24.7;40.6;-2.2
12264;23.5;40.1;-2
12266;23.9;40.4;-1.4
12268;23.8;40.6;-2
12270;23.5;40.3;-1.8
12272;23.1;39.9;-1.6
12274;23.4;40.6;-2.1
12276;23.7;40.5;-1.8
12278;23.7;40.4;-1.1
12280;24;40.7;-1.7
12282;24.4;40.7;-1.9
12284;23.8;40;-1.5
12286;24.4;40;-1.7
12288;24.4;40.2;-1.7
12290;24.4;40;-1
12292;24.3;40.1;-2
12294;24.8;40;-1.7
12296;24.8;40;-1
12298;25.2;40.3;-2
12300;25.8;40.8;-2.1
12302;25.6;40.5;-1.8
12304;25.4;40;-1.9
12306;26.3;40.7;-2
12308;25.6;40.1;-1.4
12310;26;40.1;-1.7
12312;26.1;40.2;-1.8
12314;25.9;40;-1.6
12316;26.3;39.5;-1.5
12318;26.3;40.7;-1.8
12320;26.2;39.8;-1.7
12322;26;40.1;-1.4
12324;26.3;40.6;-1.7
12326;26.3;40.2;-1.5
12328;26.1;40.1;-1.8
12330;26.2;40.1;-1.9
12332;25.7;40.1;-1.6
12334;25.9;40.2;-1.9
12336;25.5;40;-1.7
12338;25.8;39.9;-1.3
12340;25.9;40.7;-1.8
12342;25.5;40.1;-2
12344;25.1;40.2;-1.4
12346;25.1;40.8;-1.8
12348;25.3;40.9;-2.2
12350;25.2;40.5;-1.6
12352;25.1;40.7;-1.5
12354;24.9;40.6;-2
12356;24.1;40;-1.5
12358;24.3;40.6;-1.6
12360;23.9;40.8;-2.3
12362;24;40;-1.4
12364;23.7;39.9;-1.9
12366;23.8;40.6;-2.2
12368;23.3;40.1;-1.1
12370;23.4;40.1;-1.7
12372;23.8;40.9;-2
12374;22.9;40.6;-1.5
12376;23.2;40.2;-1.8
12378;23.1;39.8;-1.6
12380;23;40.5;-1.5
12382;22.6;40.3;-2
12384;22.9;40.1;-1.7
12386;23;40.4;-1.4
12388;23;40.7;-1.9
12390;22.5;39.8;-1.6
12392;22.7;40.6;-1.8
12394;22.7;41;-1.4
12396;22.7;40.5;-1.3
12398;22.5;40;-1.8
12400;22.8;40.7;-1.7
12402;22.2;40;-1.5
12404;22.5;40.1;-2.4
12406;22.5;40.6;-1.6
12408;22.4;40.2;-1.6
12410;22.2;40;-1.9
12412;22.2;39.8;-1.2
12414;22.1;39.9;-2.3
12416;22.2;40.4;-1.5
12418;22.3;40.8;-1.2
12420;22.5;40.1;-2.1
12422;21.8;39.8;-1.1
12424;21.6;39.8;-2
12426;21.9;40.3;-1.9
12428;21.9;40.3;-1.4
12430;21.6;39.9;-1.6
12432;21.6;40.1;-1.7
12434;21.8;40.1;-1.2
12436;21.7;39.9;-1.6
12438;21.6;40.4;-1.9
12440;21.3;40;-1.4
12442;21.7;41;-1.9
12444;21.6;40.7;-2.1
12446;21.3;39.7;-1.6
12448;21.4;40.1;-1.7
12450;21.6;40.7;-1.7
12452;21.2;40.4;-1.7
12454;21;40;-1.4
12456;21.1;40.2;-1.6
12458;20.9;40;-1.7
12460;21;40;-1.5
12462;20.8;39.9;-1.5
12464;20.9;40;-2
12466;21.1;40.5;-1.5
12468;21.2;40.8;-1.3
12470;21.2;40.4;-1.8
12472;20.7;40.6;-1.5
12474;20.8;40.2;-1.7
12476;20.8;40.9;-2
12478;20.6;40.3;-1.2
12480;20.6;40;-1.4
12482;20.6;39.8;-1.8
12484;20.6;39.8;-1.5
12486;20.6;40.5;-2.1
12488;20.4;40.3;-1.5
12490;20.7;41.1;-1.3
12492;20.6;40.7;-1.6
12494;20.1;40.1;-1.8
12496;20.3;40.6;-1.8
12498;20.5;40.9;-1.5
12500;20;40.1;-1.7
12502;20.2;39.9;-1.7
12504;20.4;40.7;-1.7
12506;20.1;39.7;-1.8
12508;20;40.7;-1.3
12510;19.7;40;-1.6
12512;20.1;40.7;-1.7
12514;19.7;40.1;-2.1
12516;20.1;40.3;-1.6
12518;19.8;40;-1.1
12520;19.7;40;-2.3
12522;19.5;40;-1.3
12524;19.6;40.3;-1.4
12526;19.8;40;-2.3
12528;20.1;40.8;-1.2
12530;19.9;40.2;-1.8
12532;19.5;40.4;-2.1
12534;19.7;40.2;-1.2
12536;19.5;39.6;-2.4
12538;19.8;40.7;-1.6
12540;19.7;40.6;-1.3
12542;19.6;40.1;-2.3
12544;19.6;40.3;-1.4
12546;19.6;40.1;-1.5
12548;20;40.3;-2.2
12550;19.7;40.8;-1.3
12552;19.9;40.7;-2.2
12554;19.5;40.2;-1.7
12556;19.6;40.2;-1.6
12558;19.8;40.8;-1.9
12560;19.8;40.6;-1.6
12562;19.4;40.1;-1.3
12564;19.7;40.2;-2.1
12566;19.8;40.7;-1.6
12568;19.8;40.7;-1.4
12570;20;40.5;-2.1
12572;19.6;39.9;-1.4
12574;19.3;40;-1.6
12576;19.9;40.9;-2
12578;19.6;40.4;-1.4
12580;19.5;40;-1.4
12582;19.5;40.6;-1.8
12584;19.4;39.8;-1.8
12586;19.9;40.5;-1.5
12588;19.8;40.5;-1.7
12590;19.5;40.1;-1.6
12592;19.8;40.7;-1.5
12594;19.7;39.8;-2.1
12596;20;40.5;-1.1
12598;20;40.8;-1.9
12600;19.6;40.2;-2
12602;19.6;39.9;-1.1
12604;19.6;40.1;-2.1
12606;19.5;39.8;-1.9
12608;19.4;39.7;-1.1
12610;19.6;39.7;-1.8
12612;19.6;39.9;-1.7
12614;19.8;40.9;-1.5
12616;19.7;40.3;-1.9
12618;20;40.7;-2
12620;19.7;39.6;-1.6
12622;19.5;39.7;-1.8
12624;19.6;40.3;-2
12626;19.6;40.7;-1.7
12628;19.7;40.3;-1.4
12630;19.7;40.1;-1.6
12632;19.9;40.8;-1.6
12634;19.5;39.9;-1.4
12636;19.5;40.3;-1.8
12638;19.6;40;-2.3
12640;19.7;41.1;-1.2
12642;20.2;41;-1.2
12644;19.7;39.9;-2.3
12646;20.1;40.6;-1
12648;20;40.6;-2
12650;20;40.7;-2.2
12652;19.6;40.3;-1
12654;19.7;40;-2.5
12656;19.8;40;-1.6
12658;19.8;40.7;-1.7
12660;19.8;40;-2.4
12662;19.6;39.9;-0.5
12664;19.8;40.1;-2
12666;19.8;40.5;-2
12668;19.7;40.1;-1.2
12670;19.8;40;-2.1
12672;19.6;40;-1.6
12674;19.9;40;-1.2
12676;19.9;40.6;-2.2
12678;19.7;40.6;-1.7
12680;19.7;40.4;-1.4
12682;19.7;40.2;-2
12684;19.9;40.1;-1.3
12686;19.9;40.9;-2.1
12688;20.3;40.9;-1.6
12690;20.2;40.8;-1.5
12692;19.5;40.3;-1.8
12694;19.9;39.7;-1.5
12696;20.3;40.8;-1.1
12698;19.9;40;-2
12700;20.3;41.1;-1.6
12702;20.3;40.6;-2.1
12704;19.8;39.9;-1.7
12706;20;39.9;-1.4
12708;20.5;40.6;-2
12710;19.9;40.1;-0.9
12712;19.9;40;-2.2
12714;20;40.4;-1.6
12716;20.2;40.4;-1.3
12718;20;40.2;-2.1
12720;20.1;40;-1.7
12722;20;40.3;-1.1
12724;20.3;40.8;-2.5
12726;19.9;40.3;-1.1
12728;20;40;-1.9
12730;19.9;40;-2.3
12732;20.4;40.7;-1.1
12734;19.8;40;-1.9
12736;20.2;40.3;-1.7
12738;20.5;40.8;-1.5
12740;20.2;40.3;-2
12742;20.1;39.7;-1.7
12744;20.6;40.7;-1.5
12746;19.8;40.4;-2
12748;20.1;41;-1
12750;20.6;40.5;-1.5
12752;20.1;39.7;-2.2
12754;20.4;40.5;-1.2
12756;20.2;40.6;-1.8
12758;20.4;40.3;-1.9
12760;20;40.6;-1.1
12762;20.5;40.7;-2.6
12764;20.4;40.4;-1.2
12766;20.2;40.1;-1.7
12768;20.4;40.8;-2.1
12770;20.3;40.2;-1
12772;20;40.2;-1.8
12774;20.7;40.6;-1.8
12776;20.4;40.3;-1.6
12778;20.8;40.5;-2.1
12780;20.5;40;-1.3
12782;20.2;39.6;-2
12784;20.7;40.9;-1.7
12786;20.1;40;-1.3
12788;20.5;40.6;-1.6
12790;20.3;40.9;-1.6
12792;20.3;40;-1.8
12794;20.2;39.8;-2.2
12796;20.5;40.7;-1.5
12798;20.4;40.4;-1.5
12800;20.2;40.2;-2
12802;20.7;41;-1.8
12804;20.7;40.8;-1.1
12806;20.3;39.9;-2.2
12808;20.6;40.7;-1.6
12810;20.2;40;-1.3
12812;20.4;39.9;-2.4
12814;20.5;40.1;-1.3
12816;20.6;40.1;-1.5
12818;20.4;40.2;-2.3
12820;20.4;40.2;-1.2
12822;20.8;40.1;-2
12824;20.5;40.5;-2
12826;20.5;39.9;-1.5
12828;20.5;40.1;-2.2
12830;20.5;40.5;-1.6
12832;20.4;40.1;-1.1
12834;20.4;40.2;-2.1
12836;20.6;40.6;-1.6
12838;20.6;39.9;-1.8
12840;20.7;40.7;-1.8
12842;20.6;40.4;-1.5
12844;20.6;40.6;-2
12846;20.7;40.8;-1.9
12848;20.3;39.7;-1.3
12850;20.6;40;-1.7
12852;20.2;39.9;-1.9
12854;20.6;40.3;-1.7
12856;20.8;40.8;-1.7
12858;20.9;40.8;-1.4
12860;20.8;40.1;-1.5
12862;20.6;39.7;-1.7
12864;20.5;39.8;-1.8
12866;20.7;40.6;-1.3
12868;20.9;40.9;-1.8
12870;20.6;40.2;-1.6
12872;20.6;40;-0.8
12874;20.9;39.9;-2
12876;20.7;40.3;-1.8
12878;21;40.8;-1.5
12880;20.6;40.3;-2.3
12882;20.6;40.1;-1.2
12884;20.6;40.1;-1.6
12886;20.6;40;-2.1
12888;21.2;40.9;-1.1
12890;21;40.7;-2.3
12892;20.7;40;-1.6
12894;20.7;39.8;-1.3
12896;20.9;40.3;-2
12898;20.7;40.2;-1.4
12900;21.3;40.7;-1.7
12902;20.7;40.1;-2.3
12904;20.8;39.9;-1.5
12906;20.8;40;-1.8
12908;21.2;40.7;-2.2
12910;21.1;40.8;-1.1
12912;21.2;40.6;-1.6
12914;20.7;40.4;-2.1
12916;21.2;40.7;-1.1
12918;20.7;40.2;-2
12920;21.1;40.7;-2.1
12922;20.7;39.7;-1.4
12924;20.9;40;-2.3
12926;21.2;40.8;-1.9
12928;21.2;40.6;-0.9
12930;21.5;40.3;-2.3
12932;20.9;40.1;-1.1
12934;21.2;40.7;-1.6
12936;20.9;40.2;-2.1
12938;20.8;40;-1.5
12940;20.9;40.2;-1.5
12942;21;39.9;-2.2
12944;21;40;-1.5
12946;21.3;40.6;-1.5
12948;21.3;40.8;-1.9
12950;21.4;40.8;-1.2
12952;21.3;40.6;-1.8
12954;21.2;40.6;-1.6
12956;20.9;39.8;-1
12958;21.3;40.7;-2.1
12960;20.9;40.1;-1.1
12962;21.3;40.7;-1.6
12964;20.9;40.2;-2
12966;20.9;40;-1.3
12968;21;39.8;-1.7
12970;21.3;40.9;-2
12972;21.4;40.5;-1.2
12974;21.1;40.2;-2.1
12976;21.3;40.3;-1.6
12978;21.4;40.3;-1.3
12980;20.9;39.9;-2.1
12982;21;40.3;-1.5
12984;21.1;40.2;-1.8
12986;21.5;40.7;-1.7
12988;21.5;40.6;-1.3
12990;21.2;40.3;-1.8
12992;21.1;40.5;-1.7
12994;21.1;40.6;-1.6
12996;20.9;39.9;-2
12998;21.1;39.9;-1.7
13000;21.3;40.4;-1.4
13002;21.3;40.3;-1.6
13004;21.1;40;-1.6
13006;20.9;39.8;-1.7
13008;21.6;40.7;-1.5
13010;21.3;40.2;-1.8
13012;21.3;39.9;-2
13014;21;40;-1.3
13016;21.3;40.7;-1.4
13018;21.6;40.9;-2.1
13020;21.3;40;-1.6
13022;21.2;40.1;-1.5
13024;21.1;40.1;-1.8
13026;21.5;40.2;-1.6
13028;21.2;40.1;-1.4
13030;21.5;40.2;-2
13032;21.3;40.8;-1.6
13034;21.1;39.8;-1.5
13036;21.3;40.3;-1.7
13038;21.6;40.9;-1.8
13040;21.4;40.7;-1.1
13042;21.2;40;-2.1
13044;21.6;40.7;-1.7
13046;21.6;40.4;-1.4
13048;21.3;40.1;-2.1
13050;21.6;40.7;-1.6
13052;21.3;40.2;-1.2
13054;21.7;40.7;-2.6
13056;21.3;40.6;-1.2
13058;21.3;40.2;-1.6
13060;21.4;40.1;-1.9
13062;21.2;40.1;-1.1
13064;21.5;40.1;-2.1
13066;21.4;39.8;-1.4
13068;21.7;40.8;-1.4
13070;21.6;40.7;-2.2
13072;21.1;40;-1.3
13074;21.3;40;-2
13076;21.7;40.5;-1.6
13078;21.7;40.1;-1.1
13080;21.6;40.1;-2.4
13082;21.6;40.4;-1.2
13084;21.5;40.3;-1.6
13086;21.7;40.2;-2.2
13088;21.8;40.5;-1.1
13090;21.6;40.5;-2.2
13092;21.2;40;-1.6
13094;21.6;40.2;-1.3
13096;21.6;40.9;-2.2
13098;21.7;40.3;-1
13100;21.7;40.5;-1.6
13102;21.8;40.5;-2
13104;21.7;40.6;-1.2
13106;21.4;40;-1.9
13108;21.9;40.9;-1.6
13110;21.8;40.6;-1.4
13112;21.6;40.3;-1.9
13114;21.4;39.9;-1.9
13116;21.7;40.8;-1.4
13118;21.6;40.3;-1.8
13120;21.8;40.4;-1.7
13122;21.4;39.8;-1.7
13124;21.6;39.9;-1.5
13126;21.8;40.1;-1.1
13128;21.7;40.5;-2.1
13130;21.3;40.3;-1.5
13132;21.8;40.3;-1.2
13134;21.3;40;-2.2
13136;21.9;40.8;-1.3
13138;21.3;39.8;-1
13140;21.7;40.6;-2.2
13142;21.5;40.1;-1.4
13144;21.7;40;-1.2
13146;21.8;40.4;-2.1
13148;21.5;39.7;-1.3
13150;21.8;40.8;-1.6
13152;21.7;40.8;-2.3
13154;22;40.8;-1.2
13156;21.7;40.3;-1.7
13158;22.1;40.7;-2.1
13160;21.9;40.6;-1.1
13162;21.5;39.9;-1.4
13164;22;40.6;-2.2
13166;21.9;40.8;-1.4
13168;22.1;41;-1.8
13170;21.9;40;-2
13172;21.8;40.3;-1.6
13174;21.7;40;-1.9
13176;21.5;40.1;-1.6
13178;21.5;40.1;-1.3
13180;21.7;40;-1.8
13182;21.6;40;-1.4
13184;21.7;40;-1.4
13186;21.5;39.9;-2.1
13188;22;40.8;-1.1
13190;21.7;40.5;-1.6
13192;21.8;40;-2.3
13194;22;40.5;-1.3
13196;21.9;39.9;-2.3
13198;22.2;40.9;-1.7
13200;21.8;40.4;-1.4
13202;21.7;40;-2
13204;21.6;39.8;-1.2
13206;21.6;40.1;-1.7
13208;22;40.3;-1.6
13210;21.6;39.8;-1.2
13212;21.7;40.3;-1.8
13214;21.7;39.9;-1.7
13216;21.8;40;-1.5
13218;22;40.3;-2.1
13220;21.7;39.9;-1.8
13222;21.7;40;-1.6
13224;22.1;40.7;-1.6
13226;22;40.5;-1.9
13228;22;40.7;-1.4
13230;22.2;40.6;-2
13232;21.8;40;-1.5
13234;21.7;40;-1.4
13236;21.9;40.5;-2.1
13238;21.7;40.3;-1.5
13240;21.9;40.4;-1.4
13242;22.2;40.8;-2
13244;21.7;39.8;-1.7
13246;22;40.3;-1.6
13248;21.7;39.7;-1.7
13250;21.8;40.2;-1.7
13252;22.3;40.9;-1.6
13254;21.9;40.4;-1.5
13256;21.7;40;-1.6
13258;22.4;40.6;-1.8
13260;21.7;40.1;-1.9
13262;21.7;40.3;-1
13264;21.9;40;-1.7
13266;21.9;40.4;-1.7
13268;21.7;39.9;-1.5
13270;22.1;40.5;-1.7
13272;21.8;40;-1.7
13274;21.8;39.8;-1.3
13276;22;40.3;-1.8
13278;21.6;40.3;-1.7
13280;21.9;40.5;-1.3
13282;21.7;39.6;-1.8
13284;21.9;40.1;-1.7
13286;22;40.2;-1.5
13288;22.4;40.6;-1.7
13290;21.6;40.1;-2
13292;22.1;40.1;-1.6
13294;22.1;40.6;-1.1
13296;22.2;40.5;-1.6
13298;22;40.1;-1.5
13300;21.9;40.3;-1.7
13302;21.7;40.4;-1.6
13304;22;40.3;-1.3
13306;21.6;40.3;-1.6
13308;22.2;40.8;-1.8
13310;21.8;40;-1.4
13312;21.7;39.8;-1.8
13314;21.8;39.8;-1.5
13316;21.8;40.5;-1.6
13318;22;40.2;-1.5
13320;22.1;40.8;-1.8
13322;21.9;39.9;-1.5
13324;21.9;40.2;-1.6
13326;21.8;40;-1.6
13328;21.8;40.1;-1.7
13330;21.7;39.7;-1.6
13332;22.2;40.4;-1.8
13334;22.2;39.9;-1.4
13336;21.8;39.9;-2.1
13338;21.8;40.9;-2
13340;21.9;40.3;-0.8
13342;21.7;39.8;-2.1
13344;21.7;39.5;-1.7
13346;22.3;40.4;-1.6
13348;22.3;40.7;-2.2
13350;21.8;40.1;-1.3
13352;22;40.9;-1.2
13354;22.1;40.9;-2.2
13356;22.3;40.7;-1.6
13358;22.3;40.1;-1.6
13360;22.3;40.5;-1.8
13362;21.7;39.6;-1.7
13364;22.1;40.7;-2
13366;22;41;-1.3
13368;22.1;40.2;-1.6
13370;22.1;40.4;-1.7
13372;21.8;39.9;-1.4
13374;22.1;40.6;-1.9
13376;22.2;40.6;-1.6
13378;22.2;40.9;-1.2
13380;21.7;39.9;-2.1
13382;22;40.2;-1.5
13384;22.4;40.8;-1.7
13386;21.8;40.2;-2.1
13388;21.6;40.1;-1.2
13390;21.9;40.3;-1.7
13392;21.9;40.4;-1.7
13394;21.7;40;-1.2
13396;21.8;40;-2.2
13398;22.3;40.4;-1.8
13400;21.7;39.9;-1
13402;22.1;39.7;-2.2
13404;21.7;39.9;-1.1
13406;21.9;39.6;-1.6
13408;22.2;40.8;-2.3
13410;22;40.3;-0.9
13412;21.6;40.1;-2.2
13414;22;39.9;-1.6
13416;21.8;40.1;-0.9
13418;22.2;40.3;-2.2
13420;21.7;40.4;-1.4
13422;21.7;40;-1.5
13424;21.8;40;-2.1
13426;21.8;40.1;-1.4
13428;22.2;40.7;-1.5
13430;21.9;39.9;-2.3
13432;21.7;40;-0.9
13434;22.3;40.8;-1.7
13436;21.9;40.5;-2.2
13438;22.3;40.7;-1
13440;21.8;40.1;-2
13442;21.7;39.8;-2
13444;21.7;39.7;-1.1
13446;21.9;40.4;-1.9
13448;21.7;40;-1.3
13450;22.1;40.9;-1.4
13452;22.2;40.2;-2
13454;21.8;39.9;-1.7
13456;21.6;40.4;-1.4
13458;22;40.3;-1.8
13460;21.8;39.8;-1.5
13462;22.1;40;-1.6
13464;21.6;40.5;-2
13466;22.2;40.9;-1.4
13468;22;40.9;-1.3
13470;22;40.6;-1.7
13472;21.8;40.3;-1.7
13474;21.8;39.9;-1.5
13476;21.9;40.2;-1.8
13478;21.7;40;-1.7
13480;21.7;40.1;-1.4
13482;21.6;40.2;-2
13484;21.8;40.2;-1.5
13486;21.9;40.5;-1.3
13488;22;40.8;-1.8
13490;22.1;40.4;-1.6
13492;21.7;40.1;-1.5
13494;22.2;40.9;-1.8
13496;22.2;40.9;-1.7
13498;22.1;40.2;-1.6
13500;22.2;40.7;-1.8
13502;21.8;40.1;-1.1
13504;21.7;39.9;-1.6
13506;22;40.4;-2
13508;21.7;40.4;-1.1
13510;22.1;40.2;-1.6
13512;21.7;39.9;-1.9
13514;21.9;39.9;-1.6
13516;21.9;39.9;-1.8
13518;22.1;40.9;-2
13520;21.7;40;-1.7
13522;21.7;40;-1.5
13524;21.9;40.2;-1.6
13526;22.1;40.3;-1.5
13528;22.1;40.7;-1.6
13530;22.1;40.3;-1.5
13532;21.7;39.8;-1.5
13534;21.9;40.2;-1.8
13536;22;40.3;-2.2
13538;21.7;40.1;-1.8
13540;21.8;40.1;-1.5
13542;22.1;40.6;-2.1
13544;21.7;39.7;-1.3
13546;22.1;40.6;-1.7
13548;21.9;40.7;-2.1
13550;22.2;40.4;-1.3
13552;21.8;40.2;-2
13554;22.1;40.1;-1.6
13556;21.6;39.8;-1.3
13558;22.1;41;-2
13560;21.9;40.7;-1.4
13562;21.8;40.4;-1.7
13564;21.8;40.6;-2.1
13566;21.9;40.2;-1.4
13568;21.7;39.9;-1.6
13570;22.3;40.6;-1.6
13572;21.7;40.2;-1.4
13574;21.7;40.2;-1.5
13576;21.9;40.5;-1.8
13578;22;40.6;-1.3
13580;22.3;40.7;-1.8
13582;21.7;40.6;-1.8
13584;21.7;40.2;-1.6
13586;22;41.1;-1.6
13588;21.8;40.4;-1.7
13590;22;40;-1.6
13592;21.7;39.9;-1.5
13594;22.1;41;-1.5
13596;21.9;40.2;-1.5
13598;21.8;40.2;-1.5
13600;22.1;40.3;-1.5
13602;21.7;39.9;-1.5
13604;21.6;40.1;-1.7
13606;21.7;39.8;-1.8
13608;21.5;40.8;-1.5
13610;21.8;39.8;-2.1
13612;21.7;39.8;-1.4
13614;21.7;40;-1.3
13616;21.9;40.6;-2
13618;22.1;40.6;-1.5
13620;21.7;40.1;-1.4
13622;21.8;40.1;-1.9
13624;21.9;40;-1.6
13626;21.8;40.3;-1.6
13628;21.5;40;-2.1
13630;21.8;40;-1.6
13632;21.6;40;-1.8
13634;21.6;39.9;-1.9
13636;21.7;40.1;-1.3
13638;22.2;40.4;-1.5
13640;21.7;40.3;-1.4
13642;22.2;40.7;-1.4
13644;22.1;40.6;-2.2
13646;22.1;40.9;-1.5
13648;22.1;40.6;-1.2
13650;22;40.4;-2
13652;21.8;40;-1.2
13654;21.6;40;-1.7
13656;21.6;39.8;-2.1
13658;21.5;40;-1.3
13660;21.7;40;-2
13662;21.7;40.2;-1.6
13664;21.7;40;-0.9
13666;21.9;40.6;-2.2
13668;21.6;40;-1.5
13670;22.3;40.7;-1.5
13672;21.6;40;-2.3
13674;21.7;40.1;-0.9
13676;22.2;40.3;-1.7
13678;21.7;39.9;-1.8
13680;21.6;40.4;-1.1
13682;21.7;40.2;-1.8
13684;21.8;40.5;-1.3
13686;21.6;39.5;-1.4
13688;21.5;39.8;-2.1
13690;21.7;40.3;-1.2
13692;21.8;41.2;-1.3
13694;22;41;-2.2
13696;21.8;40;-1.3
13698;21.9;40;-1.6
13700;21.7;40.1;-1.6
13702;21.6;39.9;-1.4
13704;21.9;40.2;-1.7
13706;21.6;39.5;-2.2
13708;22.1;40.4;-1.9
13710;21.6;40.1;-1.6
13712;22.1;40.8;-1.7
13714;22;40.7;-1.9
13716;21.8;40.1;-1.5
13718;21.6;39.7;-1.5
13720;21.6;40;-1.2
13722;21.6;40;-1.4
13724;21.6;40;-1.7
13726;21.7;39.9;-1.6
13728;22;40.5;-1.5
13730;21.5;40.2;-1.5
13732;21.5;40;-1.7
13734;22.1;40.5;-1.3
13736;21.6;39.8;-1.8
13738;21.9;40.7;-2
13740;21.4;39.9;-1
13742;21.9;39.9;-2.4
13744;22.1;40.4;-1.5
13746;21.6;40;-1.2
13748;21.5;40.1;-2.5
13750;21.9;40.4;-0.7
13752;22;40.4;-1.6
13754;21.7;39.5;-2.2
13756;21.8;40.1;-0.8
13758;21.9;40.8;-1.8
13760;21.6;40.1;-1.8
13762;22.1;40.6;-1.2
13764;21.6;40.2;-2.2
13766;21.8;40.1;-1.3
13768;21.9;40.9;-1.8
13770;22;40.3;-2
13772;21.7;40.1;-1.1
13774;21.3;39.6;-2
13776;22;40.6;-1.6
13778;21.6;40.3;-1.4
13780;21.7;40.5;-2
13782;21.7;40.7;-1.7
13784;21.6;40;-1.5
13786;21.7;40.4;-1.6
13788;21.6;40.2;-1.6
13790;21.9;40.6;-1.5
13792;21.8;40.3;-2
13794;21.6;39.6;-1.5
13796;21.9;40.1;-1.9
13798;21.9;40.5;-1.9
13800;21.9;40.8;-1.4
13802;21.6;40.7;-1.9
13804;22.1;40.1;-1.6
13806;21.4;39.8;-1.5
13808;21.6;40;-1.7
13810;21.6;40;-1.3
13812;21.6;40.4;-2
13814;21.7;39.9;-1.7
13816;21.6;40.4;-1.4
13818;21.5;40.1;-2
13820;21.5;39.9;-1.6
13822;21.5;39.9;-1.6
13824;21.9;40.9;-2
13826;21.6;40.6;-1.1
13828;21.6;40;-1.8
13830;21.5;40;-2.3
13832;21.6;40.2;-1
13834;21.4;39.9;-2
13836;21.6;40.5;-2.3
13838;21.6;40.3;-1.1
13840;21.7;40.3;-1.9
13842;21.3;39.8;-1.5
13844;21.4;40.1;-1.2
13846;21.6;40.4;-1.6
13848;21.9;41.1;-2
13850;21.6;41.1;-1.7
13852;21.9;40.4;-1.3
13854;21.4;39.8;-1.8
13856;21.6;40;-1.2
13858;22;40.9;-1.6
13860;21.5;40.2;-2.2
13862;21.6;40.4;-1.4
13864;21.5;39.8;-1.4
13866;21.4;39.6;-2.1
13868;21.8;40.7;-1.4
13870;21.6;40.5;-1.5
13872;21.5;40.4;-2.1
13874;21.7;40.1;-1.5
13876;21.7;40.7;-1.4
13878;21.7;39.9;-1.9
13880;21.5;39.9;-1.7
13882;21.5;40;-1.4
13884;21.6;40.1;-2.2
13886;21.6;40.2;-1.2
13888;21.9;40.7;-1.2
13890;21.6;40.1;-2.3
13892;21.5;39.9;-1.2
13894;21.4;40.5;-1.6
13896;21.9;40.8;-1.5
13898;21.3;40.1;-1.3
13900;21.7;39.5;-2
13902;21.6;40.1;-1.6
13904;21.4;39.9;-1.2
13906;21.6;40.2;-1.8
13908;21.5;40.4;-1.5
13910;21.5;40.1;-1.6
13912;21.8;40.7;-2
13914;21.6;39.8;-1.6
13916;21.9;40.5;-1.5
13918;21.6;40.4;-1.7
13920;21.5;40.3;-1.7
13922;21.8;40.5;-1.4
13924;21.8;40.5;-1.6
13926;21.7;40.2;-1.5
13928;21.6;40.1;-1.3
13930;21.4;40.3;-1.9
13932;21.9;40.9;-1.6
13934;21.5;39.9;-1.5
13936;21.5;40.1;-1.6
13938;21.5;40.3;-1.7
13940;21.7;40.5;-1.1
13942;21.6;40.5;-1.9
13944;21.4;40.3;-1.7
13946;21.6;40.9;-0.9
13948;21.8;40.7;-2.4
13950;21.7;40.8;-1.7
13952;21.6;40.7;-1.4
13954;21.9;41;-2.4
13956;22;40.2;-1
13958;21.8;40;-1.8
13960;21.9;40.8;-2.7
13962;21.8;41.3;-0.7
13964;21.5;39.9;-2.4
13966;21.6;40.1;-1.6
13968;21.6;40.4;-1.3
13970;21.5;39.8;-2.8
13972;21.5;40.4;-1.1
13974;21.5;40.1;-1.9
13976;21.9;40.9;-2.4
13978;21.7;40.9;-0.7
13980;21.5;39.8;-2.1
13982;21.5;40.4;-1.3
13984;21.8;40.7;-1.2
13986;21.7;40.5;-2.4
13988;21.4;40.2;-1.4
13990;21.6;40;-1.6
13992;21.6;40.2;-2.2
13994;21.5;40;-1.1
13996;21.5;39.8;-1.7
13998;21.8;40.7;-2
14000;21.6;40.9;-1.1
14002;21.7;40.7;-1.6
14004;21.7;40.4;-1.9
14006;21.4;40;-1.4
14008;21.8;40.5;-1.7
14010;21.7;40;-1.9
14012;21.5;40.3;-1.7
14014;21.3;39.9;-1.5
14016;21.5;40.6;-1.4
14018;21.6;40.1;-1.8
14020;21.5;40;-1.7
14022;21.9;40.6;-1.6
14024;21.5;40.1;-1.4
14026;21.6;40.6;-2
14028;21.6;40.8;-1.5
14030;21.7;40.4;-1.7
14032;21.6;40.5;-1.8
14034;21.6;40.1;-1.5
14036;21.7;40.2;-1.7
14038;21.4;40;-1.6
14040;21.4;40.3;-1.4
14042;21.4;40.2;-1.7
14044;21.8;40.8;-1.7
14046;21.9;40.5;-1.6
14048;21.6;40.2;-1.8
14050;21.7;40.8;-1.4
14052;21.4;40.1;-1.8
14054;21.5;40.4;-1.7
14056;21.8;40.6;-1.3
14058;21.8;40.6;-1.8
14060;21.4;39.8;-1.7
14062;21.2;40.2;-1.6
14064;21.4;40.3;-1.3
14066;21.5;40.2;-1.3
14068;21.8;40.5;-2
14070;21.3;39.8;-1.8
14072;21.3;40.2;-1.3
14074;21.6;40.5;-2.1
14076;21.6;40.4;-1.5
14078;21.3;39.9;-1.3
14080;21.4;40;-2.2
14082;21.4;40.7;-1.4
14084;21.4;40.4;-1.6
14086;21.4;39.9;-1.7
14088;21.4;40.1;-1.4
14090;21.6;40.5;-1.6
14092;21.3;40;-1.5
14094;21.5;40.4;-1.2
14096;21.7;40.9;-2.3
14098;21.8;40.8;-1.5
14100;21.8;40.8;-1.8
14102;21.2;39.9;-2.2
14104;21.4;40;-1.5
14106;21.3;40.4;-1.7
14108;21.4;40.7;-2.3
14110;21.6;40.6;-1.2
14112;21.4;39.5;-2
14114;21.5;39.9;-1.8
14116;21.5;40;-1.2
14118;21.7;41.2;-1.9
14120;21.4;40.1;-2.1
14122;21.6;40.7;-1.6
14124;21.6;39.9;-1.8
14126;21.6;40.8;-1.9
14128;21.4;40.3;-2
14130;21.4;40.3;-1.6
14132;21.4;40.2;-1.8
14134;21.3;39.9;-1.4
14136;21.4;39.8;-1.6
14138;21.9;40.6;-2.3
14140;21.7;40.4;-1.4
14142;21.2;40.2;-1.5
14144;21.6;40.6;-2
14146;21.4;40.2;-1
14148;21.7;40;-1.8
14150;21.4;40.1;-2.2
14152;21.3;40.5;-1.1
14154;21.2;39.8;-2
14156;21.5;39.6;-1.8
14158;21.2;40.1;-1.3
14160;21.4;40.4;-1.9
14162;21.2;40.2;-1.4
14164;21.4;40.1;-1.3
14166;21.5;39.9;-2.3
14168;21.1;40.3;-1.2
14170;21.8;40.8;-1.6
14172;21.6;40.2;-2.1
14174;21.3;39.8;-1.2
14176;21.4;40.4;-2
14178;21.8;40.6;-1.8
14180;21.2;39.6;-1.4
14182;21.2;40;-1.7
14184;21.2;40;-2.2
14186;21.8;40.9;-1.1
14188;21.6;40.7;-1.8
14190;21.1;39.9;-1.8
14192;21.2;39.6;-1.5
14194;21.6;40.7;-2
14196;21.4;40.1;-1.5
14198;21.4;40.4;-1.4
14200;21.6;40.8;-1.7
14202;21.7;40.5;-1.4
14204;21.7;40.5;-1.6
14206;21.9;40.5;-1.8
14208;21.4;40.1;-1.6
14210;21.2;40.5;-2.1
14212;21.3;40.2;-1.5
14214;21.2;40.3;-1.2
14216;21.6;40.2;-2.3
14218;21.7;40.6;-1.1
14220;21.3;39.9;-1.7
14222;21.3;40;-2
14224;21.4;40;-1.4
14226;21.5;40.2;-2.4
14228;21.3;39.7;-1.4
14230;21.2;39.8;-1.6
14232;21.6;40.6;-2.3
14234;21.8;40.6;-0.7
14236;21.3;40.1;-2.2
14238;21.3;40.3;-1.9
14240;21.4;40.3;-1
14242;21.5;40.1;-2.1
14244;21.7;40.6;-1.4
14246;21.6;40.6;-1.7
14248;21.6;39.9;-1.8
14250;21.5;40.4;-1.7
14252;21.6;40.3;-1.7
14254;21.7;40.6;-1.6
14256;21.6;40.5;-1.6
14258;21.4;39.9;-1.8
14260;21.2;39.9;-1.5
14262;21.2;40.1;-1.8
14264;21.5;40.1;-1.7
14266;21.3;39.9;-1.7
14268;21.8;40.7;-1.7
14270;21.7;40.1;-1.3
14272;21.1;39.9;-1.7
14274;21.7;40.9;-1.7
14276;21.5;40.1;-1.7
14278;21.7;40.6;-1.8
14280;21.3;40.1;-1.7
14282;21.5;39.9;-1.4
14284;21.3;40.1;-1.7
14286;21.3;40.2;-2
14288;21.4;40.3;-1.9
14290;21.6;40.5;-1.6
14292;21.3;40;-1.3
14294;21.2;40;-1.8
14296;21.7;40.6;-1.2
14298;21.4;40.6;-1.3
14300;21.4;40.5;-1.8
14302;21.6;40.7;-1.3
14304;21.5;40.3;-1.6
14306;21.5;40.4;-1.7
14308;21.7;40.4;-1.9
14310;21.6;40.7;-1.9
14312;21.2;40.1;-1.5
14314;21.6;40.8;-1.6
14316;21.3;40.1;-1.5
14318;21.4;39.7;-1.5
14320;21.6;40.3;-1.7
14322;21.2;39.7;-2.1
14324;21.4;40.4;-1.3
14326;21.4;40.4;-1.6
14328;21.6;41;-2.1
14330;21.2;39.8;-1.4
14332;21.2;39.4;-1.8
14334;21.5;40.5;-1.8
14336;21.2;40.7;-1.5
14338;21.7;41;-2
14340;21.3;40.2;-1.3
14342;21.7;40.5;-1.4
14344;21.4;39.9;-1.9
14346;21.6;40.8;-1.5
14348;21.2;40.1;-1.6
14350;21.4;40.2;-1.8
14352;21;39.7;-1.7
14354;21.4;40.2;-1.5
14356;21.6;40.7;-2.3
14358;21.6;40.7;-1.3
14360;21.5;40.3;-1.4
14362;21.1;39.8;-2.1
14364;21.7;40.6;-1.4
14366;21.7;40.3;-1.7
14368;21.4;40.3;-1.8
14370;21.3;40.1;-1.2
14372;21.6;40.2;-2.2
14374;21.2;39.9;-1.6
14376;21.4;40.3;-1.3
14378;21.6;40.5;-2.6
14380;21.5;40.5;-0.8
14382;21.3;40.3;-2
14384;21.1;40;-2
14386;21.4;40.5;-1.5
14388;21.5;40.4;-2.2
14390;21.6;40.6;-1.5
14392;21.2;40;-1.7
14394;21;39.9;-1.8
14396;21.6;40.9;-0.9
14398;21.6;41;-2.1
14400;21.5;40.6;-1.3
14402;21.2;39.8;-1.6
14404;21.1;39.7;-1.7
14406;21.2;40.2;-1.2
14408;21.3;40.5;-2.1
14410;21.4;41;-1.8
14412;21.1;40;-1.1
14414;21.3;39.6;-2.1
14416;21.3;40;-1.3
14418;21.4;40.6;-1.6
14420;21.6;40.8;-2.3
14422;21.4;40.5;-1
14424;21.1;40.2;-1.7
14426;21.6;40.6;-1.8
14428;21.3;40;-1.4
14430;21.2;39.9;-2.4
14432;21.5;40.3;-0.9
14434;21;40.1;-1.8
14436;21.2;40.4;-2.2
14438;21.2;40.1;-1
14440;21.1;40.2;-2
14442;21.6;40.6;-1.5
14444;21.1;39.8;-1.5
14446;21.3;39.9;-1.9
14448;21.7;40.8;-1.3
14450;21.5;40.8;-1.8
14452;21.4;40.8;-1.6
14454;21.6;41;-1.3
14456;21.1;39.9;-2.1
14458;21.6;40.5;-1.4
14460;21;40;-1.3
14462;21.6;40.8;-2.1
14464;21;40.1;-1.2
14466;21.6;40.6;-1.5
14468;21.2;40;-1.8
14470;21.6;40.6;-0.9
14472;20.9;39.7;-2.2
14474;21.1;39.5;-1.8
14476;21.4;40.2;-0.9
14478;21.4;40.7;-2
14480;21.2;40.4;-1.3
14482;21.4;40.2;-1.6
14484;21.1;39.7;-2.3
14486;21.5;40.2;-1.5
14488;21.4;40.8;-1.7
14490;21.3;40.5;-1.8
14492;21.1;40.1;-1.5
14494;21.3;39.8;-1.8
14496;21.4;40.1;-1.6
14498;21.6;40.6;-1.6
14500;21.6;40.9;-1.7
14502;21.7;40.8;-1.7
14504;21;39.7;-1.6
14506;21.4;39.7;-1.7
14508;21.4;40.6;-1.5
14510;20.9;40.1;-1.5
14512;21.4;40.3;-1.6
14514;21;40.1;-2
14516;21.3;40.4;-1.6
14518;21.6;40.5;-1.6
14520;21.2;40.3;-1.8
14522;21.4;40.7;-1.8
14524;21;39.8;-1.6
14526;21.3;40.7;-1.7
14528;21;39.9;-1.7
14530;21.1;40.3;-1.5
14532;21;40.1;-1.9
14534;21.5;40.8;-2.1
14536;21.2;40.2;-1.3
14538;21.1;40.5;-1.1
14540;21.3;39.9;-2.3
14542;21.7;40.9;-1.5
14544;21.4;40.9;-1.6
14546;21.5;40.7;-2.1
14548;21.1;40.2;-1.4
14550;21.5;40.4;-1.7
14552;20.9;39.9;-2
14554;21.4;40.2;-0.7
14556;21.2;40.1;-1.9
14558;20.9;40;-1.8
14560;21.1;39.9;-1.2
14562;21.3;39.9;-2.7
14564;21.2;39.9;-1.4
14566;21.3;40.3;-1.7
14568;21.4;41;-2.1
14570;21.1;40;-0.9
14572;21;39.8;-2.5
14574;21.6;40.5;-1.9
14576;21.2;40.6;-1.1
14578;21;40.3;-2.3
14580;21.2;40.1;-1.2
14582;21.4;39.8;-1.4
14584;21.6;40.3;-2.3
14586;20.9;40;-1.1
14588;20.9;40;-1.8
14590;21.4;40.8;-2.1
14592;21.5;40.8;-1.2
14594;21.1;40;-2.1
14596;21.2;40;-1.7
14598;21.5;40.7;-1.2
14600;20.9;40.2;-2.1
14602;21;40;-1.6
14604;21;39.9;-1.6
14606;20.9;40;-2
14608;21.6;40.7;-1.5
14610;21.3;40.2;-1.5
14612;21.1;40.3;-2.1
14614;21.1;40;-1.3
14616;21;40.3;-1.7
14618;21.6;40.8;-1.7
14620;21.1;40.2;-1.1
14622;21.1;40;-2.2
14624;21;39.9;-1.8
14626;21.4;40.4;-1.5
14628;21.5;40.8;-2.1
14630;21.2;40;-1.9
14632;21.1;39.9;-1.3
14634;21.2;40.3;-1.9
14636;21.5;40.2;-1.7
14638;21.2;39.9;-1.6
14640;21;40;-1.9
14642;21.1;39.9;-1.7
14644;21;39.8;-1.7
14646;21.4;40.5;-2
14648;21.1;40;-1.5
14650;21.5;40.8;-1.6
14652;21.3;40.9;-1.8
14654;20.8;40.1;-2
14656;21.2;40.2;-1.7
14658;21.6;40.4;-1.6
14660;21;40.3;-1.8
14662;21.4;40.2;-1.5
14664;21.4;41.1;-1.2
14666;21.6;40.9;-2
14668;21.1;39.8;-1.6
14670;21.6;40.4;-1.7
14672;21;40.1;-2.2
14674;21;39.9;-1.4
14676;21.4;40.8;-1.3
14678;21.2;40.2;-2.1
14680;20.9;40.2;-1.5
14682;20.9;40;-1.5
14684;20.9;39.7;-1.7
14686;21.1;40.3;-1.4
14688;21;40.4;-1.5
14690;21.3;40.5;-1.8
14692;21;39.8;-1.5
14694;21.4;40.5;-1.5
14696;21.4;40.5;-1.5
14698;21.4;40.5;-1.7
14700;21.4;40.8;-1.9
14702;21.2;40.2;-1.5
14704;21.1;39.8;-1.3
14706;21.2;40.1;-1.5
14708;20.9;40.1;-1.6
14710;20.9;40;-1.7
14712;21.1;40.2;-2.2
14714;21;40.1;-1.7
14716;20.9;39.7;-1.1
14718;21.6;40.2;-2.1
14720;21.1;40.1;-1.3
14722;21.2;40.4;-1.5
14724;21.3;40.8;-1.9
14726;21.2;40.2;-1.1
14728;21.4;40.5;-2.3
14730;20.8;40.2;-2.1
14732;21.3;40.8;-1.2
14734;21.4;40.7;-2
14736;20.9;39.9;-1.6
14738;21.1;39.5;-1.1
14740;21;39.8;-2
14742;21.5;40.7;-1.7
14744;21.5;41;-1.6
14746;21.1;40.2;-1.7
14748;21.1;40.3;-1.3
14750;21.3;40.6;-1.8
14752;20.9;39.8;-2.2
14754;20.9;40;-1.6
14756;21;40.1;-1.3
14758;21.4;40.7;-1.5
14760;21;40.2;-1.6
14762;21.3;40.1;-1.7
14764;20.9;40.1;-2
14766;21.1;40.3;-1.2
14768;20.9;40;-1.8
14770;21;40.1;-1.9
14772;21.3;40.6;-1.4
14774;21.4;40.2;-2.2
14776;21;40;-1.4
14778;21.2;40.6;-1.7
14780;21.1;40.5;-2.3
14782;21.2;40.1;-1
14784;21.1;40.4;-2.1
14786;21.2;40.3;-1.5
14788;21.4;40.7;-1.7
14790;21.1;40;-2
14792;21.2;40.2;-1.2
14794;21.2;40.9;-2.1
14796;21;40.1;-1.8
14798;21.1;40.1;-1
14800;21.4;40.5;-1.9
14802;21.6;40.4;-1.6
14804;20.7;39.9;-1.4
14806;21;40.2;-1.6
14808;21.3;41.1;-1.4
14810;21.2;40.2;-1.9
14812;20.9;40;-1.7
14814;21.2;39.5;-1.6
14816;21.2;40;-2.2
14818;21.6;40;-1.3
14820;20.7;40.2;-1.3
14822;21.3;40.6;-2.3
14824;21;39.8;-1.2
14826;20.9;39.8;-1.8
14828;21.3;40.1;-1.9
14830;20.8;40.4;-1.3
14832;20.9;40.2;-2.4
14834;21.1;40.1;-1.6
14836;21.1;40;-1
14838;21.4;40.8;-2.4
14840;21.1;40.6;-1.5
14842;21.3;40.4;-1.2
14844;21;40.3;-2.2
14846;21.2;40.2;-1.3
14848;21.5;40.4;-1.8
14850;21.3;40.6;-2
14852;21.1;40.2;-1.1
14854;20.9;39.9;-2.4
14856;20.9;40;-1.8
14858;21.1;40.3;-1.2
14860;21.1;39.9;-2.5
14862;21.1;39.8;-1.1
14864;21.2;40.1;-1.6
14866;21.2;39.9;-2.1
14868;21.4;40.7;-1.1
14870;21.2;40.6;-2.3
14872;21.3;40.9;-1.9
14874;21.1;40.2;-1.2
14876;21.5;40.9;-2.1
14878;20.9;39.6;-1.5
14880;21;40.1;-1.7
14882;20.9;40.3;-1.7
14884;21.3;40.2;-1.3
14886;21;40.2;-1.7
14888;20.8;39.8;-1.9
14890;21.1;39.8;-1.4
14892;21.3;40.4;-1.7
14894;21.5;40.7;-1.8
14896;21.2;40.6;-1.4
14898;21.1;40.2;-2.4
14900;21;39.8;-1.4
14902;20.8;39.7;-1.5
14904;21.5;40.4;-2.1
14906;21;40;-1.5
14908;21.5;41;-1.1
14910;21.4;40.8;-2.7
14912;20.9;39.9;-1.4
14914;21.1;40.1;-1.8
14916;21.2;40.3;-2.2
14918;20.9;40.1;-1.1
14920;20.8;39.9;-2.2
14922;21;39.8;-1.3
14924;20.9;40.1;-1.5
14926;21;39.8;-1.4
14928;21.3;40.5;-1.6
14930;20.9;40;-1.6
14932;21;39.8;-2.1
14934;21.4;40.8;-1.4
14936;21.1;40.2;-1.7
14938;20.9;40.3;-1.8
14940;20.6;39.8;-2.1
14942;21;40.7;-1.5
14944;21.4;40.8;-1.8
14946;21.1;40.5;-1.5
14948;21.3;40.7;-1.5
14950;21.3;40.6;-1.9
14952;21.4;40.6;-1.5
14954;20.9;39.8;-1.7
14956;21;40;-1.7
14958;21.4;40.7;-2.3
14960;21.2;40.2;-1.7
14962;21.1;40.1;-1.5
14964;21;40.2;-1.9
14966;21.2;40.5;-1.4
14968;21.5;40.5;-1.9
14970;21.3;40.5;-2.2
14972;21.3;40.6;-1.5
14974;21;40;-1.4
14976;21.2;40.4;-1.8
14978;20.9;40.1;-1.9
14980;21;39.9;-1.4
14982;21.4;40.5;-2
14984;20.8;40.1;-1.8
14986;21;40.2;-1.4
14988;21;40.4;-1.7
14990;21.1;40.5;-1.3
14992;21.2;40.3;-1.8
14994;21.3;40.5;-1.7
14996;21.1;39.7;-1.5
14998;21.4;40.7;-1.6
15000;21.5;40.8;-1.6
15002;21.5;40.8;-1.5
15004;21.3;40.7;-1.6
15006;21.3;40.6;-2.1
15008;21.1;40.1;-1.7
15010;21.1;40.2;-1.9
15012;21;39.9;-1.9
15014;21;40.1;-1.7
15016;21.3;40.8;-1.4
15018;21.1;40.1;-1.4
15020;20.9;40.2;-1.4
15022;20.8;40.1;-2.1
15024;21;39.7;-1.7
15026;21;40.1;-2
15028;21.2;40.5;-2.2
15030;20.9;40;-1.6
15032;21.3;40.6;-1.9
15034;20.9;39.9;-1.5
15036;21;39.9;-1.4
15038;21.5;40.5;-1.7
15040;20.9;39.8;-1.3
15042;21.3;40.6;-1.5
15044;21.2;40.2;-1.6
15046;21.4;40.9;-1.6
15048;21.2;40.7;-1.7
15050;21.3;40.3;-1.6
15052;20.9;39.7;-2
15054;20.9;40;-1.8
15056;21.1;40;-1.7
15058;21.4;40.6;-2
15060;21.2;40.3;-1.4
15062;21;40.2;-1.4
15064;20.9;40;-1.8
15066;21.5;40.6;-1.8
15068;20.9;39.8;-1.4
15070;20.8;39.7;-1.7
15072;21.5;40.7;-1.6
15074;20.9;39.9;-1.5
15076;20.8;39.9;-2
15078;21.5;40.9;-1.7
15080;21.3;40.8;-1.6
15082;21.1;40.4;-2
15084;21.4;40.9;-1.3
15086;21.3;40.3;-1.8
15088;21.1;39.9;-1.8
15090;21;40.1;-1.4
15092;20.8;40;-1.9
15094;21;40;-1.6
15096;21.5;40.7;-1.2
15098;21.3;40.8;-2.5
15100;21.2;40.7;-1.4
15102;21.3;40.8;-1.8
15104;20.9;40.1;-1.9
15106;21.1;40.2;-1.3
15108;21.5;40.8;-1.7
15110;20.9;40.4;-1.7
15112;21;40.2;-1.2
15114;21.3;40.8;-1.5
15116;21.3;40.2;-1.6
15118;21.4;40.4;-1.9
15120;20.7;39.9;-1.9
15122;21.1;40.4;-1.6
15124;21.4;40.7;-1.4
15126;21;40;-2.2
15128;20.7;39.8;-1.4
15130;21.2;40;-1.7
15132;20.9;40.1;-1.9
15134;20.9;40.3;-1.8
15136;21;40.2;-1.5
15138;21.1;40;-1.6
15140;21.3;40.3;-1.8
15142;21.5;40.4;-1.8
15144;21.4;40.8;-1.5
15146;20.9;40.7;-1.8
15148;21.5;40.9;-2
15150;21.4;40.7;-0.9
15152;21.1;40;-2.4
15154;21.3;39.8;-1.7
15156;20.8;39.8;-1.5
15158;21.3;40.6;-2.2
15160;21;40.2;-1.6
15162;21.1;40.2;-1.5
15164;20.8;39.8;-1.6
15166;21.1;40.3;-1.8
15168;21.2;40.4;-1.9
15170;21.2;40.2;-1.4
15172;21;39.9;-1.3
15174;21.4;40.7;-2.2
15176;21.2;40.1;-1.4
15178;21.6;40.1;-1
15180;21.2;40.4;-2.5
15182;21.1;40.2;-1.7
15184;21.1;40.3;-1.1
15186;21.1;40.3;-2.1
15188;20.9;39.9;-1.4
15190;21.2;40.4;-1.5
15192;21.4;40.2;-2.3
15194;20.8;39.8;-1.2
15196;20.9;40.1;-1.9
15198;21.5;40.1;-1.7
15200;21.3;40.7;-1.5
15202;21.2;40.1;-1.9
15204;21.2;40.4;-2
15206;21;40.1;-1.5
15208;21.3;40.7;-1.5
15210;20.9;40.1;-1.8
15212;21;40;-1.7
15214;20.8;39.6;-1.5
15216;21.2;40.3;-1.8
15218;20.8;39.9;-1.3
15220;20.8;40.1;-1.6
15222;20.9;39.9;-1.8
15224;21;39.7;-1.9
15226;21.1;40.1;-1.7
15228;21.4;40.6;-1.2
15230;21.1;39.9;-1.7
15232;21;40.4;-1.7
15234;21.2;40.8;-1.8
15236;21.2;40.2;-1.7
15238;21;40.5;-1.8
15240;20.9;40.3;-1.5
15242;20.8;40.1;-1.6
15244;20.9;40.2;-1.4
15246;21;40;-1.6
15248;21.2;40.6;-1.9
15250;21.4;40.9;-1.5
15252;21.4;40.7;-1.7
15254;21;40.3;-2
15256;21.1;40.6;-1
15258;21.2;40.4;-2
15260;20.9;40;-1.7
15262;21.4;40.4;-1.5
15264;21.3;40.5;-2.5
15266;21.3;40.8;-1.5
15268;21.3;40.7;-1.5
15270;21.1;40.5;-1.8
15272;21;39.9;-1.7
15274;21.1;40;-1.8
15276;20.9;40.1;-1.8
15278;21.1;40.8;-1.7
15280;20.9;40.2;-2.1
15282;20.9;39.9;-1.3
15284;21.1;40;-1.5
15286;21;40;-2.1
15288;21.2;40.5;-1.3
15290;20.8;40.3;-1.9
15292;21;40.2;-2.4
15294;21.4;40.3;-1
15296;21.4;40.9;-2.2
15298;20.9;39.9;-2
15300;21.5;40.7;-1.1
15302;21.2;40.3;-2.2
15304;20.9;39.8;-1.4
15306;20.9;40.5;-1.5
15308;20.7;39.9;-2.3
15310;21.4;40.8;-1.2
15312;21.3;40.9;-1.7
15314;21.4;40.8;-2
15316;21;40.1;-1.6
15318;21.5;41;-1.8
15320;20.9;39.9;-1.4
15322;21.5;40.8;-1.6
15324;21.3;40.5;-1.9
15326;21.1;40.1;-1.5
15328;21.4;40.9;-1.7
15330;21.3;40.1;-1.7
15332;21.1;40.5;-1.2
15334;21.5;40.6;-2.3
15336;21.1;39.9;-1.2
15338;20.8;39.9;-1.6
15340;21.3;40.3;-2.4
15342;20.8;40.3;-1.1
15344;20.8;40.3;-2.1
15346;21;40.2;-2.2
15348;21.3;40.6;-0.9
15350;20.9;40;-2.2
15352;20.9;39.8;-1.9
15354;20.9;39.8;-1.6
15356;20.9;39.9;-2
15358;21;40.2;-1.7
15360;21;39.9;-1.6
15362;21.1;40;-2.2
15364;21.1;39.9;-1.2
15366;20.7;40.1;-1.7
15368;21.1;40.3;-2
15370;20.9;39.9;-1.1
15372;21;39.9;-2.1
15374;20.9;39.8;-1.9
15376;20.8;39.8;-1.2
15378;21.4;40.5;-2.2
15380;20.8;39.9;-1.4
15382;21.4;40.1;-1.4
15384;21.3;40.7;-2.2
15386;21;40.5;-1.5
15388;20.9;40.2;-1.4
15390;21.1;40.4;-2.1
15392;21.2;40.2;-1.6
15394;20.9;40.5;-1.6
15396;21.5;40.7;-2.2
15398;20.7;39.7;-1.4
15400;21.2;40.6;-1.6
15402;20.9;40;-2
15404;21.4;40.9;-1.3
15406;21.2;39.7;-2.1
15408;21.6;40.3;-2
15410;20.8;39.7;-1.1
15412;21.2;40.4;-2.1
15414;20.9;40.7;-1.5
15416;21.3;40.9;-1.4
15418;21.4;40;-2.1
15420;21.4;40.3;-1.1
15422;21.2;39.9;-2.2
15424;21.3;40.5;-2.1
15426;21;40.2;-1
15428;20.7;40.2;-2.5
15430;20.8;39.6;-1.5
15432;21.4;40.8;-1.4
15434;20.8;40;-2.4
15436;21.2;40.4;-1.3
15438;21.5;40;-1.4
15440;21.2;40.3;-2.4
15442;20.9;39.8;-1
15444;21.6;40.1;-2
15446;21.4;40.8;-2.3
15448;21.2;40;-0.8
15450;21.3;40.6;-2.4
15452;20.9;39.9;-1.4
15454;21.4;40.9;-1.4
15456;20.9;40.3;-2.7
15458;20.9;40;-0.6
15460;21;39.7;-2.1
15462;21;39.9;-2.1
15464;21;40.3;-0.8
15466;20.8;39.9;-2.2
15468;21.4;40.8;-1.6
15470;21.3;40.6;-1.3
15472;20.9;40;-1.7
15474;20.8;40.1;-2
15476;21;39.9;-1.2
15478;21.4;40.5;-2.1
15480;20.7;40.3;-1.3
15482;21;40.5;-1.5
15484;21;40.1;-1.8
15486;21;39.7;-1.1
15488;21.4;39.8;-1.9
15490;20.9;39.8;-1.8
15492;21.1;40.3;-1
15494;20.8;40;-2.2
15496;21.4;40.7;-1.5
15498;21.3;40;-1.3
15500;21.3;40.6;-2.5
15502;21.2;40.1;-1.3
15504;21;40.2;-1.5
15506;20.8;40.1;-2.4
15508;20.9;39.8;-1.1
15510;21;40.1;-1.8
15512;21;40.8;-1.5
15514;20.8;40;-1.4
15516;21.1;40.2;-2
15518;20.7;39.9;-1
15520;21.3;40.7;-2
15522;20.9;39.9;-2.1
15524;20.9;39.9;-1.2
15526;20.9;40.2;-1.7
15528;21.3;40.8;-1.7
15530;20.8;40;-1.2
15532;21.3;40.2;-2
15534;20.9;40.2;-2
15536;21.4;40.2;-1.5
15538;20.9;40.3;-2
15540;20.8;40.1;-1.5
15542;21.1;40.2;-1.7
15544;20.9;40.1;-1.6
15546;21.3;40.7;-1.5
15548;20.9;40.1;-2.1
15550;21.1;39.9;-1.7
15552;21;39.9;-1.2
15554;21.4;40.7;-2
15556;21.5;40.6;-1.5
15558;21.4;40.7;-1.6
15560;20.9;39.9;-2
15562;21.3;40.3;-1.5
15564;21.4;40.2;-1.9
15566;21.4;40.5;-1.7
15568;21.1;40;-1.8
15570;21;40.1;-1.8
15572;21.2;40.6;-1.7
15574;20.9;40;-1.7
15576;21.1;40.4;-1.8
15578;20.9;39.8;-1.8
15580;20.9;39.7;-1.8
15582;20.8;39.9;-1.9
15584;21;40.1;-1.4
15586;20.9;40.6;-2.1
15588;21.2;40.6;-1.6
15590;21;39.8;-1.7
15592;21.7;40.5;-2
15594;21.1;40.8;-1
15596;21.2;41;-2.5
15598;21.4;40.9;-2.1
15600;21.4;40.6;-0.9
15602;21;39.7;-2
15604;20.8;39.6;-1.8
15606;21.1;40.1;-1.3
15608;21.4;40.6;-1.9
15610;21.4;40.7;-2.4
15612;21.1;40.3;-1.2
15614;21;40.2;-2.6
15616;21.3;39.8;-1.3
15618;21.2;40.2;-1.5
15620;20.8;40.1;-1.7
15622;21;40;-1.3
15624;21;40.2;-1.7
15626;21.1;40.4;-2
15628;21.2;40.8;-1.6
15630;21.3;40.6;-2.1
15632;21.1;39.8;-1.4
15634;21.1;39.8;-1.1
15636;20.9;40.1;-2.3
15638;20.8;40;-0.9
15640;20.9;40;-1.8
15642;21;40.8;-2
15644;21.1;40.4;-1.2
15646;21;39.9;-2.1
15648;21.5;40.9;-1.8
15650;21;40;-1.1
15652;21.4;40.7;-2.1
15654;21.3;40.7;-1.8
15656;20.8;39.7;-1.7
15658;21.2;40.7;-2.3
15660;20.7;40;-1.4
15662;21.1;40.6;-2
15664;21.1;40.1;-1.8
15666;21;40.2;-1.7
15668;20.8;39.8;-1.7
15670;21.3;40.5;-1.5
15672;20.7;40;-1.6
15674;20.7;40.3;-1.4
15676;21.2;40.3;-1.8
15678;20.7;40;-1.6
15680;21.1;40;-1.4
15682;20.9;40;-1.7
15684;20.9;40.2;-1.8
15686;21;40.2;-1.6
15688;21.4;40.7;-1.6
15690;20.9;39.9;-1.6
15692;21.1;39.7;-1.6
15694;21.1;40.1;-1.7
15696;21.1;40.5;-1.4
15698;20.9;39.9;-1.7
15700;21.5;40.8;-2
15702;21.2;40.4;-1.7
15704;21;40.1;-1.8
15706;21;40.1;-1.8
15708;21.4;40.7;-1.3
15710;21.1;39.9;-2.1
15712;21;40.1;-1.7
15714;20.9;39.9;-1.8
15716;21.3;40.4;-1.5
15718;21.5;40.8;-1.3
15720;21.1;39.8;-1.8
15722;21.2;40.5;-1.8
15724;20.9;40.2;-2
15726;21.1;40.6;-1.7
15728;20.8;40.1;-1.6
15730;21.4;40.6;-1.7
15732;21;39.7;-1.6
15734;20.9;40.3;-1.6
15736;20.8;40;-2
15738;21.1;40;-1.7
15740;21.4;40.6;-1.5
15742;21;39.9;-1.6
15744;21.1;40.2;-1.9
15746;21.2;40.9;-1.8
15748;21.3;40.6;-1.5
15750;21.4;40.5;-1.6
15752;21.3;40.9;-1.8
15754;21.3;40.9;-1.4
15756;21.3;40.7;-1.6
15758;20.7;40.2;-1.6
15760;20.9;39.9;-1.3
15762;21.4;40.9;-2.1
15764;21.1;40.1;-1.5
15766;20.9;39.9;-1.5
15768;21.1;40.2;-2.1
15770;21.1;40.4;-1.4
15772;21;39.8;-1.7
15774;21.1;40.1;-1.9
15776;21.1;40.3;-1.3
15778;21;40;-2.3
15780;21;40;-1.5
15782;21;40.2;-1.2
15784;21;40.5;-2.1
15786;20.9;39.8;-1
15788;20.8;39.6;-2
15790;21;39.8;-2.2
15792;21.2;40.6;-1.2
15794;20.9;40;-1.9
15796;20.8;39.9;-1.5
15798;21.1;40.7;-1.4
15800;21;40;-1.8
15802;21.4;40.7;-1.3
15804;21.3;40.5;-1.4
15806;21;40.1;-2.1
15808;21.5;40.7;-1.2
15810;21.1;40.1;-1.6
15812;21.1;40.3;-2.3
15814;20.9;39.9;-1.2
15816;21.3;40.2;-1.4
15818;21.5;40.6;-2
15820;21.1;40.7;-0.9
15822;21.1;40.8;-2.1
15824;21;40.2;-1.9
15826;21.2;40.1;-1.2
15828;21;40.1;-2
15830;20.8;40.1;-1.5
15832;20.9;40.1;-1.4
15834;21;40;-2.2
15836;21.3;40;-1.1
15838;21.1;40.1;-1.8
15840;21;40.1;-2
15842;20.9;40.4;-1.2
15844;21;39.8;-1.8
15846;21;39.9;-2
15848;21.6;40.6;-1.4
15850;21.5;40.6;-2.3
15852;21.4;40.3;-1.5
15854;21.1;40.1;-1.6
15856;21.1;40.2;-2.4
15858;21.5;40.6;-1.7
15860;20.9;39.9;-1.8
15862;21.5;39.9;-1.8
15864;21.2;40.5;-1.6
15866;21.2;40.4;-1.6
15868;21.1;39.9;-2.4
15870;21.3;40.6;-1.6
15872;21.3;40.2;-1.5
15874;20.7;39.9;-2.2
15876;21.3;40.4;-1.1
15878;21;39.9;-1.8
15880;21;40;-2.2
15882;21;40;-1
15884;21.2;40.4;-1.8
15886;20.8;39.6;-1.9
15888;21.2;40;-1.3
15890;21.3;40.4;-1.7
15892;21.1;39.9;-1.7
15894;21;40.1;-1.8
15896;21.4;40.7;-1.8
15898;21.5;40.8;-1.3
15900;21.3;40.9;-1.9
15902;20.9;40;-1.8
15904;20.8;40.3;-1.3
15906;21.4;40.5;-2.3
15908;21.4;40.7;-1.7
15910;21;40.2;-2
15912;21.3;40.8;-2.1
15914;21.4;40.7;-1.3
15916;21;39.7;-2
15918;21.2;40.3;-1.7
15920;21.2;39.6;-1.2
15922;21.2;39.6;-1.8
15924;21;40.2;-1.9
15926;21.3;40.6;-1.6
15928;21.4;40.9;-1.4
15930;21.1;39.9;-1.6
15932;21.2;40.3;-1.6
15934;21.1;39.8;-2
15936;21.3;40.2;-1.4
15938;20.7;39.9;-2
15940;21;40.1;-1.7
15942;21.4;40.8;-1.6
15944;21.6;41;-1.8
15946;21.1;40.4;-1.8
15948;21.5;40.1;-1.6
15950;21.5;40.7;-1.8
15952;21;40.1;-2
15954;20.9;39.9;-1.5
15956;21;40.1;-1.6
15958;21.5;41.1;-2.2
15960;21;40.2;-1.4
15962;21;39.9;-1.8
15964;21.2;39.7;-2.2
15966;20.9;40;-1.2
15968;20.8;39.9;-1.8
15970;21;40.1;-2
15972;21.2;40;-1.2
15974;20.9;40.2;-2
15976;21.2;40.3;-1.5
15978;20.9;40.3;-1.5
15980;21;40.2;-2.5
15982;20.9;39.9;-1.3
15984;21.3;40.6;-1.1
15986;20.8;40;-2.1
15988;21.1;40.1;-1.1
15990;21.1;40.1;-2.2
15992;21;40.3;-2.1
15994;21.3;40.9;-1
15996;21.4;40.5;-2.2
15998;20.9;39.9;-1.3
16000;21.1;40.1;-1.6
16002;20.8;39.6;-2.1
16004;21;39.7;-1.5
16006;21;40.2;-2.1
16008;21;40.4;-1.7
16010;21;41;-1.7
16012;21.5;40.7;-2.2
16014;21.4;40;-1.4
16016;21;39.9;-1.1
16018;21.3;40.8;-2.3
16020;21.3;40.4;-2
16022;21.1;40.2;-1.5
16024;21;40.1;-1.7
16026;20.9;39.5;-1.3
16028;20.8;40;-1.6
16030;21.2;40.1;-1.5
16032;20.8;40.1;-1.8
16034;21;40.3;-2
16036;21.2;40.2;-1
16038;21.3;40.5;-2
16040;20.8;40.3;-1.9
16042;21.4;40.6;-1
16044;21.3;40.6;-1.7
16046;21.2;40.5;-1.6
16048;21.3;40.1;-1.7
16050;21.5;40.5;-1.7
16052;21.1;40.4;-1.3
16054;20.8;39.8;-1.5
16056;21;39.8;-2
16058;21.4;40;-1.7
16060;21.6;40.6;-1.5
16062;20.8;40;-2.4
16064;21.2;40.7;-1.2
16066;21.4;40.5;-1.6
16068;21.4;40.6;-2.1
16070;21.4;40.6;-0.9
16072;21.3;40.2;-2
16074;21.2;40.1;-1.5
16076;21.2;40.5;-1.6
16078;21;39.6;-2
16080;21.3;40.1;-1.7
16082;20.8;40.4;-1.5
16084;21.1;40.3;-1.8
16086;21.4;40.6;-1.8
16088;21;39.9;-1.4
16090;21;39.8;-2.1
16092;21;39.7;-1.3
16094;21;40;-1.7
16096;21.5;41;-2
16098;21;40.1;-1.3
16100;21.4;40.4;-1.9
16102;21.3;40.1;-1.7
16104;21.3;40.1;-1.6
16106;21;40;-2
16108;21.1;39.7;-1.7
16110;21.5;40.8;-1.4
16112;21.1;40.5;-2.4
16114;20.9;40.1;-1.5
16116;21.2;40.1;-1.4
16118;21;39.8;-2
16120;20.9;40;-1.4
16122;21.1;40.4;-1.6
16124;21.1;40.3;-2.4
16126;21;40.4;-1.2
16128;21.1;40.3;-1.4
16130;20.9;40.3;-2.2
16132;21.1;40;-1.3
16134;20.9;39.9;-1.7
16136;20.9;39.9;-2.1
16138;21.4;40.3;-1.5
16140;21.1;39.8;-1.7
16142;21.6;40.8;-1.9
16144;21.2;40.2;-1.5
16146;21;40.5;-1.8
16148;21.4;40.5;-2
16150;21.5;40.8;-1.4
16152;21.5;40.6;-1.8
16154;21.2;39.9;-1.8
16156;21.3;40.2;-1.6
16158;21;40.5;-1.8
16160;20.8;39.9;-1.7
16162;20.8;39.9;-2
16164;21;40;-1.7
16166;21.4;40.3;-1.8
16168;21.4;40.7;-1.8
16170;21.3;40.6;-1.2
16172;21.1;40.6;-1.7
16174;21.1;40;-2.1
16176;21.3;40.2;-1.3
16178;20.9;39.9;-2.1
16180;21;39.9;-2
16182;21.3;40.2;-1.2
16184;20.8;40.4;-2.2
16186;21.4;40.6;-1.7
16188;21.4;40.8;-1.2
16190;21.4;40.5;-2.4
16192;21.4;40.4;-1.8
16194;21;39.6;-1.3
16196;21.4;40.6;-2.2
16198;21.4;40.8;-1.7
16200;21.1;40.3;-1.3
16202;21.3;40.1;-2
16204;21.2;40.1;-1.3
16206;20.8;39.5;-1.8
16208;21.6;40.3;-1.5
16210;21.1;40.1;-1.6
16212;21.4;40.8;-1.7
16214;21.5;40.8;-1.6
16216;21.2;40.3;-1.7
16218;21.5;40.5;-1.6
16220;21.2;40.4;-1.8
16222;21;40.4;-1.7
16224;20.9;40.2;-1.6
16226;21.4;40.7;-2
16228;21.3;40.7;-1.5
16230;20.9;40;-1.6
16232;21.2;40.3;-2.2
16234;21.3;39.7;-1.5
16236;20.9;40.1;-1.6
16238;21.5;41.1;-1.8
16240;20.9;41;-1.7
16242;21.4;41.8;-1.7
16244;21.5;42.1;-1.8
16246;21;41.6;-1.7
16248;21.2;42.3;-1.7
16250;21.3;43;-1.8
16252;21.3;43.8;-1.5
16254;21.3;44.2;-1.7
16256;20.9;44;-1.8
16258;21.2;44.5;-1.4
16260;21.2;44.4;-1.6
16262;21.2;44.2;-1.6
16264;21.3;44.9;-1.7
16266;21.3;44.6;-1.4
16268;21.5;44.7;-1.6
16270;20.9;44.1;-1.6
16272;21.3;45.2;-1.7
16274;21.4;45.2;-1.7
16276;21.1;44.8;-1.3
16278;21.5;44.9;-1.5
16280;21.1;44.7;-2.1
16282;20.9;44.5;-1.5
16284;21.1;44.3;-1.4
16286;21.1;44.4;-2.2
16288;21;45.2;-1.4
16290;21.3;44.5;-1.6
16292;21.4;45.4;-2.4
16294;21.2;44.8;-1.3
16296;21.3;44.7;-1.7
16298;21.4;44.8;-2
16300;21.6;45.4;-1.7
16302;21.2;44.8;-1.7
16304;21.5;45.2;-1.4
16306;21.5;45.1;-1.6
16308;21.5;45.2;-2
16310;21;44.3;-1.5
16312;20.7;44.1;-1.9
16314;21.3;44.7;-1.8
16316;21.4;45;-1.5
16318;21.2;44.6;-2
16320;21.4;45.4;-1.3
16322;21.4;44.7;-1.6
16324;21.4;45.5;-2.1
16326;20.9;44.7;-1.4
16328;21.2;44.8;-1.7
16330;21.1;44.7;-1.8
16332;20.9;44.5;-1.7
16334;20.8;44.9;-1.7
16336;21.1;45.7;-1.3
16338;21.3;45.8;-1.6
16340;21;45.3;-1.7
16342;21.4;46.5;-1.6
16344;21;46.1;-2.2
16346;21.1;46.4;-1.5
16348;21.1;46.4;-1.9
16350;21.4;47.4;-1.7
16352;21.7;48.4;-1.7
16354;21.4;48.8;-2
16356;21.5;48.8;-1.6
16358;21.2;48.7;-1.7
16360;20.9;47.4;-2.3
16362;20.9;46.5;-1.3
16364;21.1;45;-1.8
16366;21.3;44.6;-1.6
16368;21.4;44.7;-1.5
16370;20.9;43.8;-2.4
16372;21.2;44;-1.8
16374;21.6;45;-1.6
16376;21.4;45.5;-1.9
16378;21.6;44.9;-1.5
16380;21.4;45.9;-1.6
16382;21.1;45.4;-1.7
16384;21;45;-1.2
16386;21.2;46.1;-1.5
16388;21.1;45.8;-2.2
16390;20.9;47;-1.1
16392;21;46.7;-2.3
16394;21.4;47.5;-1.6
16396;21.5;48.9;-1.4
16398;20.9;47.1;-2.7
16400;21;47.7;-1.2
16402;21.4;49.4;-1.6
16404;21.4;49.7;-2.3
16406;21.1;49.3;-0.9
16408;21.5;51;-2.4
16410;21.5;50.7;-2
16412;21.3;51.6;-0.9
16414;21.2;51.6;-2.1
16416;21.3;51;-1.6
16418;21.2;51.5;-1.2
16420;21.2;51.5;-2.3
16422;21.5;52.8;-1.4
16424;21.3;52.5;-1.5
16426;21.4;50.7;-1.8
16428;21.4;52.3;-1.4
16430;21;49.2;-2
16432;21;48.6;-1.8
16434;21.3;50;-1.4
16436;21.5;49.1;-2.2
16438;20.8;48.4;-1.5
16440;21.2;48.2;-1.8
16442;21;48.6;-2.3
16444;20.9;47.9;-1
16446;21.2;50.2;-2.4
16448;21;49.7;-1.8
16450;21.5;52;-1.1
16452;21.5;51.4;-2.5
16454;21;52;-1.1
16456;21.3;53.1;-1.6
16458;21.4;54.4;-2.3
16460;21;54.1;-0.9
16462;20.8;53.2;-1.8
16464;21.1;55.1;-1.6
16466;21.5;57.5;-1.3
16468;21.3;57.4;-1.9
16470;21.1;58.2;-1.4
16472;21.1;56.9;-1.7
16474;21.2;58.4;-2.2
16476;21.1;58.4;-1.5
16478;21.3;56.7;-1.5
16480;21.4;58.5;-2
16482;20.9;57.4;-1.9
16484;21;56.2;-1.7
16486;21.3;56.5;-2.3
16488;21.3;55.3;-1.2
16490;21.1;56.3;-1.6
16492;20.7;55.5;-2.1
16494;21.2;57.6;-1.2
16496;21.5;59.2;-2
16498;21.3;58.2;-1.7
16500;21.4;56.8;-0.7
16502;20.9;57.6;-2.6
16504;21.1;56;-1
16506;21.6;56.3;-1.4
16508;21.6;57.1;-2.5
16510;21.5;55.5;-0.9
16512;21.5;53.5;-2
16514;21;50.5;-1.4
16516;21.3;46.5;-1.1
16518;21.4;44.8;-2.3
16520;21;44.5;-1
16522;21.1;41.3;-1.7
16524;21;40.2;-2.3
16526;21.4;41.9;-1.1
16528;21.1;41.9;-2.3
16530;21.2;41.9;-1.6
16532;21.4;43;-1
16534;21.1;42.4;-2.5
16536;21.1;46.5;-1.1
16538;21.2;44.9;-1.5
16540;20.9;44.9;-2.2
16542;21.2;46.3;-0.9
16544;21.4;44.4;-1.5
16546;21.2;42.8;-2.1
16548;21.4;42.7;-0.9
16550;21.5;43.7;-1.9
16552;21.4;47;-1.8
16554;21.2;45.1;-1.1
16556;20.9;46.6;-1.7
16558;21.4;50.4;-1.8
16560;20.9;50.1;-1.4
16562;21;51.8;-2.1
16564;21.1;51.5;-1.5
16566;21.2;54.1;-1.7
16568;21.5;49.8;-1.6
16570;21.5;47.8;-1.5
16572;20.9;45.6;-1.8
16574;21;44.8;-1.8
16576;21.2;45.8;-1.5
16578;21.5;49.9;-1.3
16580;20.9;47.4;-1.9
16582;21.1;50.6;-1.5
16584;21.1;52.4;-1.6
16586;21.5;53.7;-2.1
16588;21.3;52.7;-1.6
16590;21;52.1;-1.4
16592;21.3;47.3;-1.8
16594;21.1;48.3;-1.7
16596;21.4;47.6;-1.4
16598;20.9;50.1;-1.6
16600;21.3;52.3;-1.5
16602;21.7;54.8;-2
16604;21.1;54.7;-1.9
16606;21;56;-1.1
16608;21.4;54.7;-1.4
16610;20.9;49.9;-2.4
16612;21.4;50.2;-1.6
16614;21.4;47.4;-1.9
16616;21.3;48.3;-1.5
16618;21.4;52;-1.3
16620;21.3;53.8;-1.8
16622;21.3;57;-2.1
16624;21.2;56.4;-1.5
16626;21.2;55.2;-1.7
16628;21;51.6;-1.7
16630;21.1;51.1;-1.4
16632;21.1;51.2;-1.8
16634;21.3;51;-1.6
16636;21.1;54.8;-1.5
16638;21.3;58.2;-1.7
16640;21.3;60.7;-1.2
16642;21.3;55.5;-1.7
16644;21.4;51.8;-1.5
16646;21.2;50.2;-1.5
16648;21.1;51.6;-1.9
16650;21.5;52.2;-1.4
16652;21.2;53.6;-1.3
16654;20.9;56.2;-2.5
16656;21;57.5;-1.3
16658;21.3;54.6;-1.4
16660;21.4;50.5;-1.7
16662;21.5;51.3;-1.4
16664;21;53.7;-2
16666;21.3;54.3;-2
16668;21.4;58.4;-1.8
16670;21.5;59.7;-1.5
16672;20.8;57.2;-1.7
16674;21.1;51.8;-1.6
16676;21.5;54.7;-1.4
16678;21.5;56.8;-1.4
16680;20.9;58.1;-1.8
16682;21.1;59.8;-2
16684;20.9;58.6;-1.4
16686;21.3;58.7;-1.9
16688;21.4;54.8;-1.6
16690;21.2;56.1;-1.4
16692;21;58.4;-1.5
16694;20.8;60.7;-1.7
16696;21.6;60.2;-2
16698;21.6;55.2;-1.7
16700;21.6;57.8;-1.7
16702;21.2;55.4;-1.6
16704;21.1;57.4;-1.3
16706;21.3;63.5;-1.4
16708;21.1;61.9;-2
16710;21.4;58.2;-2
16712;21.4;59.6;-1.3
16714;21;60.5;-1.9
16716;21.3;61.9;-1.9
16718;21.2;61.3;-1.3
16720;21.2;59.9;-1.9
16722;21.5;56.4;-1.7
16724;20.9;57.8;-1
16726;20.9;61.2;-2.1
16728;21.5;61.2;-1.3
16730;20.9;58.6;-1.4
16732;21.2;55.5;-2.4
16734;20.9;55.8;-0.7
16736;21;60.7;-2
16738;20.9;62.8;-2.2
16740;21.1;59.8;-0.5
16742;21.3;56.8;-2.7
16744;21.7;59.6;-1.4
16746;21;59.7;-1.3
16748;21.6;65.5;-2.7
16750;21.4;62.3;-1
16752;21.2;55.9;-2
16754;21.1;59.9;-2
16756;21.4;64.7;-0.9
16758;21.3;64.7;-2.7
16760;21.1;60.4;-1.5
16762;21.1;53.8;-1.6
16764;21.4;61.1;-2.3
16766;21.3;67.5;-1.3
16768;21.5;67.4;-2.2
16770;21.7;62.9;-1.6
16772;21.3;58.5;-1.2
16774;20.9;63.4;-2.6
16776;21.5;70.4;-0.9
16778;21;62.9;-1.6
16780;21.1;57.6;-2.4
16782;21.1;58.9;-1.1
16784;20.8;66.2;-1.6
16786;21.2;68.9;-2
16788;21.4;59.8;-1.8
16790;21.4;60.4;-2.1
16792;21;63.4;-1.8
16794;21;69.8;-1.5
16796;21.4;65.3;-1.8
16798;21.4;58.3;-2
16800;21.6;64.5;-1.4
16802;21.2;68.3;-1.6
16804;21;67.2;-2.1
16806;21.2;59.6;-1.7
16808;20.9;61.8;-1.5
16810;20.9;68.4;-1.8
16812;21.1;68.2;-2.2
16814;21.1;59.1;-1.2
16816;21.4;61.3;-1.8
16818;21.6;70;-1.9
16820;21.6;70.9;-1.6
16822;21.3;64.8;-1.8
16824;21.4;63.8;-2
16826;21.3;68.9;-1.4
16828;21.4;69.4;-1.8
16830;21.1;61.2;-2
16832;21.1;63.4;-1.3
16834;21;66.6;-2.3
16836;21.6;68.9;-2.2
16838;21.2;60.9;-1.3
16840;21.4;65.1;-2.1
16842;21.4;69.7;-2.4
16844;21.5;67.6;-1.2
16846;21.1;62.3;-2
16848;21.5;69.3;-2.2
16850;21.2;70.1;-1.2
16852;20.9;63.7;-2.4
16854;21.6;66.6;-1.6
16856;21.4;70.1;-1.2
16858;21.3;66.6;-2.5
16860;21.7;63.3;-1.5
16862;20.8;66.7;-1.5
16864;21.4;72.2;-2.7
16866;21.3;67;-1.4
16868;21;63.3;-1.4
16870;21.4;73.2;-2.5
16872;21.1;69.5;-1.1
16874;21.1;61.4;-1.9
16876;21.2;66.4;-2.5
16878;21.2;72;-1.3
16880;21.2;65.2;-1.3
16882;21;61.4;-2
16884;21.3;72.1;-1.2
16886;21.3;72.9;-1.6
16888;21.2;63.9;-2.1
16890;21.1;65.6;-1.3
16892;20.9;75.4;-2.1
16894;21.1;66.5;-2
16896;21.5;64.2;-1.3
16898;21.6;74.3;-2.4
16900;21.5;75.1;-1.6
16902;21.6;61.7;-1.4
16904;21.2;66.2;-2.5
16906;21;74.9;-1
16908;21.5;69.3;-1.8
16910;21.3;64.2;-2.3
16912;21.1;74.9;-1.2
16914;21.4;71.1;-2
16916;21.2;62.4;-1.5
16918;21.5;70.3;-1.4
16920;21.5;74.8;-2.6
16922;20.9;63.3;-0.8
16924;20.9;65.7;-2.2
16926;21.3;74.9;-2.3
16928;21.2;67.9;-1
16930;21;65.7;-2.1
16932;20.9;71;-1.5
16934;21.2;70.5;-1.3
16936;21.7;66.1;-2
16938;21;71.7;-1.3
16940;21.2;70.4;-2.3
16942;21.6;65.4;-2.1
16944;21.2;70.1;-1.1
16946;21.3;73.1;-2
16948;21.4;69.5;-1.4
16950;21.5;72.7;-1.6
16952;21.4;74;-2.1
16954;21.6;67.2;-1
16956;21.5;71.3;-2.2
16958;21.5;73.8;-2.1
16960;21.1;65.4;-1.4
16962;21;70.3;-2
16964;21.1;74.1;-1.7
16966;21.2;67.3;-1.5
16968;21.6;71.6;-1.9
16970;21.1;73.7;-2
16972;21.1;65.8;-1.7
16974;21.6;72.1;-1.5
16976;21.1;77.3;-1.9
16978;21.3;65;-1.6
16980;21.5;70;-1.6
16982;21.2;78.2;-1.7
16984;20.9;67.7;-1.4
16986;21;69.7;-2
16988;21.5;80.1;-1.9
16990;21.2;67.9;-1.2
16992;21.2;66.6;-2.3
16994;21.2;79.3;-1.5
16996;21.3;68.6;-1.5
16998;21.6;68.2;-2.3
17000;21.4;81.9;-1.1
17002;21.6;71.4;-1.8
17004;21.5;67.2;-2.1
17006;21.2;78.2;-1.4
17008;21.6;72;-1.7
17010;20.9;67.1;-1.9
17012;21.2;78.4;-1.6
17014;21.5;70.8;-1.4
17016;21.5;68.4;-2
17018;21.4;79.7;-1.4
17020;21.7;72.9;-2
17022;20.9;68.8;-1.9
17024;21;76.8;-1
17026;21.4;72.1;-1.9
17028;21.3;68.8;-1.8
17030;21.4;75.2;-1.7
17032;21.6;69;-2.1
17034;20.9;70.3;-1.7
17036;21.4;76.9;-1.7
17038;21.6;69.2;-1.8
17040;20.9;71;-1.9
17042;21.2;73.3;-2
17044;21;68.5;-1.6
17046;21.2;74.7;-1.4
17048;21.1;70.5;-2.2
17050;21.4;69.3;-1.4
17052;21.5;78.3;-1.7
17054;21;70.8;-2.4
17056;21.3;73.5;-1.2
17058;21.4;81;-1.3
17060;21;67.9;-2.3
17062;21.6;73.8;-1.2
17064;21.3;77.9;-2.3
17066;21.5;66.4;-1.8
17068;21.6;76.5;-0.7
17070;21.5;79.1;-2.6
17072;21.4;66.3;-1.3
17074;21;75.9;-1.4
17076;21.6;76.2;-2.4
17078;20.9;66.3;-1.6
17080;21.1;78.3;-1.6
17082;20.9;69.5;-2.3
17084;21.4;67.9;-1.3
17086;21.4;82.2;-1.9
17088;21.6;73.9;-2.1
17090;21.4;72.5;-1.6
17092;21.3;80;-1.8
17094;20.8;65.9;-1.6
17096;21.4;72.3;-1
17098;21.4;79.5;-2.3
17100;21.4;68.3;-1.5
17102;20.9;74.7;-1.2
17104;21.2;75.8;-2.1
17106;21.5;69.9;-1.8
17108;20.7;77.3;-1.5
17110;21.2;72.7;-2.1
17112;21.2;69.7;-1.6
17114;21.1;77.1;-1.8
17116;21.1;69.6;-2.1
17118;21.5;75.5;-1.2
17120;21;77.1;-2
17122;21;70.9;-2.2
17124;21.1;77.3;-1
17126;21.4;72.8;-1.7
17128;21.7;71.6;-2.4
17130;21.4;78.1;-1.1
17132;21.5;69.3;-1.5
17134;20.9;72.8;-1.7
17136;21.2;77.1;-1.3
17138;21;67.7;-2.2
17140;21.2;75.3;-1.5
17142;21.4;74.2;-1.5
17144;20.9;70.5;-2.4
17146;21.5;81.7;-1.3
17148;21.5;68.5;-2
17150;21.6;73.5;-1.5
17152;21.4;81.5;-1.4
17154;21.4;69.2;-2.2
17156;21.2;76.6;-1.8
17158;21.5;77.1;-2
17160;20.9;64.8;-1.8
17162;21.2;78.3;-1.5
17164;21.1;71;-2
17166;21.2;67.6;-1.7
17168;21;80.5;-1.7
17170;21;68;-2
17172;21;72.6;-1.3
17174;21.3;78.2;-2.2
17176;21.5;69.5;-1.7
17178;21.6;78.2;-1.4
17180;21.1;72.6;-2.4
17182;21.4;66.8;-1.3
17184;21.5;81;-1.5
17186;21.5;74.1;-2.3
17188;21.1;72.6;-1.4
17190;21.4;78.9;-1.8
17192;21.1;67.6;-2
17194;21.1;74.7;-1.3
17196;21.4;74.7;-2.3
17198;21.2;69.8;-1.5
17200;21.5;79.5;-1.3
17202;21.5;74.6;-1.9
17204;21;73.2;-1.8
17206;21.4;77.4;-1.5
17208;21.4;73.2;-2
17210;21.1;75.6;-1.8
17212;21;70;-1.3
17214;21.3;71.2;-2
17216;21.7;79.5;-1.7
17218;21.6;72.7;-1.2
17220;21.4;79.1;-1.9
17222;21.1;74.6;-1.6
17224;20.9;67.3;-1.3
17226;21.5;79.4;-2.1
17228;21.6;71.4;-1.5
17230;21.6;72.1;-1.7
17232;21.6;83;-2
17234;21.5;69;-1.7
17236;21.3;75.3;-1.9
17238;21.5;78.5;-2
17240;21.1;65;-1.5
17242;21;78.1;-1.9
17244;21.2;72.3;-1.6
17246;21.4;67.3;-1.8
17248;21.2;79.7;-1.8
17250;21.2;73.1;-1.7
17252;21.1;71.4;-1.5
17254;20.9;77.7;-2
17256;20.9;66.1;-1.5
17258;20.9;73;-1.6
17260;21.3;74.7;-1.9
17262;21.5;69.1;-1.7
17264;21.5;80;-1.6
17266;21.5;71.8;-2
17268;21.7;71.3;-1.5
17270;21.4;78.6;-1.5
17272;21.6;71.9;-2.1
17274;21.1;74.3;-1.4
17276;21.6;74.4;-2
17278;21;69.2;-1.7
17280;21.4;77.3;-1.4
17282;21.2;73;-1.8
17284;21.1;74.6;-1.8
17286;21.5;76.8;-1.6
17288;20.9;68.8;-1.8
17290;21.3;76.4;-1.4
17292;21.1;72.5;-1.7
17294;21.6;72.9;-2
17296;21.1;77.5;-1.3
17298;21.4;69.8;-1.7
17300;21;73.7;-2
17302;21.2;74.6;-1.2
17304;21.2;68.2;-1.9
17306;21;78;-2.1
17308;21.6;72.5;-1
17310;21.3;70.2;-2.1
17312;21.2;81.5;-1.7
17314;21.2;69.7;-1.2
17316;21.3;76.6;-2.6
17318;21;77.1;-1.5
17320;21;64.7;-1.4
17322;21;79;-2.5
17324;21.2;71.6;-1.5
17326;21.2;68.2;-1.6
17328;21.6;83.5;-2.3
17330;21;67.9;-1.5
17332;21.4;73.8;-1.5
17334;21.6;80.7;-2.4
17336;21.5;69.2;-1.4
17338;21.5;78.4;-1.3
17340;21;73.8;-2.4
17342;21.4;65.6;-1.5
17344;21.7;81.8;-1.1
17346;21.2;74.2;-2.2
17348;21.2;71.8;-1.6
17350;21.2;77.5;-1.1
17352;21.4;70;-2.5
17354;21.5;73.2;-1.7
17356;21.4;74.9;-1.1
17358;21.6;71.4;-2.4
17360;21.6;77.8;-1.5
17362;21;71;-1.4
17364;20.9;72.1;-2.2
17366;21.4;76.4;-1.3
17368;21.6;71.1;-1.5
17370;21.6;78.4;-2
17372;21.2;69.7;-1.1
17374;21.1;70.6;-2
17376;21.6;80.1;-2.1
17378;21.1;70.2;-1.3
17380;21;75.4;-2.1
17382;21.3;74.5;-1.5
17384;21.1;65.3;-1.4
17386;21.2;78.6;-2.2
17388;21.5;72.3;-1.5
17390;21;69.2;-1.7
17392;21.6;82.7;-1.5
17394;21.4;69.6;-0.9
17396;21.6;75.1;-2.2
17398;21.5;79.7;-1.6
17400;21.1;67.6;-1.4
17402;21;78;-2.1
17404;21.5;73.8;-1.3
17406;21.1;66.8;-1.8
17408;21.2;80.9;-2
17410;21;69.1;-1.4
17412;20.9;71.4;-2
17414;21;77.8;-2.1
17416;21.4;68.2;-1.5
17418;21.7;76.9;-1.4
17420;21.2;72.9;-1.9
17422;21;67.3;-1.6
17424;21.6;79.9;-1.7
17426;21.2;71.9;-2.1
17428;21.5;72.7;-1.7
17430;21.2;77.4;-1.7
17432;21.1;68.9;-1.6
17434;21.4;74.2;-1.9
17436;21.1;72.7;-1.6
17438;21.4;70;-1.8
17440;21.3;75.5;-2.1
17442;21.6;75.4;-1.2
17444;21.3;74.1;-1.9
17446;21.3;74.4;-2.2
17448;21.3;70;-1.2
17450;21.4;74.1;-1.6
17452;21;69.8;-2
17454;21.4;71.2;-1.4
17456;21.4;80;-2.1
17458;21.7;70.2;-1.6
17460;21.3;77.3;-1.1
17462;21.1;74.3;-2.2
17464;21.5;69.9;-1.4
17466;21.3;79.5;-1.5
17468;21.3;68.8;-2
17470;21.2;69.3;-1.3
17472;20.9;79;-2.2
17474;20.9;67.1;-1.9
17476;21.4;77.3;-1
17478;21.3;79.4;-2.3
17480;21;64.2;-1.5
17482;21.3;77.5;-1.4
17484;21;72;-2.3
17486;21.5;69.7;-1.5
17488;21.3;81.7;-1.3
17490;21.2;70.6;-2.1
17492;21.1;69.9;-1.7
17494;21;78.9;-1.4
17496;21.6;68.9;-2
17498;20.9;74.9;-1.8
17500;21.3;73.8;-1.3
17502;21.3;67;-1.6
17504;21.3;78.8;-1.9
17506;21.1;72.8;-1.7
17508;21.4;74.6;-1.3
17510;21.1;76.7;-1.9
17512;21.1;69.7;-2.1
17514;21.4;76.1;-1.3
17516;21.3;74.6;-1.7
17518;21.2;71.4;-2.2
17520;21.2;77.7;-1.9
17522;21.4;72.6;-2.1
17524;21.6;74.3;-1.6
17526;21.2;74.9;-2
17528;21;69.8;-2
17530;21.2;76.7;-1.4
17532;21.6;72.6;-2.1
17534;21.3;69.9;-1.7
17536;21.1;77.4;-1.5
17538;21.5;73;-1.9
17540;21.4;78.2;-1.7
17542;21.3;75.8;-1.4
17544;21;67.7;-1.6
17546;21.6;79;-1.7
17548;21.3;72.5;-1.3
17550;21;69.7;-1.8
17552;21;79.2;-2.2
17554;21.6;68.2;-1.1
17556;21.6;75.6;-1.6
17558;21.6;78;-1.9
17560;21.6;66.6;-1.3
17562;21;78.6;-2.2
17564;21;71.6;-1.8
17566;21.3;67.7;-1.2
17568;21.1;83.9;-2.1
17570;21;71.1;-1.6
17572;21;73.2;-1.1
17574;21.6;81.4;-2.1
17576;20.9;65.1;-1.2
17578;20.9;74.3;-1.8
17580;21.5;76.1;-2.1
17582;21.1;66.2;-1
17584;20.9;78;-2
17586;21.2;73.2;-1.7
17588;21.4;72.6;-1.7
17590;21.2;78.3;-2
17592;21.5;71.6;-1.7
17594;21.2;73.9;-1.5
17596;21.4;75.2;-1.7
17598;21.5;71.6;-1.8
17600;21.3;78;-1.6
17602;21.3;75.8;-1.5
17604;21.4;77.4;-2.5
17606;21.4;76.6;-1.8
17608;21.5;71.5;-1.5
17610;21.5;77.6;-1.9
17612;21.2;71;-1.5
17614;21.4;73.9;-1.6
17616;21.5;80.7;-2.1
17618;21;68.5;-1.7
17620;21.2;76.4;-1.7
17622;21.5;77.4;-1.9
17624;21.3;68.1;-1.4
17626;21.3;80.1;-1.9
17628;21.5;73.1;-2
17630;21.2;69.4;-1.4
17632;20.9;80.7;-1.9
17634;21.3;69.7;-1.7
17636;21.5;76.4;-1.5
17638;21.5;79.2;-2.4
17640;21.6;65.6;-1.3
17642;21.2;76.5;-1.1
17644;21.6;73.8;-2.6
17646;21;67.4;-1.4
17648;21.1;80.5;-1.8
17650;21.3;69.4;-2.1
17652;21.5;71.7;-0.8
17654;21;78.2;-2.5
17656;21.3;68.9;-1.6
17658;21.7;78.4;-1.4
17660;21.1;73.5;-2.7
17662;21;67.2;-0.9
17664;21;78.1;-1.9
17666;21.6;74.3;-1.8
17668;21.4;73.1;-0.7
17670;21.2;77.3;-2.1
17672;20.9;68;-1.5
17674;21.5;77.1;-1.5
17676;21.3;74;-2.1
17678;20.9;70.2;-1.1
17680;21.6;77.9;-2
17682;21.2;73;-2.2
17684;21.2;72.9;-0.7
17686;21.2;76.7;-2.3
17688;21.3;72.4;-1.6
17690;21.1;76.4;-1.6
17692;21;70.2;-2
17694;20.9;70.8;-1.1
17696;21.5;80.7;-2
17698;21.6;70.9;-1.5
17700;21.6;79;-1.6
17702;21.5;77.4;-1.9
17704;21.2;68;-1.6
17706;21.2;78;-1.7
17708;21.1;70.1;-2
17710;21.3;70.2;-1.3
17712;21.5;83.2;-1.8
17714;21.1;67.4;-1.7
17716;21.4;76.7;-1.4
17718;21.6;78.6;-1.7
17720;21;66.7;-1.7
17722;21.3;79.6;-1.7
17724;21.4;73.1;-1.3
17726;21.5;67.6;-2.2
17728;21.2;83.6;-1.4
17730;21.2;71.1;-1.3
17732;21.4;74.3;-2.2
17734;21.4;79.6;-1.3
17736;21.3;68.2;-1.6
17738;21.2;74.2;-2
17740;21.2;76.3;-1.1
17742;21.4;69;-1.5
17744;21.1;79.5;-1.7
17746;21.3;72;-1
17748;21.5;72.2;-2.4
17750;21.3;77.4;-1.5
17752;21.6;71.3;-1.6
17754;21.7;75.4;-2.1
17756;21.4;74.3;-1.2
17758;21.4;71.4;-1.7
17760;21.4;77.6;-1.7
17762;21.2;72.6;-1.1
17764;21.2;74.5;-2.1
17766;21.2;75.6;-2
17768;21.6;69.6;-1.3
17770;21;75.3;-1.8
17772;21.3;70.3;-1.6
17774;21.4;73.3;-1.5
17776;21.5;80;-2.1
17778;21.2;70.8;-1.5
17780;21.1;73.5;-1.5
17782;21.2;75.1;-1.5
17784;21.1;69.2;-1.6
17786;21.5;79.6;-1.6
17788;21.5;72.8;-2
17790;21.3;70;-1.4
17792;21.2;80.8;-1.9
17794;20.8;69;-1.4
17796;21.1;75.2;-1.7
17798;20.9;77.8;-2.3
17800;21.4;68.2;-1.7
17802;21.4;81.1;-1.4
17804;20.9;72;-2
17806;21.4;68.6;-2
17808;21.6;83.8;-1.6
17810;21.1;68.7;-1.7
17812;21.3;72;-1.5
17814;21;78.4;-1.7
17816;21.2;67.4;-1.7
17818;21.2;75.8;-1.6
17820;21.6;76.7;-2.1
17822;21.5;68.5;-1.8
17824;21.4;80.2;-1.3
17826;21.6;75.6;-1.7
17828;21.6;74.1;-2
17830;21.1;77.8;-1.1
17832;21.4;69;-1.8
17834;21.2;72;-1.8
17836;21.4;74.8;-1.6
17838;21.6;71.5;-1.4
17840;21.2;76.9;-1.4
17842;21.6;73.5;-1.9
17844;21.2;74.4;-1.4
17846;21.4;76.9;-1.7
17848;21.6;72.5;-1.7
17850;21.6;78.4;-1.8
17852;21.1;69;-1.3
17854;21.2;69.8;-1.7
17856;21;77.7;-1.7
17858;21.2;70.2;-1.2
17860;21.4;77.1;-1.7
17862;21.7;75.5;-1.6
17864;21;66;-1.5
17866;21.3;77.7;-1.5
17868;21.6;72;-1.8
17870;21.4;71;-1.9
17872;21.1;81;-2
17874;21.4;70.2;-1.4
17876;21.4;74.9;-2.1
17878;21.6;79.5;-2.1
17880;21.1;66.6;-1.5
17882;21.6;81.2;-2
17884;20.9;71.6;-1.4
17886;21.4;68.8;-1.5
17888;21.6;84.2;-2.2
17890;21.2;72.9;-1.5
17892;21.2;72.7;-1.7
17894;21;78.4;-2.1
17896;21.5;68.3;-1.2
17898;21.6;77.7;-1.9
17900;21.5;76.1;-2
17902;21.4;67.9;-1.4
17904;21.3;78.9;-2
17906;21.1;70.6;-1.7
17908;21;70.7;-1.3
17910;21.2;77.5;-2.2
17912;21.3;71;-2
17914;21.1;74.4;-1.2
17916;21.6;76.2;-2.3
17918;21.6;71.4;-1.6
17920;21.6;79.5;-1.1
17922;21.6;75.5;-2.3
17924;21.6;75.1;-1.6
17926;21.4;76.2;-1.6
17928;21.1;69.9;-2.2
17930;21.6;75.7;-1.6
17932;21.2;71.3;-1.1
17934;21.2;71.6;-1.6
17936;21.1;77.9;-1.7
17938;21.3;71.1;-1.8
17940;21.1;74.8;-2.1
17942;21.3;75.3;-1.9
17944;21.6;70.8;-2.2
17946;20.9;78.9;-2
17948;21.4;69.6;-0.9
17950;21.3;70.8;-2
17952;21.2;80.1;-2
17954;21.5;70;-0.9
17956;21.2;77.5;-2.1
17958;21.4;79.6;-2.3
17960;21;64.3;-1.4
17962;21.1;77;-1.9
17964;20.9;71.8;-1.9
17966;21.2;67.7;-1.1
17968;21.6;82.4;-2.1
17970;21.2;70.4;-1.9
17972;21.4;71.4;-1.6
17974;21.6;80.9;-2.4
17976;21.3;69;-1.8
17978;21;74.7;-1.8
17980;21.2;73.2;-2.1
17982;21.3;68;-1.6
17984;21;77.6;-2
17986;21.1;72.8;-2.1
17988;21.4;74.6;-1.2
17990;21.3;78.2;-2.4
17992;21.2;69.1;-1.7
17994;21.2;74.4;-1.1
17996;21.6;74.8;-2.5
17998;21.6;72.4;-1.4
18000;21.6;79.1;-1.7
18002;21.3;72.3;-2.2
18004;21.2;74;-1.4
18006;21.3;75.7;-2.2
18008;20.9;69.7;-1.6
18010;21.5;77.7;-1.3
18012;20.9;70.5;-2.2
18014;21.4;70.9;-1.7
18016;21.6;80.5;-1.1
18018;21.5;73.1;-2.3
18020;21.6;77.5;-1.6
18022;20.9;74.6;-1.4
18024;21.4;69.2;-2.1
18026;21.7;79.3;-1.6
18028;21;71.7;-1.6
18030;21;69.8;-1.7
18032;21.2;81.2;-1.7
18034;21.1;67.5;-1.5
18036;21.4;74.9;-1.4
18038;21.1;78.4;-1.9
18040;21.2;65.6;-1.5
18042;21.4;79.9;-1.5
18044;21.5;73.5;-2.6
18046;21.3;65.9;-1.2
18048;21.3;82.7;-1.6
18050;21.3;70.6;-2
18052;21.2;72.9;-1.1
18054;21;79.3;-1.9
18056;21.5;66.4;-1.8
18058;21.5;77.7;-1.4
18060;21.1;77.2;-1.7
18062;21;67.2;-1.6
18064;21.6;79.7;-1.5
18066;21.1;73.1;-2
18068;21;69.2;-1.8
18070;21.3;79.2;-1.5
18072;20.9;70.6;-1.7
18074;21.1;74.6;-1.6
18076;21.2;73.8;-1.8
18078;21.1;69.4;-1.9
18080;21.2;77;-1.6
18082;21.3;72.8;-1.6
18084;21;74.5;-1.8
18086;21.3;75.3;-1.5
18088;21.7;71.7;-1.7
18090;21.1;76;-1.6
18092;21.2;70.4;-1.8
18094;21.3;73.4;-1.8
18096;21.6;80;-1.5
18098;21.6;70.4;-1.8
18100;21.6;76.9;-1.9
18102;21;75.1;-1.3
18104;21.1;68;-1.8
18106;20.9;78.3;-1.4
18108;21.5;71.9;-1.2
18110;21;67.3;-2.1
18112;21.1;80.5;-1.3
18114;21.1;72.4;-1.4
18116;21.4;76.2;-2.1
18118;21.5;80.9;-1.6
18120;21.6;67.5;-1.4
18122;21.2;77.7;-2
18124;21.4;74.7;-1.8
18126;21.4;69.5;-1.5
18128;21.4;82;-1.8
18130;21.2;70.3;-1.3
18132;21.2;71.8;-1.8
18134;21.2;79.1;-2.3
18136;21.5;69.7;-1
18138;21.6;77.9;-2.4
18140;21.2;74.5;-1.7
18142;21.5;69.4;-1
18144;21.4;81.4;-2.4
18146;21.5;75.5;-0.7
18148;21.6;75.1;-1.6
18150;21.3;79.2;-2.3
18152;21.6;68.8;-1
18154;21;73.5;-2.1
18156;21.6;73.9;-1.6
18158;21.6;71.6;-1.5
18160;21.5;78.2;-2.2
18162;21.1;72.1;-1.1
18164;21.1;71.7;-1.7
18166;21.4;76.3;-2.1
18168;21.3;71.3;-1.2
18170;21.2;76.3;-2.4
18172;21.2;70.4;-1.5
18174;21.6;73.3;-1.6
18176;21.4;80.2;-2.2
18178;21.7;72.6;-1.4
18180;21.5;78.2;-1.7
18182;21;73.2;-2.3
18184;21.3;66.4;-1.3
18186;21.4;79.2;-1.6
18188;21.5;72.2;-1.9
18190;21.3;70.4;-1.6
18192;21.1;80.6;-1.6
18194;21.1;66.9;-2
18196;21.6;75.4;-1.6
18198;21.4;79.4;-1.4
18200;21.3;66.9;-1.9
18202;21.3;79.2;-1.8
18204;21;71.8;-1.3
18206;21.2;65.9;-1.7
18208;21.4;83.5;-1.5
18210;21.2;71.1;-1.5
18212;21.1;72.3;-2.1
18214;21;78.6;-1.6
18216;21.5;69.3;-1.3
18218;21;73.8;-1.5
18220;21.4;76.3;-1.7
18222;21;67.8;-1.8
18224;21.4;80.2;-1.4
18226;21.4;73.4;-1.4
18228;21.1;71.8;-1.8
18230;21.1;77.5;-1.4
18232;21.1;70.5;-1.5
18234;21.4;76.9;-2
18236;21.4;74.4;-1.1
18238;21.6;71.4;-1.7
18240;21.4;77.7;-1.7
18242;20.9;71.4;-1.1
18244;21.6;76.5;-1.9
18246;21.2;74.8;-1.5
18248;21.6;70.2;-1.1
18250;21.6;77.6;-2.3
18252;21.3;70.7;-1.7
18254;21.3;71.5;-1.4
18256;21.4;78.5;-1.9
18258;21.5;71.2;-1.5
18260;21.1;74.2;-1.4
18262;21.5;76.8;-2.1
18264;21.2;69.2;-1.6
18266;21.4;79.3;-1.6
18268;21.4;72.1;-1.9
18270;21.4;70.5;-1.5
18272;21.2;81.5;-1.5
18274;21.2;70.2;-1.7
18276;21.4;77.1;-1.8
18278;21.2;77.7;-1.5
18280;21;64.5;-1.6
18282;21.2;78.2;-1.7
18284;21;71.4;-1.6
18286;21.3;68.6;-1.2
18288;21.7;83.4;-1.9
18290;21.2;70.3;-1.9
18292;21.5;72.2;-1.6
18294;21.5;81.3;-1.8
18296;21.2;65.8;-1.4
18298;21;75.3;-1.4
18300;21;74.5;-2
18302;21;66.2;-1.1
18304;21.2;79.5;-2.2
18306;20.9;72.5;-1.8
18308;21.7;73.8;-1.3
18310;21.4;77.7;-2.3
18312;21.2;68.8;-1.3
18314;21.2;72.9;-1.2
18316;21.3;74.3;-1.9
18318;21.3;72.1;-1.4
18320;21;77;-1.7
18322;21;72.4;-1.9
18324;21.4;74.4;-2
18326;21.3;75.7;-1.6
18328;21.4;72.2;-1.9
18330;21.6;78.4;-1.8
18332;21;69.8;-1.6
18334;21.2;70.6;-1.6
18336;21.7;80.3;-2.2
18338;21;68.8;-1.3
18340;21.3;76.5;-1.6
18342;21.6;76.2;-2.2
18344;21.5;68.8;-0.9
18346;21.3;77.4;-2.1
18348;21.4;72.4;-2.1
18350;21.3;71.1;-0.9
18352;21.6;82.7;-2.2
18354;21;67.6;-1.3
18356;21.2;72.7;-1.5
18358;21.6;79.5;-2.6
18360;21;66.1;-1.2
18362;21.1;77.8;-2.2
18364;21.1;71.5;-1.6
18366;21.3;67.3;-1.2
18368;21.4;81.5;-2
18370;21;71.8;-1.4
18372;21.1;72.1;-1.7
18374;21.4;80.8;-2.2
18376;21.5;69.2;-1.2
18378;21.2;75.5;-1.6
18380;20.9;73.3;-2.3
18382;21.4;67.9;-1.2
18384;21.6;81.2;-1.8
18386;21.4;72.8;-1.7
18388;21.3;72;-1.3
18390;21.3;77.6;-2.1
18392;21.1;69.6;-1.9
18394;21.1;73.2;-1.2
18396;21.4;75.2;-1.7
18398;21.4;68.1;-1.9
18400;21.4;77.7;-1
18402;21.1;73.2;-2.2
18404;21;75.1;-1.6
18406;21.5;77.5;-1.3
18408;21.6;72.5;-2.3
18410;21;74;-0.9
18412;21.1;70.4;-1.6
18414;21.6;73;-2.2
18416;21.7;80;-1.3
18418;21;68.1;-2
18420;21.7;76.5;-2.2
18422;21.4;75.2;-1.1
18424;21.4;69.1;-1.9
18426;21.4;79.1;-1.8
18428;21.6;71.4;-1.2
18430;21.2;69.6;-1.9
18432;21.2;80.9;-1.5
18434;21;68.5;-1.6
18436;21.2;75.9;-2
18438;21.6;79.8;-1.4
18440;21;64.5;-1.7
18442;21.1;78.5;-1.7
18444;21.6;74.4;-1.1
18446;21.3;67.3;-1.9
18448;21.4;82.5;-1.4
18450;21.5;71.3;-1.7
18452;21.7;71.1;-2.2
18454;21.5;80.1;-1.2
18456;21.6;69.3;-2.3
18458;21.2;75.3;-1.9
18460;21.1;73.8;-1.5
18462;21.2;66.1;-2.1
18464;21.2;78.1;-1.6
18466;21.4;74;-1.4
18468;21;71.5;-2.1
18470;21.3;77.1;-1.6
18472;21.4;71;-1.1
18474;21.1;74.2;-2
18476;21.3;73.6;-1.8
18478;21.7;71.5;-1.5
18480;21.1;76;-1.9
18482;20.8;70.3;-1.5
18484;21.5;74.7;-1.5
18486;21.4;75.6;-2.1
18488;21.2;70.5;-1.4
18490;21.4;78.1;-1.5
18492;21.1;71.5;-2.1
18494;21.4;69.9;-1.2
18496;21.5;80.3;-1.7
18498;21.2;70.9;-1.7
18500;21.2;75.8;-1.4
18502;21.3;74.8;-2.1
18504;21;66.7;-1.6
18506;21.1;75.6;-1.4
18508;21.6;71.9;-2.1
18510;20.9;69.3;-1.3
18512;21.5;82;-1.8
18514;20.9;67.5;-1.6
18516;21.2;73.7;-1.1
18518;21.2;78.5;-1.8
18520;21.1;66.1;-1.4
18522;21.2;77.7;-1.2
18524;21.7;72.8;-2.3
18526;21.4;67.1;-1.2
18528;21.7;84.1;-1.5
18530;21.3;70.2;-2.2
18532;21.3;73.3;-1.2
18534;21.3;80.4;-1.3
18536;21.6;65.8;-1.9
18538;21.2;76.1;-1.7
18540;21.2;74.9;-1.5
18542;21;66.6;-1.8
18544;21.2;79;-1.5
18546;21.6;74.8;-1.6
18548;21.1;71.1;-1.7
18550;21.5;79.2;-1
18552;21.6;70.5;-2.3
18554;21.5;75.2;-1.8
18556;21.4;74.7;-1.2
18558;21.2;71.8;-1.5
18560;21.1;76.9;-1.9
18562;20.9;72.2;-1.4
18564;21.2;73.7;-1.7
18566;21.6;75.6;-1.7
18568;21.6;71.4;-1.7
18570;21.4;74.7;-1.7
18572;21.3;70.3;-1.4
18574;21;71.3;-1.4
18576;21.7;80;-1.8
18578;21.1;67.9;-1.5
18580;21.5;77.1;-1.7
18582;21.4;75.4;-2.1
18584;20.9;68.1;-2
18586;21;78.3;-1.6
18588;21.6;71.6;-1.7
18590;21.4;68.4;-2.2
18592;21.1;79.4;-1.2
18594;21.2;70.9;-1.6
18596;21.6;75.6;-2.2
18598;21.2;77.3;-1.1
18600;21;65.7;-1.7
18602;21.1;76.7;-2
18604;21.5;74.7;-1.4
18606;21.6;69.5;-1.8
18608;21;80.8;-1.8
18610;21.1;68.7;-1.3
18612;21.1;70.2;-2.2
18614;21.1;78.8;-1.7
18616;21.6;68.9;-1.4
18618;21.4;78.3;-1.9
18620;21.2;74.4;-2.1
18622;21.1;66.9;-1.7
18624;21.4;78.9;-1.6
18626;21.3;72.4;-1.5
18628;21.2;74.4;-2
18630;21;76.8;-1.8
18632;21.2;69.4;-1.2
18634;20.9;74.1;-1.7
18636;21.3;74.1;-1.4
18638;21.6;71.3;-1.4
18640;21.4;78.1;-2
18642;21.7;73.8;-1.5
18644;21.3;72.1;-1.7
18646;21.4;75.6;-2.2
18648;21.4;71.9;-1.2
18650;21.1;74.2;-1.6
18652;21.1;69.3;-1.8
18654;21.3;70;-1.2
18656;21.1;76.9;-2.1
18658;21.4;72;-1.8
18660;21.3;76.5;-1.4
18662;21.1;73.9;-2.3
18664;21;66;-1.3
18666;21.5;78.7;-1.3
18668;21;69.5;-2.3
18670;21.2;69.3;-1.4
18672;21.4;82.1;-1.5
18674;21.2;65.9;-2.3
18676;21;73.3;-1.2
18678;21.4;78;-1.7
18680;21.2;65.2;-1.9
18682;21.4;79.2;-1.1
18684;21.4;71.9;-1.5
18686;21.3;66.5;-1.7
18688;21.1;80.7;-1.6
18690;21.4;72.8;-1.9
18692;21;71.6;-1.6
18694;21;77.4;-1.6
18696;21.6;67.7;-2
18698;21.2;72.6;-1.8
18700;21.2;74.1;-1.7
18702;21.6;67.4;-1.8
18704;21.6;79.2;-1.7
18706;21.1;71.2;-1.8
18708;21.2;71.3;-1.8
18710;21.1;75.9;-2.1
18712;21.1;69.2;-1.7
18714;21.4;75.9;-1.6
18716;21.4;73.7;-1.8
18718;21.3;70.8;-1.8
18720;21.1;77;-1.6
18722;21.3;72.5;-2.1
18724;21;73.3;-1.8
18726;21.1;75.2;-1.3
18728;21.3;69;-1.7
18730;21;74.6;-1.9
18732;21.3;70.6;-1.5
18734;21.1;70.6;-2
18736;21.4;77.8;-2.2
18738;21.3;68.9;-1.1
18740;21.2;73.5;-2.1
18742;21.4;76.8;-1.6
18744;21.4;69.9;-1.1
18746;21.4;79.5;-2.3
18748;21.4;71.4;-1.6
18750;21.5;71.6;-1.6
18752;21.2;79.6;-2
18754;21.5;70.9;-1.1
18756;21.6;77.3;-1.7
18758;21.4;78.2;-1.6
18760;21.3;66.7;-1.4
18762;21.5;79.3;-2
18764;21.3;70.2;-1.6
18766;21.5;67.9;-1.4
18768;21.3;79.9;-1.7
18770;20.9;67;-2.2
18772;21.3;70.9;-1.4
18774;21.6;78.6;-1.8
18776;21.4;68.3;-1.9
18778;21.1;75.2;-1.3
18780;21.3;74.6;-2.3
18782;21;64;-2
18784;21.4;79.9;-1
18786;21.1;72.7;-2
18788;21.6;72.4;-2.2
18790;21;75.4;-1.8
18792;21.5;70.4;-1.4
18794;21.2;72.3;-1.7
18796;21.5;73.4;-1.6
18798;21.4;70.5;-1.3
18800;21;76.8;-1.8
18802;21.4;72.9;-1.4
18804;21.3;74.4;-1.6
18806;21.2;75;-2.4
18808;21.2;70.2;-1.3
18810;21;75;-1.7
18812;21.5;71;-2.4
18814;21.3;70.9;-1
18816;21.6;79.8;-2.3
18818;21.3;69.6;-1.6
18820;21;76;-1.3
18822;21.4;74.6;-2.4
18824;21.6;66.1;-1.4
18826;21.3;76.9;-1.7
18828;21.5;70.1;-2.1
18830;21.2;68.9;-1.4
18832;21.2;80.9;-2.1
18834;21;68.3;-1.7
18836;21.7;75;-2
18838;21.2;77.4;-1.8
18840;21.4;65.9;-1.5
18842;20.9;77;-1.8
18844;21.1;70.1;-1.8
18846;21;65.4;-1.3
18848;21.6;81.8;-1.8
18850;21.6;70.7;-1.6
18852;21.2;71.2;-1.6
18854;21.6;79.5;-2.1
18856;21.2;65.1;-1.5
18858;21.5;75.6;-1.2
18860;21.4;74.8;-1.8
18862;21.4;69.5;-1.6
18864;21;77.8;-1.5
18866;21.2;70.6;-2.1
18868;21.3;70;-1.2
18870;21.3;77.1;-1.5
18872;21.4;69.5;-1.7
18874;21.1;72.3;-1.4
18876;21.1;73;-1.5
18878;21.2;67.6;-2.2
18880;21.6;77.3;-1.9
18882;21.2;72.4;-1.3
18884;21.1;71.2;-1.9
18886;21.3;74.5;-1.9
18888;21.6;70.9;-1.3
18890;21;73.5;-1.9
18892;21.1;69.9;-1.9
18894;21.2;70.3;-1.2
18896;21.3;78.4;-2.5
18898;21.4;69.2;-1.3
18900;21.6;76.2;-1.5
18902;21.2;74.1;-2.5
18904;21.6;67.4;-0.8
18906;21;77.3;-2
18908;21;67;-1.8
18910;21.1;66.6;-1.5
18912;21.2;81.4;-2.4
18914;21.1;68.3;-1.5
18916;21.3;76.6;-1.4
18918;21.6;80;-2
18920;21.7;66.9;-1
18922;21.3;80.3;-2.3
18924;21.4;73.8;-1.6
18926;21.6;67.9;-1
18928;21.3;79.7;-2
18930;20.9;68.7;-1.4
18932;21.2;70.2;-1.5
18934;21.6;79.7;-2.2
18936;21.6;68.7;-1.8
18938;21.2;74.1;-1.5
18940;21.2;72.8;-1.4
18942;21.6;66.1;-1.6
18944;21.1;76.9;-1.5
18946;21.2;74.1;-1.6
18948;21.6;73.8;-2.4
18950;21.3;78.1;-1.8
18952;21.4;70.1;-1.9
18954;21.3;73.5;-1.9
18956;21.2;70.8;-1.7
18958;21.5;69.7;-1.4
18960;21.6;75.8;-1.7
18962;21.1;68.9;-1.4
18964;21.2;71.1;-2
18966;21.1;72.9;-1.9
18968;21.4;69.9;-1.6
18970;21.2;75.3;-1.9
18972;21;69.3;-0.9
18974;21.1;67.3;-1.8
18976;21.4;79.6;-1.7
18978;21.8;72.3;-1.2
18980;21.3;74.1;-2.2
18982;21.3;73.9;-1.4
18984;21.4;66.5;-1.5
18986;21.5;76.8;-1.8
18988;21.6;70.8;-1.6
18990;21.1;68.1;-1.7
18992;21.1;80.1;-2
18994;21.1;65.1;-1.8
18996;21.6;73.9;-1.7
18998;21.6;77.1;-2
19000;21.5;67.5;-1.7
19002;21.6;79.9;-1.3
19004;21.1;70.5;-1.9
19006;21.2;65.6;-1.4
19008;21.6;82.6;-1.5
19010;21.3;69.5;-1.8
19012;21.1;71;-1.6
19014;21.1;77.8;-1.6
19016;21.1;63.5;-1.5
19018;21.5;75.6;-1.8
19020;21.3;74.1;-1.4
19022;21.3;66.7;-1.8
19024;21.4;78.6;-1.3
19026;21.5;72;-1.7
19028;21.1;68.9;-2
19030;21.1;76.2;-1.3
19032;21.3;70.4;-1.6
19034;21.3;73.6;-2.3
19036;21.3;72.3;-1.7
19038;21.6;70.8;-1.9
19040;21.5;77.7;-1.8
19042;21;71.8;-1.1
19044;21;72.5;-2
19046;21.5;75.5;-1.5
19048;21.5;69.8;-1.3
19050;21.4;75.6;-2.3
19052;21.2;68.3;-1.3
19054;21.2;69.6;-1.8
19056;21;76.6;-2.3
19058;21.6;69;-1
19060;21.6;74.8;-1.9
19062;21.5;75.3;-1.8
19064;21.1;65.8;-1.4
19066;21.4;78.8;-2
19068;21.5;69.4;-1.7
19070;21.4;68.4;-1.5
19072;21.6;79.8;-2.3
19074;21.6;70.7;-1.3
19076;21.5;73.8;-1.4
19078;21.6;78.1;-1.6
19080;21.5;65.4;-1.3
19082;21.1;74.5;-1.9
19084;21.1;70.3;-1.7
19086;21.3;67;-1.4
19088;21;79;-2.2
19090;21.1;68.4;-2
19092;21.6;71.7;-1.3
19094;21.3;78.5;-2.2
19096;21.4;67.7;-1.6
19098;21.6;76.1;-1.4
19100;21.6;75.1;-2.2
19102;21.3;66.1;-1.8
19104;21.2;76.9;-1.4
19106;21.6;72.9;-2
19108;21.1;71.2;-1.6
19110;21.2;76.3;-1.5
19112;21.1;67.3;-1.8
19114;21.1;73.3;-1.7
19116;21.3;73.8;-1.5
19118;21.1;68.7;-2.3
19120;21.2;76.1;-2.1
19122;21.5;73;-1.4
19124;21.4;72.4;-1.7
19126;21.3;74.9;-2
19128;21.6;71.9;-1.6
19130;21.3;75.1;-1.7
19132;21.5;69.8;-1.5
19134;21.1;70.4;-1.7
19136;21.2;75.8;-1.6
19138;21.3;71.1;-1.3
19140;21.2;74.9;-1.8
19142;21.1;73.3;-2.1
19144;21.6;68.9;-1.5
19146;21.4;77.9;-1.6
19148;21.3;69;-2.4
19150;21.2;68.6;-1.7
19152;20.9;79.1;-1.6
19154;21;64.6;-1.9
19156;21.7;74.4;-1.6
19158;21.2;76.4;-1.5
19160;21.7;65.5;-1.8
19162;21.6;78.9;-1.6
19164;21.6;72.2;-1.5
19166;21.3;64.1;-2
19168;21.2;81.4;-1.8
19170;21.7;72;-1.5
19172;21.1;71.1;-2.1
19174;21.1;77.9;-1.7
19176;21.4;67.4;-1.5
19178;21.7;74.3;-2.1
19180;21.7;75.7;-1.8
19182;21.2;65.9;-1.8
19184;21.4;76.6;-1.9
19186;21.3;70.6;-1.3
19188;21.6;71;-1.5
19190;21.4;75.7;-2.2
19192;21.2;67.9;-1.4
19194;21;72.8;-1.5
19196;21.7;73.5;-2.3
19198;21.1;68.8;-1.5
19200;21.7;78.7;-1.7
19202;21.1;71;-2.1
19204;21;73;-1.4
19206;21.3;74.2;-1.7
19208;21.3;68;-2
19210;21.7;75.9;-0.8
19212;21.4;69.8;-2.3
19214;21.2;70.4;-2.3
19216;21.2;77.1;-1
19218;21;67.7;-2.5
19220;21.1;73.4;-1.8
19222;21.5;73.9;-1.5
19224;21.6;69.2;-2.5
19226;21.5;79.1;-1.1
19228;21;68.8;-2.1
19230;21.1;68.2;-2
19232;20.9;79.3;-1.2
19234;21;68.1;-2.4
19236;21;74.4;-1.6
19238;21.5;77.8;-1.3
19240;21.3;63.9;-1.8
19242;21.1;76.9;-1.3
19244;21.1;69.8;-2.2
19246;21.4;67.2;-1.9
19248;21.5;81.8;-1.2
19250;21;66.7;-2
19252;20.9;68.9;-1.7
19254;21.5;79.7;-1.5
19256;21.3;66.7;-1.7
19258;21.6;76.8;-2
19260;21.6;76;-1.7
19262;21;64;-1.3
19264;21;76.6;-1.7
19266;21.3;73.8;-2
19268;21.5;71.3;-1.6
19270;21.2;75.6;-1.3
19272;21.6;69.3;-2.1
19274;21.2;71.3;-1.7
19276;21.4;72.7;-1.1
19278;21.4;69.4;-2
19280;21.2;75.6;-1.3
19282;21.5;72.6;-1.7
19284;21.5;74;-2.2
19286;21.4;76.2;-0.9
19288;21.6;71.2;-1.7
19290;21.4;75.8;-1.8
19292;21.2;68.6;-1.1
19294;20.9;68.9;-1.6
19296;21.2;77;-2.3
19298;21.6;70;-1.6
19300;21.6;76.9;-1.7
19302;21.2;72.9;-2
19304;21.1;63.9;-1.9
19306;21.1;75.9;-1.9
19308;21.4;71.2;-1.6
19310;21.6;68.1;-1.4
19312;21.1;79.4;-1.8
19314;21.2;68.1;-1.1
19316;21.4;73.3;-2
19318;21.5;79.1;-1.8
19320;21.4;67.6;-1.4
19322;21.1;77.2;-1.5
19324;21.1;71.4;-1.7
19326;21.5;65.9;-2.1
19328;21;79.4;-1.8
19330;21.2;69.6;-1.5
19332;21.4;72;-1.8
19334;21.2;76.9;-1.5
19336;21.3;65.4;-1.5
19338;21.3;74.5;-1.8
19340;21.4;73.3;-1.5
19342;21.5;69.1;-1.7
19344;21.7;80.1;-1.6
19346;21.5;72.2;-1.9
19348;21.2;70.4;-1.9
19350;21.1;75.8;-1.3
19352;21.2;68.1;-1.8
19354;21.5;74.6;-1.9
19356;20.9;71.8;-2
19358;21.7;69.2;-2.2
19360;21.2;75.9;-2
19362;21.4;74.7;-1.4
19364;21.7;74.2;-2.2
19366;21;73.3;-1.5
19368;21.5;70.7;-1.4
19370;21.4;73;-2.4
19372;21.4;70.7;-1.3
19374;21.4;72.6;-1.5
19376;21.6;77.9;-2.1
19378;21.4;67.7;-1.1
19380;21.2;74.6;-2.4
19382;21.1;73.1;-1.6
19384;21.3;67.6;-1.4
19386;21.4;78.1;-2.6
19388;21.1;68.6;-1.1
19390;21.5;69.1;-2
19392;21.7;82;-1.9
19394;21.2;67.6;-1.2
19396;21.4;74.8;-2.6
19398;21.6;79.1;-1.1
19400;21.4;64.5;-2.1
19402;21.2;78.4;-2
19404;21;71.8;-1.1
19406;21.2;66.2;-2.1
19408;21.6;82.3;-1.9
19410;21.3;69.2;-1.1
19412;21.6;70.9;-2.5
19414;21.2;78.8;-1.4
19416;21.6;67.8;-1.5
19418;21;74.5;-2.2
19420;21.2;74.7;-1.3
19422;21.6;67.9;-2.2
19424;21.3;77.2;-1.7
19426;21.4;74;-1.4
19428;21.7;74.2;-2.3
19430;21.5;77.2;-1.5
19432;21.3;68.1;-1.6
19434;21;72.7;-2.2
19436;21.4;74.4;-1
19438;21.4;69.2;-2
19440;21.5;77.1;-2
19442;21.4;70.2;-1.8
19444;21.1;71.2;-2.1
19446;21.3;74;-1.5
19448;21.4;68.9;-1.9
19450;21.4;76.2;-2.1
19452;21.5;71.6;-1.5
19454;21.7;70.3;-2
19456;21.2;76.6;-1.9
19458;21.7;72.4;-1.4
19460;21;73.6;-1.7
19462;21;73.8;-1.7
19464;21.5;68.4;-2
19466;21.3;75.6;-1.9
19468;21.7;70.4;-1.7
19470;21.3;68.8;-1.6
19472;21;78.7;-1.9
19474;21.5;67.4;-1.4
19476;20.9;72;-1.7
19478;20.9;75.7;-1.6
19480;21.2;64;-1.1
19482;21.4;79.5;-1.9
19484;21.6;72.2;-1.8
19486;21.3;66.9;-1.4
19488;21.1;81.1;-2.1
19490;21.3;71.4;-1.6
19492;21.4;71.1;-1.7
19494;20.9;77.6;-2
19496;21.7;66.5;-1.8
19498;21.5;75.4;-1.9
19500;21.3;73.7;-1.9
19502;21.4;65.8;-1.6
19504;21;76.6;-1.2
19506;21;70.5;-1.6
19508;21.6;70.9;-2
19510;21.3;77.3;-1.6
19512;21;70;-2
19514;21;73;-1.9
19516;21.1;73.2;-1.4
19518;21.5;71.5;-1.4
19520;21.1;75.3;-1.6
19522;21.3;72.5;-1.6
19524;21.6;75.1;-1.8
19526;21.4;74.5;-1.8
19528;21.6;70.4;-1.8
19530;21.6;76.3;-2.1
19532;21.3;69.6;-1.2
19534;21.4;69.7;-1.7
19536;21.6;77.9;-1.8
19538;21.4;68.9;-1.3
19540;21.3;74;-2
19542;21.7;75.1;-2.2
19544;21.2;67;-1.1
19546;21.6;79.8;-2.3
19548;21.6;71.2;-1.7
19550;21.1;66.1;-1.5
19552;21.3;79.2;-2.1
19554;21.5;69.8;-1.9
19556;21;72.2;-1.6
19558;21.2;76.2;-1.6
19560;21.6;65.8;-1.4
19562;21;74.5;-1.7
19564;21.6;71;-1.7
19566;21.2;65.5;-1.5
19568;21.1;78.8;-1.6
19570;21.1;67.8;-1.8
19572;21.3;69.8;-1.4
19574;21.3;77.2;-1.8
19576;21.7;68.4;-1.8
19578;21.6;76.5;-1.2
19580;21.2;72.8;-1.7
19582;21.1;65.7;-2
19584;21.2;77.4;-1.6
19586;21.1;71;-1.7
19588;21.4;71.1;-1.7
19590;21.3;76.9;-1.7
19592;21.2;66.8;-1.5
19594;20.9;72.8;-1.5
19596;21.1;72.6;-1.9
19598;21.4;68.9;-1.6
19600;21.7;76.9;-1.5
19602;21.5;73.7;-2.2
19604;21.1;71.2;-1.7
19606;21.7;76.5;-1.6
19608;21.6;71.8;-2.1
19610;21;73.8;-1.4
19612;21.2;68.8;-1.3
19614;21.3;70.4;-2.3
19616;21.1;75.8;-1.5
19618;21.6;71.1;-1.4
19620;21.7;77.6;-2.6
19622;21.1;73.4;-0.7
19624;21.6;66.4;-2.2
19626;21.4;78;-1.9
19628;21.5;70.9;-1.2
19630;21.3;71.3;-2
19632;21.2;79.9;-1.1
19634;21.4;67.2;-1.7
19636;21.5;73.1;-2.3
19638;21.1;76.2;-1.2
19640;21.3;65.2;-2.2
19642;21.4;77.5;-1.7
19644;21;69.7;-1.6
19646;21.6;65.6;-1.7
19648;21.3;80.1;-1.3
19650;21.3;69.5;-1.7
19652;21.3;70.5;-1.9
19654;21;76.5;-1.7
19656;21.2;65.1;-1.3
19658;21;72.1;-2
19660;21.3;74.7;-1.7
19662;21.6;68.6;-1.9
19664;21.2;77.2;-2
19666;21.6;71.5;-1.7
19668;21.5;70.7;-2.1
19670;21.6;78.1;-1.6
19672;21.5;69.3;-1.4
19674;21.7;74.6;-2.2
19676;21.5;72;-1.4
19678;21.5;69.8;-1.6
19680;21.6;77.7;-2.5
19682;21.1;70.9;-1
19684;21.3;75.4;-1.7
19686;21.2;73.7;-2.2
19688;21.6;70.6;-1.2
19690;21.4;75.1;-1.6
19692;21;70.2;-2.3
19694;21.3;69.7;-1.1
19696;21.5;77.6;-2
19698;21.6;70;-2.3
19700;21.4;72.3;-1.1
19702;21.1;73.3;-1.8
19704;21.3;66.6;-2
19706;21.2;77.7;-1.1
19708;21.7;71.5;-1.9
19710;21.7;70.5;-1.7
19712;21.2;78.6;-1.3
19714;20.9;68;-2
19716;21.1;75.4;-1.7
19718;21;77.4;-1.2
19720;21.3;64.6;-1.9
19722;21.2;77.8;-1.8
19724;21.1;70;-1.4
19726;21.3;66.5;-1.6
19728;21.4;81.9;-2
19730;21.3;67;-1.3
19732;21.3;71;-1.2
19734;21.1;78.5;-2
19736;21.5;68.3;-1.5
19738;21.3;75.5;-1.7
19740;20.9;72.9;-2.3
19742;21;63.3;-1.7
19744;21.5;78.7;-1.8
19746;21.2;74.4;-1.5
19748;21.2;70.1;-1.8
19750;21.5;79.2;-2
19752;21.4;66.8;-1.5
19754;21.2;70.6;-1.5
19756;21.3;71.7;-2
19758;21.4;69.6;-1.5
19760;21.5;77;-1.7
19762;21.6;71.3;-1.9
19764;21.2;72;-1.8
19766;21.4;74.7;-1.3
19768;21.7;71.2;-1.7
19770;21.1;74.3;-1.6
19772;21.1;68.1;-1.6
19774;21.3;70.6;-2.1
19776;21.7;79.4;-1.5
19778;21.1;67.8;-1.7
19780;21.4;75.2;-1.7
19782;21.4;74.7;-1.2
19784;21.7;67;-1.7
19786;21.1;75.5;-1.8
19788;21.4;70.2;-1.5
19790;21.5;69.3;-2.3
19792;21.1;79.7;-1.6
19794;21.4;67.3;-1.6
19796;21.4;72.7;-2.3
19798;21.7;76.8;-1.6
19800;21.1;64.6;-1.4
19802;21.2;77.3;-1.6
19804;21.3;70.7;-1.7
19806;21.4;65.9;-1.7
19808;21.3;81.8;-1.4
19810;21.7;71.2;-2
19812;21.1;71.2;-1.8
19814;21.2;76.1;-1.6
19816;21.4;66.3;-1.7
19818;21.6;75.8;-1.8
19820;21.2;72.6;-2.2
19822;20.9;66.9;-1.8
19824;21.6;79.2;-1.6
19826;21.6;71.4;-1.8
19828;21.7;71.6;-1.6
19830;21.4;77.2;-1.6
19832;21.4;69.7;-1.7
19834;21.3;72.4;-1.7
19836;21.3;73;-1.5
19838;21.4;68.6;-1.4
19840;21.1;75.6;-1.8
19842;21.4;72;-1.7
19844;21.2;71.1;-1.6
19846;21.6;76.1;-1.5
19848;21.4;70.2;-2.1
19850;21.2;75;-1.8
19852;20.9;68.8;-1.3
19854;21.3;69.2;-2.3
19856;21.6;77.9;-1.1
19858;21.6;69.2;-1.3
19860;21.2;73.8;-2.1
19862;21.6;76.1;-1.6
19864;21.1;67.3;-2.2
19866;21.2;77.3;-2
19868;21.6;69.2;-1
19870;20.9;66.4;-2.2
19872;21.4;79.2;-1.7
19874;21.1;66.7;-1.4
19876;21.3;74.5;-2.1
19878;21.6;78.6;-1.7
19880;21.3;65.6;-1.4
19882;21.3;78.9;-1.7
19884;21.2;72.3;-1.4
19886;21.5;67.9;-1.8
19888;21;80;-1.9
19890;21.4;70.2;-1.3
19892;21.1;69.7;-1.8
19894;21.6;79.8;-2.1
19896;21.5;67.7;-1
19898;21.2;73.3;-1.6
19900;21.6;73.7;-2.3
19902;21.3;64.4;-1.2
19904;21.3;77.5;-1.5
19906;21.4;72.8;-1.7
19908;21.4;72;-1.9
19910;21;75.9;-1.7
19912;21;68.6;-1.8
19914;21.2;72.4;-1.5
19916;21.5;74.1;-1.8
19918;21.1;71.8;-1.4
19920;21.4;77.2;-1.5
19922;21.4;71.4;-2.2
19924;21.6;72.9;-1.7
19926;21.4;74.2;-1.5
19928;21.2;68.8;-2.1
19930;21.2;74.6;-1.8
19932;21;69.6;-1.2
19934;21;68.4;-2.4
19936;21.7;79.8;-1.2
19938;21.6;72.6;-1.6
19940;21.1;75;-2.3
19942;21.6;76.1;-1.3
19944;21.6;68.8;-1.8
19946;21.4;76.8;-1.8
19948;21.7;71.4;-1.5
19950;21.6;70.5;-1.7
19952;21.1;78.5;-1.7
19954;21.1;64.9;-1.5
19956;21.4;72.5;-1.8
19958;21;75.1;-2
19960;21.6;66.3;-1.5
19962;21.3;78.8;-1.7
19964;21.1;69.9;-1.6
19966;21.3;65.7;-1.6
19968;21.6;82.4;-1.6
19970;21.5;69.2;-1.6
19972;21.2;71.5;-1.8
19974;21.1;77.9;-1.9
19976;21.6;66.6;-1.4
19978;21.6;75.4;-2.1
19980;21.5;74.6;-2.2
19982;21.3;64.7;-1.2
19984;21.1;76.6;-1.9
19986;21.3;71.5;-1.9
19988;21.4;68.5;-1.6
19990;21.2;77.1;-2.1
19992;21.6;71.8;-1.6
19994;21;72.2;-1.3
19996;21.6;74.1;-1.7
19998;21.5;71;-1.5
20000;21.1;75.9;-1.6
20002;21.2;72.5;-1.7
20004;21.5;76.1;-1.6
20006;21.2;74;-1.8
20008;21.6;70.7;-2.1
20010;21.4;73.4;-1.4
20012;21.3;70.7;-1.8
20014;21.4;70.5;-2
20016;21.7;79.4;-1.8
20018;21;68.5;-2.6
20020;21.1;73.9;-1.4
20022;21.2;73.6;-1.5
20024;21.2;66.5;-2.2
20026;21.3;77.5;-1.6
20028;21.6;71.4;-1.4
20030;21.2;68.2;-1.7
20032;21;79.3;-1
20034;21;68.7;-1.7
20036;21.3;74.2;-2
20038;21.2;76.7;-1.9
20040;21.2;64.7;-1.7
20042;21.4;75.1;-1.6
20044;21.6;71;-1.8
20046;21.3;68.2;-2
20048;21.6;81.8;-1.7
20050;21.6;70.5;-2
20052;21.6;70.7;-1.8
20054;21.2;78;-1.6
20056;21.6;68.5;-1.7
20058;21.6;77.1;-1.5
20060;21.7;73.8;-1.5
20062;20.9;65.7;-1.8
20064;21.1;77.1;-1.6
20066;21.6;73;-1.6
20068;21.6;72.8;-1.5
20070;21.4;77.4;-1.4
20072;21.3;66.9;-1.8
20074;21.3;73.7;-2
20076;21.3;73.6;-1.4
20078;21.2;68.7;-1.7
20080;21.6;77.4;-1.8
20082;21;72;-1.6
20084;21.4;72.1;-1.7
20086;21.2;75.6;-1.8
20088;21.6;71.8;-1.6
20090;21;75.4;-1.5
20092;21.1;69;-1.6
20094;21;68.8;-1.6
20096;21.6;78.4;-1.7
20098;21.4;71.5;-1.6
20100;21.7;75.3;-1.5
20102;21.2;74;-1.7
20104;21.6;69.2;-1.8
20106;21;76.3;-1.7
20108;21;68.9;-1.4
20110;21.3;69.1;-2.1
20112;21.2;80.8;-1.6
20114;21.2;67;-1.7
20116;21.4;73.8;-2.3
20118;21.6;77.5;-1.2
20120;21.2;64.7;-1.8
20122;21;77.3;-1.8
20124;21.2;71.4;-1.7
20126;21.3;66.9;-1.4
20128;21.5;80.5;-2
20130;21.1;69.7;-1.5
20132;21.4;73.3;-1.8
20134;21.2;77.9;-1.5
20136;21.1;66.2;-1.5
20138;21.1;74.1;-1.9
20140;21;74.8;-1.6
20142;21.4;69.1;-1.4
20144;21.4;80.1;-1.7
20146;21.4;73.1;-1.6
20148;21.6;71.4;-1.9
20150;21;76.2;-1.6
20152;21.3;68.7;-1.4
20154;21.4;73.4;-1.9
20156;21.1;70.4;-1.6
20158;21.4;69.1;-1.5
20160;21.3;76.8;-2.1
20162;20.9;70.8;-1.5
20164;21.5;75.1;-1.5
20166;21.4;74.8;-2
20168;21.2;68.8;-1.4
20170;21.6;77.3;-1.8
20172;21.3;70;-2
20174;21.1;69.8;-1.3
20176;21.6;78.5;-1.6
20178;21.5;69.9;-2.1
20180;21.6;74.6;-1.2
20182;21.2;74.2;-1.5
20184;21;66.7;-2.2
20186;21.1;77.3;-1.5
20188;21.7;71.6;-1.3
20190;21.7;70.2;-2.1
20192;21.6;78.4;-1.5
20194;21.1;68.1;-1.5
20196;21.8;77.3;-2.3
20198;21.1;76;-1
20200;21.3;66.8;-1.6
20202;21.7;80;-2.2
20204;21.2;70.9;-1.3
20206;21.2;66.2;-1.8
20208;21.3;81.2;-2.1
20210;21.1;67.9;-1.1
20212;21.2;70.5;-2.4
20214;21.6;79.9;-1.5
20216;21.5;69.4;-1.4
20218;21.6;77.2;-2.2
20220;21.3;76.3;-1.3
20222;21;65.7;-1.6
20224;21.7;81.1;-1.7
20226;21.4;75.5;-1
20228;21.2;71.5;-2.1
20230;21;76.2;-1.3
20232;21;68.4;-1.6
20234;21;72.2;-1.9
20236;21.2;73;-1.5
20238;21.6;70.8;-2.1
20240;21.4;76.7;-1.7
20242;21.2;71.7;-1.1
20244;21.1;73.2;-2.4
20246;21.4;76.1;-1.8
20248;21.4;70.7;-1.1
20250;21;75.4;-2.3
20252;21.2;69.7;-1.4
20254;21.4;71.2;-1.7
20256;21.2;78.2;-2.1
20258;21.5;71.3;-1.5
20260;21.6;78.4;-1.4
20262;21.3;74.7;-1.9
20264;21.7;67.8;-1.9
20266;21.3;78.6;-1.3
20268;21.6;71.4;-1.8
20270;21.6;71.3;-1.7
20272;21.3;79.6;-1.6
20274;21.3;67.4;-1.7
20276;21.6;74.7;-1.7
20278;20.9;77.6;-1.8
20280;21;65.4;-2
20282;21.4;80.1;-1.3
20284;21.6;74.6;-1.6
20286;21.4;66.8;-2.2
20288;21.2;79.9;-1.4
20290;21.3;70.7;-2
20292;21.6;74;-2.3
20294;21;77.3;-0.9
20296;21.5;67.5;-2.4
20298;21.5;74.6;-1.7
20300;21.5;75.5;-1
20302;21.5;69;-3
20304;21.7;80.3;-0.8
20306;21.1;70.1;-1.7
20308;21.2;72.8;-2.2
20310;21.2;76.9;-1
20312;21.3;70.5;-2.3
20314;21;73.5;-1.4
20316;21.4;75;-1.6
20318;21.2;68.5;-2.1
20320;21.1;76.6;-1.3
20322;21.2;72.8;-1.8
20324;21.2;72.9;-2.2
20326;21.1;74.5;-1.4
20328;21.2;69;-1.7
20330;21.1;73.9;-2.4
20332;21.2;71.6;-1.1
20334;21.5;73.5;-1.9
20336;21.4;80.1;-2
20338;21.2;69.8;-1.5
20340;21.1;75.4;-2.1
20342;21.2;74.4;-1.4
20344;21.7;69.2;-2
20346;21.2;78.5;-1.7
20348;21.3;69.8;-1.2
20350;21.4;69.7;-1.9
20352;21.5;82.2;-1.6
20354;21;68.5;-1.3
20356;21.3;78;-1.8
20358;21.3;79.9;-1.5
20360;21.2;65.1;-1.4
20362;21.1;77.5;-2.1
20364;21.6;74.1;-1.8
20366;21.6;69.2;-1.5
20368;21.1;81.2;-1.5
20370;21.6;72.1;-2
20372;21.2;71;-2.1
20374;21.3;80.1;-1.3
20376;21.3;68.1;-1.7
20378;21.3;76.7;-2.1
20380;21.5;75.8;-1.5
20382;21.7;67.8;-1.4
20384;21.2;77.4;-1.6
20386;21.4;74.1;-1.5
20388;21.6;75.2;-1.8
20390;20.9;76.7;-1.6
20392;21.2;69.5;-1.2
20394;21.3;75.9;-1.8
20396;21.4;73.6;-1.5
20398;21.3;70.7;-1.8
20400;21.5;78.9;-1.7
20402;21.2;71.8;-1.1
20404;21;72.3;-1.7
20406;21.3;75.3;-1.6
20408;21.5;70.3;-1.7
20410;21.1;74.9;-2.1
20412;21.4;71.2;-1.5
20414;21;69.8;-1.6
20416;21.6;80.1;-1.8
20418;21.6;73.4;-1.7
20420;20.9;75.6;-1.8
20422;21.5;77.5;-1.2
20424;21.5;68.9;-1.6
20426;21.3;78.5;-1.8
20428;21.3;72.6;-1.8
20430;21.3;69.9;-1.6
20432;21.3;81.1;-1.5
20434;21.3;68.3;-1.8
20436;21.1;74.1;-1.9
20438;21.4;77;-1.7
20440;21.2;66.6;-1.6
20442;21.3;78.7;-2
20444;21.6;72.5;-1.7
20446;21.4;66.7;-1.3
20448;21.3;81.5;-2.1
20450;21.3;70.3;-1.7
20452;21;72.3;-1.6
20454;21.6;81.4;-1.9
20456;21.1;65.6;-1.4
20458;21.6;76.9;-1.6
20460;21.6;76.6;-1.7
20462;21.4;66.8;-1.3
20464;21;77.8;-2
20466;21.3;72.5;-2
20468;21.7;70.4;-1.2
20470;21.4;77.4;-1.9
20472;21.6;72.6;-1.7
20474;21.1;73.3;-1.3
20476;21.1;72.1;-2.1
20478;21.6;71.8;-1.8
20480;21;76.5;-1.4
20482;21.4;74.2;-1.7
20484;21.5;74.8;-1.4
20486;21.4;75.2;-1.6
20488;21.5;71.8;-2.1
20490;21.1;74.6;-1.6
20492;21.2;69.2;-1.6
20494;21.2;71.5;-1.8
20496;21.1;77.4;-1.3
20498;21.4;69.6;-1.9
20500;21.6;77.3;-1.6
20502;21;75.3;-1.7
20504;21.4;69;-2.1
20506;21.6;80.1;-1.5
20508;21.6;72.3;-2
20510;21.2;67;-2.1
20512;21.3;81.9;-1
20514;21.4;70.5;-1.6
20516;21.5;77.5;-1.9
20518;21.5;79.2;-1.2
20520;21.1;64.9;-2.2
20522;21.3;76.8;-1.6
20524;21;71.7;-1.3
20526;21.4;68.9;-1.8
20528;21.2;81.5;-1.8
20530;21.2;70.5;-1.3
20532;21.3;71.8;-2.3
20534;21;79.9;-1.6
20536;21.4;68.3;-1.2
20538;21.1;77.5;-2.4
20540;21.2;73.9;-1.3
20542;21.3;67.8;-1.4
20544;21.6;81.5;-2.4
20546;21.7;75.3;-1.1
20548;21.6;73.2;-2.1
20550;21.7;79.8;-1.8
20552;21.4;67.9;-1.1
20554;21.2;75.9;-2.2
20556;21.3;73.2;-1.7
20558;21;69.6;-1.9
20560;20.9;76.5;-1.5
20562;21.3;71.9;-1.4
20564;21.6;73.7;-2.1
20566;21.7;76.3;-1.5
20568;21.6;72.9;-1.6
20570;21.7;77.9;-2.5
20572;21.3;71;-0.9
20574;21.5;71.4;-1.9
20576;21.8;79.9;-2.4
20578;21.3;70.8;-0.9
20580;21;74.9;-2
20582;21.3;75.1;-1.6
20584;21.6;67;-0.9
20586;21.6;79.5;-2.4
20588;21.7;71.5;-1.3
20590;21.6;70.6;-1.6
20592;21.2;80.1;-2.4
20594;21.1;66.7;-1.6
20596;21.5;75.6;-1.2
20598;21.1;77.5;-2.2
20600;21.6;66.4;-1.3
20602;21.1;78.1;-1.4
20604;20.9;71.6;-2.5
20606;20.9;66.2;-1
20608;21.7;83.8;-2.2
20610;21.7;73.2;-2.1
20612;21.1;71.7;-0.8
20614;21.1;78.4;-1.7
20616;21.6;69.1;-1.8
20618;21;73.3;-1.8
20620;21.7;76.8;-1.7
20622;21.6;68.9;-1.8
20624;21;77.7;-1.9
20626;21.5;72.5;-1.2
20628;21.5;73;-1.5
20630;21.1;77.1;-2
20632;21.3;72.6;-1.7
20634;21.2;75.2;-1.4
20636;21.4;73.7;-2
20638;21.6;71.3;-2
20640;21.5;78.1;-1.4
20642;21;71.2;-1.7
20644;21.4;74.2;-2
20646;21.8;77.1;-1.5
20648;21;67.7;-1.7
20650;21.4;75.5;-1.5
20652;21.3;70;-1.7
20654;21.3;70.7;-1.9
20656;21.2;78.3;-1.6
20658;21.6;69.6;-1.5
20660;21;75;-2.1
20662;21;75.5;-1.7
20664;21.5;70.3;-1.1
20666;21.6;79.4;-2
20668;21.4;71.3;-1.8
20670;21.4;70.8;-1.4
20672;21.5;81.5;-1.7
20674;21.7;71.5;-1.8
20676;21.6;77.4;-1.3
20678;21.1;76.1;-2.1
20680;21.2;65;-1.7
20682;21.5;77.8;-1.1
20684;21.6;73.4;-2.5
20686;21.5;68.4;-1.6
20688;21.6;83;-1.5
20690;21.6;71.4;-1.9
20692;21.3;71.1;-1.3
20694;21.4;78.9;-1.7
20696;21.4;68.7;-1.5
20698;21.6;77.8;-1.6
20700;21.3;74.9;-1.5
20702;21.2;65.1;-1.7
20704;21.3;78.8;-1.7
20706;21;72;-1.5
20708;21.2;70.3;-1.8
20710;21.5;78.2;-1.4
20712;21.1;68;-1.5
20714;21.4;73.8;-2.1
20716;21.4;75.2;-1.6
20718;21.5;70.5;-1.7
20720;21.3;76.8;-1.8
20722;21.5;73.9;-1.3
20724;21.3;72.5;-1.6
20726;21.6;76.8;-2
20728;21.1;69.8;-1.3
20730;21;75.3;-1.8
20732;21.3;69.3;-1.8
20734;21.2;71;-1.3
20736;21.5;79.6;-1.7
20738;21.1;69.2;-1.8
20740;21.3;75.9;-1.3
20742;21.5;76.8;-2
20744;21.3;66.8;-2
20746;21.5;79.4;-1.2
20748;21.6;72.2;-2.1
20750;21;69.1;-1.7
20752;21.2;79.9;-1.5
20754;21.6;69.4;-1.7
20756;21;71.9;-1.8
20758;21.5;79.1;-2
20760;21.6;66.6;-1.7
20762;21.4;78.2;-1.5
20764;21.7;73.4;-1.8
20766;21.4;65.6;-1.6
20768;21.2;78.7;-1.4
20770;21.6;72.4;-1.8
20772;21;72.6;-2
20774;21.4;78.5;-1.7
20776;21.3;67.7;-2
20778;21.7;76.1;-1.7
20780;20.9;72.6;-1.7
20782;21.2;67.3;-1.8
20784;21.5;79.9;-1.6
20786;21.3;71.3;-1.6
20788;21.3;71.4;-2.1
20790;20.9;75.6;-1.7
20792;21.3;68.7;-1.8
20794;21.2;73.1;-2.1
20796;21.4;74.2;-1.7
20798;21.2;69.6;-1.2
20800;21.7;78.4;-1.8
20802;21.6;75.4;-1.9
20804;21.2;73.1;-1.7
20806;21;74;-1.8
20808;21.6;71.4;-1.7
20810;21.1;74.3;-1.8
20812;21.4;70.2;-2.2
20814;21.5;73.4;-1.5
20816;21.5;78.4;-1.5
20818;21.7;68.7;-2
20820;21.5;75.9;-1.5
20822;21.2;73.8;-1.4
20824;21.2;68.1;-1.6
20826;21.3;78.9;-1.6
20828;21.3;68.7;-1.7
20830;21.5;71.1;-1.6
20832;21;80.1;-1.6
20834;21.3;70;-1.8
20836;21.5;76.2;-1.8
20838;21.5;78.9;-1.3
20840;21.5;65.9;-1.5
20842;21.2;79.8;-2
20844;21.4;72.8;-1.6
20846;21.5;68.8;-1.5
20848;21.1;80;-1.8
20850;21.1;68.7;-1.5
20852;21.1;69.2;-1.5
20854;21.3;78.4;-1.8
20856;21.6;68.2;-1.6
20858;21.3;75.4;-1.5
20860;21.3;75.3;-2
20862;21.4;67.5;-1.6
20864;21.3;78.5;-1.3
20866;21.6;74.7;-1.6
20868;21.6;73.5;-1.9
20870;21.6;78.7;-1.6
20872;21.6;69.7;-1.7
20874;21.4;75.1;-1.8
20876;21.7;74.5;-1.4
20878;21.6;71.6;-1.7
20880;21.6;76.5;-2
20882;21.5;70.3;-1.5
20884;21.1;71.6;-2.1
20886;21.1;74.2;-1.9
20888;20.9;69.3;-1.2
20890;21.7;78.2;-1.6
20892;21.7;72.6;-1.8
20894;21;68.2;-1.6
20896;21.3;77.5;-1.4
20898;21.7;72.6;-1.2
20900;21;75.5;-2.1
20902;21.2;74.4;-2.1
20904;21.6;69;-1.7
20906;21.1;76.2;-1.7
20908;21.6;71.9;-1.6
20910;21;68.6;-1.5
20912;21.4;80.6;-1.8
20914;21;67.4;-1.8
20916;21.6;74.6;-1.4
20918;21.5;79.3;-1.7
20920;20.9;65.7;-2.1
20922;21.1;77.3;-1.4
20924;21.3;70.7;-1.9
20926;21.6;67.7;-2.1
20928;21.3;81.3;-1.3
20930;21.6;69.9;-2.3
20932;21;72.3;-2.1
20934;21.3;79;-1.1
20936;21.3;64.4;-2.2
20938;21.6;74.4;-1.5
20940;21.4;73.7;-1.1
20942;21.2;65.8;-2.3
20944;21.6;79.6;-1.7
20946;21;73;-1.5
20948;21.1;69.4;-1.8
20950;21.6;78.8;-1.8
20952;21.7;71.7;-1.8
20954;21;72.4;-1.6
20956;21.6;72.4;-1.5
20958;21.6;71.1;-1.9
20960;21.1;75.9;-1.8
20962;21.7;74.5;-1.6
20964;21.3;75;-1.7
20966;21.2;73.9;-1.6
20968;21.5;69.7;-1.7
20970;21.4;75;-1.7
20972;21.4;70.1;-1.6
20974;21.8;72.7;-1.7
20976;21.6;79.4;-1.5
20978;21.2;67.1;-1.6
20980;21.6;75.6;-1.6
20982;21.2;74.1;-2
20984;21.7;69;-1.8
20986;21.2;77.2;-1.7
20988;21.3;69.9;-1.2
20990;21.6;68.7;-1.2
20992;21.1;79;-2
20994;21;67.5;-1.6
20996;21.6;74.5;-1.7
20998;21.6;78.5;-1.7
21000;21.5;67.1;-1.4
21002;20.9;75.4;-1.5
21004;21.3;72.3;-1.5
21006;21.5;68.7;-2.1
21008;21.7;81;-1.7
21010;21.4;69.1;-1.4
21012;21.3;70.3;-1.6
21014;21.2;78.9;-1.6
21016;21.5;68.5;-1.7
21018;21.6;77.3;-2.2
21020;21;71.9;-2
21022;21;64.6;-1.7
21024;21.6;79.7;-1.6
21026;21.6;73.4;-1.6
21028;21.5;74;-1.4
21030;21.5;75.7;-1.6
21032;21.4;69.4;-1.7
21034;21;74.5;-1.6
21036;21.1;72.4;-1.5
21038;21.4;69.3;-1.7
21040;21.3;76.3;-2.1
21042;21.3;71.3;-1.5
21044;21;71.2;-1.9
21046;21.3;74.9;-1.6
21048;21.7;71.8;-1.9
21050;21.6;76.2;-1.9
21052;21.3;69.2;-1.5
21054;21.5;69.1;-1.7
21056;21.3;78.7;-1.5
21058;21.6;71.3;-1.5
21060;21.3;75.5;-1.8
21062;21.1;73.8;-1.7
21064;21;65.5;-1.4
21066;21.6;78.4;-2
21068;21.3;69.3;-1.5
21070;21.6;69.9;-1.3
21072;21.3;80.3;-2.1
21074;21.2;65.6;-1.1
21076;21.3;72;-1.9
21078;21.6;78.3;-2.3
21080;21.2;64.9;-1.3
21082;20.9;76.7;-2.2
21084;21.6;73.3;-1.3
21086;21.5;65.6;-1.6
21088;21.2;80.9;-2.1
21090;21.1;71.2;-0.9
21092;21.3;71.2;-2.1
21094;21.4;80.2;-2.1
21096;21.3;64.6;-1.1
21098;21.1;73.5;-2.2
21100;21.6;75.8;-1.2
21102;21.6;68.3;-1.3
21104;21.2;77;-2.2
21106;21.1;71.3;-1.3
21108;21.6;71;-1.6
21110;21.2;76.2;-2.1
21112;21;68.8;-0.9
21114;21;73.2;-2.1
21116;21.4;72;-1.8
21118;21.6;71.7;-0.9
21120;21.2;77.8;-2.3
21122;21;71.9;-1.3
21124;21.2;73.4;-1.6
21126;21.4;74.8;-2.1
21128;21.3;69;-1.3
21130;21;74.2;-1.7
21132;21.1;69.9;-1.8
21134;21.1;70.5;-1.7
21136;21.4;78.5;-2.3
21138;21.6;70.1;-1.4
21140;21.3;72.8;-1.1
21142;21.6;77;-2.4
21144;21.4;69.4;-1.4
21146;21.6;79.3;-1.7
21148;21.6;71.3;-2.3
21150;21.4;69.5;-1.1
21152;21.3;78.4;-2.1
21154;21.1;67.6;-1.7
21156;21.6;77;-1.2
21158;21.6;76.8;-2.4
21160;21.6;66.6;-1.3
21162;21.4;77;-1.3
21164;21.1;70;-2.3
21166;21.4;66.5;-1.4
21168;21.3;81.4;-1.9
21170;21.5;68.4;-2.3
21172;21.7;72.2;-1.3
21174;21.6;79.8;-1.8
21176;21.4;66.7;-2.1
21178;21.4;76.3;-1
21180;21.2;73.6;-2.4
21182;21.2;63.3;-1.6
21184;20.9;76.9;-1.3
21186;21.6;74;-2.6
21188;21.1;69.8;-1.2
21190;21.4;76.2;-1.5
21192;21.5;68.1;-2.3
21194;21.6;73.2;-1
21196;21.5;75;-2.1
21198;21.4;69.1;-1.7
21200;21.1;75.7;-0.9
21202;21.3;71.4;-2.7
21204;21.7;73.6;-1.5
21206;21.2;74.1;-1.3
21208;21.3;69.7;-2
21210;21.7;77.3;-0.9
21212;21.4;70.1;-2.6
21214;21;69.7;-1.4
21216;21.7;80;-1.3
21218;21.5;69.8;-2.2
21220;21.3;76;-1.3
21222;21.2;74.5;-2.1
21224;21.3;65.5;-1.6
21226;21.3;77.3;-1.4
21228;21.6;71.6;-2.2
21230;21;69.5;-1.3
21232;21.1;79.6;-1.9
21234;21.2;67.6;-2.3
21236;21.3;73;-1.5
21238;21.5;78.8;-2
21240;21.1;65.6;-1.7
21242;20.9;76.7;-1.6
21244;21.7;72.7;-2.2
21246;21.5;66.6;-1.8
21248;21.5;81.9;-1.6
21250;21.3;70.3;-1.7
21252;21.1;70.9;-1.7
21254;21;76.5;-1.8
21256;21;65.5;-1.5
21258;21.6;76.4;-1.3
21260;21.6;75;-2
21262;21.7;68.6;-2.2
21264;21.3;78.2;-1.6
21266;21.4;72.1;-1.6
21268;21.6;71;-2
21270;21.3;77.3;-1.2
21272;21.3;69;-1.6
21274;21.1;72.6;-2.1
21276;21.3;73.2;-1.7
21278;21.1;67.4;-1.7
21280;20.9;75.5;-2
21282;21.6;75.1;-1.4
21284;21.2;72.5;-1.8
21286;21.1;75;-1.7
21288;21.8;71.2;-1.6
21290;21.5;74.4;-1.6
21292;21.4;71.7;-1.6
21294;21.2;71.1;-2
21296;21.2;77.1;-1.5
21298;21.5;69.8;-1.4
21300;21.6;75.7;-2.1
21302;21.5;74.9;-1.7
21304;21.3;69.3;-1.5
21306;21.2;78.2;-2.3
21308;21.6;68.5;-1.2
21310;21.5;70.2;-2
21312;21.6;81.9;-2
21314;21.3;70.4;-0.9
21316;21.4;76.9;-1.9
21318;21.3;78.2;-1.5
21320;21.6;66.1;-1
21322;21.3;77.4;-2.5
21324;21.3;72;-1.2
21326;21.4;68.4;-1.3
21328;21.4;80.9;-2.4
21330;21.2;69.2;-1.1
21332;21.5;69.9;-2.2
21334;21.1;78.7;-2.2
21336;21.6;69.1;-0.6
21338;21.2;73.6;-2
21340;21.2;73.8;-1.7
21342;21.7;68.5;-1.1
21344;21.6;80.2;-1.9
21346;21.1;72.1;-1.6
21348;21.7;74.6;-2.1
21350;21.6;78.6;-2.1
21352;21.2;69.2;-1.9
21354;21.7;74.1;-1.7
21356;21.1;71.3;-1.7
21358;21.6;70.9;-1.7
21360;21;75.6;-2
21362;21.6;71.5;-1.6
21364;21.3;73.7;-1.6
21366;21.3;74.9;-1.9
21368;21.4;71;-1.3
21370;21.3;75.8;-1.4
21372;21.3;69.6;-2
21374;21.2;68.4;-1.4
21376;21.7;79.7;-1.6
21378;21.3;71.7;-2.1
21380;21.4;75.7;-1.2
21382;21.6;75.9;-1.8
21384;21.7;68.5;-1.7
21386;21.3;76.3;-1.3
21388;21.5;71.8;-2.2
21390;21.2;68.2;-1.7
21392;21.5;80.6;-1.5
21394;21.6;68;-2.6
21396;21;72.2;-1.3
21398;21.4;77.1;-1.4
21400;21.7;67.7;-2.3
21402;21.6;80.3;-1.3
21404;21.1;70.5;-1.8
21406;21.3;66.8;-2.4
21408;21.7;83.1;-1.1
21410;21.4;70.2;-1.9
21412;21.1;71.6;-2.1
21414;21.4;80.3;-1.3
21416;21.7;66.7;-2.3
21418;21.3;74.7;-2.1
21420;21.2;74.4;-1.2
21422;21.5;67.3;-2
21424;21.3;77.2;-1.6
21426;21.4;72.4;-1.1
21428;21.6;71.6;-2.7
21430;21.7;78.7;-1.3
21432;21.3;70.6;-1.2
21434;21.2;73.3;-2.4
21436;21.3;73.7;-1.2
21438;21.6;70.9;-1.7
21440;21.5;77.9;-1.6
21442;21.3;71.3;-1.3
21444;21.4;73.8;-2.3
21446;21.3;73.4;-1.6
21448;21.5;70.2;-1.5
21450;21.6;75.8;-2
21452;20.9;68.1;-1.4
21454;21.3;70;-1.9
21456;21.4;77.6;-2
21458;21.5;68;-1.6
21460;21.3;74.2;-1.4
21462;21.1;73.8;-1.9
21464;21;67.3;-1.6
21466;21.4;78.7;-1.6
21468;21.4;70.3;-1.6
21470;21.7;68.7;-1.6
21472;21.2;78.7;-2
21474;21.6;70.2;-1.2
21476;21.5;75.2;-1.8
21478;21.3;76.5;-2.2
21480;21.2;64.2;-1.2
21482;21.5;75.8;-2.3
21484;21.5;73.2;-1.6
21486;21.4;67.5;-0.8
21488;21.2;79.2;-1.9
21490;21.3;68.8;-1.7
21492;21.6;71.2;-1.7
21494;21.3;77.7;-1.9
21496;21.4;66.5;-1.6
21498;21.8;76.4;-1.5
21500;21.2;72;-1.9
21502;21.5;67.6;-2
21504;21.6;79.3;-1.8
21506;21.1;70.5;-1.9
21508;21.6;71;-1.4
21510;20.9;75.1;-1.9
21512;21.2;66.3;-1.7
21514;21;72.7;-1.5
21516;21.1;71.9;-2.1
21518;21.3;69.3;-2.1
21520;21.2;76;-1.4
21522;21.4;70.8;-1.7
21524;21.2;70.3;-1.6
21526;21.6;74.7;-1.2
21528;21.4;71.5;-2.4
21530;21;74.5;-1.6
21532;21.3;69.3;-1.5
21534;21.6;70.4;-1.4
21536;21.4;77.5;-1.4
21538;21.1;68.5;-1.6
21540;21.1;74.2;-1.7
21542;21.2;73.9;-1.5
21544;21.7;67.1;-1.7
21546;21.3;77.2;-1.4
21548;21.6;71.2;-2
21550;21.6;71.5;-1.7
21552;21.3;80.1;-1.1
21554;21.3;65.3;-2.5
21556;21.3;73;-1.7
21558;21.6;78.3;-1.3
21560;21.1;64.1;-2.4
21562;21.2;76.6;-1.2
21564;21.6;72.6;-1.5
21566;21.4;64.9;-2
21568;21.6;81.9;-1.2
21570;21.4;72;-1.9
21572;21.5;71.5;-1.8
21574;21.6;80.7;-1.1
21576;21.6;68.3;-2.2
21578;21.5;74.6;-1.6
21580;21.5;74.6;-1.1
21582;21.6;68;-2.1
21584;21.3;77.3;-1.3
21586;21.6;72.2;-1.6
21588;21.5;70.8;-2.4
21590;21.3;75.4;-1.2
21592;21.2;68.7;-2.1
21594;21.1;71.9;-1.7
21596;21.6;72.9;-1.3
21598;21.6;69.6;-2.2
21600;21.5;78.4;-1.2
21602;21.1;70.8;-1.9
21604;21.1;73.1;-2
21606;21.4;74.5;-1.2
21608;21.3;67.7;-2
21610;21.2;73.2;-1.6
21612;21.3;68.7;-1.6
21614;21.3;70.2;-2
21616;21.6;78.3;-1.4
21618;21.5;69.4;-1.8
21620;21.3;72.8;-2.1
21622;21.5;76.2;-1.3
21624;21.6;69.1;-2
21626;21.6;78.2;-2.3
21628;21.6;71.6;-1.2
21630;21.3;69;-2
21632;21.6;80.9;-1.8
21634;21.4;70.8;-1.4
21636;21.2;75.3;-2.4
21638;21.6;76.4;-1.4
21640;21.2;64.3;-1.6
21642;21.1;76.2;-1.9
21644;21;69.9;-1.1
21646;21.6;67.5;-2.3
21648;21.6;81.6;-1.3
21650;21.1;68.7;-1.6
21652;21.2;70;-2
21654;21.1;76.2;-1.1
21656;21.4;66.7;-2.5
21658;21.6;77;-1.7
21660;21.6;75.8;-1.1
21662;21.1;64.3;-2.6
21664;21.4;78.3;-1.5
21666;21.3;72.4;-1.4
21668;21.1;68.5;-2.8
21670;21.5;77.9;-1
21672;21.6;67.9;-2.1
21674;21.3;70.4;-1.7
21676;21.5;73.7;-1
21678;21.6;69.4;-2.3
21680;21.1;75.2;-1.3
21682;21.2;70.5;-1.6
21684;21;70.2;-2.1
21686;21.4;75.2;-1.6
21688;21.5;70.8;-1.8
21690;21.4;76.9;-1.2
21692;21.2;68.9;-2
21694;21.8;71.6;-2.3
21696;21;75.9;-1.5
21698;21.2;68.4;-1.6
21700;21.6;77;-1.6
21702;21.6;75.8;-2
21704;21.2;65.9;-1.6
21706;21.2;77;-1.7
21708;21.6;71.3;-2
21710;21.6;69.8;-1.5
21712;21.3;78.8;-1.7
21714;21.1;67.1;-1.7
21716;21.5;74.1;-1.7
21718;21.3;77.9;-1.9
21720;21.5;67.7;-1.5
21722;21.3;77.4;-1.7
21724;21.2;70.9;-1.7
21726;21.6;67.5;-1.1
21728;21;79.3;-1.8
21730;21.2;70.7;-1.7
21732;21.5;73.9;-1.5
21734;21.4;78.7;-1.5
21736;21.4;65.8;-1.6
21738;21.4;73.5;-1.9
21740;21.4;73.9;-1.7
21742;21.4;68.6;-1.8
21744;21.4;80;-1.9
21746;21.7;72.8;-1.2
21748;21.3;71.1;-1.6
21750;21.5;78.6;-1.9
21752;21;68.4;-1.5
21754;21.7;74.3;-1.7
21756;21.3;72;-1.7
21758;21.3;67.1;-2
21760;21.1;76.3;-1.6
21762;21.2;72.4;-1.5
21764;21.4;72.5;-1.9
21766;21.2;73.4;-1.5
21768;21.6;70.3;-1.7
21770;21.6;75.3;-2.1
21772;21.6;72.3;-1.3
21774;21.5;73.1;-2.2
21776;21.4;78.2;-1.8
21778;21.7;69.8;-1.5
21780;21.5;75.1;-2.3
21782;21.1;72.3;-1.1
21784;21.2;66.4;-1.5
21786;21.3;76.8;-2
21788;21.7;69.9;-1.1
21790;21;67.9;-1.8
21792;21.6;81.5;-1.6
21794;21.4;69.2;-1.3
21796;21.5;75.1;-2
21798;21.6;77.8;-1.6
21800;21.2;63.3;-1.7
21802;21.2;76.7;-2.2
21804;21.5;73.2;-1.2
21806;21.1;65.9;-1.6
21808;21.3;81.5;-2.1
21810;21.4;68.9;-0.9
21812;21.3;70;-2
21814;21.5;79.9;-1.9
21816;21.7;68.5;-1.1
21818;21.1;73.5;-2.3
21820;21.7;75.5;-1.3
21822;21.6;67.4;-1.1
21824;21;76.9;-2.5
21826;21.6;74.7;-1.3
21828;21.6;73.6;-1.8
21830;21.1;77.2;-2.2
21832;21.3;69.3;-0.9
21834;20.9;72.2;-2.1
21836;21.6;73.9;-1.8
21838;21.6;70.5;-1.1
21840;21.3;76.4;-2.2
21842;21.2;69.6;-1.2
21844;21.4;71;-1.7
21846;21.6;75.2;-1.8
21848;21.3;68.1;-1.2
21850;21.5;76.5;-1.9
21852;21.3;69;-2.1
21854;21.5;68.7;-1.2
21856;21.3;77.6;-1.7
21858;21.3;70.5;-1.7
21860;21.1;74.1;-1.6
21862;21.4;74.4;-1.8
21864;21.6;68.8;-1.3
21866;21.3;76.7;-1.4
21868;21.7;70.4;-2.1
21870;21.3;68.5;-1.7
21872;21.3;79;-1.7
21874;21.3;65.5;-1.6
21876;21.2;72;-1.3
21878;21;75.1;-1.8
21880;21.2;64.2;-1.8
21882;21.1;76;-1.7
21884;21.6;71.5;-2.1
21886;21.3;65.6;-1.5
21888;21.4;80.4;-1.8
21890;21.2;69.8;-1.7
21892;21.7;74.1;-1.6
21894;21.7;80.6;-1.5
21896;21.6;64.9;-2.2
21898;21.4;75.3;-2
21900;21.7;75.1;-1.7
21902;21;65.4;-2
21904;21.2;77.5;-1.4
21906;21.4;72.3;-1.5
21908;21.6;70.5;-2
21910;21.4;78;-1.8
21912;21.5;69.9;-2
21914;21.3;73.2;-1.6
21916;21.3;73.9;-1.8
21918;21.6;71.6;-2
21920;21.7;76.7;-1.3
21922;21.1;72;-1.5
21924;21.6;75.5;-2.1
21926;21.2;74.7;-1.6
21928;21.6;70.7;-1.1
21930;21.7;75.3;-1.9
21932;21.2;70;-1.5
21934;21.3;70.3;-1.4
21936;21.6;80;-2.6
21938;21;67.7;-1.3
21940;21.3;73.3;-1.3
21942;21.3;75.3;-2.4
21944;21.6;68.2;-1.1
21946;21.4;79;-1.7
21948;21.7;71.4;-2.3
21950;21.4;68;-0.9
21952;21.5;82.1;-2.6
21954;21.3;70;-1.5
21956;21.3;72.7;-1.1
21958;21.3;76.8;-2.5
21960;21.3;64.1;-1.4
21962;21.5;76.9;-1.4
21964;21.3;71.7;-2.2
21966;21.6;68.4;-1.3
21968;21.2;79.3;-1.9
21970;20.9;68.2;-2.2
21972;21.7;72.1;-1.5
21974;21.7;80.4;-1.8
21976;21.5;68.6;-2
21978;21.5;76.1;-1.5
21980;21.3;74.5;-1.7
21982;21.2;64.6;-1.9
21984;21.3;76.7;-1.5
21986;21.8;73.6;-2
21988;21.4;72.7;-1.7
21990;21;76.1;-1.3
21992;20.9;65.9;-1.8
21994;21.1;73.6;-1.5
21996;21.4;73.1;-1.5
21998;21.7;71.1;-1.7
22000;21.6;78.7;-1.2
22002;21.6;73.3;-1.9
22004;21.1;71.1;-1.4
22006;21.4;74.3;-1.4
22008;21.6;71.3;-2.1
22010;21.4;74.9;-1.5
22012;21.1;69.1;-1.8
22014;21.6;68.6;-1.7
22016;21.2;76.7;-1.5
22018;21.2;70.2;-2.1
22020;21.5;78;-1.6
22022;21;73.6;-1.2
22024;21.5;66.3;-2.2
22026;21.2;77.2;-1.8
22028;21.2;69;-1.3
22030;21.1;69.2;-1.9
22032;21.4;80.8;-1.7
22034;21.3;65.8;-1.7
22036;21.2;72.7;-1.8
22038;21.6;77.8;-1.5
22040;21.4;65.6;-1.4
22042;21.7;79.3;-2
22044;21.7;73.1;-1.7
22046;21.6;66.1;-1.7
22048;21.6;82.1;-1.6
22050;20.9;70.5;-1.4
22052;21.4;71.9;-1.7
22054;21.6;80.2;-1.7
22056;21.4;65.6;-1.3
22058;21.2;73.6;-1.5
22060;21.3;73.7;-1.3
22062;21.2;66.2;-1.7
22064;21.2;77.4;-2.1
22066;21.6;71.7;-1.1
22068;21.8;70.5;-1.7
22070;21.5;77.5;-2
22072;21;68.3;-1.6
22074;21;72.7;-1.9
22076;21.5;72.9;-1.5
22078;21.6;70.2;-1.4
22080;21.3;75.6;-1.8
22082;21.6;71.7;-1.5
22084;21.1;73.6;-1.6
22086;21;73.5;-1.7
22088;21.4;68.5;-1.1
22090;21.2;75.2;-1.7
22092;21.4;70.1;-1.9
22094;21;69.5;-1.2
22096;21.3;76.6;-2
22098;21.2;67.9;-1.5
22100;21.4;73.7;-1.3
22102;21.7;75.6;-2
22104;21.5;69.2;-1.7
22106;21.2;77.6;-1.2
22108;21.2;69.6;-2.2
22110;21.7;70;-1.5
22112;21;79.1;-1.4
22114;21.3;69.1;-1.9
22116;21.3;74.1;-1.7
22118;21.1;76;-1.5
22120;21.6;66.4;-1.6
22122;21.2;76.3;-1.6
22124;21.4;70.2;-1.7
22126;21.4;66.8;-1.6
22128;21.5;81.7;-1.4
22130;21.6;68.8;-1.8
22132;21.2;70;-1.9
22134;21.3;77.2;-1.8
22136;21;66.7;-1.3
22138;21.2;75.7;-1.6
22140;21.3;73.2;-2.1
22142;21.4;65.3;-1.3
22144;21.4;79.1;-1.7
22146;21.3;72.9;-1.6
22148;21;69.5;-1.4
22150;21.2;76.7;-1.6
22152;21.4;69.5;-1.3
22154;21.2;70.6;-1.4
22156;21.4;72.7;-1.6
22158;21.5;68.5;-2
22160;21.3;75.1;-1.8
22162;21.1;70.5;-1.5
22164;21.1;72.1;-1.6
22166;21.4;75.7;-1.7
22168;21.3;70.3;-1.4
22170;21.2;75.4;-1.5
22172;21.2;69.5;-1.5
22174;21.4;70.7;-1.6
22176;21.6;79.9;-2.2
22178;21.2;69.4;-2.2
22180;21.2;75.4;-1.7
22182;21.6;73.7;-1.7
22184;21;65.2;-1.8
22186;21.5;77.3;-1.3
22188;21.6;70.8;-1.7
22190;21.3;69.7;-1.9
22192;21.4;81.2;-1.7
22194;21.3;67.2;-1.4
22196;21.4;74.1;-1.8
22198;21.5;77.8;-1.6
22200;21.6;67.9;-1.3
22202;21.1;77.3;-1.9
22204;21.2;71.9;-2.2
22206;21.2;66;-1.3
22208;21.3;81;-2.1
22210;21.1;68.9;-2
22212;21.3;71;-1.3
22214;21.4;77.9;-1.6
22216;21.6;67.8;-1.8
22218;21.6;76.6;-1.5
22220;21.4;72.4;-2
22222;21;67.5;-1.3
22224;21.2;78.4;-1.4
22226;21.6;72.2;-2.2
22228;21.1;70.7;-1.7
22230;21.4;77.6;-1.3
22232;21.2;69.1;-2
22234;21.1;72.6;-1.5
22236;21.2;72.8;-1.5
22238;21.7;69.8;-1.8
22240;21.3;76.5;-1.7
22242;21.2;72.4;-1.5
22244;21.1;71;-1.4
22246;21.6;76.6;-2.1
22248;21.6;70.5;-2
22250;20.9;72.7;-1.6
22252;21.3;70.3;-1.9
22254;21.7;72.5;-1.5
22256;21.3;79.1;-1.5
22258;21.7;70.1;-2.4
22260;21;74.6;-1.4
22262;21.1;73.9;-1.3
22264;21.4;67;-2.1
22266;21.4;79.6;-1.3
22268;21.1;69;-1.8
22270;21.4;69.3;-2
22272;21.1;78.3;-0.9
22274;21.2;67.4;-2.1
22276;21.4;75;-1.9
22278;21.7;79;-1.2
22280;21.2;65;-2.3
22282;21.2;77.2;-1.2
22284;21.5;73.2;-1.2
22286;21.1;66.7;-2.4
22288;21.6;82.5;-0.7
22290;21.2;69.6;-1.8
22292;21.1;69.7;-1.8
22294;21.1;78;-0.5
22296;21.3;67;-2.6
22298;21.5;76.1;-1.2
22300;21.6;75.5;-1.3
22302;21.7;67.6;-2.4
22304;21.2;77.4;-1.1
22306;21;72.9;-1.8
22308;21.5;74;-1.7
22310;21.6;79;-1.5
22312;21.5;68.9;-2.1
22314;21.4;75.3;-1.4
22316;21.6;75.2;-1.7
22318;21.6;72;-1.8
22320;21.1;77.2;-1.3
22322;21.4;72;-2.1
22324;20.8;71.3;-1.3
22326;21.5;75;-1.5
22328;21.4;71;-2
22330;21;74.6;-1.6
22332;21.6;72.3;-1.6
22334;21.2;68.8;-1.6
22336;21.1;77.8;-1.8
22338;21.3;71.3;-1.3
22340;21.2;74.7;-2
22342;21.2;75.3;-1.9
22344;21.7;68.8;-1.5
22346;21.5;77.3;-1.7
22348;21.7;72.1;-1.5
22350;21.6;71.1;-1.6
22352;21.5;79.4;-1.7
22354;21.2;66.4;-1.8
22356;21.6;73;-1.8
22358;20.8;75.4;-2
22360;21.2;66;-1.6
22362;21.2;79.5;-1.5
22364;21.1;70.2;-1.8
22366;21.4;67.9;-1.4
22368;21.2;81;-1.6
22370;21.3;70.3;-1.9
22372;21.1;71.8;-1.4
22374;21.4;81.2;-1.6
22376;21.4;67.4;-1.8
22378;21.5;76.2;-1.6
22380;21.7;73.8;-1.4
22382;21.1;65.7;-1.6
22384;21.3;77.4;-1.3
22386;21.6;72.7;-2
22388;21.2;68.8;-1.3
22390;21.5;79;-2
22392;21.4;71.3;-1.8
22394;21.5;75.5;-1.2
22396;21.1;71.9;-2.4
22398;21.7;71.3;-1.3
22400;21.3;76.7;-1.3
22402;21.1;73.5;-2.1
22404;21.3;73.2;-1.5
22406;20.9;73.3;-1.7
22408;21.5;70.5;-1.7
22410;21.3;74.5;-1.3
22412;21.1;69.2;-1.8
22414;21.1;70.2;-1.6
22416;21.2;78.3;-1.8
22418;21.2;68.1;-1.5
22420;21.5;75.8;-1.7
22422;21.4;74.6;-1.7
22424;21.1;66.9;-1.4
22426;21.4;78.9;-1.7
22428;21.4;71;-1.9
22430;21.4;68.5;-1.5
22432;21.4;80.9;-1.7
22434;21.3;70.7;-1.7
22436;21.3;74.6;-1.5
22438;21.4;78.4;-1.5
22440;21.2;64.3;-1.7
22442;21.3;74.8;-1.7
22444;21.2;70.9;-1.8
22446;21.3;66.1;-1.1
22448;21.3;80.5;-1.6
22450;21.5;70.1;-2
22452;21.6;70.4;-1.9
22454;21.1;77.2;-2
22456;21.4;67.4;-1.6
22458;21.6;77.1;-1.2
22460;21.7;75.3;-2
22462;21.2;66.9;-1.7
22464;21.5;78.2;-1.3
22466;21.7;73.5;-1.8
22468;21.6;73.1;-1.9
22470;21.6;77.9;-1.6
22472;21.1;66.7;-1.5
22474;21;72.5;-1.9
22476;21.4;74.6;-1.4
22478;21.2;68.7;-1.5
22480;21.1;75.4;-1.8
22482;21.6;71.9;-1.8
22484;21.1;70.5;-1.5
22486;21.1;74.2;-1.7
22488;21.6;72;-2
22490;21.3;76.1;-1.8
22492;21.2;68.8;-1.1
22494;21.7;71.6;-1.7
22496;21.4;76.5;-1.5
22498;21.5;71.5;-1.3
22500;21.7;77.8;-2.3
22502;21.1;73.7;-1.6
22504;21.4;68.7;-1.3
22506;21.4;77.1;-2.2
22508;21.4;69.9;-1.5
22510;21.5;70.4;-1.8
22512;21.7;81.9;-2
22514;21;66.3;-1.2
22516;21.2;73.8;-2.3
22518;21.1;79;-1.7
22520;21.2;65.9;-1.3
22522;21.1;77.4;-2.1
22524;21.2;71.3;-1.4
22526;21.3;65.3;-1.7
22528;21.1;80.6;-2
22530;21.2;70.5;-1.2
22532;21.4;73.5;-1.5
22534;21.2;78.4;-2.2
22536;21.5;67;-1.3
22538;21.5;75.5;-1.8
22540;21.3;74.6;-2.1
22542;21.7;68.4;-1.4
22544;21.1;77.8;-1.8
22546;21.1;71.9;-2.1
22548;21.4;71.5;-1.3
22550;21.2;76.7;-1.8
22552;21.6;70.5;-1.9
22554;21.6;74.4;-1.2
22556;21;71.4;-2
22558;21.1;70.5;-1.7
22560;21.4;76.8;-1.4
22562;21.4;73.5;-1.8
22564;20.9;73.3;-1.5
22566;21.3;74.6;-1.7
22568;21.4;68.8;-2.2
22570;21.5;77.3;-1.3
22572;21;70.4;-2.4
22574;21.6;72.2;-1.9
22576;21.5;79.5;-1.2
22578;21;68.5;-2.1
22580;21.2;73.4;-1.7
22582;21.6;75.5;-1.7
22584;21.5;69.3;-1.9
22586;21.6;79.5;-1.4
22588;21.1;69.3;-1.5
22590;21.6;70.1;-2
22592;21.4;78.4;-1.6
22594;21.3;69.2;-1.8
22596;21.5;77;-1.7
22598;21.2;76.3;-1.3
22600;21.1;64.8;-2.1
22602;20.9;77.2;-1.6
22604;21.2;71.3;-1.7
22606;21.1;67.6;-2.1
22608;21.7;83;-1.5
22610;21.1;68;-1.8
22612;21.2;70.4;-2
22614;21.6;80.4;-1.9
22616;21.6;67.8;-1.2
22618;21.4;75.8;-1.6
22620;21.5;76.8;-2.3
22622;21.3;65.4;-1.4
22624;21.6;80.9;-1.7
22626;21.4;74.6;-2.2
22628;21.2;71.3;-1
22630;21;76.3;-2.2
22632;21.2;69.4;-1.8
22634;21.1;71.9;-1
22636;21.2;74;-2.2
22638;21.5;70.1;-1.4
22640;21.4;77.3;-1.3
22642;20.9;70.8;-2.4
22644;21.2;72.4;-1
22646;21.6;75.3;-2
22648;21.6;71.9;-1.9
22650;21.5;78.3;-1
22652;21.1;69.4;-2.2
22654;20.9;69.8;-1.7
22656;21.2;77.9;-1.2
22658;21.5;72;-1.6
22660;21.4;75.8;-1.5
22662;21.3;73.9;-1.7
22664;21.2;66;-1.5
22666;21.1;77.8;-1.5
22668;21.5;71.9;-1.7
22670;21.2;70.1;-1.7
22672;21;79.8;-1.7
22674;21.1;68.6;-1.8
22676;21.4;74.7;-1.7
22678;21.4;79;-1.8
22680;21.6;68.3;-2.2
22682;21.3;79.4;-1.7
22684;21.1;71.9;-1.6
22686;21;66.4;-1.6
22688;21.1;80.4;-1.9
22690;21.3;72.3;-1.7
22692;21.7;74.3;-1.6
22694;21;76.9;-2
22696;21.4;68;-1.6
22698;21.4;74.6;-1.8
22700;21;72.6;-1.7
22702;21.4;68.9;-1.9
22704;21.4;80.2;-1.2
22706;21.4;70.5;-1.8
22708;21.5;73;-2
22710;21.3;77.1;-1.4
22712;21.4;71.2;-1.6
22714;21.7;74.4;-1.7
22716;21.2;73.6;-1.3
22718;21.6;70.5;-2.4
22720;21.1;76.2;-1.5
22722;21;71.7;-1.6
22724;21.1;74.1;-1.8
22726;21.1;74.6;-1.4
22728;21.5;70.6;-1.1
22730;21;74.4;-1.8
22732;21.2;71.2;-1.8
22734;21.1;70.7;-1.2
22736;21.7;79.7;-1.6
22738;21;69.8;-1.8
22740;21.3;76.5;-1.3
22742;21;74.5;-1.6
22744;21.1;67.6;-1.9
22746;21.1;78.8;-1.6
22748;21;68.6;-1.9
22750;21.5;70.3;-1.8
22752;21.5;81.7;-1.4
22754;21;67.6;-1.8
22756;21.1;75.7;-2.2
22758;21.6;79.9;-1.2
22760;20.9;64.4;-2.1
22762;20.9;78.3;-2.3
22764;21.1;72.1;-1.5
22766;21.4;68.8;-2.3
22768;21.6;83;-1.6
22770;21.2;70;-1.2
22772;21.4;70.9;-2.2
22774;21;78.3;-1.3
22776;21.4;68.2;-1.6
22778;21.4;74.9;-2.4
22780;21.4;75.8;-1.2
22782;21.4;66.4;-1.8
22784;21.2;77.8;-2
22786;21.3;74.9;-1.1
22788;21.2;72.3;-1.9
22790;21.2;78.1;-2.1
22792;21.7;71.4;-1
22794;20.9;72.8;-2
22796;21.6;74.2;-2
22798;21;70;-1.2
22800;21.6;77;-1.8
22802;21;70.4;-1.6
22804;21.1;71.8;-1.5
22806;21;73.5;-1.8
22808;21;68.7;-2.1
22810;21;74.3;-1.1
22812;21.5;72.4;-2.1
22814;20.8;68.5;-1.7
22816;21.6;79.9;-1.1
22818;21.4;72.4;-2.2
22820;20.9;74.5;-1.3
22822;21.1;75.2;-1.7
22824;21.6;69.4;-2.2
22826;21.2;76.8;-1
22828;21.1;70.4;-1.8
22830;21.2;69.5;-1.7
22832;20.9;79.8;-1.6
22834;21.4;69.1;-1.6
22836;20.9;72.6;-1.7
22838;21.2;76.2;-1.8
22840;21;65.7;-2
22842;21.4;79.3;-1.4
22844;21.2;71.9;-2.3
22846;21.4;67.1;-2
22848;21.2;81;-1.2
22850;21.3;69.1;-1.8
22852;21.2;71.6;-1.6
22854;21.2;79.1;-1.9
22856;21.1;65.5;-2.2
22858;21.3;77.6;-1.7
22860;21.4;76.4;-1.4
22862;20.9;66.9;-1.9
22864;21.4;78.3;-1.9
22866;21.3;72.8;-1.7
22868;21.2;70;-1.2
22870;21.3;77.8;-1.8
22872;21;70.1;-2
22874;21.1;73.4;-1.7
22876;21.1;74;-1.9
22878;21.6;71.6;-1.8
22880;21.1;76.7;-1.6
22882;21;73;-1.5
22884;20.8;74;-1.9
22886;21.3;77;-1.6
22888;21.5;70.7;-1.1
22890;20.9;74;-2.2
22892;21.1;69.6;-1.6
22894;21.4;72.4;-1.4
22896;21.3;78.7;-2.4
22898;21.6;69.7;-1.3
22900;21.4;75.8;-0.9
22902;21.7;76.4;-2.4
22904;20.8;67.3;-1
22906;20.9;77.9;-1.6
22908;21.4;72;-2.4
22910;20.9;67.3;-1.2
22912;21.4;81.5;-1.8
22914;21.2;70.4;-1.6
22916;21.3;76.8;-1.2
22918;21;77.8;-2.3
22920;21.4;65.6;-1.4
22922;20.9;77.1;-1.8
22924;21.2;71.6;-2.1
22926;21.5;69;-1.4
22928;21.7;83.6;-2
22930;21.4;71.6;-2
22932;21.1;71.6;-1.4
22934;21.1;79.7;-1.7
22936;21.6;70.2;-2.1
22938;21.4;77.8;-0.9
22940;21.4;75.8;-1.7
22942;21;68.2;-2
22944;21.3;80.3;-1.3
22946;21.7;75.3;-2.3
22948;21.5;72.6;-1.7
22950;21.5;79.4;-1.6
22952;20.9;68.3;-2
22954;20.9;73.3;-1.9
22956;21;73.7;-1.6
22958;20.9;70.5;-1.8
22960;21.1;76.6;-1.5
22962;20.8;72.1;-1.7
22964;21;71.9;-1.8
22966;21;74.6;-1.7
22968;21.5;73.7;-1.5
22970;20.9;75.8;-1.7
22972;21;70;-1.8
22974;21.6;71.6;-1.5
22976;21.3;78.1;-1.4
22978;21;70.3;-1.8
22980;21.6;77.5;-1.6
22982;21.3;76.4;-1.8
22984;21.5;67;-1.6
22986;21;77.6;-1.6
22988;21.1;70.6;-2.1
22990;21.1;69.3;-1.7
22992;21.1;80;-1.6
22994;21;66.9;-1.8
22996;21.4;74.2;-1.4
22998;21.5;77.5;-2.1
23000;21.5;67.6;-1.6
23002;21.3;78.5;-1.8
23004;21.2;72.3;-2.1
23006;20.9;64.9;-1.5
23008;21.4;83.3;-1.6
23010;21.6;72.5;-2
23012;21;72.2;-1.3
23014;21;78.9;-1.7
23016;21.5;68.5;-2.2
23018;21.2;72.9;-1.3
23020;21.2;76.3;-1.5
23022;21.5;68.6;-2.2
23024;20.9;77.6;-1.4
23026;21.2;72.9;-1.3
23028;21.1;70.9;-2
23030;21.1;77.1;-1.6
23032;21.5;72.5;-1.3
23034;21;73.9;-1.7
23036;21.4;73.7;-1.7
23038;21.2;70.1;-1.4
23040;21;76.4;-2.2
23042;20.9;71.4;-1.5
23044;21.2;76.5;-1
23046;21.1;74.5;-2.4
23048;21.4;70.8;-1.6
23050;21.2;75.8;-1.4
23052;21;70.2;-2.1
23054;21.1;71.6;-1.4
23056;21.2;78.6;-1.5
23058;21.3;69.7;-1.9
23060;20.9;73.8;-1.6
23062;20.9;75.2;-1.5
23064;21.1;67.9;-1.8
23066;21.4;79.6;-2
23068;21.6;72.2;-1.5
23070;21.1;69.5;-1.5
23072;21;80.2;-2
23074;20.8;69.9;-1.9
23076;21.3;75.2;-1.6
23078;21.1;76.5;-1.6
23080;21.1;65;-1.8
23082;21;77.9;-1.6
23084;21.2;71.9;-1.5
23086;21;67.5;-1.5
23088;21.6;83.2;-2
23090;21.5;71.1;-1.6
23092;21.6;73.5;-1.4
23094;21.2;78.9;-1.5
23096;21.5;69.1;-1.9
23098;21.4;77.7;-2
23100;21.1;74.9;-1.5
23102;21.4;68.2;-2
23104;20.9;78;-2
23106;20.9;73.2;-1.5
23108;21.6;73.1;-2.1
23110;21.2;77.7;-2
23112;20.9;68.6;-1.4
23114;21;72.8;-1.7
23116;21;73.5;-1.6
23118;21.6;72.1;-1.2
23120;21.2;78;-2.1
23122;21.7;75.1;-1.7
23124;21;72.4;-1.5
23126;21.2;76.8;-1.9
23128;21.1;71.6;-1.6
23130;20.9;75.8;-1.2
23132;21.1;69.7;-2.2
23134;21.1;71.8;-1.6
23136;21.4;80.1;-1.5
23138;21;69.9;-2.1
23140;20.9;76.2;-1.4
23142;21.3;76.3;-1.7
23144;21.2;68.8;-1.7
23146;21.1;77.4;-1.3
23148;21.1;71.8;-1.7
23150;21.5;72.1;-1.7
23152;20.9;80.3;-1.6
23154;21.4;69.9;-1.6
23156;20.7;73.3;-1.9
23158;21.2;79.9;-2.1
23160;20.9;66.3;-1.7
23162;21.4;80.2;-1.6
23164;20.8;73.4;-1.7
23166;21.3;68.5;-1.7
23168;21.1;81.4;-1.6
23170;21;71.3;-1.7
23172;21.2;72.8;-1.9
23174;20.9;78.6;-1.6
23176;21.3;68;-1.5
23178;21.3;76.3;-1.8
23180;21.6;76.1;-1.8
23182;21.2;70.5;-1.4
23184;21.5;80.7;-2.1
23186;21.2;72;-1.5
23188;21.4;73.1;-1.1
23190;21.2;77.5;-2.1
23192;20.8;70.3;-1.4
23194;21.1;74.4;-1.7
23196;21.2;75.8;-1.6
23198;21.3;71.1;-2
23200;21.3;79.7;-1.8
23202;21.4;76.1;-1.4
23204;21.2;75.1;-1.7
23206;20.8;74.6;-2
23208;21.2;70.6;-1.7
23210;20.9;74.5;-1.8
23212;21;71.4;-1.7
23214;20.8;71.1;-1.7
23216;21.2;79;-2.1
23218;21;69;-1.5
23220;21.5;76.6;-1.5
23222;21.3;76;-1.8
23224;21.3;68.8;-1.2
23226;21.2;79.4;-1.6
23228;21;69.4;-2
23230;21.1;70.2;-1.4
23232;20.9;81;-2.2
23234;21.2;70.4;-1.8
23236;21.1;76.6;-1.5
23238;21.1;78.8;-2.2
23240;21.5;67.5;-1.7
23242;21.1;79.1;-1.6
23244;21.2;73.3;-2
23246;21.4;69.2;-1.6
23248;20.9;80.6;-1.7
23250;21.5;71.7;-1.5
23252;20.8;69.9;-1.6
23254;21.5;80.8;-1.8
23256;20.8;67.8;-1.8
23258;21.5;78.2;-1.7
23260;20.8;74.7;-1.4
23262;20.9;67.3;-1.4
23264;21.3;79.4;-1.6
23266;21.4;75.8;-1.6
23268;21.2;73;-1.7
23270;21.6;79.5;-1.6
23272;21.1;70;-1.7
23274;21.3;74.5;-1.7
23276;21.6;74.8;-1.9
23278;21;70.1;-1.4
23280;20.8;76.1;-1.6
23282;21.3;71.3;-1.4
23284;20.9;72.5;-1.5
23286;21.2;75.4;-1.4
23288;20.9;71;-2
23290;21.2;77.6;-2
23292;21;71.6;-1.4
23294;20.8;69.4;-1.6
23296;21;79.1;-2
23298;21.2;73.3;-1.4
23300;21.2;75.7;-1.4
23302;21.1;77.4;-2.1
23304;21.2;67.5;-1.1
23306;21.2;77.2;-1.5
23308;21.1;70.1;-2.2
23310;21.1;68.3;-1.5
23312;21;79.9;-2.1
23314;21;67.5;-1.9
23316;21.1;74.8;-1.6
23318;21.6;80.8;-2.2
23320;21;66.8;-1.5
23322;20.9;78.3;-1.9
23324;21.6;73.5;-2.5
23326;21.3;68.3;-1.3
23328;21.3;83.9;-1.2
23330;21.1;70.9;-2.3
23332;21.2;73.7;-1.4
23334;21.2;82.1;-1.7
23336;21.4;67.8;-1.9
23338;20.9;75.4;-1.1
23340;21.2;74.1;-2
23342;21.2;66.5;-2
23344;20.9;77.9;-1.4
23346;21.1;74.7;-1.7
23348;21.2;71.7;-2
23350;21.4;79.5;-1.5
23352;21.5;71.6;-1.7
23354;20.9;73.2;-1.8
23356;20.9;72.4;-1.8
23358;21.2;71.2;-1.9
23360;21.1;77;-1.7
23362;21.1;72.3;-1.9
23364;21.3;73.1;-1.6
23366;21.5;76.3;-1.8
23368;21.3;70.6;-2.1
23370;20.9;74.9;-1
23372;21.3;71.6;-1.8
23374;21.3;73.6;-1.8
23376;21.2;81.2;-1
23378;21.1;69.2;-2.6
23380;21.5;77.4;-1.4
23382;21.1;75.2;-1.8
23384;21.6;69.5;-2.5
23386;21.3;79.6;-1.3
23388;21.3;71.8;-1.7
23390;21.3;68.2;-2.2
23392;20.9;79.2;-1.5
23394;21.2;69;-1.9
23396;21.3;75.7;-2
23398;21.3;77.6;-1.3
23400;21.1;66.5;-2
23402;21.4;78.2;-1.8
23404;21.2;73;-1.2
23406;21.4;70;-2.3
23408;21.4;82.9;-1.5
23410;21.5;71.2;-1.4
23412;21.4;70.9;-2.1
23414;20.9;78.6;-1.2
23416;21.2;66.9;-1.7
23418;20.9;75.8;-2.4
23420;21.1;74.4;-1.3
23422;20.9;66.1;-2.2
23424;21.3;80.2;-2
23426;21.3;73.1;-1.2
23428;20.9;72.3;-2
23430;21.1;77.4;-1.4
23432;20.9;69.9;-1.7
23434;20.7;73.8;-2
23436;21.2;73.8;-1.5
23438;20.9;69.3;-1.7
23440;21;76.3;-2.1
23442;21;72.3;-1.6
23444;21.3;71.3;-2
23446;21.4;75.4;-1.7
23448;21.4;72.1;-2
23450;21.4;77.1;-2
23452;21.4;71.6;-1.6
23454;21.4;71.6;-1.6
23456;21.4;78.3;-1.4
23458;21.5;72;-1.7
23460;21.1;76.4;-1.8
23462;20.8;75.1;-2.1
23464;21.3;67.4;-1.7
23466;21.2;79.3;-1.9
23468;21;69.8;-1.7
23470;21.3;70.9;-1.5
23472;21.1;80.4;-2.4
23474;21.2;66.8;-1.6
23476;21.4;74.5;-1.9
23478;21.1;76.7;-1.8
23480;21.3;65.2;-1.1
23482;20.9;76.5;-2
23484;21.4;73.3;-1.6
23486;21.4;66.1;-1.2
23488;21.4;82.9;-2.5
23490;21.1;71.7;-1.6
23492;21.1;71.5;-1.5
23494;21.5;81;-2
23496;21.4;66.5;-1.4
23498;20.8;72.6;-1.6
23500;21.5;76.4;-2
23502;21.4;68.5;-1.4
23504;20.9;77.1;-1.7
23506;21.1;71;-2
23508;21;69.2;-1.6
23510;20.8;75;-1.7
23512;21;68;-2
23514;21.2;75.3;-1.4
23516;20.9;71.5;-1.4
23518;21.4;72.3;-1.9
23520;21.2;79.7;-2
23522;20.9;71.8;-1.9
23524;21.5;75.5;-1.7
23526;20.9;74.1;-1.6
23528;21.6;71;-1.9
23530;21;75.4;-1.7
23532;21;70;-1.1
23534;20.9;70.4;-1.8
23536;21.4;79.2;-2.3
23538;21.3;70;-1.2
23540;21.1;73.2;-1.9
23542;21.4;76.3;-1.6
23544;21.4;70.1;-1.4
23546;21;78.3;-2.2
23548;21.5;71.8;-1.5
23550;21.4;70;-1.8
23552;20.9;79.3;-1.6
23554;21.2;69;-1.5
23556;21.5;77.6;-1.8
23558;21.4;78.3;-1.1
23560;21.4;66.7;-1.9
23562;20.8;77;-2.2
23564;21.2;71.9;-1.2
23566;21.2;67;-1.8
23568;21.1;81;-2.1
23570;20.9;68.2;-1.1
23572;21.1;71.3;-1.7
23574;21.1;80.1;-1.9
23576;21;67.7;-1.5
23578;21.1;74.4;-2.3
23580;21.4;76.3;-1.7
23582;21.2;65.3;-1.6
23584;21.5;80;-1.9
23586;21.3;75.1;-1.3
23588;21;70.1;-1.5
23590;21.3;77.2;-2.1
23592;21.2;68.8;-1.8
23594;21;72.4;-1.8
23596;21.3;75.1;-1.6
23598;21.5;68.9;-1.7
23600;21.4;78;-2.3
23602;21;71.6;-1.6
23604;21.5;74.5;-1.8
23606;21.1;74.5;-2
23608;21.2;71.7;-1.1
23610;20.7;74.5;-1.7
23612;21.1;70.2;-1.9
23614;21;69.5;-1.4
23616;21.3;79.9;-1.8
23618;21.1;68.4;-2.1
23620;21.1;78;-1.1
23622;21.4;76;-1.6
23624;20.6;64.9;-2
23626;21.3;77.8;-1.4
23628;21.2;70.1;-1.5
23630;20.9;68.6;-2.2
23632;20.9;79.8;-1.6
23634;20.9;67.7;-1.7
23636;21.1;72.7;-2
23638;21.4;78.5;-1.4
23640;21;65;-1.6
23642;20.9;77.3;-2
23644;21.5;72.8;-1.6
23646;21.2;67.2;-1.7
23648;21.3;82.5;-2
23650;21.1;71.9;-1.6
23652;20.8;71.4;-1.6
23654;21;76.6;-2
23656;21.2;66.5;-1.7
23658;21;74.4;-1.6
23660;21.3;75.8;-1.8
23662;21.1;68.8;-1.3
23664;20.9;78.7;-1.8
23666;21.4;72.7;-1.6
23668;21;70.2;-1.4
23670;21;77.3;-1.9
23672;21.1;70.9;-2.1
23674;20.9;72.9;-1.5
23676;21.3;74.7;-1.8
23678;20.9;68;-1.7
23680;21.1;75.6;-1.4
23682;21.1;72.6;-1.8
23684;21;72.3;-1.9
23686;21.2;75.8;-1.6
23688;21.2;71.2;-1.6
23690;21.3;74.9;-2.1
23692;21.5;72.5;-1.6
23694;21.1;71.3;-1.7
23696;21.5;79.4;-2
23698;21.6;70;-1.7
23700;21.1;74.6;-1.6
23702;21;73.9;-2.2
23704;21.4;69;-1.3
23706;21.1;78.4;-1.7
23708;21.4;70.3;-2.2
23710;21;68.6;-1.1
23712;21.3;80.1;-2.2
23714;20.9;68;-2.1
23716;21.2;76.4;-1.4
23718;21.3;79.5;-2.3
23720;21;63.9;-1.3
23722;20.8;77.2;-1.6
23724;21.4;73.4;-2.2
23726;21.4;67.3;-1.4
23728;21.3;82.1;-1.6
23730;20.8;69.1;-2.1
23732;21.1;69.4;-1.3
23734;21.5;80.3;-1.5
23736;21;67.6;-1.9
23738;21.1;74.3;-1.3
23740;21.1;74.3;-1.9
23742;21.4;68.4;-1.8
23744;21;80;-1.6
23746;21;72.9;-2.2
23748;21.6;73.3;-1.2
23750;21.5;78.4;-1.5
23752;20.9;67.9;-2.1
23754;20.8;73.2;-1.5
23756;21;71.6;-1.6
23758;20.9;68.7;-2
23760;21.3;78.2;-1.5
23762;21.3;70.5;-1.7
23764;20.9;71.1;-1.6
23766;21.4;75.9;-1.4
23768;21.1;69.2;-1.6
23770;21.2;76;-2
23772;20.8;70.2;-1.4
23774;20.9;68.5;-1.8
23776;21.5;79.4;-2.3
23778;20.9;71;-1.1
23780;21.5;77.1;-1.5
23782;21.1;73.9;-2.4
23784;21.4;68.8;-1.2
23786;21.2;76;-1.5
23788;21.3;71.4;-2.4
23790;20.9;68.7;-1
23792;21.3;81;-2.3
23794;21.3;68.4;-1.8
23796;21.3;74.1;-1.1
23798;20.8;76.2;-2.3
23800;21.4;67.6;-1.1
23802;20.8;78.5;-2.2
23804;20.8;70.2;-1.7
23806;21.4;66.4;-1
23808;21.1;81.8;-2.6
23810;20.7;69.3;-1.5
23812;20.9;71.6;-1.2
23814;21.3;80.4;-2.4
23816;21.2;66.5;-1.2
23818;21.1;74.7;-1.9
23820;21.3;75.7;-2
23822;21;66;-1.3
23824;20.9;77.1;-1.9
23826;21.1;72.8;-1.7
23828;21.1;70.7;-1.2
23830;21.3;76.8;-1.9
23832;20.9;69.4;-1.6
23834;21.2;74.2;-1.3
23836;20.9;71.6;-2.2
23838;21;69.2;-1.3
23840;21.4;77.7;-1.4
23842;20.9;71.6;-1.8
23844;21.2;76;-1.5
23846;21.1;75.2;-2
23848;21.2;70.9;-1.7
23850;20.8;74.5;-1.1
23852;21;69.1;-2.4
23854;20.9;70.5;-1.3
23856;21;77.7;-1.1
23858;20.8;67.6;-2.4
23860;21.4;75.8;-1.7
23862;21;75.7;-1.3
23864;20.9;67.3;-1.9
23866;21.5;79.6;-1.3
23868;21.1;69.5;-1.7
23870;21.4;68.5;-2.5
23872;20.9;79.3;-1.2
23874;20.9;68;-2.1
23876;21.2;73.9;-2.1
23878;20.9;75.6;-1.4
23880;20.7;63.3;-2
23882;21.1;75.5;-1.3
23884;21;72.5;-1.1
23886;21.1;66.8;-2.5
23888;20.8;79.4;-1.4
23890;20.9;70.5;-1.4
23892;21.3;70.4;-2.1
23894;21;78.9;-1.2
23896;21.1;67.3;-1.8
23898;21.4;74.2;-2.4
23900;20.9;74.7;-1
23902;21.5;67.2;-2.2
23904;21.3;77.3;-1.7
23906;21;72.7;-1.2
23908;20.8;69.3;-2.3
23910;20.9;76.2;-1.3
23912;21;68.9;-1.6
23914;21.3;72.8;-2.1
23916;21;73.6;-1.5
23918;20.9;68.3;-2.2
23920;21.3;75.8;-1.6
23922;20.9;72.8;-1.6
23924;21.3;70.9;-1.8
23926;21;74.4;-1.6
23928;21.3;70.3;-1.6
23930;21.3;75;-2
23932;21.2;73.8;-1.4
23934;20.8;65.7;-1.9
23936;21.2;76.7;-2
23938;21.4;74.7;-1.4
23940;21.1;68.2;-1.8
23942;21.3;77.4;-2
23944;21.3;70.6;-1.3
23946;21.5;70.6;-1.7
23948;20.8;76.5;-2.5
23950;21;65.1;-1.1
23952;20.9;73;-1.8
23954;20.9;76.7;-1.9
23956;21.4;65.9;-1.4
23958;20.9;74.7;-2.4
23960;20.7;72.1;-1.3
23962;21;66.8;-1.2
23964;21.3;79.8;-2.6
23966;21.3;69.5;-1.2
23968;21.4;67;-2
23970;20.9;78.6;-2
23972;21.4;70.5;-1.3
23974;21.1;69.6;-2.2
23976;21.4;81.1;-1.7
23978;20.9;64.7;-1.6
23980;21.1;72;-1.8
23982;21.3;78.4;-1.5
23984;21.2;65.2;-2
23986;21.3;72.9;-1.4
23988;20.9;75.2;-1
23990;21;65.6;-2.3
23992;20.8;72.5;-1.4
23994;20.8;71;-1.5
23996;21.4;69.1;-2.4
23998;21.3;76.5;-1.6
24000;21.2;69.3;-1.6
24002;20.9;68;-1.9
24004;20.9;76;-1.6
24006;20.9;68.5;-2
24008;21.3;74.5;-1.6
24010;20.8;73.8;-1.6
24012;20.9;65.5;-1.6
24014;20.9;71.7;-2
24016;21.2;72;-1.6
24018;21;65.5;-1.6
24020;20.9;74.5;-2
24022;20.7;70;-1.7
24024;21.3;68.9;-1.3
24026;21.1;76.6;-2.3
24028;21.2;69.9;-1.8
24030;20.7;67.1;-1.4
24032;21.2;76.3;-2.3
24034;21.2;68.7;-1.6
24036;20.8;65.6;-1.6
24038;20.7;78.1;-2.1
24040;20.8;68.9;-1.5
24042;21.2;70.4;-1.6
24044;20.9;76.9;-2.2
24046;21.1;66.4;-1.6
24048;21.3;67.1;-1.6
24050;21.1;80;-1.9
24052;21;64.9;-1.4
24054;20.8;64.5;-1.8
24056;21;78.7;-2
24058;21;67.7;-1.5
24060;21.2;67;-1.3
24062;20.9;75.5;-2
24064;21;66.5;-1.9
24066;21.2;66.7;-1.5
24068;21.3;77.5;-1.6
24070;21.2;68.8;-1.6
24072;20.8;63;-1.2
24074;21.1;75.4;-1.8
24076;21.1;71.8;-2.1
24078;21.5;67.6;-1.5
24080;20.9;74.9;-1.6
24082;21;69.1;-1.6
24084;20.9;65.3;-1.3
24086;21;71.4;-1.9
24088;21.4;70.4;-2.2
24090;20.6;64.5;-1.2
24092;20.9;70.5;-2
24094;21;70.6;-1.8
24096;21.2;66.6;-1.5
24098;20.7;71.1;-2
24100;21.4;71.1;-1.6
24102;20.9;66.5;-2.1
24104;20.8;71;-1.4
24106;20.9;67.8;-1.2
24108;21.1;66.1;-2.1
24110;21.3;71.1;-2.1
24112;21;72.6;-1.9
24114;20.8;63.1;-1.8
24116;21.4;73.6;-1.2
24118;20.8;71.1;-1.9
24120;20.9;62.8;-1.6
24122;20.7;66.3;-1.4
24124;21;73.2;-1.5
24126;21.3;65.2;-2
24128;21.3;65;-1.4
24130;20.8;74.5;-2
24132;20.7;68.6;-1.8
24134;20.8;63;-1.4
24136;21.3;72.3;-2.2
24138;21.3;76;-1.6
24140;20.9;61.3;-1.6
24142;21.4;69.7;-1.8
24144;21.2;75.9;-1
24146;20.8;61.8;-2
24148;21.1;63.4;-2.3
24150;21.2;75.3;-1.1
24152;21.6;71.6;-2.1
24154;21;62.2;-1.8
24156;21.2;72.6;-1.2
24158;20.7;73.3;-2.4
24160;20.8;62.1;-1.3
24162;21;61.7;-1.7
24164;20.8;72.1;-2.1
24166;20.9;66.4;-1.1
24168;21.2;63;-1.5
24170;20.9;68;-2.3
24172;20.8;73.1;-1.3
24174;20.9;64.1;-1.6
24176;21.3;65.9;-1.9
24178;21.2;71.2;-1.5
24180;21.3;70.7;-1.9
24182;21.4;64.6;-1.4
24184;21.1;67.4;-1.8
24186;21.2;70.7;-2.2
24188;21.3;65.6;-0.7
24190;20.8;62.3;-2.3
24192;21.3;70.5;-1.6
24194;20.8;67.8;-1.4
24196;21.5;67.6;-2.7
24198;21.2;68.1;-0.8
24200;20.9;70.5;-1.8
24202;21;63.9;-1.9
24204;20.9;63.3;-1.3
24206;20.9;66.4;-2.4
24208;21.2;68.7;-1.2
24210;21.2;63.5;-1.9
24212;20.9;64.2;-1.7
24214;20.7;69.3;-1.4
24216;21.3;69.5;-2
24218;21;61.2;-1.7
24220;20.7;65.2;-1.7
24222;21.3;70.9;-2
24224;21;65.5;-1.8
24226;21.1;61.8;-2
24228;21.3;65.9;-1.4
24230;21.1;70.7;-1.8
24232;21;64.2;-2
24234;20.9;58.4;-1.4
24236;21.3;65.8;-1.9
24238;21.2;71.6;-1.7
24240;21;68.3;-1.3
24242;20.9;58.9;-2
24244;20.9;64.4;-1.5
24246;21.2;72.2;-1.6
24248;20.8;66.2;-2.2
24250;21.1;58.5;-1.7
24252;21.2;61.8;-1.4
24254;20.7;69;-2.2
24256;21.3;69.2;-1.5
24258;21.1;59.8;-1.4
24260;20.7;58.3;-2.1
24262;20.7;66.6;-1.6
24264;21.1;70.7;-1.6
24266;21.3;62.4;-2.1
24268;20.8;59.1;-1.6
24270;20.9;61.4;-1.5
24272;21;68.5;-2.1
24274;20.7;65.5;-1.7
24276;21.1;58.4;-1.5
24278;21;60.8;-2.3
24280;20.7;64;-1.6
24282;20.9;68.3;-1.3
24284;20.8;62.4;-2.3
24286;20.9;56.1;-2
24288;21.3;63;-1.3
24290;20.9;66.2;-1.8
24292;20.6;65.5;-1.3
24294;21.3;62.4;-1.6
24296;21.3;60.2;-1.6
24298;21.3;66.2;-1.4
24300;21.2;68.1;-1.6
24302;21.1;63.7;-1.7
24304;20.9;60.9;-2
24306;20.8;58.6;-1.8
24308;21.2;61;-1.6
24310;20.8;65.3;-1.7
24312;21.1;61.6;-2
24314;20.8;57.5;-1.7
24316;21;59.7;-1.6
24318;21.4;59.5;-1.9
24320;21.1;63.3;-1.8
24322;20.7;62.9;-1.5
24324;21;57.2;-1.7
24326;21.5;59.9;-1.7
24328;21.4;61.5;-1.6
24330;21.3;61;-1.7
24332;20.8;62.9;-1.8
24334;21.1;57.9;-1.5
24336;20.7;57.4;-1.7
24338;21;59.5;-1.8
24340;20.9;61.7;-1.5
24342;21.1;62.4;-1.7
24344;21.2;59.7;-1.8
24346;20.9;56.2;-1.4
24348;21.2;56.5;-1.5
24350;21.2;59.7;-1.9
24352;21.3;62;-1.7
24354;21.4;62.9;-1.6
24356;21.1;57.8;-1.9
24358;21.4;57.4;-1.9
24360;20.9;57.7;-1.6
24362;21.1;59.8;-1.6
24364;21.1;62.6;-1.8
24366;21.2;64.8;-1.9
24368;20.9;58.2;-1.4
24370;20.8;53.3;-1.9
24372;21.4;56.3;-2.2
24374;20.8;57.3;-1.2
24376;21.3;59.9;-2
24378;21;59.4;-1.9
24380;21.1;60;-1.2
24382;21;55.1;-2
24384;21.1;51.6;-1.3
24386;21.2;54.4;-1.5
24388;20.9;58.4;-2.2
24390;20.8;59.3;-1.4
24392;21;59.6;-1.6
24394;21.3;61.4;-1.7
24396;21.1;57.6;-1.3
24398;21.2;52.5;-2.2
24400;21.3;53.4;-2
24402;20.8;55.3;-1.5
24404;20.8;58.4;-2.5
24406;21.2;59.7;-1.5
24408;21;59.7;-1.3
24410;21.1;58;-1.8
24412;21.3;54.7;-1.6
24414;21.2;52.4;-1.8
24416;21.1;53.1;-1.8
24418;21.1;56.2;-1.5
24420;21.3;58.4;-1.7
24422;20.8;60.4;-1.5
24424;21.2;59.3;-1.8
24426;20.9;54.5;-2.1
24428;20.7;50.5;-1.2
24430;21.1;50.6;-1.4
24432;21;50.9;-1.8
24434;21;51.3;-1.6
24436;21;54.2;-1.4
24438;21.1;55.7;-1.9
24440;21.1;59.6;-2
24442;21.3;61.7;-1.5
24444;20.8;55.9;-1.7
24446;21.2;54;-1.8
24448;20.9;51.3;-1.6
24450;20.7;51.1;-1.7
24452;21;54.6;-2.1
24454;21;54.2;-1.6
24456;20.9;55.7;-1.6
24458;20.8;56.8;-1.7
24460;21.2;59.6;-1.7
24462;21.1;56.8;-1.6
24464;20.9;53.7;-1.5
24466;21.2;50.5;-1.5
24468;21.3;50.1;-1.7
24470;21.5;50.8;-1.7
24472;20.7;49.5;-1.8
24474;21.4;52.1;-1.5
24476;21.4;55;-1.8
24478;20.9;52.6;-1.6
24480;21;53.3;-1.4
24482;21;55.9;-1.8
24484;21.1;53.7;-2
24486;20.7;50.8;-1.6
24488;21.2;51.6;-1.3
24490;20.9;47.7;-1.6
24492;20.9;48;-1.7
24494;20.8;48.2;-1.4
24496;21.2;48.8;-1.7
24498;21;50.3;-2.2
24500;20.9;52;-1.3
24502;21;54.7;-1.4
24504;20.8;51.9;-2.2
24506;20.9;53.2;-1.3
24508;21.2;53.5;-1.8
24510;20.8;51.2;-2.1
24512;21.1;49.8;-1
24514;21;49.3;-2.3
24516;20.9;49.9;-1.7
24518;21.4;47.6;-1.4
24520;20.8;48.1;-2.2
24522;20.6;46.8;-1.4
24524;21.1;48.2;-1.6
24526;21.1;48.4;-2.1
24528;21;50.8;-1.5
24530;20.6;50.1;-1.7
24532;21.1;53.1;-1.6
24534;21.1;52.6;-1.6
24536;21.3;50.8;-1.5
24538;21.3;51.4;-2
24540;21.3;49.5;-1.9
24542;20.9;48.7;-1.7
24544;21.2;47.4;-1.4
24546;20.7;46.8;-1.4
24548;20.9;46.3;-1.7
24550;21.3;46.7;-1.8
24552;21.3;47.3;-1.5
24554;20.9;46.2;-1.7
24556;20.9;46.4;-2.1
24558;21.4;47.5;-1.4
24560;20.8;46.7;-2.1
24562;21.2;48;-2
24564;20.9;48.3;-1.3
24566;21.1;49.8;-1.7
24568;20.9;50.2;-1.7
24570;20.9;49.7;-1.7
24572;21.1;49.7;-1.8
24574;21;48.4;-2.1
24576;21.4;47.9;-1.6
24578;20.9;46;-1.7
24580;21;45.8;-2.1
24582;20.9;44.3;-1.8
24584;21.3;43.9;-1.8
24586;21.4;44.2;-2
24588;21.1;45.4;-1.9
24590;21;43.1;-1.1
24592;21.3;44.5;-1.7
24594;20.9;43.5;-2.3
24596;21.1;45;-1.3
24598;21.3;45.5;-2.1
24600;21.2;45.4;-1.8
24602;20.7;44.2;-1
24604;20.9;43.7;-1.7
24606;20.6;44.7;-2.2
24608;20.8;44.8;-1.5
24610;20.8;45.3;-1.8
24612;20.7;45;-1.8
24614;21;45.9;-1.6
24616;21.3;46.6;-1.5
24618;21.2;47.9;-1.9
24620;20.7;46;-2.2
24622;20.7;45.9;-1.3
24624;21.2;47.8;-1.7
24626;21.2;46.3;-2.2
24628;21.3;47.4;-1.1
24630;21;46.5;-1.4
24632;21;45.9;-2
24634;20.9;44.5;-1.5
24636;20.9;44;-2.2
24638;21;45.1;-1.9
24640;20.6;42.6;-1.5
24642;20.8;42.5;-2.6
24644;20.8;44.1;-1.3
24646;21.3;42.4;-1.4
24648;21.4;43.4;-2.3
24650;20.7;41.5;-1.3
24652;21.1;41.8;-1.8
24654;20.8;41.5;-2.4
24656;21.1;43.4;-1.1
24658;20.9;41.7;-2.3
24660;21.1;42.2;-1.6
24662;21.4;41.5;-1.4
24664;21.2;40.9;-2.8
24666;21.4;42.6;-1.3
24668;20.8;41.5;-1.3
24670;21.2;42.4;-2.4
24672;21;41.2;-1.1
24674;20.8;41.3;-2
24676;21.3;42.9;-2.2
24678;21.4;43.2;-1.2
24680;21;43.1;-2.1
24682;21.1;43.1;-1.6
24684;20.8;42.8;-1.6
24686;21.1;43;-1.7
24688;20.8;43.1;-1.8
24690;20.8;42.4;-1.6
24692;20.7;42.4;-1.8
24694;20.9;42.1;-1.6
24696;21.1;42.8;-1.8
24698;21;42.2;-2.1
24700;21.4;43.2;-1.3
24702;20.8;42;-1.7
24704;21;42.3;-1.6
24706;21.2;42.2;-1.6
24708;21.5;42.6;-1.8
24710;20.9;42.2;-1.9
24712;20.7;41.7;-1.5
24714;20.8;41.4;-1.5
24716;21.1;42.4;-1.7
24718;21.1;42.5;-2
24720;20.7;41.6;-1.6
24722;20.7;41.6;-1.5
24724;20.8;41.8;-2.3
24726;20.8;40.9;-1.6
24728;20.8;41;-1.5
24730;21.2;42.4;-1.9
24732;21.1;41.8;-1.5
24734;20.7;41.5;-1.6
24736;21.1;41.9;-2.1
24738;21.2;42.1;-1.7
24740;21;42.1;-1.6
24742;21.3;42;-1.8
24744;21.4;42.1;-1.9
24746;20.9;41.7;-1.8
24748;21.1;42.2;-1.5
24750;21.1;41.9;-1.7
24752;20.9;42.1;-2
24754;21.1;42.2;-1.5
24756;21.4;41.9;-1.4
24758;20.6;41.2;-2.1
24760;20.9;40.6;-1.5
24762;20.9;40.8;-1.7
24764;20.6;40.7;-2
24766;21.1;41.6;-1.5
24768;21;41.1;-1.6
24770;21;41.2;-2
24772;20.9;40.8;-1.6
24774;20.8;40.2;-1.6
24776;20.8;40.4;-1.7
24778;21.3;41.5;-1.6
24780;21.2;40.9;-1.6
24782;20.9;40.6;-2.1
24784;21.1;41;-1.8
24786;21;40.4;-1.4
24788;20.9;40.3;-2
24790;20.9;40.4;-1.4
24792;21.3;40.9;-1.9
24794;21;40.5;-1.6
24796;21.1;40.5;-1.3
24798;21.1;40.1;-1.7
24800;21;40.9;-1.8
24802;20.8;40;-1.4
24804;20.6;39.6;-1.6
24806;20.7;39.5;-1.8
24808;21.4;40.5;-1.2
24810;20.7;39.6;-1.7
24812;21.2;40.4;-1.9
24814;20.8;39.1;-1.4
24816;21.2;40.3;-2.1
24818;20.7;39.5;-1.8
24820;21.2;39.7;-1
24822;20.9;39.1;-2.2
24824;20.8;39.1;-1.8
24826;21;39.5;-1.2
24828;21.2;39.8;-2.2
24830;20.8;39.1;-1.7
24832;20.7;39;-1.4
24834;20.8;39.1;-1.9
24836;20.9;39.7;-1
24838;20.9;39.7;-1.6
24840;20.9;39.9;-1.8
24842;20.6;39.4;-1.4
24844;21;40.1;-2.1
24846;21;40.4;-1.4
24848;20.6;39.6;-1.2
24850;21;40.7;-1.7
24852;21;39.9;-1.6
24854;20.7;39.9;-1.1
24856;20.8;40;-1.6
24858;21.2;40.9;-1.2
24860;21.2;41.2;-0.7
24862;21.2;41;-1.5
24864;21.1;41.3;-0.4
24866;21.2;41;-0.3
24868;21.4;41.2;-0.7
24870;21.2;41.4;-0.8
24872;21;40.6;-0.5
24874;20.9;40.4;-0.3
24876;21.2;41.4;-0.1
24878;20.9;40.4;0
24880;20.7;40.7;-0.1
24882;21.1;41;-0.1
24884;20.6;40.6;0.4
24886;21.3;41.4;0.1
24888;21.1;41.6;0.6
24890;21.2;41.4;0.3
24892;20.7;40.4;0.4
24894;21.3;41.3;0.4
24896;21.1;41.6;0.4
24898;20.8;41.1;0.4
24900;20.8;40.4;0.5
24902;21.2;41;0.1
24904;21.2;40.9;0.5
24906;20.9;40.8;0.3
24908;20.8;40.7;0
24910;20.8;40.5;0.8
24912;20.9;40.8;0.9
24914;21.2;41.3;0.7
24916;20.8;40.9;1.1
24918;21.2;41.6;1.1
24920;21;40.8;1
24922;20.7;41;0.5
24924;20.9;40.6;1.1
24926;21;41.7;0.8
24928;20.9;41.4;0.9
24930;21.1;41.9;1
24932;20.9;41.1;1.4
24934;21.1;42.3;1.6
24936;21.2;41.9;1.5
24938;21;41.3;1.6
24940;21.2;41.9;1.7
24942;21;42.2;1.6
24944;21;41.2;1.5
24946;20.8;40.7;1.8
24948;20.9;41.9;1.7
24950;21.3;41.1;1.7
24952;20.6;40.4;1.8
24954;21.2;41.2;1.6
24956;20.7;40.7;1.5
24958;21.1;41.3;1.8
24960;21;41.5;1.8
24962;20.7;40.9;2.3
24964;20.9;40.9;1.8
24966;20.8;40.7;1.8
24968;20.7;40.6;1.9
24970;20.5;41.2;2.3
24972;20.7;41.1;2.1
24974;20.7;41.2;1.8
24976;21;42.2;2.1
24978;21;42;2.3
24980;20.5;41.6;1.9
24982;21.1;42.3;2.5
24984;20.8;43.6;2
24986;20.5;43.4;2.3
24988;20.8;43.3;2.4
24990;20.6;43.5;2
24992;20.6;44.9;2.6
24994;20.7;45.6;2.6
24996;20.7;45.5;2.6
24998;20.6;48.3;2.3
25000;20.9;47.1;2.3
25002;20.4;46.7;2.6
25004;20.1;46;2.7
25006;20.1;45.8;2.7
25008;20.3;46.3;2.7
25010;19.9;45.8;3.1
25012;20.1;45.1;2.9
25014;20.4;46.1;3.1
25016;20;45.1;2.5
25018;20.3;45;3.1
25020;20;44.2;3
25022;19.9;43.7;3.2
25024;19.6;43;3.3
25026;20.1;41.8;3.2
25028;19.7;42.3;3.1
25030;19.6;40.8;3.2
25032;19.6;39.6;3.2
25034;19.4;38.9;3.5
25036;19.2;40.3;3.1
25038;19.4;40.9;3.5
25040;19.2;40.1;3.4
25042;19.1;39.2;4
25044;18.7;39.8;3.3
25046;19;40.5;4
25048;19;40.9;3.4
25050;18.6;39.8;4.1
25052;18.6;41.5;3.9
25054;18.7;40.8;3.8
25056;18.6;42.4;3.4
25058;18.6;44.2;4.3
25060;18.5;44.5;3.5
25062;18.2;45.1;4.4
25064;18.2;43.6;3.8
25066;18.2;46.9;4.1
25068;18.2;47.7;4.1
25070;18.2;45.2;4.6
25072;17.8;43.9;4
25074;17.9;44;4.6
25076;18.2;44.8;4.6
25078;18.2;41.7;4.2
25080;18;43.4;4.8
25082;18;42.5;4.3
25084;17.8;41.5;4.8
25086;17.7;41.8;4.6
25088;17.6;44.4;4.1
25090;17.9;45.3;4.5
25092;18.1;44.9;4.6
25094;17.7;44.3;4.5
25096;18.3;46.3;5
25098;18.1;46.3;4.4
25100;17.6;46;4.7
25102;17.9;47.4;4.4
25104;17.8;47.9;4.7
25106;17.7;46.9;4.9
25108;17.8;47.8;4.7
25110;17.5;46;5
25112;17.8;44.2;4.8
25114;17.4;44.4;4.6
25116;17.6;44.7;5.1
25118;17.4;43.7;4.7
25120;17.3;44.2;4.5
25122;17.3;45.8;4.4
25124;17.8;48.1;4.5
25126;17.4;49;4.4
25128;17.2;49.7;4.5
25130;17;47.8;4.2
25132;17.1;48.9;4.4
25134;17.2;49.6;4.2
25136;16.9;48.3;4.1
25138;17.1;48.1;3.6
25140;16.8;45.7;4
25142;16.8;46.2;3.6
25144;16.9;43.8;3.9
25146;17;44.8;3.3
25148;16.8;44.8;3
25150;16.9;47.3;3.3
25152;16.6;48.4;3.4
25154;16.5;49.7;2.3
25156;16.3;50.5;2.5
25158;16.7;51.1;2.6
25160;16.3;49.4;2
25162;16;50.1;1.9
25164;16.1;47;1.7
25166;16.1;46.9;1.9
25168;16;48.3;1.1
25170;15.4;47.1;1.5
25172;15.5;46.8;1.4
25174;15.3;49.5;0.3
25176;15.6;51.5;1.1
25178;15.2;52.7;0.5
25180;15.3;56.7;1.1
25182;14.9;52.1;-0.2
25184;14.9;50.2;1.2
25186;14.7;47.5;0.3
25188;14.6;46.6;0.1
25190;14.5;46.6;0.2
25192;14.4;50.4;0.2
25194;14;50.2;-0.1
25196;13.9;50.8;0
25198;13.3;56.1;0
25200;13.5;55.4;-0.1
25202;13;53.4;0.2
25204;12.8;50.3;-0.1
25206;12.6;47;0
25208;12.3;47;0.1
25210;12.1;47.2;0.5
25212;12.1;52.2;-0.2
25214;11.6;52;0.6
25216;11.5;55.5;0.7
25218;11.1;57.8;-0.2
25220;10.8;53.7;1.2
25222;10.3;51.4;0.3
25224;10.1;49;1.4
25226;9.9;49.9;1.3
25228;9.5;51.7;0.7
25230;9.2;55.2;1.7
25232;8.8;55;1.5
25234;8.5;57.1;1.8
25236;7.9;57;2.3
25238;7.3;51.7;1.4
25240;7.1;51.3;2.8
25242;6.7;50.2;2.1
25244;6.4;51.7;3.5
25246;5.9;56;3.3
25248;5.6;59.8;3.3
25250;4.9;58.4;3.6
25252;4.5;54.9;2.6
25254;4;48.8;4
25256;3.5;52.1;3.9
25258;3.2;51.5;3.8
25260;2.4;53.1;4.2
25262;2.2;58.2;4.8
25264;1.6;59.6;5.3
25266;0.9;58;4.2
25268;0.8;53.3;5.8
25270;0.2;53.4;4.1
25272;-0.2;55.7;5.9
25274;-0.5;56;3.9
25276;-1.2;60.4;6
25278;-1.5;60.6;4.1
25280;-2;56.7;6.1
25282;-2.5;51.9;3.7
25284;-2.5;53.3;5.9
25286;-3.1;57.7;3.3
25288;-3.3;59.2;6.4
25290;-3.4;60.2;2.8
25292;-3.3;55.6;5.5
25294;-3.3;54.5;2.7
25296;-3.2;54.4;4.6
25298;-3.3;56.2;1.9
25300;-3.2;62.4;3
25302;-2.5;61.3;2.2
25304;-1.9;57;1.6
25306;-1.4;55.9;1.8
25308;-1.3;56.6;0
25310;-0.9;56.8;2.1
25312;-0.8;60;-1.1
25314;-1.3;60;2.2
25316;-1.9;57.2;-1.4
25318;-2.5;55.8;2.4
25320;-2.7;58.1;-1.2
25322;-3.5;58;0.8
25324;-4.4;60.5;0.1
25326;-5.1;61.5;-0.6
25328;-5.4;54.7;1.4
25330;-6.1;53.2;-0.6
25332;-6.9;59;1.4
25334;-7.4;59.3;0
25336;-8.3;61.3;1.1
25338;-9;61;1.6
25340;-10;55.7;0.9
25342;-10.8;57.4;2.3
25344;-11.3;64.5;2.1
25346;-11.8;61.9;2.1
25348;-12.6;61.3;3.5
25350;-13;57.4;2.5
25352;-13.1;56.9;3.8
25354;-13.8;60.8;3.8
25356;-13.5;64.7;3.5
25358;-13.3;62.4;5.6
25360;-13;55.1;3.5
25362;-12.3;55.7;5
25364;-11.6;58.7;5.7
25366;-10.7;63.7;4.3
25368;-10.2;66.1;5.1
25370;-8.7;57.1;6.3
25372;-8.2;53.5;4
25374;-8.4;60.2;6
25376;-8.3;62.4;5.5
25378;-9.2;64.8;4.8
25380;-9.5;58;4.3
25382;-10.2;53.7;5.8
25384;-10.9;58.3;2.5
25386;-12.1;65.6;5.2
25388;-13.4;66.3;3.1
25390;-14.2;59.1;3.5
25392;-15.3;54.9;1.4
25394;-15.6;57.6;3.3
25396;-16.7;66.2;0.5
25398;-16.6;65.2;1.5
25400;-17.3;60.3;0
25402;-16.5;57;1.3
25404;-16.6;60.7;-0.8
25406;-16;65.8;-0.3
25408;-15.3;67.1;0.1
25410;-13.3;55;0
25412;-12.6;58.6;-0.6
25414;-11.7;60.3;-0.1
25416;-12.3;65.5;1.1
25418;-12.1;63.9;-1.2
25420;-13.3;57.3;1.1
25422;-14.7;59.3;0.5
25424;-15.4;63.3;1.2
25426;-16.3;66;0.4
25428;-18;64;1.5
25430;-19.1;56.2;2
25432;-19.6;58.7;2
25434;-20.4;64.2;2
25436;-20.5;64.2;3.5
25438;-20.3;62.9;3.7
25440;-18.8;57.8;2.9
25442;-17.5;60.9;3.6
25444;-16.4;67.3;4.6
25446;-15;61.7;4.5
25448;-14.2;58.2;4.4
25450;-15.1;61.2;3.9
25452;-15.6;63.7;4.8
25454;-16.3;66.1;5.8
25456;-17.4;61.1;4
25458;-18.4;60.5;4.2
25460;-19.2;63.1;4.2
25462;-19.6;65;4
25464;-20.3;64.9;4.2
25466;-20.2;59.3;2.5
25468;-19.9;62.4;2.4
25470;-18;65.7;2.1
25472;-16.4;63.2;1.5
25474;-15.2;60.1;1.7
25476;-15.1;58.3;0.3
25478;-15.8;64.5;0
25480;-16.1;66.2;0.4
25482;-17.2;61.2;-0.1
25484;-18.3;59.3;0.9
25486;-19.4;61.8;-1.2
25488;-19.9;65.5;0.4
25490;-19.8;66.6;0
25492;-19.3;57.6;0
25494;-18;60.7;1.5
25496;-17;65.6;0
25498;-15.9;67.4;1.1
25500;-15.9;63.5;1.8
25502;-16;55.1;1.9
25504;-17.2;59.6;3
25506;-19.1;66.7;1.8
25508;-20.6;64.8;2.9
25510;-22.1;62.2;3.9
25512;-22.1;59;4.2
25514;-21.9;66.4;4.6
25516;-20.5;69.8;4
25518;-18.8;61.9;5.1
25520;-17.2;57.5;4.3
25522;-16.7;59.2;5.5
25524;-17.7;66.9;6.1
25526;-19.7;67.4;5.2
25528;-21.7;56.8;5.7
25530;-22.1;57.7;3.3
25532;-22.9;61.7;5
25534;-22.2;68.1;3
25536;-21.6;63.1;3.7
25538;-18.8;54.8;3.2
25540;-17.4;61.2;1.8
25542;-17.1;66.3;2.2
25544;-17.4;68.2;-0.1
25546;-18.3;59.5;0.9
25548;-19.7;57.5;0.2
25550;-22.4;65.3;0.4
25552;-22.6;67.3;0.7
25554;-22.9;64.5;0.3
25556;-21.1;55.7;0.1
25558;-19.6;60.1;-0.2
25560;-18.7;67.7;0.9
25562;-18.7;65.8;0.3
25564;-19.7;60.9;1.9
25566;-22;61.2;2.6
25568;-23.1;61.8;1.2
25570;-23.8;67.1;3
25572;-23;62.6;1.9
25574;-21;57.9;3.4
25576;-19.8;60.6;4.2
25578;-19;63.8;4
25580;-19.1;64.9;5.5
25582;-21.2;59.8;4.6
25584;-22.7;59.2;5.4
25586;-24;63.9;4.7
25588;-24.1;65.1;5.6
25590;-21.4;63.2;4.2
25592;-19.2;58.4;5.9
25594;-18;60.5;5.1
25596;-17.8;64.6;4.9
25598;-19.9;63.9;5.1
25600;-22.1;61.7;3.3
25602;-22.5;59.7;3.1
25604;-22.9;62.7;1.5
25606;-21.3;65.5;2.5
25608;-20;63.3;0.6
25610;-18.6;57;1.1
25612;-19.7;60.7;0.6
25614;-21.3;61.9;0
25616;-23.6;65.5;0.3
25618;-25.6;63.2;-0.4
25620;-24.6;59.2;-0.2
25622;-22.2;64.6;-1.1
25624;-20.9;64.3;0.1
25626;-21.5;64.5;0.1
25628;-22.3;59.3;1.2
25630;-24.2;55.7;1.7
25632;-26;62.2;0.4
25634;-25.7;65;2.7
25636;-24;63.1;0.8
25638;-21.8;59.2;2.9
25640;-20.2;57.1;1.9
25642;-21.1;64.2;3.3
25644;-22.2;67.1;4.1
25646;-24;62.2;4.1
25648;-24.5;57;5.3
25650;-23.3;58;3.6
25652;-21.8;61.5;5.1
25654;-21.9;68.7;3.8
25656;-22.1;63.2;4.7
25658;-24.8;57.1;3.5
25660;-26.7;59.8;5.4
25662;-25.9;61.6;2.9
25664;-24;66.7;4.4
25666;-22.8;65.5;3.3
25668;-22.4;56.2;2.9
25670;-23.8;55.7;2.5
25672;-24.8;61.5;1.3
25674;-25.5;63.9;0.7
25676;-25.6;65;-0.5
25678;-22.8;58.6;0.4
25680;-21.3;55.9;-0.9
25682;-21.9;61.6;0.3
25684;-22.6;64.5;0.5
25686;-24.6;63.7;-0.4
25688;-25.4;59.4;1
25690;-23;56.1;0.2
25692;-21;56.6;1
25694;-21;61.5;0.3
25696;-23.5;65.4;2.1
25698;-24.7;59;0.9
25700;-25.6;55.5;3.1
25702;-24.9;57.3;3.2
25704;-21.7;57.6;2.9
25706;-22;63.5;5.4
25708;-23.7;64.9;3.2
25710;-24.8;56.3;4.4
25712;-26;56.5;3.6
25714;-24.6;58.6;5.2
25716;-22.6;60.3;4.4
25718;-20.4;61.8;4.8
25720;-21.9;62.6;5.2
25722;-22.7;56.8;5
25724;-24.1;56.1;5.2
25726;-24.2;60.9;4.2
25728;-21.4;59.9;4.1
25730;-20.9;61.2;1.6
25732;-21.9;57.3;3
25734;-24.1;54.1;0
25736;-27;56.6;2
25738;-26;59.7;0.1
25740;-23.3;61;0.5
25742;-22.9;61.7;1.1
25744;-23.5;58.4;-0.1
25746;-25.2;58.8;0.7
25748;-26.1;56.9;-1.7
25750;-25.4;59;0.9
25752;-22.8;63.3;-0.6
25754;-21.1;61.5;0.5
25756;-21.1;55.1;0.9
25758;-23.8;56;1.9
25760;-24.1;57.9;2.7
25762;-24.4;58.6;2.5
25764;-22.2;60.3;2.6
25766;-21.5;60.4;2.1
25768;-23.4;57.5;3.8
25770;-24.9;51.9;3.5
25772;-26.6;56.5;5
25774;-25.5;60.6;5.7
25776;-23.9;59.5;4.5
25778;-22.7;59.6;6.2
25780;-25.7;59.6;3.9
25782;-27.5;56.1;5.1
25784;-26.2;52.8;4.5
25786;-24.6;56.3;4.5
25788;-23;60.7;5.5
25790;-22.9;61;4.1
25792;-24.6;59.9;5.1
25794;-25.8;57;2
25796;-25;54;3
25798;-23.2;54;0.4
25800;-22.2;56.2;1.2
25802;-22.2;58.1;0.5
25804;-24.4;58.4;0.7
25806;-25.2;58.4;0.6
25808;-24;55.8;0.4
25810;-22;50.8;-0.5
25812;-22.1;52.3;-1.3
25814;-23.7;52.8;-0.3
25816;-26.4;55.2;-0.7
25818;-26;58.9;0.7
25820;-22.7;59.1;0.8
25822;-21.1;59.7;-0.2
25824;-22.2;56.1;1.4
25826;-23.7;52.8;0
25828;-25.2;53.5;1.3
25830;-24.2;56.7;2.5
25832;-22.2;55.9;2.4
25834;-21.4;57.4;3.2
25836;-24.2;60;2.5
25838;-25.1;56.6;2.7
25840;-26.5;56.1;3.9
25842;-24;50.5;4.1
25844;-23;50.1;5
25846;-24.4;53;4.3
25848;-26.1;54.1;4.2
25850;-27.1;57.8;3.7
25852;-26;59.6;4.7
25854;-22.9;57.6;5
25856;-22.3;56.4;4.3
25858;-23.2;53.3;4.7
25860;-25.1;51.4;1.8
25862;-26.1;50.1;3.8
25864;-23.7;50.4;1.2
25866;-22.4;54.4;2.6
25868;-22.4;53.5;1.9
25870;-25.5;59.4;0.3
25872;-26.5;58.1;0.2
25874;-25.8;54.7;-0.9
25876;-24.4;53.5;0.4
25878;-23.1;50.4;0.4
25880;-24;51.7;-0.5
25882;-25.8;49.1;-0.1
25884;-27.7;50.6;-1.1
25886;-26.4;53;0.7
25888;-22.7;52.9;0.9
25890;-22.6;54.3;-0.1
25892;-23;58.3;1.1
25894;-25.1;54;1
25896;-24.9;52.2;2.2
25898;-22.6;48.7;2.8
25900;-21.4;50.4;0.5
25902;-22.3;49.5;3
25904;-23.7;49.7;3.3
25906;-25.4;49;3.9
25908;-25.4;50.4;3.4
25910;-23.4;52.3;3.2
25912;-22;52.1;4.4
25914;-23.6;54.2;5.3
25916;-26.6;55.6;5.2
25918;-27.4;55.1;4.1
25920;-25.1;48.5;4.9
25922;-23.2;48.8;5.3
25924;-20.9;45.7;5
25926;-23;48.4;4.1
25928;-25.2;46.5;4
25930;-26.3;49.1;5.5
25932;-24.4;47.8;3.2
25934;-23.2;49.1;3.7
25936;-22.9;51.5;2
25938;-24.8;52.5;3.3
25940;-26.2;51.8;2.3
25942;-27.1;53.3;0.5
25944;-25.2;53.7;1
25946;-23.3;53;1.3
25948;-22.8;49.7;1
25950;-24.6;48.4;-1.1
25952;-26.8;48.1;1
25954;-26.2;48.2;0.6
25956;-24.8;48.4;0.1
25958;-21.6;47.2;-0.9
25960;-21;46.9;1.4
25962;-22.4;49.4;0.5
25964;-24.4;49.6;-0.3
25966;-25.4;49.8;1.8
25968;-24;52.4;1.5
25970;-21.2;50.7;0.5
25972;-22.1;50.6;1.7
25974;-23.8;50.4;3.4
25976;-26;51.1;1.4
25978;-26.6;49;3.5
25980;-24.5;48.4;3.7
25982;-22.9;47.6;2.7
25984;-23.1;45.8;3.6
25986;-23.6;44.8;5.3
25988;-26.3;46.1;3.3
25990;-26.5;44.8;4.5
25992;-25.5;44.4;6.3
25994;-23.1;45.2;4
25996;-20.9;45.4;4.9
25998;-22;46.2;6.7
26000;-22.7;45.5;3.5
26002;-23.9;48.8;5.6
26004;-24.7;48.2;5.7
26006;-23;47.2;4.2
26008;-21.7;49;4.4
26010;-21.1;47.8;5.3
26012;-23.4;46.8;2.7
26014;-24.7;46.2;4.7
26016;-26.4;45.7;3.4
26018;-24.7;44.4;1.6
26020;-22.8;45.7;4.1
26022;-22.4;43.8;1.3
26024;-22.3;43.7;1.5
26026;-24.3;44.1;2.6
26028;-26;45.5;-0.2
26030;-25.4;43.3;1.6
26032;-23.7;42.9;0.2
26034;-21.8;42.8;-1
26036;-20.9;43.2;2
26038;-21.7;42.8;-2
26040;-22.9;41.8;1.2
26042;-24.4;43.1;-0.7
26044;-25.6;42.9;-0.5
26046;-23.6;42.6;0.5
26048;-20.9;43;-1.7
26050;-21.1;44.1;1.8
26052;-22;44.4;-2
26054;-23.1;43.7;1.7
26056;-24.6;45.4;-0.6
26058;-26;44.4;0.6
26060;-25.2;45.7;0.8
26062;-22.6;45.6;-0.4
26064;-21.2;46.4;2.5
26066;-22.4;46.9;-0.9
26068;-23;44.4;3.7
26070;-25.6;46.1;-0.3
26072;-26.2;44.5;4.2
26074;-25.2;43.7;0.3
26076;-24.2;43.8;4.8
26078;-21.7;43;0.9
26080;-19.9;42.2;5.2
26082;-19.6;42.2;1.3
26084;-21.4;41.1;5.1
26086;-23.2;41.1;3.1
26088;-25.2;42.4;5
26090;-24.8;41.5;3.2
26092;-22.6;39.9;4.8
26094;-21.5;41.8;3.3
26096;-20.5;40.3;6
26098;-20.7;40;2.8
26100;-22.6;40.4;6.4
26102;-23.9;39.7;3
26104;-26.1;40.4;6.2
26106;-27.4;40;3.3
26108;-25.9;39.8;5.7
26110;-23.6;39.8;2.9
26112;-21.5;39.2;5.8
26114;-20.5;40.2;2.8
26116;-20.9;39.7;5.1
26118;-22.6;40.4;2.8
26120;-23.4;39.7;4.8
26122;-24.6;39.1;2.8
26124;-25.6;39.5;3.3
26126;-24.9;39.7;3
26128;-23.3;40;2.4
26130;-19.8;39;2.9
26132;-18.3;38.9;2.2
26134;-17.5;39.3;1.7
26136;-18.6;39.6;2.1
26138;-20.2;39.4;0.9
26140;-21.5;39.4;1.9
26142;-23.8;39.8;0.9
26144;-23.2;39.3;0.4
26146;-23.7;39.8;1
26148;-22.4;40.1;-0.1
26150;-19.9;39.4;0.5
26152;-18;39.3;0.6
26154;-17.7;39.3;-0.5
26156;-18.4;39.7;0.8
26158;-20.2;40.1;-0.4
26160;-22.1;40.3;0.2
26162;-22.8;39.4;-0.1
26164;-23.3;39.1;0.1
26166;-24.6;39.9;-0.2
26168;-25.1;40.4;0.3
26170;-23.7;40.4;0
26172;-21.5;39.8;0
26174;-19.5;39.8;0.3
26176;-19;40.3;0
26178;-18.6;39.9;-0.2
26180;-18.5;39.6;0.3
26182;-19.7;40.1;0
26184;-21.5;40.1;-0.1
26186;-23;40.4;0.3
26188;-23.7;40.3;0.3
26190;-23.6;39.7;0.1
26192;-23.6;40.6;0.8
26194;-22.7;39.6;1
26196;-22.3;40.2;0.6
26198;-21.1;40.4;1.1
26200;-19.6;40.6;0.9
26202;-17.8;40;1.7
26204;-17.5;40.4;0.7
26206;-17.5;40.9;1.8
26208;-17.9;40.9;1.6
26210;-17.9;40;1.7
26212;-19.5;40.2;1.5
26214;-20.1;40.1;2.4
26216;-21.6;40.7;2
26218;-22;40.7;2.1
26220;-22.3;40.5;2.7
26222;-21.6;40;2.8
26224;-21.2;39.8;2.8
26226;-21;40.1;2.2
26228;-19.9;40.1;3.1
26230;-19;40.1;2.9
26232;-17.7;39.7;3.3
26234;-16.8;40;3
26236;-16.8;40.1;3.4
26238;-16.6;40.3;3.4
26240;-17.3;40.7;3.8
26242;-17.6;40.6;3.5
26244;-18.2;40;3.7
26246;-19.1;39.9;3.8
26248;-19.6;40.6;3.8
26250;-20.3;40.2;4.2
26252;-21.3;40.4;3.8
26254;-21.5;39.9;4.2
26256;-21.9;40;3.9
26258;-22.3;40;4.6
26260;-22.5;40.5;4.2
26262;-22.1;40.5;4.5
26264;-21.2;39.8;4.3
26266;-20.8;40.6;4.4
26268;-19.5;40.5;4.7
26270;-18.1;40.4;5.1
26272;-16.9;39.7;4.5
26274;-16.2;40;5
26276;-16.3;40.5;4.6
26278;-16.1;40.2;5
26280;-15.7;39.8;4.7
26282;-16;39.9;5
26284;-16.5;39.4;4.9
26286;-17.2;39.7;5
26288;-17.8;39.3;4.9
26290;-18.5;40.1;5
26292;-19.3;40.5;4.9
26294;-19.3;39.4;5
26296;-19.9;40.5;5
26298;-20.8;40.7;5.3
26300;-20.7;39.6;4.9
26302;-20.9;39.6;4.9
26304;-21.5;40.4;4.9
26306;-21.3;39.6;5.1
26308;-21.7;40.4;4.8
26310;-21.3;40.5;5.3
26312;-20.5;39.8;4.8
26314;-19.9;40.3;5
26316;-19.1;40.4;5
26318;-17.9;39.8;4.9
26320;-17.1;39.7;4.4
26322;-16.6;39.8;4.9
26324;-15.7;39.7;4.5
26326;-15.3;39.8;5.2
26328;-15.1;40.6;4.5
26330;-14.3;39.8;4.7
26332;-14.1;39.6;4.7
26334;-14.3;39.8;4.2
26336;-14.4;39.6;4.8
26338;-14.8;39.6;4.5
26340;-14.4;39.6;4.6
26342;-15;39.7;4.6
26344;-15;40.4;4.5
26346;-15.5;40;4.5
26348;-15.7;40.1;4.3
26350;-16.2;40.3;4.7
26352;-16.2;40.2;4.2
26354;-16;39.4;4.4
26356;-16.3;39.8;4.2
26358;-17;40;4.6
26360;-17.1;40;4.1
26362;-17.5;40.1;4.4
26364;-17.2;39.8;4.4
26366;-17.7;39.9;4.3
26368;-17.5;39.6;3.9
26370;-18.2;39.5;4.4
26372;-17.7;39.3;4.1
26374;-18.6;40;4.2
26376;-18.6;39.5;4
26378;-18.3;39.2;3.9
26380;-18.8;40.1;3.8
26382;-18.7;39.3;3.7
26384;-18.7;39.3;3.9
26386;-19.4;39.9;3.6
26388;-19.4;39.9;3.5
26390;-19.4;40;3.9
26392;-19.1;39.3;3.5
26394;-19.1;39.7;3.8
26396;-19.3;39.8;3.4
26398;-19.5;39.8;4
26400;-19.2;39.6;3.2
26402;-19.3;40;3.8
26404;-19;39.7;3.6
26406;-18.7;39.3;3.4
26408;-18.3;38.8;3
26410;-18.3;39;3.1
26412;-18.6;39.6;3.9
26414;-18.1;39.2;3.1
26416;-18.2;39.7;3.6
26418;-17.4;39.1;3
26420;-17.3;39.3;3.3
26422;-17.2;38.9;3.1
26424;-17.2;39.8;3.2
26426;-17.3;39.4;2.9
26428;-16.6;39.3;3.4
26430;-16.3;38.6;3.1
26432;-16;38.9;3
26434;-16.3;39.3;2.4
26436;-15.9;38.8;2.9
26438;-15.7;38.8;2.9
26440;-15.6;38.6;2.8
26442;-15.6;39.4;3.3
26444;-15.3;38.8;2.4
26446;-15.5;39.3;3.1
26448;-15.5;39.1;2.9
26450;-14.9;38.6;3
26452;-14.9;38.4;2.8
26454;-15.1;38.7;2.4
26456;-15.4;39;2.9
26458;-15.3;39.3;2.8
26460;-15.3;39.2;2.8
26462;-14.9;38.6;2.7
26464;-15;38.5;2.5
26466;-15;38.7;2.9
26468;-15.3;38.8;2.9
26470;-15;38.6;2.6
26472;-15;38.4;2.2
26474;-15;38.3;2.9
26476;-15.1;38.7;2.5
26478;-15;38.5;2.6
26480;-14.8;38.1;2.3
26482;-15;38.3;2.6
26484;-14.5;38.1;2.5
26486;-15.2;38.7;2.4
26488;-15;38.7;2.4
26490;-15.1;39;2.5
26492;-14.8;38.6;2.6
26494;-14.8;38.4;2.5
26496;-15;38.5;2.8
26498;-14.8;37.9;2
26500;-14.5;37.5;2.8
26502;-15;38.8;2.3
26504;-14.4;38.5;2.4
26506;-14.7;37.8;2.6
26508;-15;38.7;2.2
26510;-14.4;38;2.4
26512;-14.5;38.7;1.9
26514;-14.6;38.4;2.4
26516;-14.7;38.5;2.6
26518;-14.9;38.1;2.1
26520;-14.5;37.9;2.4
26522;-14.7;38.6;2.3
26524;-14.4;38.2;2
26526;-14.4;38.2;2
26528;-14.3;37.8;2
26530;-14.1;37.9;2.3
26532;-14.3;37.8;1.7
26534;-14;38.2;2.1
26536;-14.4;38.1;2.1
26538;-14.2;38;1.8
26540;-14.1;38.2;2.2
26542;-14.2;37.9;2
26544;-14.3;38;1.6
26546;-14.2;38.4;2.4
26548;-14.2;38.5;1.9
26550;-14.2;38.3;1.8
26552;-14;37.6;2.3
26554;-13.7;37.5;1.3
26556;-14.2;37.6;2
26558;-14.2;37.9;2.3
26560;-13.9;38.5;0.9
26562;-14.1;37.9;2.8
26564;-13.7;37.8;1.7
26566;-14.1;38.4;1.5
26568;-14;38.3;2.9
26570;-13.6;37.8;1.1
26572;-13.8;37.7;2
26574;-13.9;38.1;2.1
26576;-13.9;38.4;1.2
26578;-14;38.3;2.5
26580;-14.1;38.5;2
26582;-14.1;37.8;1.6
26584;-13.9;37.7;2.3
26586;-14.4;37.9;1.3
26588;-13.9;37.3;1.8
26590;-14;37.4;2.3
26592;-14.4;38;1
26594;-14.3;37.8;2.1
26596;-14.4;37.5;2
26598;-14.4;37.7;1
26600;-14.7;38.2;2
26602;-14.9;38.3;1.6
26604;-14.6;38.5;1.6
26606;-14.6;37.7;2.2
26608;-14.7;37.9;1.2
26610;-14.8;37.8;1.8
26612;-14.9;37.3;2
26614;-14.9;37.5;1.3
26616;-15.3;38.4;1.9
26618;-14.9;37.7;1.9
26620;-15.1;38;1.3
26622;-15.4;38.4;1.8
26624;-15.3;37.5;1.9
26626;-15.4;37.6;1.7
26628;-15.5;38.2;1.8
26630;-15.5;37.6;1.6
26632;-15.5;37.7;1.7
26634;-15.8;38.5;2
26636;-15.8;38.1;1.7
26638;-15.6;37.7;1.9
26640;-15.6;37.8;1.8
26642;-15.6;37.4;1.4
26644;-16;38.3;2.7
26646;-16.3;38.2;1.5
26648;-16;37.3;1.8
26650;-16.4;38.3;2.4
26652;-16.2;38;1.1
26654;-16;37.6;1.7
26656;-16.1;38;2
26658;-16.5;38.5;0.9
26660;-16;38.2;2.1
26662;-16.1;37.7;1.5
26664;-15.9;37.5;1.5
26666;-15.8;38.1;1.9
26668;-15.9;38.5;2.3
26670;-15.5;38.1;1.5
26672;-15.1;37.7;1.9
26674;-14.8;37.6;1.9
26676;-15;38.2;1.5
26678;-15.1;37.7;2.5
26680;-14.7;37.3;1.5
26682;-14.9;37.5;1.6
26684;-15.3;37.5;2.4
26686;-15.2;37.6;0.5
26688;-15.8;38.2;2.1
26690;-15.9;38.4;2.2
26692;-15.8;37.8;1
26694;-16.4;38;2.5
26696;-16.8;38.3;1.4
26698;-16.7;37.8;1.7
26700;-17;38.4;2.6
26702;-17.1;37.8;0.9
26704;-17.2;37.7;1.9
26706;-17.1;37.4;2.1
26708;-17.7;37.9;1.1
26710;-18;38.5;2.7
26712;-18.1;38.1;1.5
26714;-18.2;37.9;1.6
26716;-18.3;38.2;2.4
26718;-18.9;38.4;0.8
26720;-18.5;37.8;2.3
26722;-19.3;37.7;1.6
26724;-19.4;37.7;1.6
26726;-19.7;37.8;2.3
26728;-19.8;37.8;1.6
26730;-19.8;37.7;1.5
26732;-20.2;37.8;1.8
26734;-20.2;37.5;1.6
26736;-20.5;38;2
26738;-20.3;37.8;1.3
26740;-20.3;37.6;1.6
26742;-21.1;38.5;2.3
26744;-21.2;38.4;1.5
26746;-20.9;38.2;1.8
26748;-21.3;38.7;2.1
26750;-20.4;37.7;0.9
26752;-20.5;37.8;2.3
26754;-20.4;38.4;1.7
26756;-19.3;37.4;1.2
26758;-19.1;37.9;2.3
26760;-18.8;37.9;1.5
26762;-17.7;38;1.2
26764;-17.2;38.7;2
26766;-17;38.4;1.2
26768;-16.3;37.7;2.2
26770;-15.8;37.9;1.7
26772;-16;38.1;1
26774;-16.3;38.1;2.5
26776;-16.6;38.5;1.7
26778;-16.6;38.5;1.5
26780;-16.4;37.9;1.9
26782;-17;38.2;1.9
26784;-17.2;38.4;1.9
26786;-17.7;38.5;1.9
26788;-18.1;38.6;1.9
26790;-18.2;38.2;2
26792;-18.5;38;1.6
26794;-18.9;38;1.5
26796;-19.3;37.5;1.6
26798;-19.8;37.8;1.6
26800;-20.6;38.4;1.4
26802;-20.9;37.7;1.7
26804;-21;37.8;1.9
26806;-21.5;38;1.1
26808;-21.5;37.8;1.9
26810;-21.8;37.7;1.9
26812;-21.8;37.9;0.9
26814;-21.6;38.2;2.6
26816;-20.9;37.8;1.4
26818;-20.8;37.9;1.2
26820;-20.1;37.8;2.7
26822;-18.8;37.9;0.7
26824;-18.3;38.1;2
26826;-16.8;37.8;2.2
26828;-16;37.5;0.8
26830;-15.6;38.1;2.3
26832;-15.5;38;1.9
26834;-15.5;37.8;0.9
26836;-16.5;38;2.7
26838;-16.9;38.4;1.4
26840;-17.3;37.9;1.7
26842;-18.1;38.2;2
26844;-18.7;38.4;1.4
26846;-19.9;38.3;2.1
26848;-19.6;37.8;2
26850;-20.8;37.9;1.4
26852;-21.4;38.2;1.9
26854;-22.5;38.4;1.9
26856;-22;37.7;1.8
26858;-21.7;37.4;1.9
26860;-22;38.4;1.4
26862;-20.9;38.4;1.8
26864;-20.1;38.4;2.2
26866;-18.7;37.9;1.6
26868;-17.6;37.9;1.9
26870;-17.3;38.3;1.8
26872;-17.1;37.6;1.1
26874;-18;38.6;2.7
26876;-18.9;38.6;1.6
26878;-19.2;37.8;1.1
26880;-20;37.7;2.5
26882;-21.5;38.1;0.8
26884;-21.8;37.4;1.7
26886;-22.9;37.7;2
26888;-23.2;37.5;1.1
26890;-23.9;38.1;2
26892;-23.5;38;2.1
26894;-22.2;37.7;0.7
26896;-21.2;37.6;2.3
26898;-20.2;38.3;1.6
26900;-19.2;37.4;1.5
26902;-18.5;37.7;2.4
26904;-19.7;37.9;1.1
26906;-19.8;37.7;2
26908;-21.4;38.3;1.9
26910;-21.8;37.8;1
26912;-22.9;38.3;2.7
26914;-23.3;37.7;1.2
26916;-23.7;37.7;1.7
26918;-23.2;37.7;2.6
26920;-23;37.9;0.7
26922;-21.9;38.7;2.5
26924;-19.6;37.9;1.5
26926;-18.9;38.4;1.5
26928;-18.3;37.8;2.5
26930;-18.5;37.8;0.8
26932;-19.6;37.6;2.5
26934;-21.4;38.3;1.5
26936;-22.5;38.4;0.9
26938;-22.6;38.1;2.4
26940;-22.8;37.7;1.5
26942;-23.4;38.5;1
26944;-22.4;38.4;1.8
26946;-19.6;37.5;1.6
26948;-18.6;37.4;1.4
26950;-18.6;38.3;2.1
26952;-19.1;38.3;1.9
26954;-19.8;37.6;1.4
26956;-21.7;38;1.8
26958;-24.1;38.7;1.5
26960;-24.8;37.9;1.6
26962;-25.7;37.8;2
26964;-25.5;38.2;1
26966;-23.7;38;2
26968;-20.7;37.6;1.5
26970;-19.6;37.5;1.3
26972;-19.8;38.1;2.4
26974;-21.2;38.5;1.2
26976;-22.9;38.5;1.9
26978;-23.9;37.7;1.9
26980;-26;38.5;1.2
26982;-25.8;37.9;2
26984;-25.4;38.4;1.8
26986;-22.3;37.7;1.4
26988;-20.6;38.3;2
26990;-19.3;38;1.6
26992;-19.3;37.9;1.5
26994;-21.2;38.4;2.3
26996;-23;38.1;1.7
26998;-24.7;38.2;1.7
27000;-25.8;38.5;2.4
27002;-24.1;37.7;1.1
27004;-23.4;38.5;1.9
27006;-22;38.7;1.9
27008;-21.9;38.7;0.9
27010;-22.3;37.9;2.4
27012;-24.2;37.9;1.8
27014;-25.9;38;1
27016;-27.5;38.5;2.2
27018;-26.4;38.4;1.9
27020;-24.2;38.4;1.8
27022;-21.9;38.4;1.9
27024;-21.8;38;1.5
27026;-23.2;38.5;1.8
27028;-25.1;37.7;1.8
27030;-25.9;38;1.5
27032;-26.4;38.3;1.9
27034;-24.6;38;1.4
27036;-22.9;38.4;1.6
27038;-20.7;37.8;1.9
27040;-21.6;38.4;1.3
27042;-23.4;38.5;1.5
27044;-24.5;37.6;2
27046;-26.4;38.3;1
27048;-25.5;38.4;2.3
27050;-22.3;37.7;1.6
27052;-22.6;38.3;0.9
27054;-23.4;38.5;2.8
27056;-25.3;38.3;1.2
27058;-27.4;38.4;1.8
27060;-28.1;38.5;2.7
27062;-26.3;38;1
27064;-25.1;38.4;2
27066;-24.3;38.2;2.5
27068;-25.3;37.6;1.4
27070;-27.6;38.5;1.9
27072;-27.2;37.7;1.8
27074;-26.4;37.5;1.6
27076;-24.4;38.3;2.4
27078;-22.9;38.6;1.6
27080;-22.5;37.9;1.8
27082;-24;37.8;2.1
27084;-26;37.7;1
27086;-25.4;37.8;1.6
27088;-24.4;38.5;1.8
27090;-23.3;38;1.5
27092;-23.6;37.8;1.6
27094;-26.1;37.9;1.8
27096;-27.7;38.2;1.2
27098;-26.7;38.5;1.8
27100;-25.5;38.5;1.9
27102;-24.2;38.2;1.6
27104;-25.5;38;1.9
27106;-26.7;37.6;1.6
27108;-28.5;38.5;1.6
27110;-25.8;37.9;1.7
27112;-23.6;37.6;1.6
27114;-23.6;38;1.6
27116;-25.6;38.5;1.5
27118;-27.4;38.4;1.6
27120;-27.2;38;1.6
27122;-24.9;38;2
27124;-23.6;37.5;1.8
27126;-25.1;37.7;1.7
27128;-27.1;37.8;1.9
27130;-28.1;38.8;1
27132;-25.4;37.6;1.8
27134;-24.8;37.9;2.3
27136;-25.2;37.6;1.2
27138;-28.5;38.4;2.3
27140;-28.6;38.1;1.8
27142;-26.7;37.9;1.4
27144;-25.2;38.6;2.4
27146;-25.3;38.6;1.2
27148;-27.4;38.4;1.9
27150;-27.3;37.7;1.9
27152;-25.9;37.7;1.2
27154;-24.5;37.5;2
27156;-25.5;38;1.7
27158;-28.6;38.4;1.4
27160;-28.6;38.1;2.3
27162;-27.8;38.4;1.6
27164;-25.5;38;1.7
27166;-26.6;38.3;2.3
27168;-27.5;37.8;1.2
27170;-27.7;37.8;2.1
27172;-25.1;37.8;1.7
27174;-24.9;38.5;1.1
27176;-24.8;38;2.5
27178;-27.3;37.9;0.8
27180;-26.8;38.3;1.8
27182;-25.7;38.1;2.3
27184;-25;38.1;0.9
27186;-28;38.6;2.8
27188;-30;38.6;1.6
27190;-27.3;38;1.4
27192;-27.3;38.3;2.7
27194;-26.8;37.6;0.6
27196;-28.8;37.8;2.2
27198;-30.3;38.5;1.8
27200;-27.1;38;1.1
27202;-27.1;38.5;2.9
27204;-28.3;38.3;0.9
27206;-30.1;38;1.8
27208;-28.9;37.9;2.4
27210;-26.5;38.1;0.9
27212;-27.5;38.3;2.1
27214;-29.2;37.7;2.1
27216;-29.1;38.7;1
27218;-26.8;37.7;2.3
27220;-27;38.6;1.8
27222;-28.2;37.5;1.6
27224;-29;37.6;2.4
27226;-27.5;38.2;1.8
27228;-26;38.4;1.3
27230;-26.8;38.1;2.4
27232;-28.6;37.9;1.5
27234;-27.9;37.7;1.4
27236;-27.3;38.1;2.1
27238;-29.5;38.4;0.9
27240;-30.4;38.1;2.5
27242;-28.5;37.8;2
27244;-27.2;37.8;1
27246;-28.8;38.4;2.7
27248;-28.6;37.8;1.3
27250;-28.6;38.5;1.7
27252;-26.9;38.5;2.4
27254;-25.8;37.8;0.9
27256;-28.3;38.2;2
27258;-28.3;38.6;2
27260;-26.2;37.5;1
27262;-28.3;38.4;2.2
27264;-30.5;38.4;1.4
27266;-29.7;38;1.5
27268;-28.6;38.5;2.6
27270;-28.5;38.4;1.8
27272;-29.4;38.3;1.4
27274;-29.1;38;2
27276;-27.4;38.3;1.3
27278;-26.6;38;1.8
27280;-28.7;37.9;2.2
27282;-27.9;37.8;1.1
27284;-26.6;37.9;2.1
27286;-28;38.3;1.7
27288;-30.7;38.4;1.7
27290;-28.8;38.2;2.1
27292;-28.3;38.6;1.3
27294;-29.6;38.8;2.3
27296;-31.1;38.6;1.6
27298;-28.5;38;1.3
27300;-26;37.5;2.2
27302;-27;37.8;1
27304;-29.6;38;2
27306;-29.1;38.6;1.9
27308;-28;37.9;1.2
27310;-29.7;37.7;2.1
27312;-30.9;38;1.4
27314;-28.5;38;1.6
27316;-28.1;37.8;1.7
27318;-30.5;38.2;1.3
27320;-29.3;37.9;2
27322;-27.1;38.4;2
27324;-27.7;38.6;1.8
27326;-29.2;38.4;2.1
27328;-29.2;38.4;1.8
27330;-28.1;38.6;1.2
27332;-29;37.8;2.1
27334;-30.4;37.7;1.3
27336;-30.4;37.9;1.8
27338;-29.7;38.6;2
27340;-30.3;38.1;1.3
27342;-30.7;38.1;1.9
27344;-27.6;38;1.5
27346;-28;38.6;1.3
27348;-29.5;38.6;2
27350;-29.7;38.7;1.4
27352;-27.4;38;1.5
27354;-29.5;37.8;2.1
27356;-30.8;37.8;1.5
27358;-30;37.8;1.4
27360;-30.2;38.6;2.2
27362;-30.8;38.3;1.4
27364;-30.5;38.2;1.6
27366;-29;38.4;2
27368;-28.7;37.8;1.1
27370;-30;37.8;2
27372;-29.8;38.2;2
27374;-29.3;38.6;1
27376;-30.9;38.8;2.3
27378;-31.7;38.9;1.5
27380;-28.2;37.8;1.2
27382;-29.9;38.6;2.2
27384;-30.4;37.6;1
27386;-30.2;38.5;2
27388;-28.3;38.7;2
27390;-28.2;38.2;1
27392;-29.2;37.6;2.4
27394;-29;38.6;1.6
27396;-28.1;37.9;1.3
27398;-32.1;38.5;2.2
27400;-30.3;37.7;1.8
27402;-29.7;38.7;1.6
27404;-30.5;38.6;2
27406;-31.6;38.7;1.5
27408;-29.1;38.9;1.5
27410;-26.8;38.1;2.2
27412;-28.9;37.9;1.4
27414;-29.5;38.4;2
27416;-28.7;38.5;1.9
27418;-30.4;38.4;1.3
27420;-32.3;37.9;2.4
27422;-29.3;37.7;1.2
27424;-31.2;38;1.3
27426;-31.8;37.9;2.4
27428;-31.5;38;0.6
27430;-29;37.9;2.1
27432;-30.8;38.4;1.8
27434;-31.1;38.2;0.8
27436;-30.1;38.6;2.2
27438;-30.1;38.6;1.9
27440;-31.7;38.4;1.7
27442;-31.1;38.5;2.1
27444;-29;38.3;1.4
27446;-30.2;37.8;1.9
27448;-30.3;38.1;1.9
27450;-27.8;38.4;2
27452;-27.1;38;2
27454;-29.6;38.3;1.6
27456;-27.7;37.8;2.1
27458;-28.4;38;1.7
27460;-31.8;38.5;1.6
27462;-31.8;38.7;2.2
27464;-28.9;37.9;1.1
27466;-30.7;38.4;1.9
27468;-31.6;38.5;2
27470;-28.4;37.9;1.2
27472;-27.3;38;2
27474;-28.9;37.8;1.6
27476;-29.3;38.1;1.4
27478;-29.8;38.8;2.7
27480;-31.8;38.2;1.3
27482;-30.8;38.1;1.9
27484;-29.8;38.2;1.8
27486;-31.2;38;1.3
27488;-31.8;37.7;2.1
27490;-30;38.3;1.3
27492;-29.5;38.8;1.8
27494;-29.8;38.2;2.4
27496;-29.8;38.8;1.5
27498;-28.1;38.6;2.2
27500;-30.8;38.3;2.3
27502;-30;38.1;0.7
27504;-30.2;38.3;2.6
27506;-30.1;38;1.3
27508;-31.8;38.6;1.5
27510;-28.7;38;2.5
27512;-29.1;38.8;0.8
27514;-29.4;37.9;2.4
27516;-30.8;38.7;1.6
27518;-29.1;38.3;1.5
27520;-30.9;37.8;2.5
27522;-31.7;37.8;0.9
27524;-29.7;37.9;1.9
27526;-30;38;1.9
27528;-32.1;38.6;1.3
27530;-29.2;38.2;2.3
27532;-27.2;37.7;1.5
27534;-30.7;38.8;1.5
27536;-29.3;37.9;2.3
27538;-28.8;38;1.6
27540;-30.6;37.8;1.3
27542;-32.3;37.7;2
27544;-31.9;38.5;1.3
27546;-31.8;38;1.4
27548;-34.2;38.5;2.1
27550;-31.9;38.4;1.6
27552;-30.1;38.5;2
27554;-30.1;37.9;1.6
27556;-29.2;37.8;1.6
27558;-29.9;38.6;1.9
27560;-30.5;38;2
27562;-31.3;38.2;1.7
27564;-29.6;38.1;1.8
27566;-31.5;38.4;2.1
27568;-33.1;38.5;1.2
27570;-31.1;38.7;2
27572;-29.6;38.4;1.8
27574;-30.2;37.8;1.6
27576;-31.9;38.8;1.9
27578;-30.8;38.7;1.4
27580;-30.7;38.1;1.6
27582;-32.8;38.3;1.9
27584;-30.1;38.4;1.4
27586;-30.8;37.8;2
27588;-32.9;38.5;1.6
27590;-30.1;38.3;2
27592;-29.5;38.6;1.9
27594;-31.2;38.2;1.3
27596;-31;38.5;1.7
27598;-30.5;38.5;2.3
27600;-31.6;38;1
27602;-33.9;38.4;2.2
27604;-32.1;38.2;1.7
27606;-31.3;37.7;0.9
27608;-32.6;37.9;2.6
27610;-30.4;38;1.4
27612;-28.4;37.9;1.3
27614;-29.7;37.9;2.1
27616;-31;38.6;1.8
27618;-29.9;38.5;1.4
27620;-30.2;37.9;1.9
27622;-31.7;37.9;1.8
27624;-31.7;38.5;1.7
27626;-32.6;38.5;2.1
27628;-33.3;38.2;1.6
27630;-31.1;38;1.2
27632;-29.8;37.8;2.1
27634;-30.6;37.8;1.7
27636;-30.4;37.8;1.6
27638;-29.7;38.2;2.3
27640;-31;38.2;1.2
27642;-32.7;38.8;2.3
27644;-29.9;38.4;1.9
27646;-29.8;38.1;0.4
27648;-32.3;38.6;2.3
27650;-29.5;38.1;2
27652;-28;37.9;1.1
27654;-30.3;38;2.3
27656;-30.4;38.4;1.4
27658;-30.6;38.6;1.4
27660;-32.5;38.6;2.5
27662;-32.7;37.8;1.1
27664;-32.7;38.4;2.2
27666;-32.1;38.2;1.8
27668;-34.2;38.7;1.3
27670;-31.6;38.6;2.7
27672;-29.1;37.8;1.1
27674;-32;38.5;1.6
27676;-31.3;38.4;2.4
27678;-30.9;38.4;0.9
27680;-31.9;38;1.8
27682;-32.8;38.2;2.2
27684;-30.9;38;0.7
27686;-32.6;38.7;2.3
27688;-34.3;38.6;1.4
27690;-30.6;37.9;1.6
27692;-29.8;38.1;2.3
27694;-30.3;37.8;1.1
27696;-31.3;38.4;2.2
27698;-30.2;38.8;1.8
27700;-32.1;38.2;1.1
27702;-33.3;38.5;2.6
27704;-30;37.9;1
27706;-30.7;37.8;1.5
27708;-33.8;38.6;2.2
27710;-30;38.1;1
27712;-29.4;38.7;2
27714;-31.2;38.2;1.6
27716;-32.3;38.6;1.1
27718;-31.3;37.9;2.4
27720;-31.5;37.7;1.3
27722;-34.1;38.4;1.6
27724;-31.2;37.9;2.4
27726;-32.4;38.4;1
27728;-33;38.1;1.9
27730;-30.6;38;2.1
27732;-29.3;37.9;0.9
27734;-31.2;38.1;2.3
27736;-32.3;38.7;2
27738;-30.1;38.2;1.1
27740;-32;38;2.7
27742;-34.3;38.4;1.2
27744;-33.1;38.4;1.9
27746;-32.8;38.4;2.3
27748;-34.7;38.6;1.1
27750;-32.3;38.6;2.5
27752;-29.3;38;1.4
27754;-29.9;38.2;1.2
27756;-31.1;38.4;2.4
27758;-28.9;37.8;0.9
27760;-31.1;38;1.8
27762;-32.1;37.8;2.6
27764;-30.1;37.5;1.2
27766;-31;38.2;2.1
27768;-33.4;38.7;1.8
27770;-30.2;38.1;0.9
27772;-30.7;39;2.5
27774;-31.6;38.2;1.6
27776;-32.1;38.4;1.5
27778;-31;38.7;2.2
27780;-31.6;37.9;1.2
27782;-32.5;38;1.6
27784;-29.8;37.5;1.7
27786;-31.9;38.4;1.7
27788;-31.9;37.8;1.8
27790;-29.8;37.9;1.5
27792;-29;38.2;1.3
27794;-31.9;38.8;1.8
27796;-29.9;37.9;1.4
27798;-31;38.6;1.8
27800;-33;38.7;2
27802;-33;38;1.2
27804;-31.9;38.5;2.1
27806;-31.4;38;2
27808;-33.4;38.6;0.9
27810;-30.1;38;2
27812;-28.1;37.9;1.4
27814;-29.7;38.2;1.3
27816;-30.1;39;2.4
27818;-28.2;38.2;1
27820;-31.8;38.8;1.9
27822;-33.2;38.9;2.1
27824;-31.7;38.4;1.1
27826;-32.3;38.2;2.3
27828;-32.4;37.8;1.8
27830;-31.2;38.1;0.8
27832;-29.8;38.3;2.5
27834;-32.4;38.7;1.3
27836;-32;38.5;1.2
27838;-31.1;38.5;2.7
27840;-31;37.7;1.2
27842;-32.7;38.3;1.8
27844;-30.5;38.3;1.9
27846;-31.9;38.4;0.9
27848;-32;38;1.9
27850;-31.8;38.5;2
27852;-29.8;38.1;1
27854;-30.5;37.9;1.9
27856;-30.9;37.6;1.8
27858;-30.3;37.9;1.2
27860;-31.5;37.7;2
27862;-32.9;38.1;1.4
27864;-31.8;38.6;1.5
27866;-33.3;38.8;2.2
27868;-34;39;1.7
27870;-31;38.3;1.5
27872;-29.8;38.2;2.2
27874;-30.7;38;1.3
27876;-32.1;38.5;1.1
27878;-31.4;38.8;2.1
27880;-31.7;38.2;1.2
27882;-34.1;38.5;2.2
27884;-31.6;37.9;2
27886;-32.7;38;0.9
27888;-34.8;38.7;2.4
27890;-31.7;37.9;1.7
27892;-31.3;38.3;0.9
27894;-31.8;38.1;2.5
27896;-32;38.8;1.4
27898;-29.5;38.1;1.7
27900;-32.7;38.1;1.8
27902;-32.1;37.8;1
27904;-30.4;37.7;2.1
27906;-31.4;38;1.7
27908;-33.7;38;1.5
27910;-30.5;37.9;1.9
27912;-29.9;37.9;1.2
27914;-32.1;38.1;1.4
27916;-31.9;38.5;2.6
27918;-31.6;38.8;1
27920;-32.5;38.2;1.8
27922;-33.7;38.8;2.7
27924;-31.4;38.6;1
27926;-32.8;38.6;2.4
27928;-33.1;37.6;1.9
27930;-30.6;38;1
27932;-30;38.5;2.9
27934;-30.9;38.1;0.8
27936;-30.6;38.2;2.1
27938;-30.4;38.6;1.9
27940;-31.2;37.9;1
27942;-33.9;38.8;2.5
27944;-32.8;38.7;1.2
27946;-33;38.3;1.7
27948;-34.9;38.8;2.5
27950;-31.1;37.9;0.8
27952;-29.8;37.9;1.9
27954;-31.2;38.1;2.4
27956;-30.9;37.7;0.5
27958;-31.3;38.6;2.2
27960;-32.3;38.4;1.2
27962;-33.2;38.4;1.5
27964;-31.1;38;2.6
27966;-32.3;38.4;0.6
27968;-33.2;37.8;2.6
27970;-31.1;38;1.9
27972;-30.6;38.2;0.9
27974;-32.2;38.1;2.6
27976;-32.6;38.6;1.1
27978;-31.7;38.5;1.4
27980;-33.3;38.5;2.4
27982;-33.2;38.1;0.7
27984;-32;38.6;2.5
27986;-32.8;38.6;1.8
27988;-34.2;38.5;1.2
27990;-30.4;38.2;2.4
27992;-29.3;37.9;1.5
27994;-31.3;38.5;1.7
27996;-31.7;38.7;2.7
27998;-31.2;38.7;0.9
28000;-33.8;38.8;2.3
28002;-33.7;38.3;1.9
28004;-31.4;38.1;1.4
28006;-32.3;38.6;2.5
28008;-34.6;38.7;1.3
28010;-31.9;38.7;1.9
28012;-29.4;38;2.4
28014;-30.3;37.9;0.7
28016;-30.7;38;2.3
28018;-29.8;38.2;2
28020;-32.6;38.5;0.9
28022;-33;38.2;2
28024;-31.8;38.1;1.6
28026;-33.6;38.4;1
28028;-33.8;38;2.5
28030;-32.1;37.8;1.4
28032;-32.1;38.8;1.5
28034;-31.8;37.8;2.1
28036;-32.5;38.2;1.2
28038;-31.9;38.5;1.9
28040;-32.4;38.1;1.9
28042;-32.4;37.8;1.3
28044;-31.7;38.7;2.3
28046;-32.1;39;1.6
28048;-32.5;38.2;1.2
28050;-30.4;37.9;2.6
28052;-29.1;38.2;1.4
28054;-32;38.8;1.3
28056;-30.3;37.9;2.5
28058;-30.5;37.7;0.9
28060;-32.1;38.1;2
28062;-33.5;37.8;1.9
28064;-31;38;1.1
28066;-32.1;38.2;2.2
28068;-33.6;38.8;1.2
28070;-30.7;38.4;1.7
28072;-30.3;38.8;1.9
28074;-31.7;38.4;1.4
28076;-30.9;38.6;2
28078;-30;38.2;1.3
28080;-31.5;38.2;1.3
28082;-33.8;38.9;2.4
28084;-31.3;38.2;1.1
28086;-32;38.1;1.1
28088;-34.8;38.5;1.9
28090;-32;38.3;1.5
28092;-29.7;37.8;1.6
28094;-30.9;38;1.6
28096;-31;38.5;1.4
28098;-28.6;38;1.8
28100;-32.1;38.9;1.9
28102;-31.5;38.1;1.8
28104;-29.8;38;1.5
28106;-31;38;1.8
28108;-32.9;38.8;1.8
28110;-31.6;38.9;1.5
28112;-29.3;38.5;1.9
28114;-31.3;38.3;1.6
28116;-32.4;38.5;1.4
28118;-30.3;37.9;2
28120;-33.2;38.3;1.5
28122;-33.5;37.9;1.8
28124;-31.3;38;2.2
28126;-31.4;38.6;1.4
28128;-33.5;38.8;1.8
28130;-30.2;38.2;2.2
28132;-28.8;38.1;1.3
28134;-32.1;38.6;1.6
28136;-31.8;38.4;1.8
28138;-30.9;38.5;1.9
28140;-31.5;37.8;1.4
28142;-34.4;38.8;2.2
28144;-32.9;38.2;1.6
28146;-32.8;38.3;1.4
28148;-33.3;38.2;1.7
28150;-32.6;38.8;1.6
28152;-31.1;38.2;1.8
28154;-30.9;38.5;2.4
28156;-30.3;38.6;1.1
28158;-30.6;38.7;2.2
28160;-31.1;38.2;1.8
28162;-32.7;38.3;1.2
28164;-30.9;38.1;2.5
28166;-31.8;38.6;1.2
28168;-32;38;1.8
28170;-30.4;38;2.5
28172;-29.9;37.9;0.8
28174;-31;38.1;2.3
28176;-31.8;38.3;1.8
28178;-30.6;38;1
28180;-32.9;38.7;2.6
28182;-32.7;38.7;1.5
28184;-30.1;38.1;1.8
28186;-31.4;37.7;2.2
28188;-34.3;38.7;1
28190;-32.3;38.6;2
28192;-31;38.7;1.7
28194;-31.5;38.4;1.4
28196;-31.3;38.6;2.2
28198;-31.5;38.9;1.8
28200;-32.7;38.4;1.4
28202;-33.2;38.3;1.8
28204;-32.6;38.8;1.8
28206;-32;38.2;1.5
28208;-34.7;38.8;2
28210;-32.2;38.8;1.8
28212;-29.8;38.3;1.2
28214;-30.4;38.1;1.9
28216;-31.9;38.9;1.6
28218;-30.9;38.8;1.4
28220;-31.8;38.6;2.2
28222;-32.2;38.2;1
28224;-31.5;38.3;1.8
28226;-33;38.9;2.3
28228;-34.6;38.8;0.9
28230;-33;38.6;2.2
28232;-30.5;38.2;1.7
28234;-31.5;38;1.6
28236;-31.9;38.5;2.5
28238;-30.1;37.9;0.8
28240;-31.7;38.4;2.1
28242;-33.4;38.8;1.9
28244;-30.7;38.1;0.8
28246;-31.3;38;2.7
28248;-33;38.3;1
28250;-31.6;38.9;1.4
28252;-30.3;38.9;2.6
28254;-31.9;38.8;0.8
28256;-31.6;38.7;2
28258;-29.9;38.1;2.1
28260;-33.4;38.7;0.7
28262;-33.8;38.3;2.8
28264;-33.2;38.6;1.6
28266;-33.6;38.4;1
28268;-32.8;37.7;2.5
28270;-31.9;38.2;1.1
28272;-29.7;37.8;1.9
28274;-31.2;37.9;2.3
28276;-32.6;38.4;1.3
28278;-31.1;38.4;2.3
28280;-33.3;38.4;1.4
28282;-33.4;38.4;1.2
28284;-31.3;37.8;2.1
28286;-32.9;38.5;1.1
28288;-34.8;38.9;2.1
28290;-31.7;38.1;2.1
28292;-29.5;38;0.9
28294;-30.9;38.1;2.3
28296;-30.7;38.5;1.8
28298;-28.9;37.8;1.1
28300;-32.8;38.8;2.4
28302;-33.6;38.5;1.4
28304;-32.9;38.8;1.6
28306;-32.8;37.9;2.3
28308;-34.7;38.4;0.9
28310;-32.1;38.2;1.9
28312;-30.8;38.2;1.8
28314;-32.5;38.4;0.9
28316;-33.1;38.4;1.8
28318;-32.8;38.8;2.1
28320;-32.8;38.1;1.5
28322;-34.9;38.3;2
28324;-32.4;38.1;1.7
28326;-32.5;38.1;1.3
28328;-34.7;37.9;1.7
28330;-32.6;38.3;1.8
28332;-30.5;38.1;1.2
28334;-32.2;38.4;2.4
28336;-32.6;38.9;1.6
28338;-30.7;38.3;1.4
28340;-32;38.2;1.8
28342;-33.8;38.1;1.3
28344;-33.7;38.6;1.5
28346;-34;38.6;2.2
28348;-35.1;38.8;1.3
28350;-32.7;38.6;2
28352;-29.6;37.8;1.8
28354;-30.5;38.3;0.9
28356;-30.6;38;2.1
28358;-30.1;38.4;1.6
28360;-31.2;38;1.1
28362;-33.7;38.5;2.5
28364;-30.9;37.8;1.4
28366;-32.1;38.4;1.6
28368;-33.8;38.6;1.9
28370;-30.6;38;1.2
28372;-29.8;38.1;1.7
28374;-32.8;38.6;2
28376;-32.6;38;1.6
28378;-30.8;38.2;1.5
28380;-33.2;38.8;1.9
28382;-32.6;38.3;1.8
28384;-32.2;38.8;1.4
28386;-32.3;38.5;1.8
28388;-34.4;38.8;2
28390;-31.7;38.5;1.2
28392;-29.5;38.1;1.8
28394;-31.7;38.6;1.7
28396;-31.8;38.7;1.2
28398;-31.6;39.1;2
28400;-32.3;38.4;1.9
28402;-35;38.4;1.5
28404;-32;38.2;1.6
28406;-33.6;38.9;1.6
28408;-34.6;38.7;1.7
28410;-31.3;38.2;1.8
28412;-30;38.2;1.8
28414;-31.5;38;1.9
28416;-32.2;38.8;2
28418;-30.2;38;1.3
28420;-32;38.4;1.8
28422;-32.6;38;2.1
28424;-31.4;38.2;1.7
28426;-33.4;38.8;1.5
28428;-35.4;38.8;2.3
28430;-32.1;38.1;1.4
28432;-30.6;38.1;1.7
28434;-33.9;38.9;2.3
28436;-33.4;38.5;1
28438;-31.4;38.5;2.3
28440;-32.2;37.9;1.8
28442;-33.5;38.4;1.2
28444;-31.8;38.1;2.6
28446;-32.8;38.4;1
28448;-33.7;38.4;1.6
28450;-32.4;38.8;2.6
28452;-30.4;38;0.6
28454;-33;38.7;2
28456;-31.8;38.2;2.2
28458;-32.3;38.5;0.9
28460;-32.8;38.7;2.4
28462;-35.4;38.7;1.5
28464;-33.7;38.7;1.6
28466;-34.1;38.7;2.1
28468;-34.7;38.6;1.3
28470;-32.6;38.4;1.9
28472;-30.3;37.9;1.8
28474;-31.5;37.9;1.3
28476;-32.8;38.4;2.3
28478;-31;37.9;1.6
28480;-33.1;38;1.6
28482;-34;38;2.1
28484;-32.7;38.4;1.2
28486;-33.3;38.2;1.9
28488;-35.6;38.7;2.1
28490;-32.9;38.4;1.4
28492;-32.2;38.7;2
28494;-33.5;38.8;1.7
28496;-32.5;38.8;1.8
28498;-29.5;37.9;1.6
28500;-32;38.2;1
28502;-33.4;38.4;1.9
28504;-32.9;38.7;2.1
28506;-33.3;38.4;1.3
28508;-35.4;38.4;1.9
28510;-33.5;38.8;1.8
28512;-31.1;38.2;1.6
28514;-33;38.4;2.1
28516;-33.3;38.4;1.6
28518;-32.5;38.4;0.9
28520;-34.5;38.5;2.2
28522;-35.4;38.2;1.6
28524;-34.2;38.9;1.6
28526;-33.5;38.5;2.5
28528;-35.2;38.5;0.8
28530;-31.9;37.7;2.1
28532;-31.5;38.1;2.4
28534;-32.6;38.3;0.8
28536;-33.6;38.6;2.5
28538;-32.3;38.8;1.7
28540;-32.7;38.6;1.1
28542;-34.6;38.4;2.7
28544;-32.7;38.5;1.4
28546;-35;38.8;1.8
28548;-36.3;38.9;2.7
28550;-34.4;38.8;0.5
28552;-32.5;38.5;2
28554;-33.7;38.7;2.1
28556;-31.9;38;0.5
28558;-31.7;38.1;3.1
28560;-33.3;38.4;0.9
28562;-34.8;39;1.4
28564;-32.8;38.3;2.6
28566;-34;39;0.4
28568;-34.2;38.1;2.3
28570;-32.6;38.6;1.8
28572;-31.1;38.2;1
28574;-33.3;38.5;2.8
28576;-34;38.9;0.9
28578;-33;38.8;1.6
28580;-33.2;38.1;2.1
28582;-35;38.8;0.9
28584;-33.4;38.8;2.3
28586;-33.3;38.5;2.1
28588;-35.3;38.8;0.9
28590;-32.2;38.4;2.6
28592;-30.9;38.9;1.1
28594;-32.7;38.6;1.5
28596;-32.9;38.7;2.5
28598;-31.6;38.7;0.9
28600;-34.5;38.9;1.8
28602;-34.2;38.3;2
28604;-32;38;1
28606;-34.1;38.9;2.4
28608;-34.5;38.6;1.5
28610;-31.3;38.4;1.5
28612;-30.2;38.1;2.5
28614;-32.8;38.7;1.3
28616;-32.3;38.8;1.9
28618;-31.9;39;2
28620;-33.9;38.9;1.4
28622;-33.6;38.1;2
28624;-33.8;38.5;1.6
28626;-34.5;38.3;1.7
28628;-34.5;38.1;2.2
28630;-33.1;37.9;1.9
28632;-31.5;37.8;1.1
28634;-33.1;38;1.9
28636;-33.2;38.3;2
28638;-32.3;38.8;1.3
28640;-33.1;38.3;2
28642;-35;38.7;1.8
28644;-33.4;39;1.7
28646;-32.9;38.7;2
28648;-33.7;38.4;1.2
28650;-32.6;38.8;1.8
28652;-30.8;38.5;2.1
28654;-31.7;38.1;0.9
28656;-32.3;38.4;2.5
28658;-31.7;38.4;1.9
28660;-34.6;38.8;0.7
28662;-35.5;38.8;2.5
28664;-33.3;38.5;1.2
28666;-34.4;38.9;1.2
28668;-35.5;38.9;2.7
28670;-33;38.8;0.4
28672;-30.6;38.1;2
28674;-32.5;38.5;2
28676;-33.5;38.8;1
28678;-31.6;38.2;2.6
28680;-33.7;38.1;0.5
28682;-34.3;38.2;2
28684;-33;38;2.2
28686;-34.4;38.5;1
28688;-35.2;38.1;2.5
28690;-33.6;38.4;1.6
28692;-31.8;38.9;1
28694;-33.8;38.6;2.4
28696;-32.1;38.4;1.8
28698;-30.2;38.5;1.2
28700;-31.5;38;2.4
28702;-32.9;38;1.3
28704;-32.7;38.7;1.7
28706;-32.6;38.2;2.4
28708;-33.9;38.1;0.8
28710;-31.1;38;2
28712;-30.8;38.3;1.9
28714;-32.8;38.2;1
28716;-33.2;38.4;2.4
28718;-31.6;37.7;1.2
28720;-33.3;38;1.8
28722;-35.8;38.7;2.3
28724;-32.6;38.2;1
28726;-32.1;38;2
28728;-35.2;38.7;1.4
28730;-31.6;38;0.9
28732;-30.4;38.1;2.7
28734;-33.5;38.8;0.9
28736;-33.1;38.7;1.7
28738;-32.3;38.9;2.4
28740;-33.2;38.1;0.7
28742;-34.4;38;2
28744;-34.2;38.5;2.4
28746;-35;38.5;0.6
28748;-35.5;38.2;2.9
28750;-33.9;38.7;1.2
28752;-30.8;38;1
28754;-32;38;2.7
28756;-31.7;38.3;1
28758;-31.9;38.5;1.9
28760;-33.7;38.7;1.8
28762;-33.4;38.1;1
28764;-31.9;38;2.3
28766;-33.9;39;1.5
28768;-33.7;38.8;1.3
28770;-32.8;38.7;2.6
28772;-31.5;38.5;1
28774;-32.4;38.4;1.8
28776;-33.2;38.9;1.8
28778;-30.9;38.4;0.8
28780;-32.9;38.5;2.6
28782;-34.8;39;1.2
28784;-31.1;38.2;1.4
28786;-33.5;38.7;2.2
28788;-35;38.6;1.5
28790;-32.7;38.6;1.7
28792;-31.2;38.5;1.9
28794;-33.4;39;1.3
28796;-32.4;38.4;1.8
28798;-32.4;38.9;1.7
28800;-34;38.8;0.8
28802;-35;38.4;2.5
28804;-33.3;38.4;1.4
28806;-33.8;38.5;1
28808;-34.3;38;2.2
28810;-32.6;38.6;1.2
28812;-32.1;38.9;1.8
28814;-33.4;38.8;2.1
28816;-33;38.8;0.5
28818;-30.8;38.3;2.5
28820;-31.9;38.2;1.4
28822;-34.1;38.3;0.9
28824;-32.3;38.4;2.7
28826;-33.6;38.6;0.8
28828;-35.6;38.6;1.7
28830;-32.5;38;2.3
28832;-31.5;38.6;0.4
28834;-32;38.2;2.5
28836;-31.9;38.3;1.8
28838;-30.9;38;1
28840;-32.3;38.4;2.2
28842;-33.8;38.5;1.4
28844;-31.6;38.5;1.7
28846;-32.2;38.6;1.6
28848;-34.7;38.9;1.2
28850;-31.1;37.9;2.1
28852;-29.7;38.1;1.9
28854;-33.1;38.7;1.2
28856;-31.1;38.3;2.2
28858;-31.3;38.4;1.3
28860;-32.6;38.2;1.4
28862;-33.1;38;2
28864;-32.6;38.1;1
28866;-33.9;38.5;2.2
28868;-33.4;38.1;1.8
28870;-32.1;38.1;1.3
28872;-32.1;38.8;1.9
28874;-32.3;38;1.6
28876;-32.8;38.7;1.5
28878;-31.6;38;2
28880;-33.1;38.1;0.8
28882;-34.4;38.4;1.8
28884;-32.4;38.2;2
28886;-34.1;38.7;0.9
28888;-34.6;38.3;2.3
28890;-32.6;38.3;1.5
28892;-32.3;38.7;1.5
28894;-32.5;38.4;2.2
28896;-31.8;38.5;1.3
28898;-30.2;38.3;2
28900;-32.5;38.3;1.8
28902;-33.7;38.7;1.1
28904;-31.3;38;2
28906;-32.4;38.1;1.5
28908;-35.6;38.9;1.3
28910;-32.3;38.4;2
28912;-30.9;38.4;0.9
28914;-33.9;38.7;1.9
28916;-33.5;38.7;2.3
28918;-31.9;38.3;1.4
28920;-33.4;38.4;1.7
28922;-35.2;38.4;1.8
28924;-33.8;39;1.6
28926;-32.2;38.3;1.9
28928;-33.6;38.1;1.8
28930;-31.8;38;1.4
28932;-30.1;38.4;2.3
28934;-31.7;38.5;1.4
28936;-32.4;38.7;1.6
28938;-32;38.9;2.1
28940;-32.6;38.3;1.4
28942;-35.3;38.6;1.8
28944;-33.2;38.1;2
28946;-32.9;38.1;1.3
28948;-35.5;39;1.8
28950;-33.3;38.7;1.8
28952;-32.4;38.8;1
28954;-33.2;38.7;1.8
28956;-32.4;38.4;1.8
28958;-31.8;38.5;1.2
28960;-34;38.6;1.8
28962;-34.3;38.6;1.8
28964;-33.3;38.5;1.5
28966;-32.4;38;1.7
28968;-35;38.8;1.6
28970;-31.9;38.3;1.5
28972;-30.7;37.9;1.4
28974;-34;38.6;2
28976;-33.9;38.7;1.5
28978;-32.9;38.8;1.6
28980;-34.7;38.9;2.4
28982;-34.5;38.4;1.5
28984;-32.7;38;1.6
28986;-34.6;39;2
28988;-34.4;38.1;1.2
28990;-31.9;38.2;1.9
28992;-32.3;38.9;1.9
28994;-32.9;38.6;1.2
28996;-32.5;38.1;1.9
28998;-32.8;39;1.5
29000;-34;38.3;1.2
29002;-34.9;38.2;2.1
29004;-33.8;38.6;1.9
29006;-32.9;38.1;1.1
29008;-35.4;38.5;2.1
29010;-33.1;38.6;1.7
29012;-31;38.7;1.5
29014;-33.2;38.6;1.9
29016;-32.8;38.5;1.4
29018;-32;38.1;1.7
29020;-33.9;38.7;1.8
29022;-34.3;38.2;1.2
29024;-31.8;37.8;1.6
29026;-33.7;38.4;2
29028;-35.9;38.7;1
29030;-32.7;38.1;1.9
29032;-31.5;38.2;1.7
29034;-34.2;38.9;1.6
29036;-33.2;38.7;2.2
29038;-31.4;38.4;1.4
29040;-32.7;38.2;1.6
29042;-34.1;38.4;2
29044;-32.4;38.1;1.2
29046;-32.4;38.3;1.8
29048;-34.1;38.1;1.9
29050;-32.5;38.5;1.5
29052;-32.4;38.7;1.7
29054;-32.9;38.1;1.9
29056;-32.3;38.1;1.3
29058;-33.1;38.8;1.6
29060;-33.2;38;2
29062;-35.2;38.1;1.3
29064;-34.5;38.6;2.1
29066;-34.8;38.8;1.9
29068;-35.5;38.9;1
29070;-33.1;38.5;2.3
29072;-31.3;38.2;1.4
29074;-32.2;37.6;1.9
29076;-32.3;38.8;2
29078;-32.4;38.8;1.3
29080;-32.8;38.1;1.7
29082;-34.4;38.5;1.8
29084;-33;38.5;1
29086;-33.8;38.4;1.9
29088;-34.6;38.5;1.9
29090;-33.6;38.7;1.1
29092;-32.8;38.9;1.9
29094;-33.8;38.8;1.8
29096;-33.1;39;1.1
29098;-32.1;38.1;1.8
29100;-34;38.8;1.9
29102;-34.5;38.3;1.2
29104;-32.3;38.3;1.8
29106;-32.8;38.4;1.3
29108;-34.7;38.4;1.5
29110;-32.2;38.2;2.4
29112;-31.7;38.5;0.9
29114;-32.6;38;1.5
29116;-33.9;38.8;2.5
29118;-33.3;38.7;1.2
29120;-34.1;38;1.7
29122;-35.1;38.3;2.1
29124;-32.5;38.4;0.9
29126;-33.5;38.7;1.8
29128;-34.8;38.3;2
29130;-31;38;1.1
29132;-30.9;38.6;1.9
29134;-32.2;38.5;2.1
29136;-32.1;38.2;1.2
29138;-30.7;38.4;1.8
29140;-32.9;38.4;1.7
29142;-35.4;38.9;1.7
29144;-34.3;38.8;1.8
29146;-35.1;38.8;1.8
29148;-36.5;38.8;1.8
29150;-32.9;38.1;1.3
29152;-31.5;38.1;1.6
29154;-32.7;38.5;2.1
29156;-32.7;38.2;1.5
29158;-31.8;38.3;1.3
29160;-34.4;38.7;2
29162;-35.9;38.8;2.1
29164;-33.1;38.4;1.2
29166;-33.1;38;1.7
29168;-34.1;38.2;2
29170;-33;38.1;1
29172;-31.7;38.3;1.9
29174;-33;38.2;2
29176;-34.3;38.7;1.1
29178;-33.1;38.6;1.8
29180;-34.2;38.4;1.5
29182;-35.9;38.9;1.2
29184;-34;38.2;2.2
29186;-34.7;38.6;2
29188;-36.1;38.8;1.7
29190;-32.7;38.6;1.7
29192;-31.7;38.5;1.7
29194;-33.2;38.9;1.3
29196;-33.5;38.7;2
29198;-31.8;38.4;1.8
29200;-35;38.9;1.8
29202;-36.4;38.9;1.8
29204;-33.7;39.1;2.1
29206;-34;38.3;1.3
29208;-35.6;38.6;1.8
29210;-33.9;38.9;2.3
29212;-32.4;38.9;0.9
29214;-32.3;38.2;2.2
29216;-33.6;39;1.6
29218;-31.9;38.2;1
29220;-33.7;38.6;2.4
29222;-34.4;38.2;1.2
29224;-34.7;38.6;1.4
29226;-34.6;38.8;2.1
29228;-36.1;38.1;0.8
29230;-33.3;38.2;1.9
29232;-33.5;38.8;2.2
29234;-33.4;38.1;0.9
29236;-34.5;38.8;2.2
29238;-33.1;38.8;2
29240;-33.8;38.6;0.9
29242;-35.2;39.1;2.2
29244;-33.6;39;2
29246;-33.1;39;1.1
29248;-33.3;38.1;2
29250;-33.1;38.7;1.9
29252;-30.9;38.2;0.8
29254;-33.6;39.1;2.3
29256;-32.3;38.7;1.6
29258;-31.6;38.2;1.1
29260;-34.7;38.7;2.3
29262;-35.2;38.4;1.2
29264;-33.1;38.1;1.7
29266;-34.7;38.9;2.2
29268;-35.4;38.2;1
29270;-33.9;38.7;2.2
29272;-31.5;38;1.9
29274;-32.4;37.9;1.3
29276;-33.4;38.8;2.5
29278;-32.4;38.4;1.5
29280;-33.7;38;1.4
29282;-35;38.2;2.4
29284;-32.9;38.2;1
29286;-34;38.5;2
29288;-35.3;38.2;1.8
29290;-33.3;38.2;1.2
29292;-33.4;38.6;2
29294;-33.5;38.1;1.2
29296;-33.5;38.7;1.3
29298;-32.3;38.7;2.3
29300;-32.4;38.1;1.3
29302;-34;38.4;0.9
29304;-32.9;38.8;2.3
29306;-33.5;38.5;1.4
29308;-34.4;38.6;1.2
29310;-33.8;38.9;2.1
29312;-31.8;38.7;1.2
29314;-33.4;38.5;1.6
29316;-34.2;38.5;2.2
29318;-32.1;38.5;1.1
29320;-34;38.1;1.1
29322;-35;38.4;2.2
29324;-32.7;38.4;1.4
29326;-33.2;38.4;1.5
29328;-35.4;38.7;2.5
29330;-32.1;38.4;1.3
29332;-31.4;38.4;1.1
29334;-34.2;38.8;2.1
29336;-33.1;38.4;1.1
29338;-33;38.8;2
29340;-33.8;38.3;1.7
29342;-36.2;38.7;0.9
29344;-34.4;38.2;2.4
29346;-35.7;38.7;1.9
29348;-36.7;38.5;1
29350;-33.7;38.4;2.6
29352;-32.4;38;0.9
29354;-33.3;38.4;1.7
29356;-32.7;38.1;2.5
29358;-33;38.8;0.9
29360;-34.4;38.7;2
29362;-35.6;38.6;1.8
29364;-34.6;38.7;1.2
29366;-34.8;38.5;2.2
29368;-36.6;38.4;1.7
29370;-34.8;38.9;1.6
29372;-32.9;38.2;1.9
29374;-34;38.1;1.1
29376;-35.2;38.6;1.8
29378;-32.8;37.9;2.2
29380;-34.4;38.2;0.8
29382;-35.1;38.5;2.2
29384;-33.5;38.1;2.1
29386;-34.2;38.3;1
29388;-36.6;38.8;2.9
29390;-34.3;38.9;1.1
29392;-33.3;38.8;1.3
29394;-35;38.9;2.7
29396;-34.6;38.9;0.7
29398;-34.6;38.7;1.9
29400;-35.7;38.9;2
29402;-37.6;38.4;1.1
29404;-34.9;38.1;2.5
29406;-36.1;38;1.2
29408;-37.3;38.4;1.7
29410;-34;38.4;1.8
29412;-33.6;38.7;1.1
29414;-34.2;38;1.8
29416;-33.8;38.6;1.5
29418;-33.5;38.6;1.2
29420;-35.3;38.5;2.2
29422;-36.1;38.4;1.8
29424;-35.2;38.7;1.6
29426;-35.1;38.5;2.1
29428;-37.4;38.9;1.7
29430;-35;38.8;1.4
29432;-33.1;38.2;2
29434;-35.5;38.9;1.1
29436;-34.1;38.3;2
29438;-32.9;38.5;1.8
29440;-34.4;38.7;1.4
29442;-36.4;39.1;1.9
29444;-33.6;38.4;1.3
29446;-35.1;39.1;1.6
29448;-35.3;38.5;1.7
29450;-32.9;38.2;1.5
29452;-31.7;38.4;1.5
29454;-34.6;39;1.9
29456;-33.8;38.9;1.3
29458;-33.2;39.1;1.8
29460;-35.1;38.5;2
29462;-36.4;38.5;1.6
29464;-35.1;38.9;1.7
29466;-35.1;38.5;1.8
29468;-35.6;38.3;1
29470;-34.3;38.7;2
29472;-33.5;38.9;1.9
29474;-33.5;38.2;1.2
29476;-33.6;38.4;1.9
29478;-34.2;38.8;0.7
29480;-35.1;38.1;1.7
29482;-36.1;38.2;2
29484;-34.1;38.2;1
29486;-36;38.8;2
29488;-36.3;38.4;2
29490;-34.2;38.4;0.9
29492;-33.4;38.3;2
29494;-34.4;38.4;1.4
29496;-32.9;38.4;1.5
29498;-30.6;38;2.3
29500;-33.4;38.3;0.9
29502;-33.6;37.8;1.8
29504;-33.8;38.4;2.2
29506;-33.8;38.2;1
29508;-37.2;38.5;1.9
29510;-34.1;38.3;1.8
29512;-33;38.4;1.2
29514;-34.3;38;2.2
29516;-35.9;38.9;1.5
29518;-34;38.2;1.4
29520;-36.5;38.7;2.8
29522;-36.9;38.1;1.2
29524;-33.5;38;1.8
29526;-34.6;38.6;2.2
29528;-34.9;38.2;0.9
29530;-32.6;38.4;2.3
29532;-31.8;38.5;1.4
29534;-33.1;38.6;1.4
29536;-34.1;39.1;2.3
29538;-32.9;39.1;0.9
29540;-34.1;38.6;2.3
29542;-35.5;38.3;1.5
29544;-35.4;38.9;0.9
29546;-35.9;38.9;2.6
29548;-37.4;39.1;0.9
29550;-35;39.1;1.8
29552;-31.9;38.4;2.4
29554;-34.6;38.9;0.8
29556;-33.9;39;2.4
29558;-32;38.2;1.6
29560;-33.8;38.3;0.7
29562;-35.2;38.2;2.7
29564;-33.8;38.6;1.1
29566;-34.5;38.3;1.3
29568;-36.5;38.6;2.5
29570;-33.2;37.9;0.8
29572;-32.6;38.2;1.8
29574;-35.4;38.8;2.1
29576;-34.8;38.4;1.1
29578;-34.3;38.8;2.1
29580;-35.7;38.3;1.7
29582;-34.8;38.1;1.2
29584;-32.9;38.3;2.2
29586;-34.8;38.5;1.7
29588;-36;38.4;1.5
29590;-33.8;38.2;1.9
29592;-33.8;38.6;1.8
29594;-34.6;38.2;1.5
29596;-35.1;38.6;1.9
29598;-34.4;38.8;2
29600;-35.8;38.3;1.2
29602;-36.7;38.2;1.8
29604;-34.4;38.2;1.7
29606;-35.3;38.4;1.1
29608;-36.3;38.5;2.4
29610;-33.8;38.5;1.4
29612;-33.2;38.5;1
29614;-34.6;38.8;2.2
29616;-33.7;38.6;1.1
29618;-33.2;38.6;2
29620;-34.7;38.5;1.8
29622;-35.9;38.1;1
29624;-35.3;38.3;2
29626;-35.6;38.5;1.5
29628;-37.8;38.9;1.3
29630;-35.9;38.8;2.2
29632;-33.3;38.3;1.1
29634;-34.8;38.2;1.5
29636;-36.2;38.7;1.8
29638;-33.7;38.4;1.4
29640;-35.8;38.7;1.6
29642;-37.1;38.6;2.2
29644;-34.4;38.2;1.1
29646;-35.2;38.5;1.8
29648;-36;38.1;2.1
29650;-33.4;38.2;0.7
29652;-33.1;38.2;1.9
29654;-34.4;38;1.9
29656;-34.2;38.1;1
29658;-34.8;38.7;2.5
29660;-35.5;38.1;1
29662;-36.2;38.1;1.4
29664;-36.3;38.5;2.9
29666;-36.1;38.4;0.6
29668;-36.9;38.7;1.9
29670;-33.8;38.5;1.8
29672;-32.4;38.4;0.9
29674;-34.5;38.9;2.9
29676;-32.6;38.3;1.1
29678;-32.4;38.2;1.6
29680;-34.8;38.2;2.1
29682;-36.1;38.4;1.2
29684;-34;38.2;2.2
29686;-34.6;38.3;1.4
29688;-37.5;39.1;1.4
29690;-34.6;38.7;2
29692;-34.6;38.8;1.6
29694;-34.7;38.6;1.7
29696;-33.9;38.5;1.8
29698;-32.9;38.4;1.5
29700;-34.7;39;1.9
29702;-35;38.3;1.9
29704;-33.9;38.3;1
29706;-35.1;38.2;2.3
29708;-37.7;39;1.8
29710;-35.4;39;1.4
29712;-32.8;38.5;2.7
29714;-34.9;38.6;1.2
29716;-35.5;39.2;1.7
29718;-34.9;39;2.2
29720;-36;38.6;1.2
29722;-36.4;38.2;2.2
29724;-34.4;38.1;2
29726;-35.3;38.7;1.1
29728;-37;38.8;2.4
29730;-33.7;38.2;1.8
29732;-32.7;38.5;1
29734;-33.3;38.2;2.2
29736;-35;38.8;1.5
29738;-34.4;38.9;1.3
29740;-36;38.7;2.2
29742;-37.4;38.6;1.2
29744;-34.5;37.8;1.9
29746;-36.9;38.8;2
29748;-37.1;38.3;1.7
29750;-34.9;38.1;1.7
29752;-32.6;37.9;1.9
29754;-34.7;37.7;1.6
29756;-33.9;37.9;1.9
29758;-34.8;38.8;2.1
29760;-35.6;38.9;1.4
29762;-36.2;38.2;1.5
29764;-34.7;38.4;1.9
29766;-36.5;38.5;1.6
29768;-36.4;38.2;1.9
29770;-34.4;38.3;1.4
29772;-33.9;38;0.9
29774;-36.7;38.9;2.1
29776;-36.4;38.9;1.6
29778;-35.6;38.7;1
29780;-36.1;38.1;2.1
29782;-35.9;38.1;1.7
29784;-36;39;1
29786;-36;38.1;1.9
29788;-37.2;39;1.6
29790;-34;38.5;1.6
29792;-33.7;38.4;2.2
29794;-36.3;39;1.2
29796;-34.4;38.2;1.5
29798;-35.3;38.5;2.3
29800;-37.6;39;1
29802;-37.5;38.7;1.6
29804;-35.6;38.6;2.4
29806;-36.8;39.1;1
29808;-37.8;38.8;2.1
29810;-34.3;39;1.7
29812;-33;38.6;1.1
29814;-33.7;38.2;2.3
29816;-34.3;38.7;1.3
29818;-33.3;38.4;1.6
29820;-36.2;39;2.5
29822;-36.2;38.6;1.4
29824;-35.8;38.3;1.7
29826;-35.6;38.4;2
29828;-37.7;38.8;1.6
29830;-35.8;38.7;1.8
29832;-35.2;39;1.8
29834;-35.7;38.6;1.6
29836;-35.1;38.3;1.5
29838;-35.5;38.7;1.4
29840;-35.3;38.1;1.7
29842;-36.6;38.5;1.7
29844;-35.6;38.9;1.4
29846;-35.1;38.9;1.7
29848;-35.6;38.6;1.8
29850;-34.9;38.9;1.3
29852;-31.9;38.1;2.1
29854;-33.4;38.2;1.6
29856;-33.9;38.7;1.7
29858;-33.1;38.2;1.6
29860;-34.9;38.6;1.4
29862;-37.1;39;1.8
29864;-33.9;38;1.9
29866;-36.2;38.9;1.5
29868;-37.1;38.8;1.9
29870;-34.9;38.6;1.9
29872;-33.1;38.3;1.3
29874;-33.9;38.1;1.7
29876;-35;38.8;1.6
29878;-33.3;38.4;1.2
29880;-35.9;38.3;2.1
29882;-37.4;38.7;1.6
29884;-34.3;38.1;1
29886;-36.9;38.6;2.1
29888;-36.5;38;1.6
29890;-35.7;38.8;1.5
29892;-34.7;39;1.9
29894;-34.7;39;1.8
29896;-33.1;38.2;1.5
29898;-32.7;38.6;2.1
29900;-33.8;38.5;1.8
29902;-35.5;38.3;1.4
29904;-33.2;38.3;2
29906;-34.6;38.1;1.2
29908;-37.4;38.5;1.3
29910;-35.1;38.6;2.5
29912;-33.2;38.8;0.6
29914;-34.4;38.4;2.3
29916;-34.6;38.6;1.8
29918;-33.8;38.3;0.6
29920;-34.8;38.3;2.9
29922;-35.9;38.3;0.9
29924;-34.2;38.5;1.8
29926;-34.3;38.7;2.4
29928;-36.4;39;0.4
29930;-33.1;38.4;2.2
29932;-31.7;38.4;1.4
29934;-34.6;38.4;0.8
29936;-34.7;38.3;2.3
29938;-34.4;39;0.9
29940;-35.6;38.6;1.6
29942;-35.8;38.4;2.1
29944;-36.6;39;0.9
29946;-36;38.6;1.8
29948;-37.3;38.5;2.2
29950;-35.4;38.8;1.2
29952;-33.2;38.4;1.8
29954;-33.6;38.1;2
29956;-33.8;38.4;0.6
29958;-34.3;38.7;2.5
29960;-35;38.4;2.1
29962;-35.5;37.8;0.8
29964;-34.5;38.4;2.5
29966;-35;38.5;1.2
29968;-37.5;38.7;1.6
29970;-35.5;38.5;1.9
29972;-33.1;38.1;1.2
29974;-35.6;38.4;1.9
29976;-35.4;38.5;1.9
29978;-33.3;37.9;1.1
29980;-35.6;38.3;1.8
29982;-36.8;38.5;1.9
29984;-35.5;38.9;1.1
29986;-36.1;39.1;1.8
29988;-36.5;38.8;1.8
29990;-35.7;38.8;1.4
29992;-33.2;38.3;2
29994;-36.4;38.8;1.9
29996;-35.7;38.8;1.6
29998;-34.5;38.3;2.1
30000;-36.8;38.3;1.6
30002;-38.7;38.9;1.6
30004;-36;38.3;1.6
30006;-37.7;38.9;2.1
30008;-38.6;39.3;1.4
30010;-34.2;38.3;1.3
30012;-34.6;38.9;2.3
30014;-34.2;38.5;0.9
30016;-35.5;39.1;1.8
30018;-34.4;39;2.1
30020;-34.4;38.2;1
30022;-35.6;38;2.6
30024;-34.9;38.5;1.6
30026;-36.6;38.8;1.2
30028;-38.4;39;2.3
30030;-34.4;38.1;1.3
30032;-33.4;38.2;1.4
30034;-36.3;39;2.2
30036;-35.4;38.5;1
30038;-33.9;38.3;1.7
30040;-35;38.4;2
30042;-35.8;38.1;1.4
30044;-33.9;38.2;2
30046;-34.1;38.5;1.9
30048;-35.9;38.5;1
30050;-34.5;39.1;1.8
30052;-33.4;39;1.5
30054;-35.1;38.8;1.6
30056;-33.9;38.7;2.5
30058;-33.9;38.9;0.8
30060;-35.9;39.1;1.8
30062;-35.6;38.5;2.3
30064;-34;38.4;0.9
30066;-36.3;38.9;2.4
30068;-35.6;38.6;1.9
30070;-34.7;38.7;0.6
30072;-34.1;39.1;2.7
30074;-34.3;38.5;0.9
30076;-34.9;38.7;1.7
30078;-33.9;38.6;2.3
30080;-36.3;38.6;0.8
30082;-36.6;38.2;2.2
30084;-36.1;38.9;2.1
30086;-36.3;38.6;1.1
30088;-38.2;38.9;2.7
30090;-35;38.4;1.7
30092;-32.8;38.2;0.8
30094;-35;38.4;2.4
30096;-34;38.8;1.4
30098;-31.6;38.2;1.3
30100;-34.1;38.1;2.5
30102;-34.3;38.1;1.2
30104;-32.7;38.1;2
30106;-33.6;38.2;2.3
30108;-36.9;38.9;0.8
30110;-33.5;38.3;1.9
30112;-32.1;38.4;1.8
30114;-35.5;39;1.4
30116;-34.9;38.5;2.2
30118;-34.7;38.6;1.2
30120;-35.8;38.2;1.1
30122;-37.1;38.6;2.2
30124;-34.6;38.4;1.3
30126;-35.5;38.5;1.9
30128;-36;38.1;1.8
30130;-34.2;37.8;1
30132;-32;38.2;1.9
30134;-34.6;38.6;1.7
30136;-34.1;38.7;1.6
30138;-33.8;39;2
30140;-35;38.6;1.6
30142;-35.1;37.9;1.7
30144;-35.8;38.8;2.1
30146;-35.8;38.8;1.4
30148;-38;39;1.7
30150;-35.5;38.9;1.6
30152;-31.8;37.9;1.2
30154;-33.8;38.3;1.7
30156;-33.3;38.1;1.4
30158;-32.9;38.7;1.7
30160;-35.6;38.8;1.9
30162;-35;38.1;1.1
30164;-33.9;38.1;2.1
30166;-35.1;38.4;1.8
30168;-36.7;38.9;1.6
30170;-33.5;38.2;1.6
30172;-33.2;38.2;1
30174;-35.1;38.1;2.3
30176;-34.8;38.2;1.8
30178;-33.7;38.2;1
30180;-36.6;38.7;2.3
30182;-35.1;37.8;1.4
30184;-33.4;38.1;1.5
30186;-34.2;38;2.3
30188;-35.5;38.1;1.4
30190;-34.1;38.4;1.8
30192;-32.9;38.2;2
30194;-34.3;38.2;1.3
30196;-34;38.6;1.7
30198;-34.1;38.2;1.5
30200;-35.2;38.4;1.6
30202;-36.5;38.7;2.3
30204;-35.8;38.7;1.6
30206;-34.5;37.8;1.5
30208;-36;38.3;1.8
30210;-33.2;38.2;1.5
30212;-31.3;38;1.4
30214;-34;38.8;2.3
30216;-34.4;39;1.1
30218;-32.2;38.2;1.8
30220;-35.2;38.8;2.4
30222;-36.7;38.8;0.9
30224;-35;38.8;2
30226;-34.5;38.4;1.8
30228;-38.2;38.8;1
30230;-35.2;38.2;2.2
30232;-35.3;38.9;1
30234;-36.5;38.8;1.6
30236;-35.4;38.6;2.5
30238;-35.2;39;1
30240;-35;38.2;1.5
30242;-36.2;38.2;2.1
30244;-35;38.9;0.9
30246;-35.1;38.2;1.9
30248;-36.2;38.5;1.8
30250;-35.5;38.9;1
30252;-33.2;38.4;1.9
30254;-34.6;38.5;1.4
30256;-34.7;38.8;0.9
30258;-35;38.8;2.4
30260;-35.8;38.4;1
30262;-36.6;38.4;1.7
30264;-34.6;38.4;1.8
30266;-36.8;39.1;0.9
30268;-37.7;39.2;2.3
30270;-34.9;38.7;1.9
30272;-33.7;38.7;1.3
30274;-34.2;38.4;2
30276;-34.4;38.6;1.6
30278;-33.3;38.4;1.6
30280;-35.4;38.4;2
30282;-35.7;38.4;1.7
30284;-34.3;38.2;1.3
30286;-35.6;38.5;1.7
30288;-37;38.9;1.8
30290;-33.9;38.5;1.2
30292;-34.4;38.4;2.2
30294;-35.5;38.8;1.7
30296;-34.8;39.2;1.5
30298;-32.3;38.2;2.5
30300;-35.3;39.1;0.9
30302;-35.2;38.3;1.7
30304;-34;38.7;2.3
30306;-34.9;38.3;0.8
30308;-36.4;38.4;2.2
30310;-33.7;38.2;1.8
30312;-33.4;38.1;0.8
30314;-34.7;38.4;2.2
30316;-34.9;38.7;1.4
30318;-35;39;1.7
30320;-35.5;38.5;2
30322;-36.3;38.4;1.2
30324;-35.3;39.1;1.9
30326;-34.5;38.5;1.5
30328;-36.6;39;1.6
30330;-33;38;1.9
30332;-32.6;38.5;1.5
30334;-35.1;38.3;1.6
30336;-35;38.7;2.1
30338;-33.2;38.4;1.7
30340;-34.6;38.2;1.6
30342;-37.5;39.2;1.8
30344;-34.6;38.3;1.3
30346;-36.5;38.5;1.8
30348;-38.5;38.8;1.8
30350;-35.1;38.6;1.4
30352;-32.7;38.4;2.1
30354;-34.5;38.3;1.5
30356;-33.3;38.3;1.3
30358;-34.3;38.7;2.1
30360;-35.2;38.5;1.3
30362;-35.6;38.3;1.7
30364;-34.4;38;2.3
30366;-36.2;38.8;1
30368;-36.4;38;1.6
30370;-34;38.2;2.3
30372;-33.4;38.1;0.2
30374;-35.2;38.3;2.4
30376;-36.1;38.8;1.8
30378;-35.4;39.1;1.2
30380;-36.9;38.7;2.3
30382;-36.6;38.3;1
30384;-34.8;38.6;1.9
30386;-36.1;38.7;2
30388;-37.6;39;0.8
30390;-35.2;39.1;2.2
30392;-33.2;38.2;1.7
30394;-33.9;38.8;1
30396;-34.8;39;2.3
30398;-32.6;38.3;1
30400;-35.5;38.6;1.9
30402;-36.5;38.3;1.9
30404;-34.2;38.4;1
30406;-34.3;38.2;2.4
30408;-37.4;38.5;1.6
30410;-33.6;38.5;1.4
30412;-32.1;38.4;2.2
30414;-34.5;38.9;1.1
30416;-33.9;38.5;1.9
30418;-33.2;39.1;2
30420;-35.2;38.7;1.1
30422;-36.3;38.5;1.8
30424;-35.8;38.8;2
30426;-35.5;38.6;0.9
30428;-37.6;39;1.8
30430;-35.5;38.5;1.6
30432;-33.5;38.4;1.3
30434;-34.9;38.6;1.8
30436;-35.5;38.6;1.5
30438;-34.8;39;1.8
30440;-35.5;38.5;1.6
30442;-35.9;38.4;1.5
30444;-35.3;38.8;2
30446;-35.1;38.8;1.6
30448;-36.6;38.7;1.5
30450;-33.1;38.1;1.7
30452;-32.7;38.4;2
30454;-34.9;38.5;1.3
30456;-33.7;38.2;1.4
30458;-34.7;38.8;2.1
30460;-36.4;39;1.8
30462;-36.4;38.4;1.5
30464;-34.2;38.2;2
30466;-36;38.4;1.3
30468;-37.3;39.2;1.6
30470;-34.8;38.8;2
30472;-33.1;38.8;1.2
30474;-35.4;39.1;1.7
30476;-35.2;39;2.3
30478;-34.7;39.1;1
30480;-35.7;38.6;1.9
30482;-36.4;38.3;2.3
30484;-34.9;38.4;1
30486;-36.1;38.4;2.3
30488;-38;38.8;1.7
30490;-34.8;38.1;1.3
30492;-34.4;38.6;2.7
30494;-36.1;38.8;1.1
30496;-33.9;38.3;1.9
30498;-31.9;37.8;1.8
30500;-34.2;38.1;1.4
30502;-36.6;38.7;2.2
30504;-35.3;38.7;1
30506;-34.9;38.1;1.9
30508;-37.2;38.8;2.3
30510;-34.2;38.6;1
30512;-33.6;38.8;1.9
30514;-34.1;38.2;1.7
30516;-35.6;38.6;1
30518;-33.5;38.2;2.6
30520;-35.4;38.2;1
30522;-36.3;38.4;1.6
30524;-34.3;38.7;2.1
30526;-34.6;38.4;1.3
30528;-36.9;38.8;1.8
30530;-33.5;38.4;1.6
30532;-32.9;38.5;1.5
30534;-33.8;38.4;2
30536;-35.3;39.2;1.8
30538;-34.4;39;1.9
30540;-35.2;38.4;2
30542;-36.7;38.3;1.5
30544;-37.1;38.9;1.7
30546;-36.3;38.5;1.9
30548;-39;39;1.5
30550;-36;38.7;1.8
30552;-34.6;39.1;1.5
30554;-34.5;38.2;0.9
30556;-33;38.3;1.7
30558;-33.9;38.8;1.7
30560;-34.2;38.2;1.6
30562;-35.4;38.1;1.9
30564;-33.3;38.1;1.7
30566;-34.9;38.5;1.8
30568;-36.8;38.9;1.7
30570;-33.7;38.7;1.5
30572;-33.4;38.2;1.7
30574;-34.6;37.9;1.9
30576;-34.9;38.8;1.3
30578;-32.7;37.9;1.8
30580;-35.2;38.4;1.8
30582;-35.6;38.6;1.3
30584;-33.5;38.5;1.3
30586;-34;38.3;1.9
30588;-37.1;38.8;1.5
30590;-33.4;38.5;1.7
30592;-32.5;38.4;1.7
30594;-35;39;1.5
30596;-34.8;39;2
30598;-34.6;38.9;1.8
30600;-36;38.7;0.9
30602;-37;38.5;1.8
30604;-35.5;38.4;1.8
30606;-35.6;38.4;1.2
30608;-36.6;38.4;1.8
30610;-34.5;38.5;1.9
30612;-33.2;38.5;1.3
30614;-35;38.7;1.6
30616;-34.6;38.5;2.2
30618;-33.2;38.5;0.9
30620;-35.1;38.4;1.8
30622;-36.2;38;2.1
30624;-35.1;38.2;0.7
30626;-36.8;38.5;1.8
30628;-38.5;38.8;1.4
30630;-36.7;39.1;1.8
30632;-33.6;38;2
30634;-35.3;38.6;1.1
30636;-35;38.1;1.9
30638;-33.1;38.1;2
30640;-35.8;38.5;1
30642;-35.8;38.5;2
30644;-33.7;37.9;1.7
30646;-34.5;38.2;1.3
30648;-36.9;39.1;2.1
30650;-33.3;37.9;2
30652;-32.6;38;1.4
30654;-33.8;38.5;1.9
30656;-34.6;38.3;1.8
30658;-34.8;38.8;1
30660;-36.8;39.1;2
30662;-35.9;38;1.7
30664;-36.6;38.7;1.1
30666;-36.3;38.4;2.3
30668;-38;38.4;1
30670;-34.7;38.6;1.8
30672;-33.3;38.2;2.2
30674;-35.1;38.4;1.6
30676;-35.2;38.8;1.8
30678;-35.2;38.9;1.8
30680;-35.9;38.3;1.5
30682;-36.7;38.4;1.4
30684;-35.1;38.1;1.8
30686;-36.8;38.8;2
30688;-38.5;39;1.3
30690;-34.9;38.2;1.5
30692;-34.2;38.4;1.8
30694;-35.3;38.7;0.9
30696;-33.8;38.4;1.7
30698;-34.1;39;2.1
30700;-35.8;38.8;1.1
30702;-36.2;38.4;2.4
30704;-34;38.1;1.8
30706;-35;38;1.3
30708;-38.3;38.6;1.9
30710;-35;38.3;1.7
30712;-33.3;37.9;1.2
30714;-35.2;38;1.9
30716;-36.4;38.7;1.9
30718;-35.8;38.8;1.8
30720;-37.7;38.8;1.7
30722;-37.4;38.1;1.5
30724;-34.9;38;1.9
30726;-35.9;38.6;1.8
30728;-36.5;38.2;1.6
30730;-34.9;38.2;1.4
30732;-32.7;37.9;1.9
30734;-34.7;38.3;1.4
30736;-34.9;38.2;1.8
30738;-33.9;38.8;2
30740;-36.4;38.5;1.5
30742;-38;38.9;1.9
30744;-37.1;38.8;2
30746;-37.6;39;1.4
30748;-38.7;39;1.8
30750;-35.4;38.2;1.8
30752;-32.8;38.3;1.2
30754;-34.4;38.5;1.8
30756;-33.4;38.1;1.8
30758;-34.4;39;1.4
30760;-36.1;39.1;1.9
30762;-35.7;38.2;1.8
30764;-34.4;38.5;1.6
30766;-35.9;38.8;1.8
30768;-35.9;38.2;1.4
30770;-34.7;38.5;1.3
30772;-33.9;38.2;2.5
30774;-36.5;38.4;1.7
30776;-36.3;38.7;1.2
30778;-34.5;38.2;2.4
30780;-37.1;38.6;1
30782;-36.9;38.2;2
30784;-34.8;38;1.8
30786;-35.8;38.2;1.3
30788;-38;38.8;2
30790;-34.6;38.4;1.6
30792;-32.8;37.9;1.2
30794;-34.3;38.1;1.8
30796;-34.5;38.2;1.7
30798;-34.2;38.4;1.6
30800;-37.2;38.8;2
30802;-37.2;38.9;1.8
30804;-35.4;38.8;1.1
30806;-35.4;38;2
30808;-38;38.3;1.6
30810;-34.4;38.2;1.4
30812;-33.3;38.8;2
30814;-34.6;38.2;1.2
30816;-35.9;38.9;1.9
30818;-33;38.1;1.7
30820;-35.1;38;1.1
30822;-36.3;38;2.2
30824;-35;38.1;1.8
30826;-37.1;38.3;1.4
30828;-39.4;38.8;1.9
30830;-36.5;38.3;1.7
30832;-36.1;38.6;1.4
30834;-37.3;38.7;1.8
30836;-36.3;38.6;1.5
30838;-34.8;38.2;1.6
30840;-35.5;38.3;1.6
30842;-36.4;38;1.5
30844;-35.3;38.4;1.7
30846;-35.3;38.4;1.9
30848;-36.3;38.5;1.4
30850;-34.7;38.4;1.8
30852;-33.5;38.3;1.8
30854;-34.4;38.4;1.3
30856;-35.6;38.6;2
30858;-35.5;38.8;2.3
30860;-36.7;38.6;1.7
30862;-38.4;39;1.8
30864;-34.9;38.1;1.9
30866;-37.2;38.8;1.4
30868;-38.1;38.8;1.9
30870;-35.4;38.8;2
30872;-33.6;38.3;1.6
30874;-34.3;38;1.2
30876;-35;38.2;2.1
30878;-34.1;38;1.6
30880;-36.1;38.2;1.5
30882;-36.6;38.4;2.3
30884;-34.9;38;1
30886;-36.2;38.7;2.1
30888;-38.7;38.9;2.3
30890;-35.4;38.6;1
30892;-34.3;38.3;2
30894;-35.5;38.5;1.8
30896;-35.6;38.8;1.6
30898;-34.6;38.8;1.6
30900;-36.6;38.9;1.5
30902;-36.7;38.4;1.8
30904;-36.7;39;1.8
30906;-35.6;38.4;1.7
30908;-37.2;37.8;1.9
30910;-35.6;38.5;1.8
30912;-33.7;38.1;1.5
30914;-35.8;38.1;2.1
30916;-36.8;38.4;1.7
30918;-36.8;39;1.5
30920;-37.8;38.5;1.8
30922;-38.4;38;1.1
30924;-36.8;38.3;2.3
30926;-36.9;38.4;1.8
30928;-39.3;38.9;1.3
30930;-36;38.7;2.5
30932;-34.1;38.6;1.3
30934;-35.1;38.2;1.4
30936;-35.8;38.5;2.3
30938;-34.2;38.5;1.2
30940;-36.4;38.6;1.9
30942;-39.1;39;1.8
30944;-38.1;39;0.9
30946;-37.9;39;2.6
30948;-39;39;1.6
30950;-37.5;39.1;1.4
30952;-34.9;38.7;2
30954;-36.9;38.9;1.5
30956;-34.9;38.4;1.6
30958;-34.9;38.4;1.8
30960;-36.1;38.6;1.5
30962;-37.5;38.4;1.8
30964;-37;38.8;1.4
30966;-36.9;38.6;1.7
30968;-37.3;38.4;2
30970;-35.8;38.3;1.4
30972;-35.5;38.4;1.8
30974;-36.6;38.2;1.5
30976;-37.5;38.9;1.5
30978;-35.4;38.4;1.8
30980;-37.8;38.6;1.5
30982;-37.6;38.5;1.5
30984;-35.7;38.4;2
30986;-36.2;38.8;1.7
30988;-38.2;39;1.5
30990;-34;38.3;1.9
30992;-33.1;38;1.3
30994;-36.3;39.1;1.5
30996;-34.4;38.1;2.1
30998;-34.7;38.2;1.4
31000;-37.7;39;1.5
31002;-38.3;38.8;2.2
31004;-35.9;38;1
31006;-35.8;38.1;1.9
31008;-38.4;38.9;1.9
31010;-34.4;38.6;1.2
31012;-33;38.2;2
31014;-34.2;38.1;1.9
31016;-35.7;39.1;1.3
31018;-34.6;38.5;2
31020;-36.9;38.4;1.8
31022;-36.6;38.2;1.4
31024;-36;38.8;1.8
31026;-37;38.7;1.7
31028;-39.4;38.7;1.9
31030;-37.3;38.8;1.4
31032;-34.2;37.9;1.5
31034;-37.3;38.7;2.1
31036;-35.7;38.3;1.5
31038;-35.7;38.4;1.5
31040;-35.9;38.2;1.8
31042;-36.2;38.1;1.2
31044;-34.8;37.9;1.3
31046;-36.6;38.9;1.9
31048;-38.1;38.8;1.6
31050;-35.6;38.7;1.3
31052;-33.1;37.9;1.9
31054;-34.9;38.4;1.4
31056;-35.5;38.2;1.6
31058;-34.1;38.5;1.8
31060;-36.6;38.9;1.8
31062;-38.9;38.5;1.4
31064;-35.7;38.2;2.1
31066;-38;39;2
31068;-37;38.4;1.2
31070;-36.2;38.9;1.4
31072;-35.3;39.2;1.9
31074;-36.9;39.1;1.8
31076;-36.7;39;1.7
31078;-36.1;38.4;1.4
31080;-37.2;38.6;1.6
31082;-39.1;39.4;1.2
31084;-35.7;38.3;2.2
31086;-37.5;38.9;1.7
31088;-37.7;38.4;1.2
31090;-36.6;38.9;2.4
31092;-34.2;38.2;1.2
31094;-36.3;38.3;1.9
31096;-35.7;38.9;2.3
31098;-35;39;1.1
31100;-36.9;39.3;1.7
31102;-36.3;38.3;2.5
31104;-36.6;39;1.1
31106;-36;38.6;1.9
31108;-37.4;38.3;1.7
31110;-35;38.5;0.9
31112;-34.9;39;2.2
31114;-36.7;38.6;1.4
31116;-36.8;38.5;1.5
31118;-35.9;38.4;2
31120;-37.1;38.4;1.5
31122;-37.8;38.6;1.8
31124;-35.4;38.4;1.9
31126;-36.1;38.7;1.4
31128;-38.7;39.3;1.7
31130;-36.4;39.2;1.6
31132;-34.3;38.5;1.9
31134;-34.9;38.4;1.6
31136;-36.9;39.2;1.9
31138;-35.7;38.5;1.7
31140;-36.1;38.7;1.4
31142;-37.5;38.2;2
31144;-36.1;38.5;1.2
31146;-38.6;39.2;1.5
31148;-40;39.1;1.9
31150;-37.4;39.1;1.6
31152;-35.7;39;1.5
31154;-34.9;38.6;2
31156;-34.3;38.1;1.3
31158;-35.5;39.3;1.8
31160;-36.2;38.4;1.9
31162;-36.6;38.4;1
31164;-35.3;38.2;1.9
31166;-37.3;38.8;1.8
31168;-38.5;38.5;1.4
31170;-34.4;38;1.7
31172;-34.8;38.1;1.3
31174;-36.3;38.3;1.6
31176;-36.7;38.4;2.2
31178;-34.2;38.1;1.2
31180;-36.7;38.7;1.7
31182;-38.2;38.9;2.5
31184;-36.8;38.8;1
31186;-36;38;1.9
31188;-38.9;38.7;2.1
31190;-37;38.8;0.8
31192;-34.7;38.4;2.5
31194;-36.5;38.5;1.2
31196;-37.1;38.9;1.2
31198;-36.1;39;2.2
31200;-37.5;38.5;1
31202;-39.4;38.5;1.9
31204;-36.8;38.4;2
31206;-38.2;38.9;1.3
31208;-37.6;38.3;2.1
31210;-35;38;1.8
31212;-33.7;38.2;1.2
31214;-35.5;38;2.1
31216;-36.1;38.2;1.7
31218;-34.4;38.2;1.1
31220;-37.7;38.7;2.2
31222;-39;39;1
31224;-37.4;38.9;2.1
31226;-37;38;1.9
31228;-39.4;39;0.8
31230;-37.4;38.8;2.6
31232;-34.8;38.2;1.1
31234;-36.2;38;1.6
31236;-36.3;38.6;2.1
31238;-36;38.9;0.9
31240;-36.5;38.5;2.1
31242;-38.5;38.4;1.4
31244;-36;38.5;0.9
31246;-36.2;38.2;2.2
31248;-38.5;39;0.9
31250;-36.8;38.6;2.1
31252;-35.5;38.9;2.2
31254;-37.3;38.9;0.9
31256;-36.8;39;2.6
31258;-35.3;38;1.3
31260;-38.2;38.8;1
31262;-37.5;38.2;2.7
31264;-37.1;38.6;0.8
31266;-38.5;38.9;1.9
31268;-37.5;38.2;1.8
31270;-36.4;38.7;0.9
31272;-35.3;38.4;2.4
31274;-36.1;38.5;0.7
31276;-36.9;39;1.9
31278;-35.2;38.2;2
31280;-37.9;38.4;1.2
31282;-38.2;38.6;2.2
31284;-36.6;38.3;1.7
31286;-38;38.9;1.2
31288;-39.8;38.8;2.2
31290;-36.9;38.5;1.3
31292;-36.3;38.9;1.6
31294;-37.3;38.7;2.1
31296;-34.8;38;1.2
31298;-35.3;39;1.4
31300;-37.4;39;1.7
31302;-38;38.3;1.8
31304;-35.6;38.3;1.5
31306;-37.5;38.4;1.5
31308;-39.5;38.7;2
31310;-36.1;37.9;1.4
31312;-35.4;38;1.4
31314;-38.5;38.8;1.9
31316;-37.8;38.4;1.3
31318;-36.5;38.8;1.8
31320;-38.3;38.3;1.8
31322;-40;38.9;1.1
31324;-37.1;38.1;2.4
31326;-37.7;38.6;1.5
31328;-37.7;38.3;1.2
31330;-35.4;37.9;2.7
31332;-34.3;38.2;0.8
31334;-36.5;38.3;1.8
31336;-36.4;38.6;2.3
31338;-36.5;39.1;0.6
31340;-37.3;38.7;2.3
31342;-39.6;39.2;1.5
31344;-38.6;39;1.7
31346;-39;38.7;2.2
31348;-40.3;39.3;1.3
31350;-37.6;38.9;1.8
31352;-34.9;38.2;2.2
31354;-36.4;38.7;0.8
31356;-35.5;38.4;2.4
31358;-36.7;39.1;1.8
31360;-38.3;38.5;0.9
31362;-37.7;38.4;2.3
31364;-36.9;38.4;1.3
31366;-37.7;38.5;1.7
31368;-38.2;38.3;2.3
31370;-36.1;38.2;1.2
31372;-35.4;38.2;1.8
31374;-37.5;38.4;2.2
31376;-36.8;37.9;1.1
31378;-36.1;38.4;1.9
31380;-38.6;39;1.2
31382;-37.5;38.4;1.7
31384;-35.9;38.2;2.1
31386;-37.3;38.3;1
31388;-39.1;38.4;1.4
31390;-36.7;38.7;2.1
31392;-36.8;39;0.9
31394;-37.5;38.6;1.9
31396;-37.7;39.1;2.1
31398;-37.1;38.9;0.8
31400;-37.6;38.2;1.9
31402;-39;38.7;1.8
31404;-38.4;38.7;1
31406;-37.8;38.4;2.2
31408;-39.5;38.5;1.2
31410;-36;38.5;1.9
31412;-34;38.2;2
31414;-36.2;38.4;1
31416;-37;38.7;1.9
31418;-36;38.7;1.9
31420;-37.8;38.4;0.9
31422;-39.7;38.8;2.1
31424;-38.6;38.8;1.5
31426;-37.5;38;1.5
31428;-40.7;38.7;2.4
31430;-36.9;38.1;0.8
31432;-35.4;37.9;2.1
31434;-37.6;38.4;1.7
31436;-37.2;38.3;0.7
31438;-36.9;38.7;2.8
31440;-37.3;38.5;1.3
31442;-38.2;38.3;1.3
31444;-36.9;38.4;2.5
31446;-36.9;38.3;0.9
31448;-39.5;38.7;2
31450;-37.6;38.6;1.9
31452;-35.7;38.4;0.7
31454;-36.5;38.1;2.6
31456;-37.1;38.4;1.6
31458;-37.1;38.7;1.3
31460;-38.8;38.8;2.5
31462;-38.9;38.5;0.8
31464;-38.7;38.7;2
31466;-38.8;39;1.8
31468;-39.3;38.7;0.8
31470;-36.4;38.4;2.4
31472;-35.1;38.6;1
31474;-36.3;38.5;1.6
31476;-36.7;38.7;2.4
31478;-35.7;38.2;1.5
31480;-36.9;38.2;1.9
31482;-37.9;38.2;1.8
31484;-37.1;38.4;1
31486;-37.2;38.3;2.3
31488;-39.9;39.1;1.1
31490;-36.8;38.5;1.5
31492;-36.8;38.8;2
31494;-37.6;39.2;0.9
31496;-34.8;38.2;2.3
31498;-35.6;38.6;1.5
31500;-37.8;39.1;0.8
31502;-37.8;38.4;2.7
31504;-37.5;39.3;1.2
31506;-37.5;38.8;1.6
31508;-38.1;38.3;2.5
31510;-36.1;38.4;0.7
31512;-36.5;39.1;2.5
31514;-37.1;38.5;1.8
31516;-37.8;38.8;0.8
31518;-36;38.1;2.8
31520;-38.8;38.3;0.9
31522;-39;38.6;1.8
31524;-38.3;39.1;2
31526;-37.8;38.8;0.7
31528;-37.9;38.4;2.2
31530;-36;38.3;1.7
31532;-35;38.7;1.1
31534;-37.7;39;2.7
31536;-37.1;38.9;1.1
31538;-34.8;38.3;1.9
31540;-37.8;38.6;2.3
31542;-40;38.9;1
31544;-38.1;38.5;1.8
31546;-38.4;38.5;2
31548;-40.6;39;1.3
31550;-38.4;38.6;1.6
31552;-35;38.4;1.8
31554;-36.9;38;1.2
31556;-36.2;38.1;1.9
31558;-37.2;38.7;1.8
31560;-39.3;39.1;1.1
31562;-39.7;38.2;1.7
31564;-37.7;38.2;1.8
31566;-39.3;38.8;1.1
31568;-39.2;38.2;2.3
31570;-37;38.1;1.7
31572;-37.1;38.5;1.1
31574;-37.9;38.2;2.5
31576;-39.7;39.1;1.3
31578;-38.5;39;1.7
31580;-39.8;39.1;2.1
31582;-38.4;38.2;0.9
31584;-36.5;38.2;1.7
31586;-38;38.5;2
31588;-39.1;38.5;0.7
31590;-36.1;38.6;2
31592;-34.9;38.3;1.9
31594;-36.8;38.5;0.9
31596;-36.8;38.9;2.6
31598;-36.7;38.5;1.7
31600;-39;39;1.4
31602;-40.3;38.9;2.3
31604;-37.2;38.4;1.5
31606;-37.8;38.2;1.6
31608;-40.1;39;2.2
31610;-35.9;38.3;0.9
31612;-34.2;38.4;1.9
31614;-37.8;38.6;1.9
31616;-37.5;39;1.7
31618;-35.7;38.8;1.7
31620;-38.3;38.6;1.4
31622;-38.9;38.4;1.8
31624;-38.7;38.9;1.7
31626;-38.6;38.4;1.1
31628;-39.5;38.3;2.2
31630;-37.9;38.2;1.3
31632;-37;38.4;1.4
31634;-38.2;38.2;2.1
31636;-38;38.5;1
31638;-38.1;39.2;1.9
31640;-38.6;38.6;1.7
31642;-39.2;38.5;1.2
31644;-38.6;39.1;1.9
31646;-37.4;38.8;1.8
31648;-38.6;38.6;0.9
31650;-36.1;38.4;1.8
31652;-35.3;38.7;1.8
31654;-37.4;38.9;1.3
31656;-35.9;38.2;2
31658;-37.4;39.1;1.5
31660;-39.5;38.9;1.5
31662;-40.5;39;2.6
31664;-38.2;38.8;1
31666;-38.7;38.4;1.9
31668;-40.5;39;1.8
31670;-37.9;39;1.1
31672;-35.7;38.5;2.4
31674;-36.9;37.9;1.4
31676;-38.4;39;1.6
31678;-37.8;38.7;2.3
31680;-38;38.1;1.1
31682;-39.9;38.7;1.9
31684;-37.5;38.1;2
31686;-39.5;38.6;0.8
31688;-39.9;38.4;1.9
31690;-37.6;38.5;1.9
31692;-36;38.3;1
31694;-36.9;38;2.2
31696;-36.3;38.1;1.8
31698;-36.7;38.5;1.2
31700;-38.4;38.8;2.4
31702;-39.1;38.9;1.6
31704;-36.3;38.1;1.1
31706;-38.1;38.8;2
31708;-39.2;38.8;0.9
31710;-36.7;38.6;2.1
31712;-34.9;38.5;1.8
31714;-36.1;38.5;1.4
31716;-36.1;38.4;1.8
31718;-35.7;38.6;1.4
31720;-37.2;38.2;1.6
31722;-38.1;38.4;1.8
31724;-35.4;38.4;1.6
31726;-36.7;38.9;1.9
31728;-38.6;39;1.5
31730;-35.7;38.7;1.8
31732;-34.5;38.7;1.8
31734;-36.3;38.6;1.6
31736;-37.2;39.1;1.8
31738;-35.2;38.5;1.7
31740;-37;38.7;1.5
31742;-38;38.4;2
31744;-38.3;39.2;1.5
31746;-37.6;38.5;1.4
31748;-40.4;38.5;1.8
31750;-38;38.9;1.7
31752;-36.2;38.7;1
31754;-36.1;39;2.1
31756;-35.3;38.5;1.6
31758;-35.9;39.2;1.6
31760;-36.8;38.4;1.8
31762;-37.8;38.4;1.3
31764;-36.1;38.2;2.1
31766;-37.8;38.6;1.4
31768;-39.1;38.9;1.8
31770;-35.3;38.1;1.9
31772;-34.9;38.2;1.3
31774;-36.1;38.2;1.6
31776;-36.8;38.6;2
31778;-36.6;38.4;0.8
31780;-37.2;38.2;2.3
31782;-37.9;38.2;1.7
31784;-36.2;38.4;0.9
31786;-37.7;38.4;2.7
31788;-40.2;38.8;1.6
31790;-37.2;38.7;1.4
31792;-35.2;38.4;1.9
31794;-38.4;38.9;1.1
31796;-38;39.4;1.8
31798;-37.4;39.4;2
31800;-39.2;38.6;0.8
31802;-39.5;38.4;1.6
31804;-37.8;38.3;1.9
31806;-38.6;38.6;1
31808;-40.2;38.6;2.3
31810;-38.8;39.1;1.9
31812;-36;38.5;1
31814;-37.1;38.6;2.2
31816;-37.3;38.7;1.7
31818;-36.5;39.1;1.5
31820;-38.4;38.9;1.8
31822;-39.7;38.7;1.9
31824;-38.6;39.3;2.1
31826;-38.7;38.7;1.3
31828;-40.5;39.2;1.4
31830;-37.6;38.6;1.8
31832;-35.7;38.5;1.1
31834;-37.7;38.5;1.8
31836;-36.6;38.4;2.3
31838;-35.9;38.4;1.3
31840;-37.7;38.5;1.9
31842;-38;38.4;1.9
31844;-36.3;38.2;1.1
31846;-38.3;39.1;2
31848;-39.5;38.6;1.6
31850;-38;38.9;1
31852;-36.1;38.7;2.2
31854;-38.6;39;1.3
31856;-38.4;39.1;1.6
31858;-36.8;39;2.5
31860;-39.5;39.2;0.7
31862;-39.4;38.3;1.8
31864;-39.1;38.5;2.4
31866;-39.1;38.4;0.8
31868;-40.3;38.6;2.6
31870;-38.2;38.8;1.5
31872;-37;38.2;1.4
31874;-38;38.5;2.2
31876;-37.7;38.6;1.7
31878;-38.1;39;1.7
31880;-39;38.8;2
31882;-39.1;38.2;2
31884;-37.4;38.1;1.2
31886;-39.7;39.1;1.3
31888;-41.5;38.9;2.1
31890;-38.4;38.9;1.7
31892;-36.5;38.3;0.9
31894;-38;38.7;2.1
31896;-36.2;38.2;1.6
31898;-36.8;38.5;1
31900;-38.9;39;2.3
31902;-39.1;38.5;1.3
31904;-37.6;38.5;1.3
31906;-39.2;39.1;2.4
31908;-41.5;38.9;1.2
31910;-38.8;39;1.8
31912;-36.6;38.6;2.4
31914;-39.6;39.2;1.1
31916;-39.5;39;1.8
31918;-38.9;39;2
31920;-41;39;1.2
31922;-40.1;38.4;2
31924;-37.4;38.5;2
31926;-38.8;39.1;1.1
31928;-38.7;38.2;2
31930;-36.2;38.4;1.5
31932;-36.5;39.1;1.3
31934;-36.2;38.4;2.2
31936;-36.4;39.1;1.1
31938;-37;39;1.5
31940;-38.3;38.8;2.2
31942;-40.2;38.8;1.4
31944;-38.8;38.5;1.8
31946;-38.9;38.8;2
31948;-41.1;39.2;1.5
31950;-38.2;39;1.6
31952;-34.6;38.4;2
31954;-37.3;39.3;1.5
31956;-35.6;38.4;1.9
31958;-34.9;38.2;1.8
31960;-38.5;38.7;1.1
31962;-38.2;38.4;1.5
31964;-36.4;38.6;1.9
31966;-38.1;39.1;1.2
31968;-38.6;39.2;1.9
31970;-36.2;38.3;1.4
31972;-35.8;38.6;1.5
31974;-38.5;38.6;1.8
31976;-38.4;39.1;1.2
31978;-37.2;38.7;2.1
31980;-37.8;38.4;1.9
31982;-37.7;38.4;1.7
31984;-36.9;38.3;2.1
31986;-38.3;38.6;1.4
31988;-38.4;38.2;1.5
31990;-36.7;38.6;2.6
31992;-37;39.3;1.4
31994;-38.3;38.9;1.5
31996;-36.6;38.3;2.1
31998;-36.4;38.7;1.2
32000;-39.8;39.2;1.7
32002;-40.5;38.6;2
32004;-38.9;39.2;1.5
32006;-38.7;38.5;1.7
32008;-40.5;39.2;2
32010;-37.5;38.9;1.5
32012;-35.2;38.7;1.9
32014;-36.1;38.2;1.8
32016;-36.5;38.4;1.8
32018;-34.9;38.3;1.8
32020;-39;39.2;1.6
32022;-39.3;38.1;1.9
32024;-37.1;38.4;1.9
32026;-39;39;1.6
32028;-41.7;39.3;1.4
32030;-37.6;38.4;1.8
32032;-36.5;38.2;1.2
32034;-38;38.4;1.8
32036;-39.7;38.8;1.9
32038;-37.5;38.6;1.4
32040;-38.9;38.9;2
32042;-39.2;38.5;1.8
32044;-38;38.4;1.2
32046;-39.3;39.1;2.8
32048;-40.7;39;1.4
32050;-38.8;39.1;1.2
32052;-37.4;38.9;2.2
32054;-37.8;38.2;0.9
32056;-38.1;39;2
32058;-36.7;38.5;1.8
32060;-39.8;39;1
32062;-38.9;38.3;2.4
32064;-39.9;38.9;1.7
32066;-40.1;39;1.3
32068;-40.6;38.9;2.3
32070;-37.6;38.7;1
32072;-36.2;38.7;1.8
32074;-37.6;38.2;1.9
32076;-37.5;38.4;0.9
32078;-37;38.5;2.3
32080;-38.9;38.2;1.4
32082;-39.7;38.4;1
32084;-38.1;38.4;2.3
32086;-39;38.4;1.4
32088;-41.6;38.8;1.3
32090;-38.8;38.8;2.4
32092;-36.6;38.3;0.9
32094;-38.4;38.4;2
32096;-37.1;38.2;2.4
32098;-37.5;38.9;0.7
32100;-39.7;39;2.5
32102;-39.2;38.2;1.5
32104;-38;38.1;1.2
32106;-39.4;38.4;2.5
32108;-42.2;38.9;1.3
32110;-38.3;39;1.6
32112;-36.7;38.4;1.9
32114;-38.8;38.5;1.3
32116;-38.5;39;1.6
32118;-38.9;39.4;2
32120;-39;38.5;1.6
32122;-39.9;38.5;1.9
32124;-39;39;1.4
32126;-38.5;39;1.5
32128;-39.9;38.5;1.9
32130;-37.5;38.6;1.9
32132;-36.3;38.9;1.6
32134;-37.7;39.1;1.7
32136;-37.7;39;1.6
32138;-36.6;39;1.6
32140;-38.1;38.4;1.6
32142;-40.3;38.5;1.7
32144;-38.2;38.4;1.8
32146;-39.6;38.8;1.8
32148;-40.7;39.1;1.8
32150;-38.3;38.2;1.4
32152;-37.9;38.8;1.8
32154;-38.9;38.8;1.8
32156;-38.4;38.5;1.5
32158;-37.5;38.8;1.9
32160;-38.9;38.3;1.8
32162;-39.9;38.4;1.5
32164;-38.8;38.3;1.8
32166;-39.9;38.8;1.5
32168;-40.3;38.1;1.6
32170;-37.8;38.1;1.7
32172;-37.1;38.2;1.8
32174;-40.1;38.3;1.9
32176;-39.7;38.8;1.4
32178;-39.2;38.2;1.4
32180;-38.7;37.9;2
32182;-39.8;38.2;1.7
32184;-39.3;38.7;1.7
32186;-39.5;38.4;1.8
32188;-40.3;38.6;1.9
32190;-36.6;38.1;1.7
32192;-36.7;38.4;1.1
32194;-39.3;38.4;1.8
32196;-37.7;38.7;1.7
32198;-36.6;38.4;1
32200;-39.7;38.8;2.2
32202;-40.2;38.4;1.1
32204;-38;38.3;1.5
32206;-38.5;38.4;2.2
32208;-40.7;39;1.1
32210;-36.6;38.2;1.9
32212;-35.2;38.2;1.8
32214;-37.5;38.4;1
32216;-38;38.8;2.2
32218;-37.3;39;1.4
32220;-39.2;38.9;1.3
32222;-40.9;39.1;2.4
32224;-38.8;38.7;1.2
32226;-38.7;38.5;0.7
32228;-42;39.2;2.4
32230;-39.9;39;1.5
32232;-38.3;38.9;1.1
32234;-38.5;38.4;2.6
32236;-37.9;38;1.1
32238;-38;39.1;1.5
32240;-38.8;38.6;2.3
32242;-38.9;38.4;0.4
32244;-37.5;38.4;1.9
32246;-38.7;39.2;1.8
32248;-40.3;39;0.7
32250;-38.1;39.3;3.1
32252;-35.1;38.4;1
32254;-38.3;39.2;1.3
32256;-38.4;39.3;2.6
32258;-36.8;38.7;0.2
32260;-39.7;39.1;2.5
32262;-38.8;38.5;1.8
32264;-39.5;39.1;0.9
32266;-39.3;39;2.8
32268;-40.5;39.3;0.8
32270;-38.1;39.1;1.5
32272;-37.4;39.3;2.7
32274;-38.8;38.9;0.4
32276;-39;39.3;2.6
32278;-37;38.4;1.4
32280;-39.6;38.8;1.3
32282;-41.3;39.1;2.5
32284;-38.7;38.6;1.1
32286;-40.6;38.8;1.6
32288;-40.9;38.7;2.2
32290;-39.5;39.1;0.7
32292;-37.1;38.4;2.6
32294;-38;38.3;1.6
32296;-37.3;38.5;1.2
32298;-37.3;39.2;2.9
32300;-39.5;39.1;0.9
32302;-39.3;38.3;2.2
32304;-37.9;38.6;1.8
32306;-39.7;38.9;1
32308;-41.4;39.2;2.2
32310;-38.8;38.7;1
32312;-37.2;38.9;1.6
32314;-38;38.3;2.6
32316;-38.8;38.7;1.1
32318;-37.3;38.3;1.8
32320;-39.2;38.2;2.8
32322;-39.9;38.2;0.9
32324;-37.4;38.3;1.9
32326;-38;38.4;1.8
32328;-39;38.4;1.4
32330;-37.1;38.6;1.8
32332;-35.9;39.1;1.4
32334;-37.8;38.6;1.4
32336;-36.6;38.2;2.5
32338;-37.7;38.9;0.6
32340;-38.5;38.3;1.8
32342;-39.6;38.7;2.5
32344;-38.9;38.6;1.2
32346;-40.5;38.7;2.1
32348;-42.2;38.8;1.6
32350;-38.7;38.5;1.4
32352;-36.8;38.2;2.3
32354;-38.5;38.6;1.4
32356;-37.3;38.4;1.7
32358;-38.5;39;1.9
32360;-39.2;38.5;1.2
32362;-40.1;38.5;1.6
32364;-38.1;38.1;1.9
32366;-39.8;38.9;1.5
32368;-39.9;38.4;1.4
32370;-37.3;38.3;2.3
32372;-37.3;38.3;0.8
32374;-37.9;38.2;1.5
32376;-39.2;39.3;1.9
32378;-37.5;38.4;0.9
32380;-39.2;38.5;2
32382;-40.9;39.1;1.9
32384;-37.3;38.6;1
32386;-39.7;39;2
32388;-41.1;39.2;1.7
32390;-38.8;38.9;1.5
32392;-36.5;38.2;2
32394;-39.9;39.1;1.5
32396;-39.7;39;1.8
32398;-38.2;38.2;1.8
32400;-41.6;38.9;0.9
32402;-41.6;38.3;2
32404;-40.9;38.8;1.9
32406;-39.7;38;1
32408;-41.1;38.4;1.9
32410;-38.7;38.4;1.3
32412;-37.4;38.4;1.3
32414;-38.4;38.4;2.1
32416;-38.7;38.7;1.2
32418;-38.5;38.9;1.4
32420;-39.2;38.5;1.9
32422;-40.4;39.2;1.8
32424;-38.6;38.8;1.7
32426;-39.5;39;1.8
32428;-41.7;38.9;1.6
32430;-39.3;38.8;2
32432;-36.9;38.2;1.8
32434;-38.3;38.1;1.5
32436;-38.1;38.2;1.8
32438;-38;38.8;1.8
32440;-37.8;38.2;1.1
32442;-40.3;38.8;1.8
32444;-37;37.9;1.8
32446;-38.1;38.4;1.4
32448;-40.5;38.9;1.9
32450;-38.5;38.7;2
32452;-35.9;38.4;1.4
32454;-39.3;39.2;1.9
32456;-37.9;38.5;1.8
32458;-37.5;39;1.3
32460;-40;38.6;1.9
32462;-40.1;38.4;1.8
32464;-40.3;38.8;1.7
32466;-39.8;38.6;1.6
32468;-41.9;39.1;2.2
32470;-38.3;38.5;1.9
32472;-37.2;38.6;1.6
32474;-38;38.4;2.1
32476;-38.8;38.7;1.5
32478;-37.8;38.5;1.5
32480;-40;38.8;2.4
32482;-40.1;38.2;1.3
32484;-38.8;38.3;1.8
32486;-40.5;39.1;1.9
32488;-40;38.3;1.4
32490;-38.2;38.8;2.1
32492;-36.2;38.4;1.5
32494;-38.3;38.5;0.9
32496;-36.6;38.4;2.4
32498;-37.3;39;1.2
32500;-39.2;38.9;1.6
32502;-40.6;38.9;2.4
32504;-39;39;0.8
32506;-38.7;38.4;2.3
32508;-41.5;39;2.2
32510;-37.5;38.3;0.9
32512;-36.8;38.3;2.7
32514;-39.8;39;1.6
32516;-39;38.8;1.1
32518;-37.8;39;2.3
32520;-39.7;38.5;0.7
32522;-41.3;38.9;2.3
32524;-37.7;38.5;2
32526;-37.9;38.5;0.8
32528;-39;38.5;2.7
32530;-36.8;38.6;1.5
32532;-37.7;39.4;1.5
32534;-38.1;38.9;2.6
32536;-39;39.2;0.6
32538;-37.9;39.4;2.3
32540;-38.9;38.7;1.9
32542;-41.5;39.1;0.6
32544;-40.6;39.2;2.5
32546;-40.9;39.3;0.9
32548;-41.8;38.7;1.4
32550;-39.8;39.1;2.6
32552;-37.3;38.8;0.8
32554;-38.1;38.6;2.2
32556;-37.7;38.5;1.7
32558;-38;39;0.8
32560;-39.8;38.9;2.4
32562;-39.6;38.3;1.2
32564;-39.2;39.3;0.9
32566;-39.7;39.2;2.3
32568;-41;39.2;1.5
32570;-37.9;38.8;1.8
32572;-36.6;38.5;2.4
32574;-37.9;38.5;1
32576;-39.2;38.9;2.2
32578;-38.1;38.8;2.2
32580;-39.9;39.1;0.7
32582;-38.8;38.3;1.9
32584;-37.9;38.5;1.9
32586;-39.3;38.7;1
32588;-39.4;38.2;1.9
32590;-38.2;38.5;2.1
32592;-37.8;38.8;1.4
32594;-37.8;37.9;1.9
32596;-39.2;38.9;1.7
32598;-38.7;38.8;1.3
32600;-40.2;38.8;2.5
32602;-42;38.8;1.5
32604;-39.1;38.6;1.2
32606;-39.8;38.5;2.5
32608;-39.7;38.1;1.2
32610;-37.8;38.4;1.8
32612;-37.1;38.7;1.7
32614;-39.4;38.8;0.9
32616;-39;38.8;2.8
32618;-36.3;38.3;1.3
32620;-38.8;38.5;1.2
32622;-40.2;38;2.5
32624;-39.5;38.8;1
32626;-40.4;38.9;1.8
32628;-41.9;38.9;2
32630;-38;38.2;0.6
32632;-36.9;38.1;2.1
32634;-40;39;1.6
32636;-38.6;38.5;1.3
32638;-38.2;38.6;2.8
32640;-38.8;38.5;0.9
32642;-39.9;38.1;1.9
32644;-38.8;38.2;1.8
32646;-39.7;39;0.9
32648;-40.9;38.9;2
32650;-39;38.8;1.6
32652;-38.3;38.9;1.9
32654;-38;38.4;1.9
32656;-39.8;39.2;1.3
32658;-39.4;38.9;2.1
32660;-39.1;38.2;2
32662;-42;38.8;1
32664;-40.8;39.1;2.3
32666;-41.2;39;1.7
32668;-42;39.1;1.4
32670;-37.6;38.6;2.1
32672;-38.2;38.6;1.4
32674;-38.4;38.4;1.4
32676;-38.3;38.5;1.9
32678;-37;38.4;1.2
32680;-39.4;38.9;1.8
32682;-39.7;38.4;2.3
32684;-38.5;38.5;0.9
32686;-40.7;38.9;1.5
32688;-40.5;38.3;2.5
32690;-39.6;39;1.4
32692;-37.7;38.6;1.4
32694;-38.8;38.5;2.7
32696;-37.9;38.9;1
32698;-37.9;39.2;2
32700;-40;38.9;2.1
32702;-39.1;38.4;1
32704;-38;38.5;2.4
32706;-40.5;39.1;1.8
32708;-41.2;38.3;1.1
32710;-38.4;38.4;2.6
32712;-37.1;38.4;1.6
32714;-40.7;39.2;1
32716;-39.1;38.6;2.4
32718;-40;39;1
32720;-40.1;38.5;2
32722;-41;38.4;2.1
32724;-40.4;39.2;0.9
32726;-39.3;38.7;1.9
32728;-40.2;38.5;1.9
32730;-37.6;38.5;1.3
32732;-37.2;38.8;2.4
32734;-37.6;38.4;1.7
32736;-38;38.8;1.3
32738;-36.2;38.3;2.3
32740;-38.8;38.4;1.7
32742;-41.8;39.1;1.6
32744;-39.7;38.7;1.7
32746;-39.8;38.8;1.6
32748;-43;39.2;1.4
32750;-40.5;39;2.4
32752;-38.9;39.3;1.7
32754;-39;38.4;1.5
32756;-39.1;38.8;2.5
32758;-38.9;38.9;1.4
32760;-39.9;38.8;1.6
32762;-40.6;38.6;2
32764;-39.1;38.4;1.5
32766;-40.4;39;1.6
32768;-41.5;39.1;2.3
32770;-39.4;39.4;1.3
32772;-37.6;38.5;1.9
32774;-39.3;38.6;2.3
32776;-39.6;39.2;0.8
32778;-37;38.7;2
32780;-39.3;38.2;1.9
32782;-39.3;38.2;1.2
32784;-39.3;39;2.5
32786;-39.2;38.4;1.4
32788;-41.7;38.8;1.5
32790;-39;38.9;2.5
32792;-36.7;38.4;0.9
32794;-39.5;38.9;1.8
32796;-38.4;38.5;2
32798;-37.4;38.3;0.9
32800;-40.7;38.6;2.7
32802;-42;38.7;1.6
32804;-38.5;37.8;1.1
32806;-39.3;38.3;2.5
32808;-41.5;38.3;1.3
32810;-37.2;38.2;1.9
32812;-36.4;38.2;1.7
32814;-37.3;37.8;1.2
32816;-36.7;38;2.2
32818;-35.9;38.4;1.2
32820;-39.9;38.2;1.2
32822;-39.1;38.3;2.8
32824;-39.6;39;0.7
32826;-39.1;38.4;2
32828;-41.6;38.1;1.8
32830;-40.7;38.8;1
32832;-38;38;2.3
32834;-39.6;38.3;1
32836;-38.4;38.4;1.8
32838;-38.8;38.6;2.1
32840;-40;38.8;0.9
32842;-39.9;38;2.1
32844;-37.6;38;1.3
32846;-39.5;39;1.2
32848;-39.5;38.4;2.2
32850;-38.3;38.4;1.4
32852;-35.6;38.2;1.4
32854;-37.9;38.6;2.2
32856;-36.7;38.3;1.3
32858;-37.4;38.6;1.9
32860;-39.9;38.8;1.7
32862;-41.7;39.2;1
32864;-39.2;38.3;2.1
32866;-40.4;39.1;1.5
32868;-41.2;38.8;1.2
32870;-38.2;38.9;1.8
32872;-36.8;38.4;1.7
32874;-39.9;39.1;1.6
32876;-38.7;38.7;1.6
32878;-39;39;1.7
32880;-39.8;38.9;1.8
32882;-40.7;38.4;1.6
32884;-39.1;38.3;1.6
32886;-40.2;38.4;1.8
32888;-40.8;38.2;1.8
32890;-38.5;38.3;1.8
32892;-37.9;38.4;1.2
32894;-38.7;38.4;1.9
32896;-37.8;38.4;2
32898;-37.7;39.1;0.8
32900;-40.4;38.9;2.2
32902;-41.1;39.1;1.5
32904;-38.5;38.5;0.9
32906;-40.1;39;2.5
32908;-41.4;39;0.9
32910;-37.2;38.1;1.6
32912;-36;38.4;2.2
32914;-38.1;38.4;0.8
32916;-39.1;38.4;2.6
32918;-37.8;39;1.9
32920;-39.5;38.5;0.7
32922;-40.5;38.6;3
32924;-38.1;38.3;0.9
32926;-39.5;39.3;1.3
32928;-38.9;38.9;2.6
32930;-38.3;39.2;0.8
32932;-36.4;38.5;2
32934;-39.4;38.7;2.1
32936;-38.1;38.8;0.6
32938;-37;38.5;2.5
32940;-40.3;39;1.1
32942;-40.3;38.6;1.1
32944;-41;39.3;2.8
32946;-41;38.7;0.9
32948;-41.1;38.4;1.9
32950;-40.6;39.3;2.7
32952;-38.8;39;0.5
32954;-38.1;38.3;2.5
32956;-37.9;38.5;1.8
32958;-38.6;39;1
32960;-38.7;38.4;2.5
32962;-39.8;38.5;0.8
32964;-39.9;39.1;2.2
32966;-39.5;38.4;1.7
32968;-41.4;39;0.7
32970;-37.5;38.1;2.7
32972;-38.5;38.9;1.2
32974;-39.3;38.4;1.3
32976;-39.6;38.9;2.7
32978;-37.2;38.4;0.8
32980;-39.5;38.4;2
32982;-39.3;38;2
32984;-37.7;38.4;0.5
32986;-38.5;38.2;2.3
32988;-41.3;38.5;1.8
32990;-38.1;38.4;0.9
32992;-38.1;38.7;2.4
32994;-40;38.9;1.4
32996;-39.5;39.1;1.7
32998;-38.7;39.1;2.2
33000;-41.4;38.8;1.5
33002;-42.2;39;1.7
33004;-40.4;38.8;1.6
33006;-40.9;38.7;1.6
33008;-40.8;38.3;2.1
33010;-39.3;39.1;1.8
33012;-36.9;38;0.8
33014;-38.5;38.4;1.8
33016;-39.2;38.8;2
33018;-38.3;38.7;0.9
33020;-38.7;38.4;2.4
33022;-41.1;38.9;1.8
33024;-39.5;39;0.9
33026;-38.6;38.3;2.5
33028;-41.5;39.1;1.5
33030;-38.6;38.4;1
33032;-38.3;38.9;2.3
33034;-39.6;38.4;1.1
33036;-38.2;38.4;1.5
33038;-36.7;38.3;2.2
33040;-38.8;38.6;1
33042;-40.2;38.9;1.6
33044;-39;38.9;2.2
33046;-39.1;38.9;1.2
33048;-39.2;38.7;1.5
33050;-36.7;38.5;1.9
33052;-36;38.4;0.7
33054;-38.4;39;1.7
33056;-37;38.5;1.9
33058;-37.3;38.6;1.1
33060;-39.4;38.8;2
33062;-40.2;38.8;1.6
33064;-38.8;38.6;1.3
33066;-40.2;39;2
33068;-41.6;39.2;1.2
33070;-39.1;38.9;1.8
33072;-38.2;39;1.9
33074;-38.3;38.2;1
33076;-38.2;38.4;1.7
33078;-38.3;39.2;1.8
33080;-39;38.2;1
33082;-39.8;38.4;2.1
33084;-40.2;38.9;1.7
33086;-39.7;38.5;1.3
33088;-42.4;39.1;1.9
33090;-38.7;38.3;1.6
33092;-37.7;38.5;1.3
33094;-40;39;1.9
33096;-37.5;38.1;1.2
33098;-37.7;38.7;1.9
33100;-39.9;39.1;1.8
33102;-38.7;38.7;1.1
33104;-38.2;38.4;2.1
33106;-39.6;38.2;1.2
33108;-41.8;38.6;1.5
33110;-39.6;38.4;2.1
33112;-36.6;38;1
33114;-38.7;38.1;1.3
33116;-40.1;38.9;2
33118;-38.3;38.4;0.6
33120;-41.2;38.4;2.1
33122;-42;38.5;1.9
33124;-38.7;38.2;1.1
33126;-39.8;38.7;2.1
33128;-39.8;38.2;1.2
33130;-37.8;38.3;1.6
33132;-36.9;38.5;2.4
33134;-38.3;38.4;0.9
33136;-39.4;39.3;2.2
33138;-38.3;38.9;2.1
33140;-39.2;38.6;0.8
33142;-41.6;38.9;2.4
33144;-39.5;38.5;1.2
33146;-41;39;1.6
33148;-42.1;39.5;2.2
33150;-39.8;39.5;1
33152;-36.5;38.7;1.9
33154;-39;39.1;1.8
33156;-38.6;39.3;0.8
33158;-36.4;38.2;2.4
33160;-38.8;38.5;1.6
33162;-39.5;38;1.1
33164;-38.5;38.6;2.3
33166;-39.2;38.4;1.2
33168;-41.5;38.9;1.4
33170;-38.2;38.6;1.9
33172;-37.1;38.5;1.4
33174;-39.2;38.3;1.9
33176;-39.5;38.9;1.9
33178;-38.9;38.8;1.1
33180;-39.5;38.5;2.1
33182;-39.9;38.5;1.5
33184;-37.6;38.4;0.9
33186;-38.8;38.4;2.1
33188;-40.9;38.6;1.5
33190;-38.7;38.4;1.8
33192;-37.1;38;1.7
33194;-38.4;38.4;1.1
33196;-39.4;38.9;2
33198;-39.1;39.1;1.6
33200;-39.7;38.5;1.5
33202;-40.7;38.6;2.1
33204;-40.4;39.3;1.6
33206;-39;38.4;1.4
33208;-40.7;38.7;2.2
33210;-39;39.2;1.7
33212;-36.6;38.7;1.5
33214;-37.3;38.5;1.7
33216;-38.5;38.9;2
33218;-36.1;38.3;1.6
33220;-39.9;39.2;1.3
33222;-41.4;39.1;1.9
33224;-39.8;38.8;1.3
33226;-39.3;38.5;1.4
33228;-41.2;38.9;2.2
33230;-40.8;38.9;1.3
33232;-38.4;38.2;1.3
33234;-39.7;38.4;2.4
33236;-40.5;38.9;1.4
33238;-39.5;38.6;1.6
33240;-39.3;38.5;1.8
33242;-40.1;38.2;1.9
33244;-38.9;38.2;1.5
33246;-39.1;38.2;1
33248;-40.6;38.4;2.1
33250;-39.4;39;1.7
33252;-38.6;38.9;0.9
33254;-38.2;38.3;2
33256;-39.8;38.9;1.7
33258;-39;38.9;1
33260;-39.1;38.3;2.5
33262;-39.9;38;1.3
33264;-38.9;38.1;1
33266;-40;39;2
33268;-40.6;38.4;1.8
33270;-37.5;38.4;1.5
33272;-36.6;38.4;1.8
33274;-39.5;38.9;1.8
33276;-38.1;38.4;1.5
33278;-37.9;38.5;1.9
33280;-41.1;39.1;1.6
33282;-40.8;38.9;1.4
33284;-39.4;38.6;1.5
33286;-40.4;38.6;1.8
33288;-41.1;38.4;1.3
33290;-40.1;39.4;1.8
33292;-36.8;38.3;1.7
33294;-38.6;38.4;1
33296;-37.5;38.4;2
33298;-37;38.6;1.9
33300;-40.4;38.9;1.1
33302;-39.8;38.2;2.1
33304;-39.1;38.4;1.1
33306;-39.6;37.9;1.7
33308;-42.3;38.9;2.2
33310;-39.1;38.5;1.2
33312;-37.1;38.3;1.8
33314;-39.4;38.4;2.2
33316;-40.1;38.7;1
33318;-39.9;38.9;1.8
33320;-40.5;38.4;2.1
33322;-40.8;38.5;0.9
33324;-38.5;38.1;2.5
33326;-40.4;39;1.6
33328;-40.4;38.4;1.3
33330;-37.4;38.4;2.1
33332;-37.6;38.7;0.9
33334;-38;38.2;2
33336;-39.5;38.9;2.1
33338;-37.5;38.3;1
33340;-40.9;39;2.4
33342;-42.6;38.9;1.8
33344;-40.2;38.3;0.8
33346;-42.4;39;2.1
33348;-42.7;38.8;1.3
33350;-41;38.9;1.7
33352;-38.3;38.6;1.9
33354;-39.2;38.4;1.1
33356;-39.5;38.8;1.8
33358;-39.1;38.9;2.2
33360;-39.9;38.4;1.2
33362;-40.5;38.3;1.6
33364;-39.4;38.3;2
33366;-40.8;39.2;1.2
33368;-40.3;38.6;1.6
33370;-37.5;38.4;2.1
33372;-37.2;38.5;0.9
33374;-39.2;38.7;1.8
33376;-40;39.1;2.2
33378;-39;38.5;0.7
33380;-38.8;38.4;2.3
33382;-40.3;38.5;1.3
33384;-39.6;38.8;1.5
33386;-39.4;38.9;2.1
33388;-41.5;39.1;1.3
33390;-38.6;38.8;1.5
33392;-37.3;38.4;2.2
33394;-38.5;38.1;1.3
33396;-38.5;38.1;1.8
33398;-37.3;38.3;1.9
33400;-41.1;38.5;1.5
33402;-42.1;38.8;2.3
33404;-38.8;38.5;1.5
33406;-40.9;39.1;1
33408;-41.4;38.6;2.7
33410;-37.9;38.9;1.1
33412;-37.4;39;1.5
33414;-39.2;38.9;2.7
33416;-39.1;39.3;1
33418;-38.4;39.4;1.6
33420;-40.6;39.1;2.4
33422;-39.8;38.4;0.8
33424;-40.5;39.1;2.2
33426;-40.1;38.7;2
33428;-42.9;39.2;0.5
33430;-39.5;38.7;2.1
33432;-38.5;39.2;1.4
33434;-40.1;38.5;1.1
33436;-39.8;38.9;2.1
33438;-39.5;39.1;0.9
33440;-39.6;38.5;1.9
33442;-40.6;38.5;1.9
33444;-38.6;38.6;1.1
33446;-40.5;39.3;1.9
33448;-40.3;38.7;1.6
33450;-38.5;38.8;1.3
33452;-38.4;39.4;1.9
33454;-39.9;39.2;0.9
33456;-38.4;38.6;1.9
33458;-37.2;38.5;2.2
33460;-40.2;38.7;0.8
33462;-42.3;39.4;2.5
33464;-38.9;38.4;1.3
33466;-41.3;39.4;1.2
33468;-41.9;39.3;2.3
33470;-39.2;39.2;0.9
33472;-36.7;38.5;2.3
33474;-40;39.2;1.9
33476;-40;39.3;1.3
33478;-37.9;38.7;2.2
33480;-40;38.8;1
33482;-41.7;39.3;1.7
33484;-39.6;38.5;2.1
33486;-40.4;38.8;0.8
33488;-41.6;38.4;2
33490;-38.5;38.4;1.8
33492;-39.2;39.1;1.5
33494;-38.5;38.3;1.9
33496;-38.1;38.5;1.5
33498;-37.9;39.1;1.8
33500;-39.2;38.4;1.8
33502;-39.7;38.3;1.1
33504;-37.7;38.2;1.8
33506;-40.3;39;2
33508;-41.8;38.9;0.9
33510;-39.6;38.9;2.3
33512;-36.5;38.2;1.7
33514;-40.4;38.8;1.3
33516;-38.6;38.2;2.2
33518;-39.6;39;1
33520;-40.5;38.4;1.9
33522;-40.6;38.2;1.9
33524;-38.3;38.3;0.9
33526;-38.8;38.3;2.4
33528;-41.3;38.8;1.3
33530;-37.7;38.2;1.5
33532;-36.6;38.2;2.3
33534;-38.6;38.5;0.9
33536;-39.5;38.8;2.2
33538;-38.7;38.8;2.3
33540;-39.6;38.2;0.9
33542;-40.1;38.1;1.8
33544;-40;38.3;1.8
33546;-40.6;38.4;1
33548;-42.1;38;1.9
33550;-40.1;38.6;2.2
33552;-38.5;38.6;1.5
33554;-37.9;38.1;1.5
33556;-37.6;38.4;2.1
33558;-38.4;38.8;1.7
33560;-39;38.4;1.3
33562;-39.4;38.1;1.8
33564;-38.4;38.2;1.7
33566;-39.8;39;1.5
33568;-39.5;38.4;1.9
33570;-37.7;38.6;1.5
33572;-36.8;38.4;1.3
33574;-40.3;38.7;1.9
33576;-40;38.9;1.6
33578;-37.1;38.1;1.7
33580;-39.6;38.5;2.1
33582;-40.4;38.4;1.8
33584;-38.8;38.4;1.1
33586;-40.1;38.7;2
33588;-41;38.4;1.8
33590;-39;38.6;1.4
33592;-37.2;38;1.8
33594;-40.2;38.7;1.5
33596;-40;38.9;1.8
33598;-39.1;39;1.9
33600;-41.3;38.9;1
33602;-41.9;38.6;2.4
33604;-39;38.2;1.7
33606;-39.4;38.2;1.1
33608;-40.5;38.5;2.3
33610;-38.4;38.4;1.3
33612;-36.3;38.3;1.5
33614;-39.7;39.1;2.1
33616;-38.2;38.6;1.3
33618;-38.9;38.8;1.8
33620;-39.7;38.2;1.8
33622;-41.2;38.4;1.5
33624;-40.3;39;2
33626;-41;39;1.4
33628;-42.8;39.1;1
33630;-40.5;39.1;1.7
33632;-38.3;38.7;1.7
33634;-39.7;38.4;2
33636;-39.1;38.7;1.7
33638;-39;38.7;1.9
33640;-39.6;38.6;1.5
33642;-39.6;38.4;1.3
33644;-38.3;38.4;1.9
33646;-39.7;39.1;1.3
33648;-41.1;39;1.6
33650;-39.2;39.2;1.8
33652;-37.3;38.6;1.2
33654;-39.5;39.1;1.6
33656;-38.8;38.7;1.8
33658;-39.1;38.7;1.1
33660;-41;38.9;2
33662;-40.2;38.3;1.7
33664;-38.8;38.3;1.3
33666;-40.5;38.5;2
33668;-40.9;38.4;1.2
33670;-38.8;38.5;1.4
33672;-38.4;38.8;2.3
33674;-38.7;38.3;1.2
33676;-38.7;38.6;2
33678;-39.2;39;2.1
33680;-39.8;38.2;0.8
33682;-42.1;39.1;2.3
33684;-39.4;38.4;1.5
33686;-41.1;39.1;1.2
33688;-42.4;39;2.7
33690;-38.3;38.5;1.3
33692;-37.3;38.2;1.5
33694;-40;39.2;2.1
33696;-37;38.4;1
33698;-35.9;38.5;1.4
33700;-39.9;39;2.3
33702;-40.9;39.1;0.6
33704;-38.7;38.3;2.3
33706;-40.6;38.8;1.5
33708;-41.2;38.2;0.8
33710;-38.8;38.2;2.9
33712;-37.3;38.1;0.5
33714;-39.2;37.9;2.1
33716;-40.1;39.1;2.6
33718;-38.6;39;0.6
33720;-39.9;38.3;2.5
33722;-42.2;39.1;1.4
33724;-38.4;38.4;1
33726;-39;38.5;2.5
33728;-39.8;38.4;0.6
33730;-37.8;38.5;2.3
33732;-37.1;38.6;1.7
33734;-37.8;38.5;0.8
33736;-39.6;39.2;2.8
33738;-38.6;39.1;1.6
33740;-39;38.4;1
33742;-42.3;38.9;2.9
33744;-40.8;38.9;0.9
33746;-41.3;39;1.5
33748;-42.6;38.7;1.9
33750;-40.4;39.1;1.1
33752;-36.6;38.3;1.7
33754;-39.2;38.7;1.8
33756;-38.9;39;1.2
33758;-37.2;37.9;1.7
33760;-40.6;39.1;1.7
33762;-40.2;38.1;1.7
33764;-38.6;38.4;1.7
33766;-39.9;38.7;1.4
33768;-41.6;39;1.8
33770;-38.5;38.4;1.6
33772;-38.1;38.5;1.5
33774;-39;38.4;2
33776;-40.6;39.3;1.4
33778;-38.6;38.6;1.6
33780;-40.2;39.2;1.7
33782;-39.9;38.3;1.1
33784;-38.1;38.2;1.9
33786;-39.8;38.5;1.9
33788;-40.4;38.3;1.1
33790;-38.7;38.4;1.9
33792;-38.7;39;1.5
33794;-38.7;38;1.2
33796;-39.7;39;2.6
33798;-39.1;39;1.4
33800;-40.1;38.2;1.7
33802;-42.4;38.4;2.5
33804;-40.8;38.8;1
33806;-39.5;38.3;1.8
33808;-40.6;38.2;2
33810;-37.3;38.1;0.8
33812;-37.2;38.5;2.2
33814;-39.7;38.8;1.5
33816;-39;39.1;1.1
33818;-38.4;38.7;2.4
33820;-40.7;39.2;1
33822;-41.8;39;2.1
33824;-38.5;38.4;1.9
33826;-40.6;38.9;1.2
33828;-43.1;39.2;2.5
33830;-40.8;38.9;1.2
33832;-39.5;39.1;1.5
33834;-40.2;38.2;2
33836;-39.7;38.9;1.1
33838;-39.5;38.9;2
33840;-39.5;38.1;1.6
33842;-40.6;38.2;0.9
33844;-40.1;38.9;1.9
33846;-40;38.6;1.3
33848;-40.6;38.5;1.8
33850;-39.9;38.9;2
33852;-37.9;38.4;0.9
33854;-38.2;38.4;1.9
33856;-39.2;38.8;1.6
33858;-38.4;38.6;1.3
33860;-41.5;39.1;1.8
33862;-40.3;38.9;2
33864;-41.1;39.3;1.5
33866;-41.2;39.1;1.9
33868;-40.9;38.4;1.3
33870;-39;38.7;1.9
33872;-37.9;38.2;1.9
33874;-38.6;38.2;1
33876;-39.2;38.6;1.8
33878;-38;38.4;1.7
33880;-41.5;39;1.3
33882;-40.5;38.1;2.2
33884;-39.6;38.4;1.5
33886;-41.1;38.4;1.3
33888;-42.9;38.9;2.1
33890;-40;38.6;1.6
33892;-39.5;38.8;1.1
33894;-41.2;38.8;1.9
33896;-39.8;38.8;1.8
33898;-38;38.3;1
33900;-39;38.4;2.4
33902;-40.6;38.2;1
33904;-38.9;38.4;1.8
33906;-40.1;38.2;2.7
33908;-43.1;39;0.5
33910;-40.7;39;2.4
33912;-38.2;38.4;2.1
33914;-39.5;38.1;0.8
33916;-40.6;38.5;2.4
33918;-39.5;38.2;1.4
33920;-41.3;38.4;1.8
33922;-41.9;38.2;2.1
33924;-41.1;38.9;1
33926;-40.1;38.8;2.2
33928;-40.8;38.2;1.9
33930;-37.9;38.2;0.8
33932;-38.4;38.9;2.5
33934;-38.6;38.4;1.4
33936;-40;38.8;1
33938;-37.6;38.2;2.8
33940;-40.3;38.2;0.6
33942;-43.2;39.1;1.5
33944;-42.1;38.8;2.6
33946;-43;39.3;0.6
33948;-43.9;39.2;2.2
33950;-40.2;38.4;1.5
33952;-39.9;39.1;1
33954;-40.5;39.1;2.6
33956;-39.4;38.7;1.4
33958;-40.1;38.7;1.5
33960;-42.2;39.1;2.1
33962;-42.4;38.6;1
33964;-40.1;38.2;1.8
33966;-41.8;38.9;1.7
33968;-43.3;39;1.2
33970;-39.5;38.3;2
33972;-38.2;38.5;1.5
33974;-40.3;38;1.6
33976;-40.2;38.6;1.9
33978;-40.7;39.1;1.2
33980;-42.2;39.3;1.6
33982;-40.6;38.5;2.1
33984;-38.9;38.4;1.3
33986;-42.1;39;1.8
33988;-41.9;38.4;2.2
33990;-39.4;38.5;0.7
33992;-38.4;38.7;2.3
33994;-41.1;39.1;1.7
33996;-40.1;38.9;1
33998;-38.2;38.3;2.9
34000;-41.4;38.4;1.1
34002;-43.2;39;1.7
34004;-40;38.1;2.3
34006;-40.7;38.2;0.8
34008;-43.6;39;2.3
34010;-38.9;37.9;1.6
34012;-39.4;38.9;1.5
34014;-41.4;38.9;2.5
34016;-40.8;38.9;1.2
34018;-40;38.5;1.7
34020;-42.1;38.9;2.1
34022;-41.4;38.2;0.8
34024;-41.9;38.9;2.3
34026;-41.3;38.3;1.8
34028;-43;38.4;1.6
34030;-40.8;38.3;2.4
34032;-39.3;38.4;1.2
34034;-40.9;38.4;1.5
34036;-40.8;38.7;2
34038;-40.4;39.3;1.4
34040;-40.7;38.5;1.6
34042;-41.3;38.5;1.9
34044;-39.8;38.6;1.2
34046;-40.3;38.4;1.9
34048;-42.4;39.1;1.9
34050;-39.5;38.1;1.1
34052;-38.1;38.3;2
34054;-41.2;38.6;1.8
34056;-39.2;38.4;1.3
34058;-39.4;38.4;2
34060;-42.2;38.9;1
34062;-43.4;38.9;1.6
34064;-40.2;38.2;2.5
34066;-42.7;39.1;0.5
34068;-43.1;39;2
34070;-40.7;38.9;1.9
34072;-38.2;38.4;0.8
34074;-39.5;38.2;2.2
34076;-40.5;38.7;1.1
34078;-39.9;39;1.8
34080;-40.8;38.5;2.4
34082;-42.1;38.4;1
34084;-39.9;38.4;1.9
34086;-41.8;38.8;1.6
34088;-42.4;38;1.5
34090;-40.2;38.4;2.3
34092;-40.3;39.2;1.2
34094;-40.4;38.5;1.6
34096;-39.1;38.6;2.1
34098;-39.4;39;0.9
34100;-41.5;39;2
34102;-40;38.1;1.7
34104;-39.2;38.2;0.6
34106;-40;38.3;2.6
34108;-42.7;38.8;1.2
34110;-40.2;38.8;1.3
34112;-37.6;38.3;2.4
34114;-39.2;38.2;1
34116;-40.2;38.9;2.2
34118;-38.4;38.2;1.4
34120;-40;38.4;1.1
34122;-42.2;38.9;2.1
34124;-38.9;38.4;1.2
34126;-39.1;38.5;1.7
34128;-41.5;38.9;2.2
34130;-38;38.5;0.9
34132;-37.2;38.6;2.2
34134;-39.1;38.7;1.7
34136;-37.6;38.1;0.7
34138;-37.8;38.5;2.3
34140;-39.5;38.4;1.3
34142;-40.3;38.3;1.7
34144;-41.4;39.2;2.3
34146;-41.3;38.8;0.8
34148;-42.4;39.1;2.2
34150;-40.9;39;1.4
34152;-38.2;38.5;1.2
34154;-38.7;38.4;2.1
34156;-37.7;38.1;1.6
34158;-39.1;38.8;1.3
34160;-39.4;38.1;2.2
34162;-40.1;38;1.7
34164;-40.6;39;1.6
34166;-40.1;38.2;2
34168;-42;38.7;1.5
34170;-38.3;38.3;1.4
34172;-38.6;38.4;1.8
34174;-40.1;38.4;1.2
34176;-40.2;39.2;1.6
34178;-39.9;38.9;1.8
34180;-41.4;38.8;1.4
34182;-40.4;38.4;1.5
34184;-39.1;38.2;1.9
34186;-40.1;38.2;1.7
34188;-43;38.8;1.4
34190;-40;38.5;1.6
34192;-38.4;38.4;1.5
34194;-40.2;38.4;1.1
34196;-40.9;39.1;1.9
34198;-40;39;1.6
34200;-42.1;39.1;1.2
34202;-42.5;38.3;1.9
34204;-40.5;38.1;1.5
34206;-41;38.3;0.8
34208;-42.5;38.5;2.2
34210;-40.8;39;1.3
34212;-37.9;38.3;1
34214;-39.8;38.6;2.2
34216;-40.7;39;0.8
34218;-38.4;39.1;1.8
34220;-39.6;38.2;2
34222;-41.7;38.6;0.7
34224;-41.1;39;2.4
34226;-40.6;38.9;1.3
34228;-43.2;39.2;1.1
34230;-39.6;38.4;2.3
34232;-39;38.6;1
34234;-40.4;38.8;1.7
34236;-39.3;38.3;2
34238;-38.9;38.7;1.1
34240;-39.8;38.5;2
34242;-40.4;38.5;1.7
34244;-40.5;39.2;0.9
34246;-40.3;38.9;2.9
34248;-41.9;39.3;0.9
34250;-40;39.2;1.4
34252;-38;38.7;2.5
34254;-38.7;38.4;0.2
34256;-38.8;38.9;2.8
34258;-40;39.2;1.4
34260;-42.1;39.2;0.9
34262;-41.7;38.2;3.1
34264;-41.3;38.2;0.2
34266;-40.9;38.3;2.2
34268;-43.5;38.6;1.9
34270;-40.6;38.6;0.4
34272;-38.3;38.3;2.8
34274;-40.5;38.7;1.1
34276;-39.6;38.2;1.7
34278;-39.1;38.4;2.3
34280;-42.3;39;0.5
34282;-43.1;38.3;2.2
34284;-40.4;38.7;1.5
34286;-41.5;38.4;0.9
34288;-43.6;38.5;2.3
34290;-39.9;38.1;1
34292;-38.9;38.4;1.6
34294;-40.1;38.5;2
34296;-38.7;38.4;1.2
34298;-38.7;38.9;2
34300;-39.7;38.3;1.7
34302;-42.1;38.8;1.4
34304;-40.7;38.9;1.9
34306;-40.4;38.2;1.5
34308;-43.2;39;1.9
34310;-40.9;38.8;1.8
34312;-38.6;38.2;1
34314;-40.2;38.4;1.9
34316;-41.1;39.1;2.2
34318;-39.4;38.4;1.3
34320;-40.6;38.4;1.9
34322;-41.7;38.3;2
34324;-41;39;1.2
34326;-39.6;38.2;1.9
34328;-40.7;38.3;1.8
34330;-39.4;38.7;0.9
34332;-39.3;39.1;2.1
34334;-39.3;38.4;1.4
34336;-40.6;38.5;1.2
34338;-38.9;38.6;2.3
34340;-40.8;38.6;1
34342;-41.9;38.7;1.8
34344;-42;39.1;1.8
34346;-42.6;39;0.7
34348;-43.8;39;2.3
34350;-40.8;38.8;1.3
34352;-38.2;38.2;1
34354;-39.5;38.8;2.3
34356;-38.1;38.1;1
34358;-37.8;37.9;1.9
34360;-40.3;38.1;1.6
34362;-41;38.4;1
34364;-40.1;38.4;2.2
34366;-40.8;38.6;1.7
34368;-42.5;38.5;1.3
34370;-39.3;38.2;2
34372;-38.9;38.6;1
34374;-40.3;38.4;1.3
34376;-40.7;38.6;2.4
34378;-41.1;39.2;0.9
34380;-42.9;39.2;1.7
34382;-41.9;38.4;1.7
34384;-40.6;38.6;1
34386;-43;39.2;2.4
34388;-43.8;39.1;1.4
34390;-40.5;38.8;1.4
34392;-38.8;38.4;2.5
34394;-40.8;38.4;1.1
34396;-41.7;39;1.8
34398;-40.5;39;2.3
34400;-43.3;39;1
34402;-42.6;38.3;1.9
34404;-42.1;38.9;1.9
34406;-41.3;38.5;1.1
34408;-41.7;38.5;2.3
34410;-40.6;38.8;1.4
34412;-37.7;38.5;1.4
34414;-40.2;38.4;1.8
34416;-39.7;39;1.4
34418;-37.9;38.1;1.4
34420;-42.1;39.3;1.9
34422;-42.2;38.6;1.2
34424;-40.3;38.4;1.5
34426;-40.6;38.5;1.9
34428;-44.4;38.9;1.5
34430;-40.2;38.3;1.5
34432;-39.8;38.3;1.5
34434;-42.1;39.1;1.7
34436;-41.3;38.7;1.4
34438;-40.8;39;1.6
34440;-42;38.9;1.8
34442;-43.4;39.1;1.7
34444;-40.7;38.7;1.7
34446;-42.2;39.3;1.8
34448;-41.8;38.7;1.6
34450;-40;38.2;1.4
34452;-40.8;39.1;1.7
34454;-42;38.9;1.7
34456;-40.8;38.7;1.6
34458;-41.1;39;2
34460;-40.8;38.2;1.9
34462;-41.6;38.2;1.6
34464;-42.5;39;1.7
34466;-42.6;38.8;1.5
34468;-43.3;39.1;1.6
34470;-39.5;38.6;2.1
34472;-38.8;38.5;1.3
34474;-39.6;38.5;1.7
34476;-38.9;38.2;2.3
34478;-39;38.4;1
34480;-41.2;38.3;2
34482;-42;38.2;1.7
34484;-42.1;38.8;1
34486;-42;38.3;2.6
34488;-44.3;39;1.2
34490;-41.7;38.8;1.6
34492;-38.9;38.3;2
34494;-41;38.5;0.6
34496;-40;38.8;1.8
34498;-38.7;38.4;1.1
34500;-41.5;38.7;1.4
34502;-41.6;38.6;2.3
34504;-40.2;38.8;1.3
34506;-41.9;38.9;1.8
34508;-43.9;39.1;1.6
34510;-41.3;39;0.9
34512;-39.2;38.4;2
34514;-41;38.6;1.2
34516;-40.7;38.6;1.4
34518;-39.7;38.6;2.3
34520;-43.2;38.4;0.7
34522;-44.4;38.9;2
34524;-41.9;39;2
34526;-41;38.5;0.6
34528;-43.1;39.1;2.5
34530;-40.8;39.2;1.5
34532;-38.4;38.5;1
34534;-39.8;38.3;2.8
34536;-39.6;38.3;0.6
34538;-38.4;38.4;1.9
34540;-39.8;38.4;2.2
34542;-43.1;39.1;0.8
34544;-42;39;2.2
34546;-40.8;38.2;1.3
34548;-42.8;38.4;1.2
34550;-40;38.4;2.6
34552;-40.3;39;0.6
34554;-41.1;39;1.6
34556;-39.7;38.4;1.9
34558;-39.2;38.7;0.9
34560;-40.8;38.6;2.2
34562;-42.7;39.3;1.7
34564;-40.7;38.4;0.9
34566;-41.8;38.6;2.2
34568;-41.8;38.2;1.2
34570;-39.6;38.2;1.6
34572;-39.8;38.6;2.2
34574;-42.5;38.4;1.3
34576;-41.2;38.8;1.9
34578;-39.2;38.5;1.2
34580;-41.3;38.4;1.7
34582;-40.9;38.5;2.1
34584;-40.1;38.5;0.8
34586;-41.3;38.6;1.7
34588;-42.9;39;1.8
34590;-39.2;38.7;1
34592;-37.8;38.4;1.9
34594;-40.1;38.7;1.5
34596;-40.1;38.8;1.4
34598;-39.3;38.5;1.9
34600;-41.7;38.7;1.4
34602;-43.6;38.8;1.6
34604;-40.8;38.5;1.4
34606;-40.9;38.4;1.3
34608;-43.4;39.2;2
34610;-39.4;38.6;1.3
34612;-37.2;38.4;1.2
34614;-38.9;38.4;2
34616;-39.2;38.3;1.3
34618;-39.4;39;1.7
34620;-41.5;39;2.1
34622;-41.1;38.4;1
34624;-41.3;39;1.9
34626;-40.4;38.3;1.9
34628;-41.9;38.3;1
34630;-41.6;39;2
34632;-38.5;38.3;1.7
34634;-40;38.1;1.4
34636;-41.3;38.9;2.3
34638;-39.9;38.2;1.3
34640;-39.8;38.3;1.5
34642;-41.2;38.5;1.8
34644;-40.6;38.8;1.4
34646;-41.3;39.3;2.1
34648;-42.1;39.1;1.7
34650;-39.1;38.3;1.7
34652;-37.8;38.5;1.8
34654;-40.4;39.1;1.1
34656;-39.8;39;1.8
34658;-40.2;39.1;2
34660;-42.2;39;2
34662;-43.1;39.3;1.4
34664;-42;39.1;1.6
34666;-41.7;38.7;2
34668;-42.2;39.2;1.1
34670;-40.4;39.1;1.5
34672;-38.6;38.8;1.5
34674;-40.9;39;1.8
34676;-39.7;38.6;1.9
34678;-39;38.2;1.3
34680;-41.4;38.5;1.5
34682;-42.6;38.7;2
34684;-40.6;38.6;1.5
34686;-41.9;39.1;1.3
34688;-42.1;38.5;2.4
34690;-39.9;38.5;1.3
34692;-39.1;38.5;1.6
34694;-39.5;38.2;2
34696;-40.2;38.8;1
34698;-39.3;38.7;1.8
34700;-40.8;38.6;1.8
34702;-42.3;39;0.8
34704;-39.7;38.2;2.1
34706;-40.8;38.8;1
34708;-43.1;39.1;1.1
34710;-40.9;39.2;2.4
34712;-37.9;38.4;1.5
34714;-39.7;38.5;1.2
34716;-40.4;38.4;2.3
34718;-40.4;38.9;1.5
34720;-40.4;38.3;1.1
34722;-42;38.7;2.6
34724;-39.3;38.3;1.1
34726;-39.1;37.9;1.4
34728;-42.2;38.8;2.4
34730;-38.5;38.1;1
34732;-37.1;38;2.1
34734;-38.7;38.3;1.8
34736;-39.3;38.1;1.1
34738;-39.5;38.5;2.2
34740;-40.7;38.5;0.9
34742;-41.2;38.1;1.4
34744;-41.3;38.4;2
34746;-42.7;38.8;0.8
34748;-43;38.2;1.9
34750;-41.4;38.9;1.6
34752;-39.6;39;1.3
34754;-39.6;38.3;2.3
34756;-38.6;38.4;1.2
34758;-39.7;38.9;1.8
34760;-40.3;38;1.9
34762;-40.8;38.3;0.9
34764;-40.1;38.5;2
34766;-41.7;39;2.1
34768;-43;38.6;1.3
34770;-39.4;38.2;1.9
34772;-38.9;38.3;1.6
34774;-42.1;39.1;1.7
34776;-39.5;38.2;2
34778;-39.8;38.5;1.4
34780;-40.5;38.6;1.4
34782;-41.9;38.8;1.9
34784;-39.2;38.4;2.1
34786;-40.7;38.6;1.4
34788;-43.3;39.3;1.6
34790;-39.6;38.4;1.8
34792;-38;38.6;1.1
34794;-41.7;38.9;1.8
34796;-41.2;39.1;1.8
34798;-39.5;38.5;1.2
34800;-42.2;38.3;1.9
34802;-42.9;38.5;1.9
34804;-41.3;38.3;0.9
34806;-41.2;38.1;1.8
34808;-42.4;38.2;1.7
34810;-39.6;38;1.8
34812;-38.7;38.5;1.6
34814;-40.4;38.4;1.5
34816;-40.3;38.5;1.7
34818;-38.6;38.5;1.3
34820;-40.2;38.1;1.7
34822;-42.2;38.4;1.4
34824;-40.8;38.4;1.9
34826;-41;38.4;1.8
34828;-44;39.1;1.5
34830;-40;38.2;1.8
34832;-39.6;38.7;1.8
34834;-40.5;38.6;1.1
34836;-40.8;38.4;2.3
34838;-40.7;38.7;1.3
34840;-41.1;38.3;1.5
34842;-41.2;38.2;2.2
34844;-39.7;38;0.9
34846;-41.8;38.9;1.7
34848;-42.9;39.2;2.1
34850;-40.7;39.1;1.2
34852;-38.9;38.6;1.9
34854;-39.7;38.8;1.2
34856;-41.1;39.1;1.5
34858;-40.4;38.8;2.7
34860;-41.5;38.6;0.9
34862;-42.7;38.7;1.7
34864;-42.6;39;2.2
34866;-42.6;38.7;0.7
34868;-42.8;38.5;2.2
34870;-40.5;38.7;1.8
34872;-39.5;38.1;1
34874;-40.6;38.6;2.2
34876;-39.7;38.4;1.3
34878;-41.1;39;1.8
34880;-42.1;38.6;1.8
34882;-42.3;38.3;1.2
34884;-40.9;38.5;2.1
34886;-43.3;39.2;1.4
34888;-43;38.6;1.1
34890;-41.5;38.9;2
34892;-39.5;38.4;1.4
34894;-42;39;1.6
34896;-39.1;38.6;2.1
34898;-38.3;38.2;1.3
34900;-42.2;39;1.8
34902;-41.9;38.5;1.5
34904;-40.5;38.3;1.7
34906;-41.5;38.3;1.6
34908;-44;39.1;1.4
34910;-41.5;38.9;1.8
34912;-39.5;38.6;1.4
34914;-41.2;38.6;1.5
34916;-41.3;39;1.6
34918;-41.4;39.3;1.7
34920;-42.1;38.6;1.7
34922;-43.1;38.5;1.5
34924;-40.7;39.2;2.2
34926;-42.1;39.1;1.4
34928;-42;38.1;1.5
34930;-39.4;38.2;1.8
34932;-38.2;38;1.2
34934;-40.3;38.2;2
34936;-41.5;38.9;2.3
34938;-40.5;38.9;0.7
34940;-41.2;38.5;2
34942;-43.6;38.9;1.8
34944;-42.6;38.9;0.9
34946;-41.4;38.4;2.4
34948;-43.5;38.9;1.2
34950;-41;38.9;1.6
34952;-37.8;38.4;2.4
34954;-40.7;38.9;1.2
34956;-38.6;38.6;1.3
34958;-38.6;38.5;2.3
34960;-41.1;38.9;1
34962;-42.2;39.3;2.6
34964;-39.5;38.5;1.7
34966;-40.9;38.8;0.6
34968;-41.4;38.5;2.9
34970;-38.7;38.3;1
34972;-38.4;38.4;1.7
34974;-39.6;38.4;2
34976;-40.4;39.1;0.8
34978;-40.6;39.5;2.5
34980;-42.2;39.2;1.6
34982;-40.8;38.8;1
34984;-39.2;38.7;2.3
34986;-42.2;39.5;0.9
34988;-41.3;38.4;1.8
34990;-40.8;39.1;2.1
34992;-40.2;39.1;1.2
34994;-40.1;38.2;1.9
34996;-41.8;39;1.7
34998;-41.3;38.9;1
35000;-43.6;38.6;1.8
35002;-43.2;38.4;1.8
35004;-41.7;38.7;1.2
35006;-42.4;38.6;1.9
35008;-43.8;38.9;1.9
35010;-39.6;38.5;1.5
35012;-39;38.6;2
35014;-41.3;38.8;1.7
35016;-40.9;38.8;1.6
35018;-38.9;38.2;2
35020;-40.7;38.4;1.6
35022;-41.3;38.4;1.7
35024;-42;38.9;1.7
35026;-40.9;38.3;1.6
35028;-44.7;39;1.7
35030;-41.6;38.4;1.7
35032;-41.4;39;1.6
35034;-42.9;38.8;1.8
35036;-41.1;38.4;1.8
35038;-40.5;38.3;1.5
35040;-41.3;38.4;1.8
35042;-44.1;38.9;1.6
35044;-42.2;38.8;1.6
35046;-41;38.2;2.1
35048;-44.3;38.8;1.4
35050;-41.7;38.7;2.2
35052;-40.9;39;1.8
35054;-40.3;38.5;1
35056;-42.5;39.2;2.3
35058;-41.8;38.9;1.5
35060;-43.9;39.1;1.4
35062;-43.6;38.4;2.1
35064;-41.8;38.5;1.3
35066;-42.4;38.8;1.5
35068;-44.3;39.2;1.9
35070;-40.4;38.7;1.7
35072;-39.6;38.7;1.6
35074;-40.3;38.4;2.4
35076;-40.3;38.7;1.5
35078;-41.3;39.1;1.1
35080;-41.8;38.4;2
35082;-44;38.8;2
35084;-41.9;38.5;1.7
35086;-43.5;38.8;1.3
35088;-45.1;38.8;2.2
35090;-42.4;38.8;1.4
35092;-41.9;38.6;1.3
35094;-43.1;39;2.2
35096;-41.3;38.9;1.6
35098;-39.9;38.2;1.2
35100;-43.2;38.3;1.8
35102;-42.7;38.1;1.6
35104;-42.9;39;1.6
35106;-43;38.4;1.6
35108;-45.3;39;1.9
35110;-41.6;39;1.5
35112;-39.9;38.3;1.3
35114;-42.2;38.1;1.6
35116;-43.5;39;1.7
35118;-41.8;38.6;1.2
35120;-44.3;38.8;1.4
35122;-44.8;38.4;1.9
35124;-41.7;38.6;1.3
35126;-41.7;38.4;1.4
35128;-44.5;39.3;1.8
35130;-40.3;38.4;1.3
35132;-40;38.6;2.1
35134;-40.5;38.2;1.6
35136;-41.9;38.9;1.7
35138;-39.4;38.3;1.9
35140;-42.2;38.5;1.1
35142;-44.8;39.1;1.8
35144;-43.6;38.9;2.1
35146;-43.4;38.1;1.1
35148;-45.3;38.9;1.8
35150;-42.8;38.5;2.3
35152;-39.9;38.2;0.9
35154;-41.5;38.5;2.1
35156;-41.4;38.6;2
35158;-41.5;39.1;1.2
35160;-42.2;38.5;2.3
35162;-43.3;38.5;1.7
35164;-41.2;38.4;1.2
35166;-42.6;38.6;1.9
35168;-42.6;38.3;1.8
35170;-42;38.7;1.2
35172;-39.8;38.4;1.8
35174;-42;38.6;1.8
35176;-41.2;38.6;1.3
35178;-41.4;38.9;2.7
35180;-43.1;39;1.6
35182;-41.8;38.5;1
35184;-42;39;2.5
35186;-43.2;38.8;1.4
35188;-41.7;38.3;1
35190;-40;38.5;2.5
35192;-38.6;38.1;0.4
35194;-40.7;38.2;1.9
35196;-41.5;38.5;2.4
35198;-40.7;38.4;0.8
35200;-42.5;38.3;2.2
35202;-44.3;38.8;1.6
35204;-40.7;38;1.1
35206;-41.6;38.1;1.9
35208;-42;38.2;0.9
35210;-39.4;38.3;1.5
35212;-38;38.4;2.1
35214;-41.6;38.7;0.9
35216;-40.5;38.6;1.9
35218;-39.7;38.4;2
35220;-41.5;38.7;0.8
35222;-40.8;38.3;2.1
35224;-41.4;38.9;1.5
35226;-41.2;38;1
35228;-43;38.3;2.4
35230;-41;38.4;1.3
35232;-39;38.5;1.5
35234;-40.3;38.4;2
35236;-40.2;38.4;1.2
35238;-39.6;38.6;1.9
35240;-41.4;38.8;2
35242;-42.7;39.3;1
35244;-41.3;39.3;2.1
35246;-40.7;39;1.9
35248;-42.6;39.2;1
35250;-40.6;39.2;2.4
35252;-38;38.5;1.7
35254;-39;38.5;1
35256;-41.1;39.1;2.8
35258;-40.7;39.1;1.5
35260;-42.5;39;1.6
35262;-42.6;39;2
35264;-41.3;38.8;0.9
35266;-42.5;39.1;2.1
35268;-42.8;39;2.4
35270;-40.6;39.3;0.7
35272;-38.5;38.5;2.2
35274;-39.7;38.4;1.6
35276;-39.5;38.4;0.9
35278;-40.2;38.3;2.7
35280;-40.8;38;0.9
35282;-43.1;38.9;1.5
35284;-42.2;38.8;2.5
35286;-42.2;38.5;0.5
35288;-42.7;38.1;2.5
35290;-40.2;38.2;1.2
35292;-39;37.9;1.1
35294;-42.5;38.9;2.4
35296;-39.2;38.1;1.2
35298;-39.7;38.7;1.5
35300;-40.2;37.8;2.2
35302;-43.2;38.8;0.9
35304;-41.6;38.9;2
35306;-41.9;38.4;2.2
35308;-43.9;38.9;0.7
35310;-40.4;38.7;2.3
35312;-38.9;38.4;1.8
35314;-41;37.9;0.9
35316;-40.4;38.5;2.2
35318;-39.5;38;0.9
35320;-41.5;38.4;1.4
35322;-42;38.2;2.3
35324;-39.4;38.3;0.9
35326;-39.5;38.7;2
35328;-42.7;39;2.4
35330;-38.9;38.5;0.8
35332;-37.9;38.2;2.2
35334;-41;38.8;1.6
35336;-39.9;38.4;0.9
35338;-39;38.2;2.5
35340;-41.4;38.6;1.3
35342;-41.5;38.4;1.8
35344;-42.5;38.8;2
35346;-43.1;39.1;0.9
35348;-43.3;38.8;1.8
35350;-41.9;39;1.8
35352;-39.1;38.5;1.1
35354;-39.9;38.7;1.7
35356;-38.5;38.2;2.1
35358;-38.8;38.6;1.7
35360;-41.1;38.7;1.6
35362;-41;38.4;1.8
35364;-40.1;38.5;1.6
35366;-41.6;39;1.9
35368;-43.1;38.7;1.6
35370;-39.1;38.2;1.4
35372;-39.7;38.7;1.9
35374;-41.1;38.7;1.8
35376;-41.6;39.2;1.4
35378;-38.9;38.6;1.3
35380;-41.4;38.5;1.9
35382;-41.2;38.3;1.4
35384;-40.4;38.4;1.4
35386;-42.5;38.6;2.1
35388;-43.8;38.9;1
35390;-40;38.4;1.4
35392;-38.6;38.2;2.1
35394;-41.3;38.4;1.1
35396;-41.7;39;2.1
35398;-40.1;38.4;2.1
35400;-43.9;38.9;0.5
35402;-43.2;38.4;2.2
35404;-42;38.6;1.4
35406;-42.2;38.6;1.6
35408;-42.6;38.1;2.1
35410;-39.7;38.2;0.9
35412;-38;38;2
35414;-40;38.3;1.6
35416;-40.8;39.2;0.9
35418;-40;39.3;2.3
35420;-41.9;39.2;1
35422;-43.2;39;1.9
35424;-41.4;38.9;2.3
35426;-40.8;38.4;1
35428;-42.9;39.1;2.4
35430;-40.7;38.6;1.8
35432;-39.7;38.5;0.9
35434;-41.1;38.5;2.3
35436;-41.6;38.5;1.1
35438;-40.5;38.7;1.3
35440;-40.3;38.1;2.2
35442;-41.6;38.5;0.9
35444;-40.3;38.2;2
35446;-40.8;38.8;1.9
35448;-41.3;39.1;1
35450;-39.6;38.7;2.2
35452;-39.8;39.3;1.7
35454;-41.3;38.9;1
35456;-40.9;38.8;2
35458;-41.1;39;1.2
35460;-43;39;1.3
35462;-42.9;38.4;2.7
35464;-41.8;38.4;1.3
35466;-42.3;38.6;1.8
35468;-43.2;38.5;1.9
35470;-41.3;38.9;0.9
35472;-38.6;38.4;2
35474;-40.7;38.6;1.7
35476;-39.6;38.4;1
35478;-41;39;2.7
35480;-42.2;38.7;1.2
35482;-42.5;38.6;1.1
35484;-41.2;38.6;2.5
35486;-43.5;39;0.8
35488;-44.5;39;2
35490;-40.6;38.3;2
35492;-40;38.8;0.5
35494;-40.2;38.4;2
35496;-40.7;39.1;1.3
35498;-38;38.2;1.5
35500;-41;38.8;2.4
35502;-42.8;39.1;0.9
35504;-40;38.7;2.2
35506;-41;38.8;1.6
35508;-43.1;38.7;0.7
35510;-41.3;39.1;2.7
35512;-38.3;38.5;1.1
35514;-41.4;38.9;1.3
35516;-40.6;38.6;2.2
35518;-40.8;38.7;0.9
35520;-43.1;39;1.5
35522;-42.6;38.3;2.3
35524;-41.9;38.8;0.6
35526;-40.7;38.2;2.3
35528;-41.2;38.3;1.6
35530;-39.8;38.4;0.9
35532;-39.6;39;2.8
35534;-40.1;38.5;0.6
35536;-41;39;1.7
35538;-40.1;38.8;2.6
35540;-40.5;38.1;0.6
35542;-42.2;38.3;2.3
35544;-42.4;38.8;1.3
35546;-41.2;38.4;1.3
35548;-43.9;39;2.4
35550;-41.4;38.8;1
35552;-38.6;38.3;1.7
35554;-40.6;39.1;2
35556;-38.4;38.1;0.8
35558;-38.5;38.6;2
35560;-39.7;38.5;1.6
35562;-40.6;38.4;1
35564;-39;38;2.3
35566;-39.7;38.4;1
35568;-42.5;39.1;1.2
35570;-38.5;38.4;2.6
35572;-38.2;38.2;0.8
35574;-41.5;39.2;2
35576;-39.6;38.6;2
35578;-40.2;39;0.9
35580;-40.9;39;2.2
35582;-40.3;38.1;1.4
35584;-39.6;38.7;1.1
35586;-41.6;38.7;2.5
35588;-42.9;38.9;0.8
35590;-39.2;38.5;1.9
35592;-39.5;39;2.3
35594;-39.6;38.5;0.7
35596;-40.5;39.2;2.5
35598;-39.6;39.1;1.4
35600;-40.7;38.2;1.4
35602;-41.6;38.3;1.8
35604;-41.5;39.1;1
35606;-41;38.5;1.7
35608;-42.9;39.1;2.2
35610;-40.2;39.1;0.9
35612;-38.1;38.5;1.9
35614;-39.3;38.5;2.1
35616;-40.4;39.2;1.1
35618;-37.5;38.6;2.7
35620;-41.6;39.1;0.9
35622;-42.7;38.7;1.5
35624;-40.2;38.3;2.4
35626;-42.1;39.2;1
35628;-43.6;39.2;2.2
35630;-41.2;38.8;1.6
35632;-38.9;38.5;0.9
35634;-40.2;38.5;2.2
35636;-40.6;38.4;1.1
35638;-39.2;38.4;1.3
35640;-40.7;38.4;2.3
35642;-41.2;38.2;0.6
35644;-39.6;38.5;1.9
35646;-41.6;39;2
35648;-41.2;38.2;0.8
35650;-39.7;38.1;2.4
35652;-38;38;1.3
35654;-41.3;38.4;1.3
35656;-39.5;38.2;2.2
35658;-40.5;38.9;0.9
35660;-40.6;38.2;1.9
35662;-41.8;38.2;2.2
35664;-42.3;38.7;1
35666;-42.3;38.8;2.3
35668;-42;38.4;1.1
35670;-40.1;38.6;1.7
35672;-38.5;38.4;2.2
35674;-40.5;38.2;1.2
35676;-40.8;38.9;1.7
35678;-39.3;38.3;2
35680;-42;38.4;1.2
35682;-42.8;38.4;1.6
35684;-40.7;38.3;1.9
35686;-41.3;38.4;1.2
35688;-43.6;38.8;1.7
35690;-41.3;38.6;2.1
35692;-38.7;38.4;1.5
35694;-41.6;38.9;1.4
35696;-40.6;39.1;2
35698;-39.9;39.1;1.7
35700;-42.1;39.2;1.3
35702;-41.6;38.6;1.8
35704;-42;39.3;1.5
35706;-42;38.6;1.8
35708;-44.4;39;1.8
35710;-41;38.8;1.3
35712;-38.8;38.5;2.1
35714;-41.5;38.8;1.5
35716;-41.6;39.1;1.1
35718;-40.5;38.9;1.9
35720;-43.1;39.4;1.3
35722;-42.1;38.6;1.3
35724;-40.1;38.7;1.9
35726;-42;39.2;1.9
35728;-43.2;39.1;1.5
35730;-41.1;39.3;1.8
35732;-38.9;38.5;1.4
35734;-41.2;38.9;1.8
35736;-40.9;38.9;1.8
35738;-39.2;39.1;1.3
35740;-41;38.4;1.5
35742;-44;39;2.1
35744;-42.8;38.9;1.3
35746;-43.5;38.9;1.6
35748;-43.7;38.3;2
35750;-41.5;38.4;1.1
35752;-40.9;39.2;1.6
35754;-41.8;39.4;2.1
35756;-40.9;38.9;1.4
35758;-41;38.9;1.8
35760;-41.5;38.5;1.9
35762;-43.6;39.1;1.6
35764;-40.9;38.9;1.9
35766;-42.7;39.4;1.7
35768;-42.4;38.7;1.3
35770;-40.1;38.7;1.9
35772;-39.3;38.7;1.2
35774;-42.4;39.1;1.3
35776;-41.6;39.2;2.6
35778;-41;39.2;1.2
35780;-40.4;38.6;1.6
35782;-40.8;38.3;1.9
35784;-39.2;38.4;1.4
35786;-42.3;39;1.9
35788;-43.4;39.1;1.4
35790;-39.8;38.4;1.8
35792;-39;38.5;2.2
35794;-41.7;39.2;1
35796;-39.9;38.7;1.8
35798;-38.9;38.5;1.6
35800;-41.5;38.4;1.2
35802;-42.4;38.3;2.3
35804;-40.8;38.6;1.5
35806;-41.1;38.5;1.6
35808;-43.5;39.1;2.1
35810;-38.8;38.4;1.2
35812;-38.1;38.6;1.6
35814;-39.2;38.1;1.9
35816;-39.5;38.4;1.1
35818;-40.1;38.8;1.8
35820;-42.2;39.3;1.8
35822;-41.8;38.4;1.2
35824;-40.1;38.5;1.9
35826;-42;38.7;1.8
35828;-43.3;38.7;1.1
35830;-42.2;39.2;1.9
35832;-39.3;38.3;2
35834;-41.6;38.5;1.4
35836;-40.3;38.3;1.3
35838;-41;38.8;1.9
35840;-41.3;38.6;1.5
35842;-42.8;39.1;1.8
35844;-40.4;38.5;1.9
35846;-41.9;38.9;1.2
35848;-43.5;38.8;1.8
35850;-41.3;38.8;2
35852;-39.4;38.3;1.3
35854;-40.7;38.4;2
35856;-41.6;39.4;1.6
35858;-40;38.4;1
35860;-42.3;38.5;1.8
35862;-42.4;38.8;1.4
35864;-42;38.4;1.6
35866;-42.4;39.1;1.7
35868;-43.7;39.3;1.6
35870;-41;39.2;1.1
35872;-38.3;38.2;1.8
35874;-41.7;39;2.2
35876;-41.2;39.1;1
35878;-40;38.5;2.1
35880;-41.7;38.7;1.8
35882;-43.3;38.9;0.7
35884;-40.6;38.1;2.4
35886;-42.1;38.4;1
35888;-43;38.3;1.2
35890;-41.7;38.7;2.1
35892;-41.6;39;0.7
35894;-41.7;38.4;2.3
35896;-40.6;38.6;1.5
35898;-39.8;38.7;1
35900;-41.5;38;2.1
35902;-41.4;38.2;1.7
35904;-42;39.1;1.7
35906;-42.1;38.7;2
35908;-44.2;39.1;1.8
35910;-41.5;38.7;1.2
35912;-38.8;38.4;1.6
35914;-42.2;39.2;2
35916;-40.1;38.4;1.8
35918;-41.2;39;1.3
35920;-41.4;38.4;1.1
35922;-43.9;39.1;1.7
35924;-40.2;38.4;1.5
35926;-40.6;38.4;1.5
35928;-42.9;38.8;1.7
35930;-39.5;38.6;2
35932;-38.7;38.5;1.1
35934;-39.6;38.5;1.8
35936;-39.9;38.4;1.8
35938;-40.7;39.3;1.6
35940;-42.4;38.4;1.7
35942;-42.9;38.5;2.1
35944;-41.6;38.5;1.6
35946;-43.5;38.9;1.3
35948;-43.5;38.4;1.7
35950;-41.9;38.9;1.5
35952;-40.2;39.1;1.7
35954;-41;39.1;2
35956;-38.7;38.2;2
35958;-39;38.5;1
35960;-40.5;38.4;1.7
35962;-42.7;39.2;1.8
35964;-40.2;39.1;1.3
35966;-42;39.5;1.8
35968;-41.1;38.4;1.9
35970;-39.1;38.5;1
35972;-39.2;38.7;1.9
35974;-40.5;38.5;2
35976;-41.2;39.2;1.6
35978;-39;38.2;2.4
35980;-41.1;38.4;1
35982;-42.8;38.5;1.4
35984;-41.3;38.7;2
35986;-42.6;38.7;0.9
35988;-42.9;38.5;2.3
35990;-42;39.1;1.6
35992;-39.5;38.5;0.9
35994;-40.5;38.4;2.6
35996;-41.9;39;1.3
35998;-39.6;38.7;1.1
36000;-43.7;39.1;2.6
36002;-43.3;38.4;0.7
36004;-42.9;38.4;1.7
36006;-41.7;38.4;2.2
36008;-43;38.5;1
36010;-41.2;39.2;2
36012;-38.6;39.2;1.5
36014;-40.1;38.8;1.5
36016;-40;38.4;2.1
36018;-38.9;38.4;1.2
36020;-41;38.4;1.7
36022;-41.8;38.4;1.5
36024;-39.9;38.5;1.4
36026;-42.8;39.3;2
36028;-44.3;39.1;1.1
36030;-40.7;38.4;1.7
36032;-41.1;39.2;3
36034;-42.6;39.1;0.6
36036;-41.9;38.6;2.7
36038;-40.1;38.5;1.7
36040;-41.6;38.6;1
36042;-42.8;38.7;2.6
36044;-40.9;38.6;1.4
36046;-41.1;38.3;1.6
36048;-43.4;39;2.2
36050;-41.1;39.1;1.3
36052;-39.5;38.5;1.4
36054;-40.7;38.5;1.8
36056;-41.5;39.1;1.3
36058;-41.3;38.7;1.5
36060;-43.2;39.3;1.8
36062;-42.2;38.5;1.5
36064;-42;38.7;1.2
36066;-43;39.1;2.3
36068;-42.5;38.2;1.6
36070;-41.4;38.7;1
36072;-40.6;39;2.3
36074;-40.5;38.3;0.9
36076;-41.3;38.7;1.8
36078;-40.1;38.5;2.1
36080;-42.1;38.5;0.8
36082;-43.2;38.4;2.7
36084;-41.4;38.5;1.6
36086;-42.8;38.6;0.7
36088;-42.9;38.4;2.8
36090;-41.8;38.9;0.6
36092;-39.9;38.8;1.7
36094;-42;39.1;2.5
36096;-40.3;38.9;0.2
36098;-38.4;38.5;2.6
36100;-40.3;38.3;1
36102;-43.4;38.6;1.3
36104;-40.9;38.4;3
36106;-42.1;38.3;0.4
36108;-44.6;38.6;2.4
36110;-42.4;38.8;1.8
36112;-39.3;38.2;0.7
36114;-42.9;39;2.4
36116;-41.7;39;1.2
36118;-42;39.1;1.3
36120;-42.2;38.4;2.4
36122;-44.2;39.2;0.8
36124;-42.5;39.2;2.3
36126;-41.8;38.9;1.9
36128;-43.6;39.1;0.9
36130;-40;38.4;2.4
36132;-39.4;38.6;1.5
36134;-40.5;38.6;1.6
36136;-41.6;39.1;2.1
36138;-41.1;39.1;0.9
36140;-42;38.4;1.5
36142;-44.4;39;2.4
36144;-43.9;38.9;0.8
36146;-43.8;38.9;1.8
36148;-45.2;38.9;2.2
36150;-41.9;38.6;0.9
36152;-39.5;38.3;2
36154;-40.9;38.5;2.2
36156;-39.7;38.1;1.2
36158;-39.4;38.1;1.5
36160;-42.7;38.6;2
36162;-42.4;38.3;1.8
36164;-41.2;38.4;1.4
36166;-42.2;38.7;1.9
36168;-44.3;39;1.9
36170;-40.1;38.5;1.5
36172;-40.1;38.3;2
36174;-41.5;38.4;1.5
36176;-42.1;38.4;1.8
36178;-39.5;38.1;1.6
36180;-41.1;38.2;0.9
36182;-41.6;38.4;2.8
36184;-40.2;38.2;1.1
36186;-41.3;38.1;1.3
36188;-44.6;39.1;2.6
36190;-40.7;38.4;0.5
36192;-39.5;38.2;1.8
36194;-41.9;38.4;2.1
36196;-42.4;39.1;1
36198;-41.4;38.9;2.1
36200;-42.2;38.2;1.7
36202;-43.6;38.5;0.9
36204;-41.9;38.9;1.8
36206;-41.8;38.8;1.8
36208;-43.8;39.2;1.5
36210;-39.9;38.6;1.6
36212;-39.2;38.6;1.5
36214;-39.9;38.3;1.7
36216;-41.1;39.2;2
36218;-38.7;38.5;1.2
36220;-41.6;38.4;1.8
36222;-44.3;39;1.7
36224;-40.9;38.3;1.7
36226;-43;38.9;1.8
36228;-45.2;39.1;1.3
36230;-41.8;38.6;1.3
36232;-40.6;38.4;2.2
36234;-42.5;38.6;1
36236;-41.6;38.4;1.8
36238;-41.2;39.2;2.2
36240;-42.3;38.8;1
36242;-44.3;39.4;2.3
36244;-42.3;39.1;1.7
36246;-42.8;39.1;0.7
36248;-44.4;39.1;2
36250;-41.9;38.9;1.3
36252;-41.2;39;1.2
36254;-40.6;38.4;2.6
36256;-42.4;39;0.5
36258;-41.9;38.9;2.1
36260;-43.8;38.8;2
36262;-43.4;38.4;0.7
36264;-42.2;38.6;2.6
36266;-43.6;38.9;1.1
36268;-44.2;39;1.1
36270;-41.6;38.8;2.1
36272;-41.1;39.2;1.1
36274;-41.7;38.6;1.5
36276;-41.8;39;1.8
36278;-40.4;38.5;1.4
36280;-42.6;38.6;1.9
36282;-43.1;38.1;1.9
36284;-42.2;38.5;1.1
36286;-43;38.4;1.7
36288;-45.2;39;2
36290;-42.2;38.8;0.9
36292;-40.9;38.7;1.9
36294;-41.8;39;1.8
36296;-41.8;39;1.3
36298;-38.6;38.2;2.2
36300;-40.8;38.1;1.3
36302;-43;38.9;1.8
36304;-42.2;39;2.1
36306;-41.7;38.6;1
36308;-42.9;38.3;2.1
36310;-40;38.5;1.7
36312;-39.1;38.4;1
36314;-41.2;38.4;2.6
36316;-42;38.6;1.4
36318;-42;38.9;0.9
36320;-42.4;38.2;2.3
36322;-43.3;38.9;1.3
36324;-42.1;38.8;1.6
36326;-41.8;38.8;1.9
36328;-43.8;38.7;1.1
36330;-41.3;38.3;1.6
36332;-38.8;38.1;1.8
36334;-40;38.5;1.7
36336;-41.1;38.6;1.6
36338;-39.2;38.3;1.5
36340;-41.3;38.5;1.5
36342;-44.4;39.2;2.1
36344;-43.4;38.9;1.6
36346;-43.3;38.7;1.2
36348;-43.7;38.5;2
36350;-41.7;38.4;2
36352;-40.1;39.1;1.2
36354;-41.6;39.3;1.7
36356;-42.4;39;1.8
36358;-42.2;39.2;1
36360;-42.8;38.3;1.8
36362;-44.1;38.6;1.6
36364;-41.9;38.1;1
36366;-42.4;38.5;1.8
36368;-43.5;38.6;1.5
36370;-42.8;39;1.1
36372;-41.2;38.3;1.7
36374;-42.3;38.4;1.8
36376;-43.7;39;1.1
36378;-43;39.4;1.7
36380;-44.2;39.1;2.2
36382;-43.8;38.7;1.3
36384;-42.1;38.5;1.1
36386;-43.2;38.6;1.6
36388;-43.9;38.8;1
36390;-41.6;38.7;1.8
36392;-39.5;38.4;2.3
36394;-41.3;38.2;1.5
36396;-41.9;39.2;2
36398;-40.2;38.2;1.6
36400;-44;39;1.3
36402;-44.9;39.1;2.4
36404;-41.1;38.2;1.5
36406;-42.7;38.5;1.2
36408;-44.1;38.9;2.1
36410;-41.8;39;1.6
36412;-38.5;38.4;1.3
36414;-40.4;38.4;2.3
36416;-39.9;37.9;1.5
36418;-40;38.3;1.2
36420;-42.2;38.6;1.8
36422;-42.5;38.3;1.6
36424;-43.4;38.9;1.2
36426;-44;38.8;2.4
36428;-44.5;38.5;1.7
36430;-41.7;38.1;0.9
36432;-40.4;38;2.7
36434;-42.4;38.4;1.7
36436;-42.2;38.6;1.1
36438;-40.5;38.5;2.3
36440;-42.6;38.7;1
36442;-42.2;38.5;1.8
36444;-41.1;38.6;2.7
36446;-40.6;38.5;0.8
36448;-43.5;39.1;2.3
36450;-41;39.1;1.8
36452;-38.8;38.5;1.3
36454;-41.3;38.9;2.6
36456;-41.3;38.5;0.7
36458;-41.4;39.1;1.4
36460;-43.6;39;2.1
36462;-44.9;39;0.9
36464;-42.7;38.5;2.2
36466;-43.3;38.5;1.6
36468;-44.5;38.9;1.3
36470;-41.9;38.7;2.4
36472;-40.3;37.9;1
36474;-41.1;38;1.9
36476;-42.2;39;2.6
36478;-41.1;38.4;1
36480;-44.1;38.9;1.9
36482;-44.1;38.6;1.8
36484;-42.3;38.5;1
36486;-43.8;39.1;2.4
36488;-43.4;38.4;1.5
36490;-40.8;38.4;1.5
36492;-39.6;38.4;2.2
36494;-41.2;38.4;1.3
36496;-41.1;38.9;1.7
36498;-40.1;39;2.2
36500;-40.8;38.4;1.3
36502;-42.5;38.7;1.9
36504;-41.4;38.9;1.8
36506;-42.2;38.9;1.3
36508;-42.7;38.4;2.1
36510;-40.9;38.9;1.3
36512;-39.9;39.1;1
36514;-41.7;39.2;2.1
36516;-41.5;39.3;1.2
36518;-39.5;38.5;2
36520;-41.1;38.3;2
36522;-41.8;38.1;1.1
36524;-39.9;38.3;2.5
36526;-41.1;38.5;1.5
36528;-42.6;39;1.3
36530;-39.1;38.6;2.4
36532;-39.3;39;1
36534;-41.2;39;2
36536;-39.8;38.6;1.9
36538;-38.9;38.7;0.4
36540;-41.9;39.2;2.8
36542;-43.4;39.3;1
36544;-42.4;38.8;1.6
36546;-42.7;38.8;2.6
36548;-43.7;38.5;0.3
36550;-40.6;38.7;2.5
36552;-38.8;38.4;1.5
36554;-40;38.9;1.1
36556;-40;38.8;2.7
36558;-40.9;39.4;1.3
36560;-41.8;38.7;2.3
36562;-42.1;38.3;1.7
36564;-41.9;39.1;1
36566;-42.1;38.8;2.3
36568;-43.7;39.3;1
36570;-40.2;38.6;1.6
36572;-39.8;38.5;2
36574;-42.3;38.5;0.6
36576;-41.5;38.9;2.9
36578;-40.6;38.8;1.5
36580;-42.6;38.9;0.8
36582;-41.8;38.3;2.8
36584;-40.3;38.7;0.4
36586;-41.7;38.5;1.9
36588;-42.7;38.5;2.3
36590;-40;38.6;0.6
36592;-39.7;38.4;2.5
36594;-40.8;38.3;1.6
36596;-41.8;39.1;1
36598;-41.2;39.2;2.5
36600;-43.4;38.9;1.4
36602;-43.5;38.6;1
36604;-41.6;38.4;2.3
36606;-42.7;38.5;1.2
36608;-43.7;38.4;2.1
36610;-40.8;38.2;1.7
36612;-40.5;38.9;0.8
36614;-40.1;38.2;2.4
36616;-41.6;39;1.7
36618;-39.5;38.5;1.3
36620;-40.9;38.4;2
36622;-43.6;39.2;0.9
36624;-42;39.1;1.9
36626;-42.5;39;1.9
36628;-43;38.6;1
36630;-39.9;38.4;2.2
36632;-40.3;39;1.7
36634;-41.1;38.4;0.8
36636;-40.8;38.7;2.5
36638;-40.3;38.6;1.2
36640;-41.4;38.8;1.2
36642;-41.5;38.1;2.5
36644;-40.4;38.5;1
36646;-40.5;38.4;1
36648;-43.2;39.1;2.1
36650;-39.4;38.2;1.2
36652;-38.5;38.5;1.2
36654;-41.1;38.6;2
36656;-41.4;39.3;1.1
36658;-41.5;39.1;1.4
36660;-43.7;39;1.7
36662;-43.2;38.4;1.3
36664;-43.3;39.1;1.8
36666;-43.2;38.7;1.6
36668;-44.4;39;1.1
36670;-41.3;38.5;2.5
36672;-39.1;38;1.4
36674;-40.7;38.2;1.3
36676;-41.3;38.9;1.9
36678;-41.4;39.3;1.2
36680;-41.6;38.5;1.8
36682;-42.9;38.7;2.2
36684;-41.1;38.5;0.8
36686;-42.5;39;2.1
36688;-44.6;39.3;2.1
36690;-40.2;38.8;0.7
36692;-39.8;39;2.5
36694;-40.9;38.6;1.3
36696;-39.9;38.7;1.4
36698;-38.5;38.8;2
36700;-41.9;39;1.7
36702;-41.8;38.6;1.2
36704;-40.2;38.8;1.7
36706;-41.4;38.7;1.2
36708;-43.4;39.2;1.2
36710;-39.5;38.4;2.1
36712;-38.6;38.6;1.7
36714;-41.6;38.8;1.5
36716;-41.3;39;2.3
36718;-39.4;38.6;1.4
36720;-41.8;38.4;1.3
36722;-41.9;38.8;2.2
36724;-41.4;39;1.2
36726;-40.5;38.5;1.5
36728;-41.6;38.5;2
36730;-39.1;38.4;1.4
36732;-39.6;39.2;1.4
36734;-41.1;39.1;2.6
36736;-40.7;39.1;1.1
36738;-40.1;39.2;1.6
36740;-41.1;38.7;2.2
36742;-43.7;38.9;0.8
36744;-42.4;39;2.1
36746;-42.1;38.5;1.6
36748;-43.4;38.7;1.6
36750;-41.9;39.2;2
36752;-38.8;38.6;1
36754;-39.5;38.4;1.5
36756;-38.9;38.6;1.9
36758;-38.4;38.4;1
36760;-40.2;38.4;2.2
36762;-41;38.5;1.9
36764;-39.9;38.5;1.1
36766;-40.7;38.5;2.2
36768;-43.1;38.9;1.4
36770;-39.6;38.3;1.6
36772;-38.7;38.3;2.1
36774;-42.3;39;1.7
36776;-41.7;38.9;1.3
36778;-40.3;38.6;2
36780;-42.7;39;1.7
36782;-42.1;38.4;1
36784;-40.7;38.4;2.5
36786;-42.5;39;1
36788;-44;39.3;1.4
36790;-39.6;38.3;2.3
36792;-39.7;38.9;0.8
36794;-42.4;39.1;2.1
36796;-41.5;38.9;1.8
36798;-41.5;38.9;0.6
36800;-43.8;39.2;2.9
36802;-43.4;38.5;0.9
36804;-41.2;38.3;1.3
36806;-42.9;39.2;2.5
36808;-42.8;38.6;1
36810;-41;39.1;1.9
36812;-38.9;38.5;1.8
36814;-39.4;38.3;1.5
36816;-40.8;38.8;2
36818;-38.3;38.2;1.4
36820;-40.1;38.1;1.4
36822;-42.1;38.5;1.9
36824;-39.9;38.3;1.4
36826;-42.1;38.7;1.8
36828;-44.6;39.1;1.8
36830;-41.3;38.3;0.7
36832;-41.2;39.1;1.9
36834;-42.7;39.3;1.9
36836;-42.3;39.3;0.9
36838;-40.8;39.1;2.2
36840;-42;38.8;1.9
36842;-42.9;39.1;1.2
36844;-41;39;2
36846;-41.6;39;1.1
36848;-41.9;38.6;1.3
36850;-40.7;39.1;2.3
36852;-40.8;39.2;1.2
36854;-40.8;38.8;1.9
36856;-41.5;39.3;1.6
36858;-39.3;38.5;1
36860;-42.1;38.7;2.4
36862;-41.9;38.5;1.3
36864;-41.8;38.5;1.3
36866;-43;39.1;1.8
36868;-43.2;39.1;1.5
36870;-40.5;38.8;1.7
36872;-38.7;38.7;1.7
36874;-39.7;38.5;1.3
36876;-39.8;38.6;1.6
36878;-39.9;38.2;1.9
36880;-41.3;38.3;1.7
36882;-42.4;38.4;1.7
36884;-40.8;38.5;1.5
36886;-42.2;38.5;1.8
36888;-43.6;38.6;1.6
36890;-41.7;38.8;1.2
36892;-40.3;38.5;1.6
36894;-42.8;39.2;1.7
36896;-41.3;39.3;1.4
36898;-39.8;39;1.8
36900;-42.2;39.1;2
36902;-41.6;38.4;1.6
36904;-39.9;38.3;1.5
36906;-42.1;38.9;2.2
36908;-42.3;38.2;1.1
36910;-40.4;38.6;1.4
36912;-38.4;38.3;2.4
36914;-41.5;38.8;1
36916;-42;39;1.9
36918;-39.9;38.5;2
36920;-42.9;38.9;1
36922;-43.8;39;2.2
36924;-42.1;39.1;1.6
36926;-41.9;39.2;0.9
36928;-42.8;38.4;1.9
36930;-39;38.5;1.7
36932;-38.3;38.4;2
36934;-38.9;38.7;1.8
36936;-39.7;38.5;1
36938;-40.2;39.2;1.8
36940;-40.9;38.5;1.9
36942;-43.9;39.3;1
36944;-41.6;38.6;2.1
36946;-41.5;38.5;1.6
36948;-44.5;39;1.2
36950;-42.6;39.1;2.2
36952;-39.4;38.6;1
36954;-41.7;38.9;1.7
36956;-40.1;38.7;2.1
36958;-40.8;39.1;0.9
36960;-41.7;38.9;2.2
36962;-42.5;38.5;1.8
36964;-41;38.8;0.9
36966;-42.4;38.8;2.6
36968;-42.5;38.8;1.2
36970;-40.1;38.4;1.6
36972;-39.3;38.4;2.3
36974;-41.2;38.4;1.2
36976;-41.3;38.5;2
36978;-41.4;38.9;1.8
36980;-40.8;38.3;1.2
36982;-43.1;38.8;2.4
36984;-40.8;39;1.1
36986;-41.4;38.7;1.1
36988;-43.6;39.1;2.2
36990;-39.2;37.9;1.3
36992;-38.7;38.4;1.9
36994;-41.8;39;2.2
36996;-39.7;38.1;1
36998;-40.8;39.1;2.2
37000;-43.2;39.2;1.4
37002;-43;38.4;1.3
37004;-41.1;38.2;2.3
37006;-42;38.6;1.1
37008;-42.9;38.6;1.8
37010;-39.7;38.5;2.5
37012;-37.9;38.3;0.7
37014;-40.1;38.3;2.2
37016;-39.4;38.4;1.4
37018;-39.7;39;1
37020;-40.8;38.7;2.3
37022;-41.1;38.3;1.2
37024;-40.8;38.6;1.6
37026;-42.6;39.2;2.3
37028;-43.2;38.7;1
37030;-42.1;38.9;1.6
37032;-38.9;38.4;1.9
37034;-41.2;38.4;0.6
37036;-41.3;38.7;2.4
37038;-40.6;38.8;1.5
37040;-41.8;38.7;0.9
37042;-41.9;38.5;2.7
37044;-40.3;38.1;0.8
37046;-41.7;38.9;1.9
37048;-42.2;38.8;2.4
37050;-40.4;38.9;0.5
37052;-39.8;39;2.3
37054;-40.9;39;1.6
37056;-40.3;38.7;1
37058;-40.6;38.7;2.1
37060;-42.6;39.1;0.7
37062;-43.6;39.1;1.8
37064;-41;38.6;2.2
37066;-42.6;39.1;0.8
37068;-42.3;38.8;2.6
37070;-39.9;38.5;1.1
37072;-38.1;38.4;1
37074;-40.5;38.6;2.8
37076;-41.1;38.9;1
37078;-40.1;38.4;1.5
37080;-42;38.7;2.1
37082;-43.3;38.7;0.8
37084;-41;38.3;2
37086;-42.5;38.7;1.8
37088;-42.1;38.5;0.9
37090;-40.2;38.4;2.7
37092;-39;38.3;1.7
37094;-41.7;38.4;1.3
37096;-38.6;38.4;2.1
37098;-39.5;39.2;1.1
37100;-41.6;38.4;1.8
37102;-41.7;38.5;2
37104;-39.2;38.2;1.4
37106;-42.1;39.1;2.1
37108;-43.6;39.1;1.7
37110;-39.9;38.6;0.9
37112;-39.1;38.9;1.6
37114;-40.1;38.8;1.8
37116;-40.2;38.4;1.2
37118;-40.4;38.9;1.6
37120;-40.7;38.2;1.4
37122;-42;38.5;1.4
37124;-39.2;38.6;1.8
37126;-40.3;38.9;1.9
37128;-42.1;39.1;1
37130;-38.8;38.5;1.8
37132;-37.3;38.2;1.6
37134;-39.3;38.2;0.9
37136;-39.4;38.4;2.4
37138;-40.4;38.6;1.1
37140;-41.7;39;1.2
37142;-41.7;38.4;2.4
37144;-42.8;39.2;0.8
37146;-41.7;38.6;1.9
37148;-43.4;38.8;2.1
37150;-42.3;39.3;0.3
37152;-39.2;39.4;2.2
37154;-39.2;38.6;1.3
37156;-39.6;38.7;1.4
37158;-40.1;39.2;2.4
37160;-40.3;38.4;1.3
37162;-41.8;39.2;1.7
37164;-40.4;38.4;1.9
37166;-42.2;39.2;1.8
37168;-42.4;39.2;1.3
37170;-40.5;38.4;1.8
37172;-40.4;38.7;2
37174;-41.8;39.1;1.3
37176;-41.1;39.3;2
37178;-40.1;38.4;1.9
37180;-41.2;38.3;1.2
37182;-42.1;38.7;1.7
37184;-42;39.1;1.9
37186;-42.4;38.4;1.2
37188;-43;38.8;1.9
37190;-40.9;38.7;1.8
37192;-38.5;38.4;0.9
37194;-41.1;38.6;2
37196;-41.3;39.3;1.9
37198;-39.4;38.4;1.1
37200;-41.9;38.5;1.8
37202;-43.1;38.5;1.2
37204;-41.8;38.5;1.4
37206;-42.6;38.7;2.2
37208;-45;39.4;1.4
37210;-42.2;39.2;1.9
37212;-38.9;38.6;2.2
37214;-40.6;38.8;0.8
37216;-41.9;39.6;2.2
37218;-41;39.3;1.9
37220;-40.8;38.6;1.2
37222;-43;38.6;2.1
37224;-41.7;39;0.9
37226;-42.3;39.1;1.6
37228;-43.3;39.2;2.2
37230;-41.4;39;1
37232;-39;38.5;2
37234;-41.1;38.6;1.9
37236;-40.4;38.6;1
37238;-40.5;39.2;2.2
37240;-40.7;38.5;1.4
37242;-41.2;38.4;1.4
37244;-40.1;38.4;2.5
37246;-40.5;38.2;1.1
37248;-41.5;38.6;1.9
37250;-40.3;38.7;2.1
37252;-40.2;39.1;1.1
37254;-41.8;39.1;1.9
37256;-41.8;39.1;1.9
37258;-41.4;39.1;1.2
37260;-43;39.2;2.1
37262;-44.3;39.3;2
37264;-41.9;38.7;1
37266;-42.7;38.7;2
37268;-42;38.5;1.6
37270;-41.3;39.2;1.4
37272;-40.3;39;1.8
37274;-39.9;38.5;1.4
37276;-40.6;38.8;1.6
37278;-38.8;38.3;2
37280;-41.4;38.6;1.4
37282;-41.7;38.5;1.7
37284;-41.9;38.5;1.9
37286;-42.2;38.8;1.2
37288;-43.9;38.6;1.5
37290;-40.6;38.7;2.3
37292;-39.6;38.6;1.4
37294;-41.8;39.3;1.6
37296;-40.6;39.1;1.7
37298;-37.5;38.3;1.5
37300;-40.6;38.6;1.5
37302;-40.7;38.4;1.6
37304;-38.9;38;1.4
37306;-41;38.4;1.7
37308;-43.4;39.2;2.1
37310;-39.9;38.6;1.3
37312;-39;38.5;1.7
37314;-40.2;38.3;2.2
37316;-40.8;38.7;0.9
37318;-41.1;39;1.7
37320;-42;39;1.8
37322;-42.4;38.3;1.5
37324;-41.6;38.9;2.4
37326;-40.6;38.4;1
37328;-42.1;38.4;1.4
37330;-39.4;38.5;2.3
37332;-38.7;38.6;0.6
37334;-39.8;38.4;2.3
37336;-40.9;39.2;1.6
37338;-39.4;38.9;0.9
37340;-40.8;38.5;2.7
37342;-43.7;39.3;0.8
37344;-42.6;38.9;1.8
37346;-41.8;38.3;2.2
37348;-44;39;0.8
37350;-41.1;38.9;2.2
37352;-38.9;38.2;1.5
37354;-39.8;38.5;1
37356;-39.2;38.6;2.3
37358;-39.1;38.4;1.3
37360;-41.5;39.2;1.5
37362;-41.3;38.4;2
37364;-39.8;38.5;1
37366;-41.3;38.6;1.8
37368;-41.6;38.4;1.8
37370;-39.5;38.4;1
37372;-39.5;38.6;2.3
37374;-41.2;38.5;1.5
37376;-40.5;38.2;1.3
37378;-41.2;38.8;1.8
37380;-41.8;38.5;1.5
37382;-42.2;38.6;1.1
37384;-41.5;38.5;1.6
37386;-42.1;38.6;2
37388;-42;38.4;1.5
37390;-40.5;38.7;1.5
37392;-39.2;38.3;1.9
37394;-40.8;38.6;1.8
37396;-41.4;38.9;1.1
37398;-40.3;38.6;1.8
37400;-42.6;38.5;1.6
37402;-43.3;38.7;1.6
37404;-43.1;39.3;1.9
37406;-42.4;38.6;1.1
37408;-43.1;38.4;1.9
37410;-39.9;38.4;1.6
37412;-39.1;38.5;1.4
37414;-40.9;38.6;2.2
37416;-41.6;39.4;1.5
37418;-38.6;38.4;1.4
37420;-40.3;38.4;2
37422;-42.6;38.6;1.2
37424;-42.1;38.7;1.8
37426;-41.7;38.4;2.1
37428;-43.8;38.4;0.7
37430;-42.7;38.9;1.9
37432;-39.6;38.2;2.2
37434;-41.8;38.5;0.6
37436;-42;38.9;2.9
37438;-41.5;38.8;1.6
37440;-41.4;38.2;0.9
37442;-42.9;38.3;2.8
37444;-41.2;38.4;1
37446;-42.9;38.7;1.6
37448;-43.8;38.9;2.4
37450;-40.5;38.4;0.8
37452;-39.8;38.4;2.1
37454;-40.9;38.1;1
37456;-40;38;1.1
37458;-41.7;39;2.7
37460;-43.6;38.9;0.4
37462;-43.3;38.8;1.7
37464;-43;39;2.5
37466;-43.3;39.1;0.5
37468;-42.5;38.8;2.6
37470;-41.4;38.9;1.3
37472;-38.9;38.6;1.4
37474;-40;38.4;1.9
37476;-40.8;39;0.6
37478;-39.5;38.3;1.9
37480;-43.3;39.1;1.8
37482;-44.1;39.1;1
37484;-41.7;38.7;2.4
37486;-43.4;38.8;1.5
37488;-43.3;38.3;1.2
37490;-42.5;39;2
37492;-39.6;38.2;0.9
37494;-42.6;39.1;2.1
37496;-41.5;39.1;1.5
37498;-39.3;38.4;1
37500;-41.6;38.4;2.3
37502;-41.8;38.6;0.9
37504;-42.2;38.9;1.8
37506;-42;38.4;2.1
37508;-43.2;38.4;1.3
37510;-40.7;38.4;1.8
37512;-39.2;38.4;1.9
37514;-41.3;38.1;1.2
37516;-41.5;38.4;1.9
37518;-41.9;38.9;1.9
37520;-42.7;38.6;1.4
37522;-42.9;38.2;1.7
37524;-42.3;38.6;1.7
37526;-41.1;39;1.7
37528;-43.5;39.2;1.5
37530;-41.6;39.3;1.8
37532;-39;38.9;2
37534;-40.6;38.4;1.4
37536;-41.3;38.9;1.9
37538;-39.9;38.9;1.9
37540;-41.8;38.7;1
37542;-44.6;39.2;2.1
37544;-43.5;39.1;1.4
37546;-42.5;38.5;1.1
37548;-44.7;38.7;2.2
37550;-43.2;38.9;1.2
37552;-40.5;38.6;1.7
37554;-42.6;38.7;2.2
37556;-42;38.4;1.2
37558;-41.6;38.8;1.8
37560;-43.4;38.4;2.1
37562;-43.1;38;1.3
37564;-43;38.4;1.8
37566;-42.2;38.3;1.7
37568;-43;38.1;1.3
37570;-42.5;38.8;1.9
37572;-40.6;38.2;1.8
37574;-41.1;38.1;1.6
37576;-42;38.8;1.9
37578;-41.6;38.9;1.8
37580;-42;38.4;0.9
37582;-43.7;38.9;2.4
37584;-41;38.4;1.3
37586;-43.1;39;1.7
37588;-43.9;38.7;2.1
37590;-41.1;38.8;0.6
37592;-39.1;38.5;2.6
37594;-41.5;38.7;1.5
37596;-40.8;38.4;0.8
37598;-40.6;38.4;2.9
37600;-42.4;38.2;0.7
37602;-43.8;38.3;1.9
37604;-41.3;38.1;2.1
37606;-42.4;38.3;0.6
37608;-44.3;38.9;1.9
37610;-40;38;1.5
37612;-38.7;38.1;1.2
37614;-42;38.9;2.7
37616;-41.8;39.1;1.5
37618;-39.5;38.4;1.3
37620;-41.7;38.7;2.3
37622;-42.7;38.6;1
37624;-42.4;39.1;1.2
37626;-42.5;38.5;2
37628;-43;38.2;1
37630;-41.4;38.2;2
37632;-41.8;39.3;1.7
37634;-41.7;38.4;1.2
37636;-41.5;38.5;2
37638;-42;39.2;1.1
37640;-42.7;39;1.7
37642;-43;38.5;1.8
37644;-42.4;39.1;0.9
37646;-43;38.9;2.5
37648;-43.8;39;1.9
37650;-41;38.8;1.3
37652;-39.5;38;2.2
37654;-42.4;38.9;1.4
37656;-41.7;38.9;1.6
37658;-41.5;39;2.5
37660;-41.4;38.4;1.1
37662;-42.7;38.2;1.4
37664;-42;38.5;2.2
37666;-42.2;38.5;0.9
37668;-43.8;38.8;1.8
37670;-40.1;38.4;2.3
37672;-39.5;38.5;0.7
37674;-41.6;38.4;2.5
37676;-41.7;38.9;2.1
37678;-40.6;38.6;0.7
37680;-42.7;38.5;2.5
37682;-44.4;38.9;1.2
37684;-42.4;38.6;1.8
37686;-44;38.7;2
37688;-43.7;38.3;0.9
37690;-41.7;38.5;2.3
37692;-41.7;39.1;1.5
37694;-41.4;38.5;1.5
37696;-41.8;39.2;2.7
37698;-40.4;39.1;0.7
37700;-40.6;38.4;2.1
37702;-43.4;39.2;2.3
37704;-41;39.1;0.7
37706;-42.8;39.2;2.2
37708;-42.3;38.6;1.8
37710;-40.3;38.5;1.2
37712;-39.8;38.8;2.3
37714;-43.3;38.9;1.1
37716;-41.6;38.5;0.8
37718;-40.4;38.1;1.9
37720;-42.1;38.3;1.3
37722;-43;38.4;1.5
37724;-40.8;38.5;1.9
37726;-40.8;38.5;1.6
37728;-43.1;39.1;1.4
37730;-39.9;38.4;1.9
37732;-38.2;38.5;1.2
37734;-40.9;38.9;2.1
37736;-41.4;38.9;1.7
37738;-40.5;39;0.9
37740;-41.8;38.4;2.2
37742;-42.5;38.3;1.3
37744;-42.3;38.5;1.6
37746;-44;39.1;2.3
37748;-44;38.4;0.8
37750;-41.6;39;2
37752;-40.7;39.1;1.6
37754;-39.9;38.2;1.6
37756;-39.6;38.1;2.2
37758;-40.3;38.7;1
37760;-40.7;38.2;1.9
37762;-41.6;38.1;1.8
37764;-39.9;38.1;1.2
37766;-41.9;38.8;1.9
37768;-43.2;38.8;1.8
37770;-41.7;38.8;0.9
37772;-40;38.5;1.9
37774;-41;38.1;1.6
37776;-42.7;38.8;1.6
37778;-40.7;38.5;1.9
37780;-43.6;38.8;1.6
37782;-43;38.2;1.4
37784;-41.3;38.4;1.5
37786;-43.3;38.8;1.4
37788;-44.5;38.8;1.5
37790;-40.3;38.1;1.5
37792;-39.2;38.1;1.5
37794;-41.6;38.4;1.7
37796;-40.9;38.6;1
37798;-41.8;39.3;1.6
37800;-43.2;38.8;1.5
37802;-44.3;38.6;1.3
37804;-42;38.6;1.8
37806;-43;38.8;1.7
37808;-43.9;38.5;1.5
37810;-40.3;38.3;1.7
37812;-40.7;38.9;1.6
37814;-40.4;38.3;1.2
37816;-41.1;38.9;1.7
37818;-40.9;39.2;1.5
37820;-41;38.1;1.8
37822;-42.3;38.3;1.6
37824;-42.9;38.9;1.1
37826;-43.8;39;1.6
37828;-44.2;38.6;1.4
37830;-41.6;38.4;1.5
37832;-40.5;38.8;1.6
37834;-43;39;1.5
37836;-40.4;38.1;1.8
37838;-41.2;39.1;1.4
37840;-41.5;38.8;1.7
37842;-41.7;38.2;1.9
37844;-40.2;38.5;1.1
37846;-41.6;38.7;1.6
37848;-43.5;39;1.9
37850;-40.7;38.9;1
37852;-39.9;38.9;2.1
37854;-42.4;39.2;1.7
37856;-40.6;38.4;1
37858;-42;38.9;2.4
37860;-43.8;39.3;1.5
37862;-43.8;38.5;1.2
37864;-42.4;38.4;2.2
37866;-42.6;38.3;1.1
37868;-44.2;38.7;2.2
37870;-41.1;38.6;1.8
37872;-39.7;38.4;0.7
37874;-41;38.4;2.3
37876;-39.9;38.3;1.4
37878;-40.8;38.7;1.2
37880;-41.4;38.4;2.4
37882;-42;38.4;1.1
37884;-42.3;39;1.3
37886;-42.9;38.6;2.4
37888;-44.6;38.9;1.3
37890;-40.2;38;1.5
37892;-40.1;38.5;2
37894;-40.1;38.2;1
37896;-40.7;38.9;1.9
37898;-38.8;38.6;2
37900;-42.2;39;1
37902;-43.2;39;2.3
37904;-40.4;38.4;1.8
37906;-42.4;39.1;1.5
37908;-44.5;39.3;2.4
37910;-40.3;38.3;1.6
37912;-39.4;38.3;1
37914;-41.3;38.3;2.3
37916;-42.8;39.3;1.3
37918;-41.1;38.4;1.3
37920;-42.5;37.9;2.3
37922;-43.5;38.2;1
37924;-41.6;38.3;1.8
37926;-41.9;38.2;2
37928;-42.5;37.9;1.1
37930;-39.9;38.4;2
37932;-39.5;38.3;1.4
37934;-42;38.9;1.5
37936;-41.8;39.1;2
37938;-40.3;38.6;1.7
37940;-41.7;38.6;1.3
37942;-43.4;38.8;1.5
37944;-42.2;38.7;1.1
37946;-42.3;38.6;2
37948;-45;39.1;1.8
37950;-41.1;38.4;1.2
37952;-39.5;38.5;2.1
37954;-41.4;38.8;1.5
37956;-39.7;38.4;1.5
37958;-40.5;38.9;2.6
37960;-42.4;39.1;1
37962;-43.2;39.1;1.8
37964;-39.9;38.3;2
37966;-41.2;38.2;1.1
37968;-43.5;39.1;2.3
37970;-39.7;38.7;1.4
37972;-39.3;38.5;1.3
37974;-42.5;39.1;2.7
37976;-41.8;38.9;1.3
37978;-41.5;38.9;2
37980;-43.1;38.8;2.3
37982;-42.3;38.4;0.7
37984;-40;38.2;2.1
37986;-42.4;38.8;1.9
37988;-44.2;39.2;1.5
37990;-40.5;38.5;2.5
37992;-39.9;38.4;1
37994;-41.6;38.6;1.7
37996;-41.4;38.7;2.5
37998;-41.2;39;0.5
38000;-43.5;39.1;2.7
38002;-43.1;38.7;1.5
38004;-41;38.2;1.6
38006;-42.7;38.8;2.9
38008;-44.1;39.1;0.5
38010;-41.1;39.3;2.3
38012;-38.4;38.6;2
38014;-39.7;38.3;0.3
38016;-40.4;38.2;3.2
38018;-38.1;38.2;1.2
38020;-40.7;38.6;1
38022;-43.2;39;3.1
38024;-39.9;38.2;0.4
38026;-42.8;39;2.1
38028;-43.5;39;1.8
38030;-41.5;38.7;0.8
38032;-40.4;38.7;2.5
38034;-42.1;38.7;1
38036;-42.6;39.1;1.8
38038;-41.7;39;1.8
38040;-41.4;38.5;0.6
38042;-42.3;38.6;2.6
38044;-41.4;38.9;1.1
38046;-42.9;38.9;0.9
38048;-42.5;38.3;2.7
38050;-40.4;38.2;0.8
38052;-40.2;38.6;1.9
38054;-42.7;39.1;2.3
38056;-41.8;39;0.5
38058;-41.2;38.6;2.8
38060;-43.1;39.1;1.9
38062;-44.4;38.9;1
38064;-42.9;39.1;2.6
38066;-42.1;38.4;1.1
38068;-43.8;39;1.8
38070;-39.7;38.2;2.4
38072;-38.9;38.2;1
38074;-41.1;39.3;2.3
38076;-40;38.2;1.5
38078;-41;38.4;1.3
38080;-44;39;2.6
38082;-43.5;38;0.8
38084;-41.5;38.3;1.3
38086;-42.8;38.2;2.3
38088;-45.1;38.8;0.9
38090;-42.3;38.2;2.2
38092;-42.3;38.8;1.8
38094;-43.7;39;1.1
38096;-42.9;39;2.2
38098;-41.1;38.9;1.3
38100;-43.8;39;1.7
38102;-43.3;38.6;2.1
38104;-42.1;38.6;0.9
38106;-43.4;38.6;2
38108;-43.4;38.3;1.8
38110;-43;39.1;0.8
38112;-40.7;38.3;1.8
38114;-43.1;39.1;1.8
38116;-43.3;39.2;1.2
38118;-41.8;38.7;1.9
38120;-43.5;38.8;1.6
38122;-43.7;38.7;1.7
38124;-41.6;38.4;2
38126;-43;39.2;0.9
38128;-42.6;38.2;1.9
38130;-39.8;38.2;1.8
38132;-39.5;38.6;1.2
38134;-40.9;38.4;1.9
38136;-42.2;39.3;1.8
38138;-41.4;39;1.2
38140;-41.9;38.2;1.9
38142;-43.1;38.3;1.3
38144;-43.7;38.8;1.5
38146;-43.5;38.3;2
38148;-45.6;38.7;1.5
38150;-42.2;38.6;1.8
38152;-41.5;38.6;2
38154;-41.8;38.2;1.8
38156;-41.8;38.9;1.7
38158;-40;37.9;1.8
38160;-41.9;38.2;1.8
38162;-43.1;38.4;1.2
38164;-43;38.6;1.8
38166;-42.4;38.4;1.9
38168;-42.7;38.5;1.3
38170;-40.5;38.3;1.7
38172;-40.6;38.5;1.5
38174;-42.3;38.5;1.3
38176;-41.5;38.9;1.6
38178;-42.2;39.3;1.9
38180;-42.7;38.7;0.9
38182;-42.6;38.7;2
38184;-42.4;38.7;1.7
38186;-41.9;38.7;1.3
38188;-44.5;39;1.9
38190;-40.5;38.4;1.7
38192;-39.7;38.7;1.6
38194;-42.9;39;1.9
38196;-40.4;38.2;1.2
38198;-40.8;38.4;1.6
38200;-44.1;39.1;2.3
38202;-43.2;38.4;0.9
38204;-41.8;38.6;2.2
38206;-42.8;38.7;2.2
38208;-44.6;39.1;0.7
38210;-40;38.4;2.6
38212;-38.8;38.4;0.5
38214;-40.8;38.2;1.9
38216;-40.3;38.6;2.6
38218;-41;39;0.3
38220;-42.9;38.7;2.6
38222;-43.1;38.1;1.4
38224;-42.1;38.3;1
38226;-43.2;38.4;2.8
38228;-44.2;38.4;0.6
38230;-43.6;38.9;2.1
38232;-40.5;38.2;2.3
38234;-42.9;38.6;0.7
38236;-42.7;38.8;2.8
38238;-41.2;39.1;1.1
38240;-43.2;38.4;0.8
38242;-43.2;38.7;2.7
38244;-43.3;39.2;0.8
38246;-43.7;39.1;1.9
38248;-42.8;38.2;2
38250;-42.8;39;0.9
38252;-41.2;38.9;2.4
38254;-41.8;38.2;1.3
38256;-42.2;39;1.1
38258;-41.2;38.5;1.9
38260;-44.2;39.2;0.9
38262;-45.4;39.1;2
38264;-44.1;39.2;1.8
38266;-43.7;38.8;0.9
38268;-43.9;38.6;2.2
38270;-42.5;39.2;1.3
38272;-40;38.4;1.6
38274;-41.3;38.5;2.4
38276;-42.3;38.9;1.2
38278;-41.4;38.7;1.8
38280;-44.5;38.8;1.8
38282;-44.4;39.1;1.1
38284;-43.6;39.1;1.8
38286;-43.2;38.6;1.8
38288;-44.4;38.4;1.2
38290;-42.3;38.4;1.9
38292;-42.3;38.9;1.6
38294;-43.6;38.8;1.6
38296;-41.8;38.6;2.3
38298;-41.2;39.1;1.3
38300;-41.3;38.3;1.2
38302;-42;38.2;2.4
38304;-41.5;38.9;1.1
38306;-42.9;38.7;1.6
38308;-44.3;38.9;1.8
38310;-41.2;38.6;1.2
38312;-40.3;38.4;2.5
38314;-41.3;38.5;1.5
38316;-42.1;38.7;1.6
38318;-41.1;38.7;2.5
38320;-43.7;39.1;1
38322;-43.3;38.5;2.1
38324;-41;38.6;1.6
38326;-42.5;39.1;1.2
38328;-44;38.5;2.1
38330;-40;38.3;1.2
38332;-40.1;38.6;1.9
38334;-41.4;38.5;1.9
38336;-40.6;38.2;1.1
38338;-41.5;39;1.8
38340;-41.5;38;1.9
38342;-42.6;38.2;1.5
38344;-43.8;38.8;1.3
38346;-42.7;38.2;1.8
38348;-44.8;38.5;1.2
38350;-42;38.3;2.2
38352;-40.8;38.4;1.8
38354;-41.7;38.2;1.1
38356;-39.7;38.2;2
38358;-40.2;38.8;2.3
38360;-42.1;38.8;0.9
38362;-41.9;38.3;2.1
38364;-42;38.9;1.4
38366;-42.1;38.5;1
38368;-42;38.2;2.2
38370;-39.4;38.3;1
38372;-40.6;38.9;1.2
38374;-42.9;38.9;2.2
38376;-42;39;0.8
38378;-40;38.2;2.1
38380;-42;38.3;1.8
38382;-42.7;38.2;0.8
38384;-40.3;38.6;2.9
38386;-42.3;38.7;1.5
38388;-44.8;39.2;1.2
38390;-41.7;39;2.8
38392;-39.5;38.7;0.6
38394;-43;39.3;1.8
38396;-40.9;38.6;2.3
38398;-41.7;39.1;0.9
38400;-44;39;2
38402;-44.2;38.6;1.5
38404;-41.9;38.3;1.1
38406;-42.3;38.2;2.1
38408;-44.9;39;1.4
38410;-42.2;39.1;1.5
38412;-38.9;38.3;1.8
38414;-41.7;38.7;1.4
38416;-42.2;38.8;1.7
38418;-41.4;38.9;1.9
38420;-41.8;38.3;1.4
38422;-43.7;38.4;2.1
38424;-42.1;38.6;1.8
38426;-43.9;39;1.1
38428;-45.5;38.7;1.6
38430;-43.4;39.1;2.2
38432;-40.5;38.5;1.1
38434;-43.4;38.7;2
38436;-42.7;39.1;1.4
38438;-40;38.4;0.9
38440;-42;38.6;2.3
38442;-42.4;38.4;1.3
38444;-41.3;38.6;1.1
38446;-41.8;38.7;2.3
38448;-43.8;39;1.1
38450;-42.5;39.2;1.2
38452;-41.6;39.3;2.3
38454;-41.8;38.5;1
38456;-41.3;38.5;1.9
38458;-42;39;1.5
38460;-44.3;39.1;1.4
38462;-45;39;2.3
38464;-43.7;39;0.9
38466;-43.5;38.7;1.7
38468;-42.7;38.4;1.9
38470;-41.6;38.9;1.2
38472;-40.3;39.3;2
38474;-41.7;38.4;1.6
38476;-42.1;38.9;1.4
38478;-41.1;38.6;1.9
38480;-43.5;38.7;1.2
38482;-44.6;38.4;2
38484;-43.3;38.6;2
38486;-44.5;39.1;1.3
38488;-44.3;38.4;1.7
38490;-42.7;38.7;1.9
38492;-41;38.9;0.9
38494;-43.5;39;2
38496;-41;38.5;1.8
38498;-39.4;38.1;1
38500;-41.6;38.2;1.7
38502;-43.1;38.3;1.9
38504;-43.2;39;1
38506;-43.3;38.8;2.1
38508;-45.2;38.8;1.8
38510;-42;38.4;0.9
38512;-40.4;38.4;2.3
38514;-43.2;38.7;1.2
38516;-43.2;38.9;1.5
38518;-42.9;39.1;2
38520;-45.1;39.2;1
38522;-44.5;38.5;2.1
38524;-41.9;38.2;2
38526;-43.1;38.7;0.4
38528;-43.6;38.3;2.1
38530;-42.7;38.7;1.8
38532;-40.3;38.4;0.7
38534;-41.8;38.3;2.5
38536;-41.7;38.4;0.9
38538;-41;38.4;1.6
38540;-42.5;38;2.3
38542;-43.7;38.5;0.8
38544;-44;38.7;2.1
38546;-44;38.4;1.6
38548;-45.8;38.9;0.9
38550;-43.2;38.9;2.6
38552;-40.6;38.6;1.1
38554;-40.7;38.2;1.5
38556;-41.3;38.8;2.4
38558;-40.3;38.2;0.7
38560;-43.8;39.1;2.5
38562;-44.4;39;1.8
38564;-41.2;38.5;1.3
38566;-43.8;39;2
38568;-44.8;39.2;1.1
38570;-41.4;38.7;1.8
38572;-39.9;38.6;1.4
38574;-43.4;39.5;1.2
38576;-42.7;39.4;2.3
38578;-42;39.1;1.5
38580;-43;38.7;1.2
38582;-43.6;38.5;2.3
38584;-43.3;39.2;1.1
38586;-43.1;38.4;1.5
38588;-43.6;38.4;2.1
38590;-42.3;38.4;0.6
38592;-41.2;38.9;1.8
38594;-43.7;39;2
38596;-42.7;39;1.3
38598;-42.2;38.9;2.3
38600;-43.3;38.5;1.4
38602;-44;38.2;1.2
38604;-42.4;38.6;1.8
38606;-42.8;38.4;1.2
38608;-44.8;38.9;1.8
38610;-40.9;38.4;1.9
38612;-39.9;38.6;1.1
38614;-40.7;38.5;2.2
38616;-42;38.9;1.4
38618;-41.3;39;1.3
38620;-42.2;38.7;2.5
38622;-42.7;38.2;1.1
38624;-41.4;38.2;1.7
38626;-44.1;38.7;1.8
38628;-45.5;39.1;1
38630;-42.6;38.5;1.6
38632;-41.4;38.4;1.6
38634;-42.3;38.3;1
38636;-42.9;38.8;2.3
38638;-42.3;39;1.4
38640;-42.5;38.5;1.7
38642;-43.3;38.4;2
38644;-41.5;38.5;0.6
38646;-43.6;39.4;2.1
38648;-43.4;38.8;1.8
38650;-42;39.2;0.8
38652;-41.7;39.3;2.6
38654;-43.1;38.9;1
38656;-42.1;38.7;1.5
38658;-42.8;38.7;1.9
38660;-42.8;38.4;0.5
38662;-44.9;38.4;2.6
38664;-44.4;39.2;1.9
38666;-44.7;39.1;0.9
38668;-44.2;38.4;2.6
38670;-42.6;39.1;0.8
38672;-40.7;38.4;1.8
38674;-41.7;38.2;2.5
38676;-42.3;38.8;0.7
38678;-41.1;38.2;2.2
38680;-43.5;38.6;1.6
38682;-43.9;38.5;1.2
38684;-42.7;38.5;2.1
38686;-43.1;38.3;1.5
38688;-46.5;39.1;1.3
38690;-43.4;39.2;2.4
38692;-40.6;38.4;1.2
38694;-44;39.4;1.4
38696;-42.8;39.1;2.5
38698;-41.5;38.7;0.6
38700;-41.7;38.2;1.8
38702;-44;38.7;2.2
38704;-42;38.7;0.8
38706;-43.5;38.4;1.7
38708;-44.7;38.2;1.7
38710;-41.3;38.2;1
38712;-40.4;38.4;1.5
38714;-42.3;38.5;1.6
38716;-41.9;38.2;1.6
38718;-43.2;39.1;2.2
38720;-43.6;38.2;1.8
38722;-44.3;38.4;0.9
38724;-43.1;39;1.9
38726;-41.8;38.3;1.8
38728;-44.1;38.7;1.2
38730;-42.3;39.2;1.9
38732;-39.5;38.2;1.9
38734;-41.8;38.4;1.3
38736;-41.5;38.8;2.4
38738;-41.5;39.2;1
38740;-42.7;38.5;1.4
38742;-44;39.1;2.7
38744;-42.1;38.4;0.9
38746;-43.5;38.4;2
38748;-45.9;39;2.4
38750;-43.5;39.1;0.9
38752;-41.8;39.2;2.2
38754;-42.5;39.3;2.1
38756;-42.4;38.6;0.5
38758;-42.7;39;2.6
38760;-44.5;39.1;1.5
38762;-44.4;38.4;1.4
38764;-43.2;38.6;2.3
38766;-44.3;38.8;0.7
38768;-44.4;38.6;2.2
38770;-41.8;38.4;1.7
38772;-41;38.3;0.7
38774;-42.7;38.4;2.5
38776;-43.9;39.1;1.4
38778;-43.3;39.3;1.4
38780;-42.5;38.1;2
38782;-45.2;39.1;1
38784;-43.3;39.1;1.8
38786;-44.3;39.1;2
38788;-42.9;38.2;1.2
38790;-41.3;38.4;2
38792;-40;38.3;2.2
38794;-43.5;39.3;0.9
38796;-41;38.2;2
38798;-40.7;38.5;1.8
38800;-44.8;38.5;0.9
38802;-44.6;38.5;2.6
38804;-43;38.4;1.3
38806;-43.9;38.9;0.9
38808;-45.7;39.1;2.8
38810;-41.1;38.4;1
38812;-39.6;38.5;1.3
38814;-42.4;38.5;2.1
38816;-42.9;39.2;1
38818;-42;39.2;2.4
38820;-44;38.6;1.6
38822;-43.9;38.6;0.9
38824;-42.5;38.4;2.9
38826;-43.5;38.6;0.9
38828;-45.9;39;1.5
38830;-42.9;38.5;2.8
38832;-41.1;38.5;0.2
38834;-43.2;38.5;2.5
38836;-43.2;38.6;1.8
38838;-42.4;38.8;0.5
38840;-43.4;38.8;2.8
38842;-42.9;38.3;0.9
38844;-41.7;38.6;1.2
38846;-43.1;39.3;2.3
38848;-43.9;39;0.5
38850;-42.3;39.2;2.2
38852;-39.8;38.4;2
38854;-41.7;38.4;0.7
38856;-40.8;38.5;2.7
38858;-41.3;38.7;1
38860;-44.6;39.2;1.5
38862;-44.9;38.4;2.4
38864;-43.2;38.5;1.2
38866;-43.9;39;1.6
38868;-45.5;39.2;1.8
38870;-42.2;38.5;1.3
38872;-40.1;38.4;1.7
38874;-41.7;38.5;2
38876;-42.9;39.1;1.3
38878;-41.4;38.8;1.6
38880;-43.1;38.5;1.9
38882;-44.4;38.7;1
38884;-42.3;38.3;2
38886;-43.9;38.6;1.7
38888;-46;38.9;1.1
38890;-42.4;38.4;2.1
38892;-42.7;38.9;1.4
38894;-42.3;38.2;1.6
38896;-42.6;39.1;2
38898;-40.2;38.9;1.2
38900;-41.7;38.1;1.5
38902;-41.8;38.2;1.9
38904;-42.8;39.2;1.4
38906;-43.4;39.1;1.4
38908;-44.4;39.1;1.4
38910;-41.1;39.1;1.2
38912;-40;38.5;1.8
38914;-43.2;39.3;1.3
38916;-41.6;38.7;1.4
38918;-40.7;38.6;1.9
38920;-42.5;38.5;1.7
38922;-42.9;38.6;1.5
38924;-40.4;38.4;1.9
38926;-41.1;38.6;1.6
38928;-43.6;39.3;1.2
38930;-40.2;38.4;2
38932;-38.8;38.5;1.1
38934;-42;39.2;1.5
38936;-40.2;38.8;2.1
38938;-40.9;39.2;1
38940;-42.9;39.1;1.7
38942;-43.4;38.5;2
38944;-43.5;38.8;0.5
38946;-43.6;38.7;2.2
38948;-44.5;38.6;1.9
38950;-42.7;38.5;0.8
38952;-41.4;38.9;2.2
38954;-40.5;38.3;1
38956;-40.7;38.4;0.9
38958;-40.8;38.6;2.4
38960;-43.2;38.9;1.2
38962;-44.2;39.1;1.6
38964;-41.4;38.4;1.9
38966;-42.4;38.4;1.2
38968;-44.1;39.4;1.9
38970;-42.3;39.2;2
38972;-39.8;38.3;0.9
38974;-43.5;39.2;2.3
38976;-42.9;39.3;1.6
38978;-40.8;38.4;0.9
38980;-43.7;39.3;2.2
38982;-43;38.8;1.5
38984;-41.5;38.3;1.9
38986;-43.2;39.3;1.9
38988;-44.3;39;1.1
38990;-42;39.1;1.5
38992;-40.2;38.7;1.8
38994;-42.9;38.8;1.1
38996;-42.2;39.4;2.1
38998;-40.5;38.5;1.6
39000;-43.3;38.5;1.6
39002;-44.6;38.4;2.2
39004;-43;39.1;1.1
39006;-43.6;38.7;1.7
39008;-44.3;38.2;1.7
39010;-40.8;38.4;1.5
39012;-40.4;38.4;2.1
39014;-41;38.2;2
39016;-42.7;39.1;1.5
39018;-41.4;38.6;1.7
39020;-42.3;38.2;1.9
39022;-43.5;38.5;1.3
39024;-42.9;38.8;1.5
39026;-43.4;38.7;1.9
39028;-43.8;38.4;1.8
39030;-41;38.3;1.7
39032;-40.4;38.5;1.7
39034;-41;38.3;1.9
39036;-40.6;38.4;1.4
39038;-39.9;38.6;1.6
39040;-41.3;38.7;1.7
39042;-42.3;38.6;1.7
39044;-40.9;38.5;1.8
39046;-41.4;38.4;1.8
39048;-43.6;38.9;1.6
39050;-41.8;38.8;2
39052;-39.9;38.5;1.6
39054;-40.6;38.1;1.4
39056;-42.2;39.1;2.2
39058;-40.3;38.2;1.6
39060;-43.3;38.8;1.5
39062;-43.8;38.5;2
39064;-43.6;39.3;1.2
39066;-43.4;39.1;1.6
39068;-44.5;39.4;2.3
39070;-41.9;39.1;1.3
39072;-40.9;39.5;1.9
39074;-41.1;38.9;1.7
39076;-40.7;38.9;1.2
39078;-41.3;39.3;1.7
39080;-42.4;39.3;1.8
39082;-42.4;38.6;1.3
39084;-41.1;38.7;1.9
39086;-43.9;39.1;1.9
39088;-43.7;38.8;1.4
39090;-40.6;38.7;1.7
39092;-40.5;38.7;1.8
39094;-41.4;38.7;1.6
39096;-40.3;38.9;1.4
39098;-38.1;38.4;1.4
39100;-42.1;39.2;1.8
39102;-43.4;39.4;1.7
39104;-40.8;38.6;1.7
39106;-42.9;38.8;2
39108;-44.4;38.7;1.7
39110;-40.5;38.2;1.7
39112;-39.7;38.1;1.6
39114;-41;38.1;1.9
39116;-42.7;38.9;1.7
39118;-40.8;38.2;1.2
39120;-42.2;38.1;2.3
39122;-44;38.3;1.3
39124;-42.5;39.1;1.4
39126;-41.5;38.2;2.2
39128;-41.8;38.4;1.3
39130;-39.6;38.4;0.9
39132;-38.7;38.4;2.3
39134;-40.8;38.6;1.2
39136;-41.6;39.1;1.6
39138;-41;38.6;2.3
39140;-41.1;38.2;0.9
39142;-43.8;38.9;1.6
39144;-42.9;39;1.9
39146;-42.3;38.4;0.9
39148;-44.8;38.9;2
39150;-41;38.6;1.9
39152;-38.8;38.5;0.8
39154;-40.4;38.5;2.5
39156;-39;38.3;1.2
39158;-39.5;38.4;1.5
39160;-41.7;38.7;2.3
39162;-42.8;38.8;0.6
39164;-42.1;39;2
39166;-41.5;38.3;1.6
39168;-44;39;1
39170;-40.1;38.4;2.3
39172;-40.1;38.6;1.2
39174;-42.5;38.9;1.1
39176;-42.3;39.1;2.4
39178;-41;38.8;1
39180;-43.1;39.2;1.6
39182;-42.8;38.3;2.5
39184;-42.4;38.9;0.9
39186;-42.8;38.6;1.6
39188;-42.8;38.3;2.3
39190;-40.1;38.2;0.9
39192;-41.3;38.7;1.9
39194;-41.8;38.4;1.9
39196;-41.9;38.3;0.8
39198;-41.6;38.8;2.4
39200;-43.9;38.6;1
39202;-43.7;38.5;1.6
39204;-41.3;38.4;2
39206;-43;38.9;0.6
39208;-44.1;38.9;2
39210;-39.3;38.4;1.9
39212;-38.7;38.6;1.1
39214;-39.9;38.5;2.7
39216;-40.2;38.5;0.9
39218;-38.4;38.6;1.2
39220;-40.6;38.4;2.5
39222;-42.9;39.2;0.7
39224;-42.5;39.2;2.2
39226;-42.5;39;1.7
39228;-44.8;39.4;0.5
39230;-41.2;38.5;2.8
39232;-40.6;38.6;0.9
39234;-43;39.4;0.9
39236;-42.5;39;2.7
39238;-40.2;38.5;0.3
39240;-42.2;38.9;2.1
39242;-42.4;38.6;2.1
39244;-42.4;39.3;0.9
39246;-42.3;39;2
39248;-43.1;38.8;0.7
39250;-42.6;39.2;1.8
39252;-40.4;38.6;2
39254;-41.6;38.5;0.9
39256;-41.8;38.8;1.9
39258;-41.9;39.4;1.4
39260;-44.1;39.2;1.5
39262;-45.4;39.2;2
39264;-43.3;39.1;1.2
39266;-42.9;39;1.7
39268;-44.5;39.1;2.4
39270;-41.2;39;0.8
39272;-39.7;38.4;1.4
39274;-40.8;38.2;2.3
39276;-40.4;38.8;0.8
39278;-41.5;39.1;2.2
39280;-42.5;38.3;1.9
39282;-43.4;38.6;1
39284;-41.9;38.6;2.6
39286;-43;38;1
39288;-45.5;39;1.3
39290;-42.3;38.6;2.4
39292;-41.3;38.5;0.9
39294;-41.5;38.4;1.9
39296;-42.4;38.9;2.1
39298;-41.3;39.3;0.8
39300;-43.3;39.1;2.3
39302;-42.5;38.4;1.5
39304;-40.8;38.5;0.8
39306;-43.2;39.2;2.4
39308;-43.2;38.7;1.2
39310;-41.6;39.4;1.7
39312;-39.7;38.5;1.8
39314;-41.8;38.6;1.1
39316;-41.9;39;1.9
39318;-42.4;39.1;1.5
39320;-42.8;38.6;0.9
39322;-45.1;39.4;2.2
39324;-42.7;39;1.4
39326;-43;38.9;1.1
39328;-42.7;38.5;2.2
39330;-40.2;38.4;0.9
39332;-38.7;38.5;1.7
39334;-40.2;38.4;2.5
39336;-41.6;39.1;0.7
39338;-40;38.4;2.1
39340;-42.3;38.6;1.7
39342;-43.1;38.5;1.4
39344;-43.2;39;2.6
39346;-43.5;38.9;1.3
39348;-44.2;38.4;1.3
39350;-41.1;38.4;2.5
39352;-39.5;38.1;1.1
39354;-42.7;38.9;1.6
39356;-40.5;38.2;2.1
39358;-41.4;39.1;0.6
39360;-42.4;38.7;2.3
39362;-42.8;38.3;2
39364;-41.7;38.6;0.9
39366;-41.8;38;2.4
39368;-43;38.9;1.2
39370;-42.3;39.2;1.3
39372;-41.3;39.3;2.6
39374;-41.2;38.2;0.5
39376;-41.6;38.5;2.3
39378;-41.7;39;1.6
39380;-42.2;38.8;1.1
39382;-43.7;38.4;2.7
39384;-41;38.2;1.2
39386;-43.1;38.9;1.9
39388;-44.1;38.9;2.1
39390;-41.7;39.1;0.9
39392;-39;38.6;2.4
39394;-40.6;38.3;1.1
39396;-41.6;39;1.1
39398;-40;39.1;2.3
39400;-43.4;38.9;1.3
39402;-43.1;38.5;2
39404;-41.4;38.5;1.6
39406;-41.6;38.6;0.9
39408;-42.6;38.5;2.5
39410;-39.9;38.5;1.3
39412;-38.2;38.6;1.2
39414;-39.8;38.4;2.5
39416;-39.9;38.5;0.7
39418;-40.3;39;1.9
39420;-42.7;39.3;1.8
39422;-41.9;38.4;0.7
39424;-41.4;38.7;2.3
39426;-43.3;38.8;1.2
39428;-43.8;38.6;1.7
39430;-41.7;38.8;2.3
39432;-41.6;39;1.1
39434;-41.8;38.6;1.9
39436;-42.8;38.9;1.6
39438;-41.7;38.3;1.5
39440;-42.8;38.5;2.4
39442;-44.2;38.9;1.1
39444;-42.3;38.7;1.6
39446;-41.8;38.8;2.5
39448;-41.6;38.1;1
39450;-41.3;38.5;1.6
39452;-38.9;38.2;1.6
39454;-42.1;38.9;0.9
39456;-41.6;39.1;1.9
39458;-41.3;39.1;1.5
39460;-42.9;38.7;1.2
39462;-42.9;38.7;2.3
39464;-43;39.1;1.5
39466;-42.2;38.8;1.5
39468;-43.2;38.6;1.9
39470;-41.3;38.9;0.9
39472;-39.2;38.4;1.9
39474;-40.8;38.3;1.6
39476;-41.7;39;0.9
39478;-41.8;39.4;2.6
39480;-42;38.4;0.9
39482;-43.9;38.7;1.6
39484;-41.2;38.5;2.3
39486;-42.7;38.6;0.8
39488;-43.2;38.3;1.8
39490;-41.8;38.5;1.8
39492;-39.9;38.4;1.1
39494;-41.8;38.6;2
39496;-40.1;38.4;1.7
39498;-40.5;38.9;1
39500;-42.6;39.2;2.4
39502;-42.2;39;1
39504;-41.7;38.9;1.7
39506;-42.9;39.1;2.3
39508;-44;38.8;0.7
39510;-40.5;38.7;1.3
39512;-39.2;38.9;2.3
39514;-40.8;38.6;1
39516;-41.5;38.9;2.2
39518;-39.3;38.5;1.6
39520;-42.9;39.2;1
39522;-42.3;38.3;2.3
39524;-40.4;38.5;1.1
39526;-40.7;38.7;1.9
39528;-41.6;38.4;1.8
39530;-40.5;38.5;1.4
39532;-37.7;38.4;1.8
39534;-39.6;38.5;1.5
39536;-39;38.1;1.4
39538;-39.3;38.6;2
39540;-40.7;38.3;1.5
39542;-43.6;38.9;1.4
39544;-42.8;38.9;2.1
39546;-42.8;38.6;1.2
39548;-42.8;38;1.5
39550;-40.4;38.2;2.2
39552;-40.7;38.9;1.3
39554;-40.3;38.8;1.7
39556;-39.9;38.6;2.1
39558;-39.5;38.7;1.4
39560;-40.8;38.4;1.6
39562;-41.5;38.4;1.9
39564;-42.1;39;1.3
39566;-41.8;39.1;1.5
39568;-42.2;39.2;1.9
39570;-40.7;38.9;1.4
39572;-39.6;38.6;1.3
39574;-42.3;39;1.9
39576;-41.2;38.7;2
39578;-40.1;38.5;1.4
39580;-42.3;38.7;1.2
39582;-43.7;39;1.9
39584;-42.4;38.9;1.4
39586;-42.1;38.3;1.8
39588;-44.3;38.9;2.1
39590;-41.2;38.6;1.1
39592;-39.8;38.2;1.9
39594;-41.7;38.6;2.4
39596;-41.1;38.6;1
39598;-41.2;39;1.8
39600;-43.3;38.9;2.2
39602;-43;38.1;0.7
39604;-41.7;38.5;1.9
39606;-42.1;38.1;2.3
39608;-43.5;38.7;0.8
39610;-41.6;38.6;2.1
39612;-39.3;38.3;1.6
39614;-40.6;38.5;1.1
39616;-41.2;38.3;1.8
39618;-40.1;38.7;1.4
39620;-41.4;38.4;1.5
39622;-42.6;38;2
39624;-40;38.4;1.3
39626;-42.8;39;1.5
39628;-44.1;38.7;1.9
39630;-41.9;39.2;1.8
39632;-40.1;38.9;1.9
39634;-40.5;38.5;1.8
39636;-40.5;38.6;1
39638;-40.5;38.5;2
39640;-40.3;38.7;1.1
39642;-41.3;38.3;1.3
39644;-40.2;38.5;2.4
39646;-41.7;39;0.9
39648;-40.8;38.1;1.5
39650;-39.5;38.3;2.3
39652;-39.8;38.6;0.8
39654;-41.1;39;2.1
39656;-40.9;39.2;1.9
39658;-39.5;38.4;0.5
39660;-41.9;38.8;2.6
39662;-42.8;39.2;1.4
39664;-41.4;38.6;0.8
39666;-42.6;39.1;1.8
39668;-41.8;38.8;1.5
39670;-41.1;38.6;1.6
39672;-40;39.2;1.6
39674;-39.8;38.3;1.7
39676;-40.6;39;1.4
39678;-38.6;38.1;1.8
39680;-42;38.5;1.4
39682;-42;38.5;1.4
39684;-41.8;38.9;2.2
39686;-41.6;38.4;1.6
39688;-43.7;38.7;1.4
39690;-40.9;38.6;2.2
39692;-39.1;38.6;1
39694;-39.6;38.1;1.6
39696;-39.4;38.1;1.9
39698;-38.3;38.3;1.4
39700;-40.4;38.4;1.6
39702;-40.3;38.3;1.9
39704;-39.7;38.1;1.1
39706;-40.8;38.4;1.4
39708;-43.5;38.7;1.9
39710;-39.3;38.1;1.1
39712;-38.5;38;1.2
39714;-40.7;38.5;2
39716;-41.3;38.9;1.3
39718;-40.4;39;1.7
39720;-41.4;38.4;1.9
39722;-42.8;38.5;1.5
39724;-40.1;38.6;1.3
39726;-40.8;38.9;2.3
39728;-42.8;38.9;1.7
39730;-39.3;38.7;1.5
39732;-37.9;38.5;1.9
39734;-40.7;39.1;1.2
39736;-39.2;38.6;1.7
39738;-37.9;38.6;2
39740;-41.1;38.9;1.2
39742;-41.3;38.6;1.4
39744;-40.2;38.3;1.7
39746;-42.8;38.8;1.4
39748;-43.9;38.7;1.9
39750;-41.4;38.8;2
39752;-37.6;38.4;1.2
39754;-39.4;38.4;1.9
39756;-38.9;38.2;1.8
39758;-38;38.3;1.2
39760;-41.3;38.4;1.8
39762;-41.1;38;1.9
39764;-39.6;38;0.7
39766;-40.9;38.5;1.8
39768;-41.6;38;2
39770;-39.8;38.4;0.9
39772;-39.2;39.1;1.6
39774;-41.1;38.4;2.3
39776;-40.2;38.5;0.9
39778;-40.6;38.9;2.4
39780;-42.5;39.2;1.8
39782;-40.9;38.5;1
39784;-41.3;39.2;2.7
39786;-40.6;38.6;1.2
39788;-42.5;38.3;1.1
39790;-39;38.6;2.3
39792;-39.8;38.6;0.9
39794;-41.4;39.2;1.7
39796;-39.5;38.6;2.2
39798;-40.6;39.2;0.7
39800;-42.9;39.2;2
39802;-44;39.1;1.8
39804;-40.9;38.8;1.1
39806;-42.1;39;2.2
39808;-43.4;39.1;1.5
39810;-40.5;38.9;0.9
39812;-38.7;38.8;2
39814;-40.3;38.6;1.8
39816;-39.7;38.6;1.1
39818;-39.1;39.1;1.9
39820;-40.2;38.6;1.6
39822;-42.5;38.5;1.2
39824;-40.5;38.2;2.1
39826;-42.9;38.8;1.1
39828;-44.5;38.7;1.8
39830;-41.6;38.3;1.7
39832;-40.1;38.1;1.1
39834;-41.2;38.4;2.6
39836;-42;38.6;1.1
39838;-40.9;38.8;1.4
39840;-40.9;38.4;2.5
39842;-43.2;38.7;0.9
39844;-40.3;38.5;1.9
39846;-42.5;39.1;1.8
39848;-41.8;38.5;1.1
39850;-41.7;39.5;2.4
39852;-40.8;39.2;0.9
39854;-40.9;38.8;2
39856;-41.8;39.2;2
39858;-40.5;38.8;0.7
39860;-43.7;39.3;2.5
39862;-42.8;38.6;1.2
39864;-42.2;38.7;1.3
39866;-42.8;38.9;2.4
39868;-43.9;39.2;0.9
39870;-40.8;38.9;2.2
39872;-39;39;1.6
39874;-41.5;39.4;0.8
39876;-39.8;38.7;2.1
39878;-39.5;38.7;1.2
39880;-41.2;38.6;1.4
39882;-42.3;38.6;2.2
39884;-41.4;38.5;0.9
39886;-41.9;38.6;1.8
39888;-44.5;39.2;2
39890;-42;39.1;0.9
39892;-39.3;38.4;2.3
39894;-42.5;38.7;1.5
39896;-39.8;38.4;1.4
39898;-39.2;38.4;2
39900;-42.3;39;1.5
39902;-41.6;38.5;1
39904;-39.9;38.3;2.1
39906;-40.8;38.4;1.5
39908;-43.6;39;1.6
39910;-40.9;39.1;2
39912;-38.8;38.5;1.4
39914;-40.5;38.3;1.8
39916;-41.5;38.9;2.1
39918;-39.9;39.1;1.5
39920;-41.8;38.4;1.6
39922;-43.5;38.8;1.9
39924;-40.1;38.6;1.2
39926;-41.4;38.9;1.7
39928;-43.3;39.2;1.9
39930;-40.8;39.1;1.2
39932;-38.7;38.4;1.7
39934;-40.4;38.7;1.9
39936;-41.2;38.6;1.8
39938;-40.4;39.1;1.8
39940;-40.6;39;1.8
39942;-43;38.5;1.2
39944;-40.9;38.5;1.5
39946;-43.6;38.9;1.9
39948;-45.1;39.1;1.5
39950;-41.9;38.5;1.8
39952;-40.9;38.7;2
39954;-41.9;38.7;1.1
39956;-40.6;38.4;1.7
39958;-40.3;38.4;1.9
39960;-42.1;38.4;1.1
39962;-43.9;39;1.6
39964;-41.2;38.8;1.6
39966;-42.4;38.5;1.5
39968;-42.5;38.3;2
39970;-40.4;38.3;1.5
39972;-41.4;38.9;1.3
39974;-41.7;38.4;2.3
39976;-42.2;39.4;1.4
39978;-41.5;39.3;1.6
39980;-41.1;38.4;2.1
39982;-43.2;39;1.1
39984;-41.6;39.2;1.6
39986;-42.6;39.3;2.3
39988;-41.5;38.3;0.8
39990;-39.9;38.7;2.3
39992;-39.1;38.8;1.7
39994;-41.6;39;1.4
39996;-39.8;38.4;2.4
39998;-40.8;39.2;1
40000;-42;38.6;1.6
40002;-44.6;39.1;2.5
40004;-41.1;38.5;0.8
40006;-41.4;38.4;2.4
40008;-43.8;39.1;2
40010;-40.9;39;0.8
40012;-37.4;38.3;2.6
40014;-41.2;38.9;1.5
40016;-41.1;39.3;1.3
40018;-38.9;38.5;2.4
40020;-40.9;38.3;1.4
40022;-42.1;38.6;1.2
40024;-41;38.5;1.9
40026;-43;38.8;1.3
40028;-43.5;38.6;1.7
40030;-41.1;38.4;1.2
40032;-39.7;38.5;1.2
40034;-41.5;38.6;2
40036;-41.7;38.7;1.1
40038;-40.7;39.1;1.6
40040;-41.6;39;1.9
40042;-41.8;38.7;0.9
40044;-41.6;39.1;2.1
40046;-41.6;39.3;1.8
40048;-41.1;38.6;0.9
40050;-41.1;39.1;2.3
40052;-37.8;38.5;1.5
40054;-39.3;38.4;1.7
40056;-41.1;39.5;2.5
40058;-39.8;38.6;1
40060;-41.7;38.5;1.6
40062;-41.9;38.6;1.9
40064;-41.1;38.5;0.8
40066;-41.5;38.7;1.8
40068;-43.2;39;1.8
40070;-39.8;38.7;1.3
40072;-39.8;38.9;2.1
40074;-40;38.4;1.6
40076;-40.6;38.9;1.5
40078;-38.8;38.2;1.7
40080;-42.5;39.1;1.1
40082;-43.3;39;1.9
40084;-41.8;38.8;1.3
40086;-42.5;38.9;1.3
40088;-42.6;38.5;2.2
40090;-40.7;38.8;1
40092;-39.5;38.4;1.6
40094;-40;38;2.1
40096;-39.4;38.5;1
40098;-39.4;38.8;1.9
40100;-39.5;38.1;1.6
40102;-40.3;38.2;1
40104;-40.7;38.8;2.3
40106;-41.4;38.5;1.3
40108;-42.8;38.6;1.1
40110;-40.4;38.6;2.2
40112;-38.6;38.2;1.1
40114;-40.1;38.4;1.9
40116;-40.2;38.6;1.9
40118;-39.1;38.3;0.9
40120;-40.6;38.2;2.3
40122;-41.6;38.4;1.3
40124;-39.3;38.2;1.2
40126;-39.3;38.4;2
40128;-41.6;38.8;0.9
40130;-38.1;38.2;1.6
40132;-37;38.2;1.9
40134;-39.3;39.1;1
40136;-39.9;38.9;1.8
40138;-39.3;39.1;2
40140;-39;38.5;1
40142;-41.1;38.5;1.9
40144;-41.8;39.2;1.6
40146;-41.4;38.7;1.4
40148;-43.8;39.3;1.9
40150;-41.4;39.2;1
40152;-39.8;39.1;1.7
40154;-38.6;38.4;1.9
40156;-38.9;38.5;1.5
40158;-39.2;39.1;1.7
40160;-41;38.6;1.5
40162;-40.6;38.5;1.8
40164;-39;38.4;1.9
40166;-41.3;39.2;1.4
40168;-42.1;39.1;2.2
40170;-39.7;38.7;1.6
40172;-38.8;38.5;1.6
40174;-39.4;38.2;1.8
40176;-40.8;38.9;1.6
40178;-38.2;37.9;1.6
40180;-40;38.1;1.8
40182;-41.7;38.5;1.1
40184;-40.7;38.8;1.9
40186;-41.1;38.4;1.5
40188;-43;38.8;1.2
40190;-40.2;38.8;2.1
40192;-39.9;39;2
40194;-41.6;38.8;1.2
40196;-40.5;39;1.8
40198;-39.4;38.8;1.5
40200;-43;39;1.4
40202;-44.1;38.8;2
40204;-42.2;39;2
40206;-41.4;38.8;1.8
40208;-41.6;38.4;1.5
40210;-40.3;39;1.7
40212;-37.6;38.2;1.3
40214;-39.3;38.4;2.1
40216;-40.5;38.8;1.3
40218;-39.6;38.9;1.1
40220;-40.2;38.1;2.4
40222;-40.9;38.2;1.1
40224;-40.2;38.6;1.8
40226;-42.1;39.1;2.2
40228;-43.6;39.1;0.9
40230;-39.8;38.5;1.8
40232;-39.6;38.9;1.9
40234;-40;38.5;1
40236;-40.3;38.6;2.6
40238;-38.7;38.4;1.1
40240;-40.1;38.3;0.8
40242;-40.3;38.1;2.4
40244;-39;38.1;0.7
40246;-40.5;38.9;2
40248;-41.6;39;2.2
40250;-39.6;39.2;0.7
40252;-37.6;38.6;2.4
40254;-39.3;38.4;1
40256;-39.9;39.1;1.5
40258;-39.7;39.3;2.5
40260;-41.1;39;0.4
40262;-42.9;39.1;1.8
40264;-41.9;38.9;2.1
40266;-42.1;39.2;0.3
40268;-41.8;39.1;2.3
40270;-39.8;38.7;1.7
40272;-37.8;38.5;0.8
40274;-40.2;38.8;2.3
40276;-39.9;38.9;1.9
40278;-39.3;38.7;1.4
40280;-41.3;38.3;1.9
40282;-41.2;38.5;1.2
40284;-41.5;39.3;1.8
40286;-41.3;38.4;1.4
40288;-43.2;39;0.9
40290;-40.2;38.7;2.4
40292;-38.2;38.5;1.2
40294;-39;38.1;1.8
40296;-39.5;38.9;2.4
40298;-37.4;38.2;0.6
40300;-39.6;38.3;2.2
40302;-41.8;38.8;1.5
40304;-39.8;38.1;0.7
40306;-41.2;38.9;2.8
40308;-42.4;38.5;1.1
40310;-40.1;38.6;1.4
40312;-38.5;38.4;2.1
40314;-40.8;38.7;0.8
40316;-41.8;39.3;2.7
40318;-39.9;38.5;1.5
40320;-41.8;38.4;1
40322;-43.1;38.8;2.9
40324;-41.5;39;0.6
40326;-40.7;38.9;2.3
40328;-40.8;38.3;1.5
40330;-38.9;38.4;0.6
40332;-37.8;38.3;2.7
40334;-38.5;38.5;1
40336;-39.4;38.8;2
40338;-39.3;38.9;2.1
40340;-40.2;38.4;0.9
40342;-42.3;38.9;2.8
40344;-41.5;38.5;1.4
40346;-40.7;38.3;0.9
40348;-42.8;38.7;2.8
40350;-40.6;38.8;0.7
40352;-37.4;38.2;1.8
40354;-39.1;38.1;2.1
40356;-37.9;38.4;1
40358;-39.4;38.7;2.1
40360;-40.8;38.7;1.8
40362;-40.3;38;1
40364;-39.5;38.2;1.8
40366;-41;38.7;1.7
40368;-42.5;38.8;1.1
40370;-38.8;38.2;1.6
40372;-38.5;38.4;1.4
40374;-39.2;38.6;1.7
40376;-39.5;38.4;2.1
40378;-39.9;39.1;1.4
40380;-39.4;38.6;1.4
40382;-39.8;38.2;1.7
40384;-40.1;39;1.5
40386;-39.3;38.2;1.2
40388;-42.5;39.1;1.9
40390;-38.9;38.8;1.7
40392;-39.2;39.1;1
40394;-39;38.2;1.9
40396;-39.3;38.5;1.4
40398;-39.2;38.9;1.5
40400;-41.5;38.4;2.3
40402;-42.8;38.2;1.2
40404;-40;38.5;1.8
40406;-41.3;39;1.8
40408;-41.1;38.2;1.3
40410;-39.3;39;1.8
40412;-36.1;38.4;1.5
40414;-39.7;38.6;1.3
40416;-39.2;39.1;2.4
40418;-36.8;38.4;1.2
40420;-39.3;38.7;1.6
40422;-41.5;38.4;2.1
40424;-39.4;38.2;0.9
40426;-41.3;38.8;2.2
40428;-40.7;38.2;1.6
40430;-40;38.8;1.1
40432;-38.5;38.6;2.7
40434;-40.1;38.5;1.1
40436;-40;39.1;1.3
40438;-38.1;38.4;2.3
40440;-40.7;38.9;0.5
40442;-40.5;38.4;2.1
40444;-39.2;38.4;2
40446;-40.3;38.6;0.8
40448;-40.2;38.1;2.7
40450;-40;38.8;1.1
40452;-38.1;38.1;1.4
40454;-40.4;39;2.6
40456;-39.7;38.6;0.7
40458;-40;38.8;2.4
40460;-42.1;38.9;1.8
40462;-41.4;38.2;1.2
40464;-41.2;39;2.6
40466;-41.9;39;0.9
40468;-41.3;38.6;2
40470;-38.2;38.5;2.1
40472;-37.2;38.4;0.6
40474;-40.1;39.1;2.4
40476;-39.2;38.6;1.8
40478;-39.4;38.7;0.9
40480;-40.6;38.2;2.3
40482;-41.2;38.6;1.2
40484;-39.5;38.5;1.6
40486;-40.8;38.8;2.1
40488;-43;39;0.7
40490;-39.2;38.5;2.2
40492;-37.4;38.3;1.9
40494;-39.8;38.5;0.7
40496;-39.7;39;3
40498;-38.4;39.1;1
40500;-40.2;38.6;1
40502;-40;38.2;3.4
40504;-39;38.2;-0.3
40506;-41.1;38.4;2.1
40508;-42.3;38.1;2
40510;-41.2;38.9;0.2
40512;-38.9;39.1;3.3
40514;-40;38.4;0.7
40516;-41.5;39.1;1.8
40518;-40;38.6;2
40520;-41.8;38.6;0.7
40522;-42;38.3;2.5
40524;-40.3;38.3;1.3
40526;-41.2;39;1.2
40528;-42.6;38.9;2.7
40530;-38.9;38.3;0.8
40532;-38.8;38.8;1.8
40534;-40.6;39;2
40536;-39.6;38.6;0.9
40538;-37.9;38.2;2
40540;-39.7;38.4;1.7
40542;-41.3;38.3;1
40544;-41.6;38.9;2.2
40546;-40.7;38.4;1.7
40548;-43.3;38.4;1.1
40550;-39.2;38.2;2.3
40552;-38.5;38.9;1.1
40554;-40.4;39;2.4
40556;-39.2;38.4;2
40558;-40;38.8;1.1
40560;-41.8;39.1;2.2
40562;-41.5;38.6;1.4
40564;-39.9;38.2;1.4
40566;-40.5;38.4;2.4
40568;-41.8;38.4;1
40570;-39.3;38.4;1.5
40572;-38.6;38.4;2.1
40574;-40.1;38.2;1
40576;-39.4;38.2;2.1
40578;-39.7;38.6;1.6
40580;-41.6;39.1;1.4
40582;-42.2;38.9;2.2
40584;-40.6;38.7;1.3
40586;-41.4;38.9;1.9
40588;-41.9;39;2
40590;-40;38.8;0.8
40592;-38;38.1;1.9
40594;-39.8;38.4;1.8
40596;-39;38.2;1.3
40598;-39.9;38.9;2.1
40600;-41.4;38.5;1.5
40602;-43.3;39.2;1.3
40604;-39.9;38.4;2.1
40606;-40.3;38.8;1.1
40608;-40.9;38.4;1.6
40610;-39.4;39;2.3
40612;-37.1;38.7;1
40614;-38.1;38.2;1.9
40616;-37.6;38.4;1.6
40618;-37.5;38.5;0.9
40620;-38.9;38.4;2.3
40622;-40.6;38.4;0.9
40624;-39.9;38.5;1.4
40626;-41.5;39.4;2.9
40628;-42.4;38.2;0.8
40630;-40.4;38.5;1.8
40632;-40.5;39.1;2
40634;-40.4;38.1;0.8
40636;-41.3;38.9;2.5
40638;-38.8;38;1.3
40640;-41.9;38.6;1.5
40642;-40.9;38;2.6
40644;-41.2;38.8;1.4
40646;-41.4;38.8;0.9
40648;-41.1;38.2;2.1
40650;-40.4;39;1.1
40652;-37.7;38.3;1.9
40654;-41;38.9;1.8
40656;-39.8;38.5;0.9
40658;-38.3;38.2;2.1
40660;-42.6;38.9;1.3
40662;-42.2;38.7;1.3
40664;-41.9;38.8;2
40666;-42.2;38.7;1.3
40668;-42.6;38.9;1.1
40670;-39.9;39.2;1.8
40672;-37.4;38.3;1.7
40674;-38.9;38.4;1.5
40676;-39.4;38.9;1.2
40678;-39.7;39.3;2
40680;-41.1;38.5;1.6
40682;-41.6;38.8;1.5
40684;-40;38.7;2
40686;-40.9;38.4;1.8
40688;-43.5;39.2;1.1
40690;-40.3;39;2
40692;-39.9;38.5;1.9
40694;-39.7;38.3;1.4
40696;-40.3;39.1;1.8
40698;-39.1;39.2;1.5
40700;-39.5;38.5;1.7
40702;-40.2;38.6;1.9
40704;-39.2;38.5;1.7
40706;-41.5;39.2;1.2
40708;-41.9;38.6;2
40710;-39.9;38.9;1.5
40712;-37.9;38.4;1.2
40714;-39.6;38.4;1.9
40716;-40.3;38.6;1.8
40718;-38.9;38.4;1.8
40720;-40.9;38.4;1.9
40722;-41.6;38.4;1.2
40724;-38.9;38.3;1.6
40726;-39.9;38.7;2.3
40728;-40.6;38.6;1.3
40730;-38.6;38.6;1.6
40732;-37.6;38.6;1.8
40734;-38.3;38.4;1.6
40736;-39.9;39;2.1
40738;-39.2;38.7;1.6
40740;-39.9;38.5;1.8
40742;-41.5;38.5;1.6
40744;-41.7;39.1;1.3
40746;-42.1;38.9;1.8
40748;-42.4;38.5;2.3
40750;-39.8;38.3;1.1
40752;-37;38.5;1.6
40754;-39.6;39.1;2
40756;-37.3;38.4;0.9
40758;-38.4;39;2.2
40760;-40.1;38.9;1.5
40762;-39.6;38.4;1.1
40764;-39.5;38.8;2.5
40766;-40;38.8;0.8
40768;-39.9;38.6;1.9
40770;-38;38.4;2.3
40772;-38.3;39.1;0.7
40774;-39.2;38.3;2.4
40776;-39.4;38.9;1.4
40778;-37.7;38.3;0.9
40780;-40.5;38.6;3
40782;-40.1;38.6;0.9
40784;-38.4;38.5;1.4
40786;-39.4;39;2.3
40788;-41.6;39.2;0.6
40790;-38.2;38.6;2.1
40792;-37.5;38.6;1.9
40794;-40.2;39;1.1
40796;-38.9;38.5;2
40798;-39.2;38.9;1.8
40800;-41.5;39.1;1.2
40802;-41.8;38.5;2.1
40804;-39.3;38.2;1.8
40806;-40.3;38.6;1.2
40808;-42.4;38.9;1.8
40810;-38.9;38.6;1.6
40812;-36.5;38.3;1.5
40814;-38.8;38.6;1.7
40816;-39;39.2;1.8
40818;-36.2;38.2;1.6
40820;-40.1;38.6;1.2
40822;-40.4;38.6;1.3
40824;-40.1;39;2.3
40826;-40.7;38.9;0.9
40828;-40.3;38.3;1.8
40830;-39.3;38.3;1.9
40832;-38.4;38.4;1.2
40834;-39.2;38.1;2.1
40836;-39;38.5;1.9
40838;-37;38.3;1.5
40840;-39.2;38.2;1.8
40842;-41;38.8;1.6
40844;-38.2;38.3;1.3
40846;-39.9;39.2;2.1
40848;-39.6;38.5;1.7
40850;-37.9;38.7;0.9
40852;-38.2;39.4;2.6
40854;-39.6;39.1;1.5
40856;-37.4;38.1;1.3
40858;-37.8;38.5;2.3
40860;-41;38.7;1.2
40862;-40.4;38.4;1.8
40864;-39.3;38.4;1.9
40866;-39.6;38.5;1.4
40868;-39.5;38.3;1.3
40870;-38.5;38.6;1.9
40872;-37.2;38.4;1
40874;-38.5;38.3;1.6
40876;-38.6;38.6;2.4
40878;-38.9;39.1;1.3
40880;-39.9;38.5;1.6
40882;-40.2;38.4;1.9
40884;-38.5;38.3;1.1
40886;-40.6;38.8;2.4
40888;-41.6;38.8;1.9
40890;-39.2;38.7;0.9
40892;-37.3;38.5;1.9
40894;-38.9;38.6;1.5
40896;-37.7;38.5;1.4
40898;-36.8;39.1;2
40900;-38;38.4;1.5
40902;-39.7;38.7;1.8
40904;-38.3;38.5;2.1
40906;-40.2;38.7;1.2
40908;-42.2;39.3;1.4
40910;-39.7;39.1;1.8
40912;-37;38.5;1.9
40914;-38.8;38.6;0.9
40916;-40.1;39;1.5
40918;-39.2;39;2.3
40920;-40;38.4;1.3
40922;-40.9;38.9;1.5
40924;-38.2;38.2;1.9
40926;-39.6;39.2;1.5
40928;-39.6;38.5;1.6
40930;-38.8;39.5;2
40932;-36.1;38.4;1.6
40934;-37.5;38.7;1.6
40936;-37.6;38.7;1.3
40938;-37.9;38.7;1.8
40940;-38.2;38.7;1.4
40942;-41.2;38.6;1.2
40944;-39.9;39.2;2
40946;-40.4;39.1;1
40948;-40.7;38.8;1.8
40950;-38.6;38.4;2
40952;-37.2;38.7;1.2
40954;-39.1;39.1;2.1
40956;-37.8;38.6;1.9
40958;-36.5;38.4;1.1
40960;-38.4;38.1;1.5
40962;-40.7;39;1.8
40964;-38.7;38.9;1.5
40966;-38.7;38.4;1.3
40968;-39.6;38.3;1.8
40970;-37.6;38.5;1.9
40972;-36.6;38.2;1.2
40974;-39.4;38.8;2.1
40976;-39.1;38.3;1.4
40978;-37.4;38.3;1.6
40980;-40.1;38.8;1.9
40982;-40.8;38.5;1.4
40984;-38;38.4;2
40986;-39.7;39;1.9
40988;-39.3;38;0.9
40990;-38.2;38.6;1.9
40992;-36;38.1;1.9
40994;-37.8;38.1;0.8
40996;-37.3;38;2.1
40998;-37.2;38.9;1.4
41000;-39.9;39.1;1.5
41002;-40.8;39.1;2.6
41004;-39.1;39.2;0.8
41006;-38.8;38.5;1.6
41008;-40.8;38.9;2
41010;-36.2;38.4;0.9
41012;-36.2;38.5;1.9
41014;-38.3;39;2
41016;-37.3;38.6;0.7
41018;-37.6;39.3;2
41020;-37.4;38.4;1.9
41022;-39.1;38.6;1
41024;-38.3;38.6;2.5
41026;-40;39.1;1
41028;-41.4;39;1.6
41030;-37.7;38.3;2.2
41032;-36.7;38.1;0.6
41034;-38.5;38.5;2.1
41036;-39.2;39.1;1.6
41038;-37.2;38.5;1
41040;-37.8;38.4;2.2
41042;-38.9;38.3;1.3
41044;-37.6;38.4;1.2
41046;-38.8;38.8;1.8
41048;-38.7;38;1
41050;-37.9;38.9;1.4
41052;-37.8;38.9;2
41054;-37.1;38.3;1
41056;-39.1;39.1;1.9
41058;-37.2;38.2;1.7
41060;-38.1;38.2;1.3
41062;-41.4;38.8;2.4
41064;-39.9;38.8;1
41066;-40;38.8;1.3
41068;-40.6;38.9;1.8
41070;-38.4;38.5;1
41072;-36.3;38.1;1.9
41074;-37.1;38;1.6
41076;-38.1;38.8;1.1
41078;-36.6;38.3;1.9
41080;-38.7;38.3;1
41082;-39.4;38.4;1.7
41084;-38.5;38.7;1.8
41086;-39.3;38.5;1.5
41088;-41.4;39.1;1.9
41090;-38.5;38.4;1.6
41092;-38.8;39.3;1.4
41094;-39.6;39.1;2
41096;-37.6;38.4;1.3
41098;-37.3;39;1.1
41100;-38.4;38.5;2
41102;-38.5;38.4;1.4
41104;-38.3;38.6;1.6
41106;-39.2;38.4;1.9
41108;-41.8;39.1;1.5
41110;-38.4;38.6;1.7
41112;-38.2;38.4;1.7
41114;-38.6;38.4;1.4
41116;-39.4;38.5;2.1
41118;-39.3;39;1.8
41120;-39.9;38.6;1.4
41122;-40.9;38.5;2.4
41124;-38.5;38.3;1.6
41126;-39.7;39.1;1.1
41128;-40.9;39.2;2.2
41130;-36.9;38.5;1
41132;-36.9;39;1.5
41134;-37.3;38.4;2.3
41136;-38.7;39.3;1.4
41138;-37.9;39.1;1.9
41140;-37.8;38.7;1.7
41142;-41;38.5;0.9
41144;-38.9;38.6;2.1
41146;-40.7;39.1;1.5
41148;-41.8;39.3;1.4
41150;-39.2;39;2.3
41152;-35.9;38.6;1.2
41154;-37.3;38.4;1.5
41156;-38.1;38.9;2.7
41158;-38.1;39.1;0.7
41160;-40.2;39.1;2.4
41162;-40.1;38.4;1.9
41164;-37.9;38.3;0.6
41166;-39.7;39;2.1
41168;-39.8;38.5;1
41170;-37.4;38.5;1
41172;-37.2;38.6;2.8
41174;-38;38.4;0.8
41176;-39.4;39.1;1.6
41178;-38.5;39.3;2.8
41180;-38;38.5;0.3
41182;-40.4;39.2;2.6
41184;-38.8;39.1;1.6
41186;-39.2;38.9;1.1
41188;-40.4;39;2.9
41190;-37;38.5;0.8
41192;-36.1;38.6;1.5
41194;-39.1;39.2;2.5
41196;-37;38.5;0.8
41198;-36.9;38.6;2.2
41200;-39.4;38.3;1.9
41202;-41.4;39;0.9
41204;-39;38.7;2.7
41206;-38.6;38.1;1.5
41208;-41.2;39.2;0.8
41210;-37;38.3;2.5
41212;-34.9;38.3;0.7
41214;-38.4;38.9;2.4
41216;-38.1;39.1;1.8
41218;-37;39;0.8
41220;-38.9;38.8;2.5
41222;-40.2;39;1.1
41224;-39.2;38.8;1
41226;-37.9;38.2;2.5
41228;-41.5;38.9;0.8
41230;-38.4;38.4;2.5
41232;-36.6;37.9;1.7
41234;-38.8;38.5;1.1
41236;-39.1;38.7;2.5
41238;-38.2;38.9;1.2
41240;-39.2;38.7;1.9
41242;-38.7;38;2.4
41244;-37.4;38.2;1
41246;-38.1;38.7;2.1
41248;-39.6;39.1;1.7
41250;-37.4;39.1;0.9
41252;-35.6;38.5;2
41254;-36.8;38.5;1.6
41256;-38;39.1;1.5
41258;-36.1;38.5;1.3
41260;-39;38.9;1.6
41262;-40.4;38.9;1.8
41264;-37.8;38.3;1.6
41266;-39.3;39;1.6
41268;-39.1;38.5;1.9
41270;-37.3;38.6;1.4
41272;-37.1;39;1.4
41274;-38.6;39;1.8
41276;-38.1;39.1;1.5
41278;-36.3;38.7;1.5
41280;-38.9;38.5;2.1
41282;-39.2;38.7;1.7
41284;-37.8;38.5;1.5
41286;-39.3;38.9;1.9
41288;-38.8;38.4;1.6
41290;-36.8;38.4;1.2
41292;-37.3;39.3;1.9
41294;-37.1;38.4;1.8
41296;-37;38.8;1.6
41298;-34;38.5;1.6
41300;-36.6;38.5;1.7
41302;-36.6;38.4;1.7
41304;-36.7;38.7;1.7
41306;-38.2;38.6;1.6
41308;-38.4;38.2;1.6
41310;-35.9;38.5;1.9
41312;-35.3;38.6;1.7
41314;-37.5;38.7;1.3
41316;-36.4;38.5;1.4
41318;-35.5;38.6;2.1
41320;-36.9;38.5;1
41322;-37.8;38.5;1.6
41324;-35.7;38.4;2.1
41326;-35.9;38.3;1.1
41328;-39;39.3;2.1
41330;-35.1;38.6;1.1
41332;-33.8;38.4;1.1
41334;-36.1;38.8;2.6
41336;-36.8;39.1;1
41338;-35.4;38.6;1.7
41340;-36.1;38.5;2.6
41342;-38.6;38.5;0.3
41344;-38.4;39.1;2.5
41346;-38.4;38.5;1.6
41348;-40.6;39.1;1
41350;-38.4;39.1;2.6
41352;-35.6;38.5;1
41354;-35.8;38.5;1.5
41356;-36.1;38.5;2.3
41358;-36.1;39.2;1.1
41360;-36;38.5;1.6
41362;-37;38.5;1.8
41364;-36.1;38.4;1.3
41366;-37.1;39;2.3
41368;-38.2;38.8;1.8
41370;-36.7;38.9;1.4
41372;-34.8;38.6;2.1
41374;-35.8;38.2;1.4
41376;-37;38.9;1.6
41378;-35.2;38.5;1.9
41380;-37.9;39;1.4
41382;-38.2;39.4;1.7
41384;-34.8;38.4;1.8
41386;-36.2;38.4;1.4
41388;-38.6;39;1.5
41390;-36.1;38.8;1.9
41392;-36.1;39.3;1.3
41394;-37.7;39.1;1.5
41396;-36.8;38.8;2.1
41398;-36.1;39.2;1.1
41400;-37.6;38.6;1.7
41402;-38.8;38.8;2.2
41404;-36.9;38.9;0.6
41406;-37.6;38.8;2.2
41408;-38.2;38.7;1.8
41410;-36.1;38.3;1.1
41412;-34.6;38.7;2.4
41414;-37.1;39.4;1.2
41416;-36.2;38.9;1.8
41418;-35.7;39.2;2.3
41420;-36.6;39.1;1.2
41422;-37.9;38.5;1.5
41424;-37.3;38.9;2.2
41426;-38;39.2;1.2
41428;-38.3;38.6;1.4
41430;-35.5;38.2;1.7
41432;-35.5;38.5;0.9
41434;-36.5;38.1;1.8
41436;-35.9;38.3;1.7
41438;-34.7;38.2;1.2
41440;-36.5;38.6;2.1
41442;-37.6;38.5;1.8
41444;-35.5;38.5;1.3
41446;-35.8;38.3;1.6
41448;-38.3;38.9;1.8
41450;-35.5;38.5;2.2
41452;-34.3;38.4;1.5
41454;-36.7;38.9;1.4
41456;-36.3;39;2.3
41458;-35.9;38.9;1.5
41460;-38.1;39.3;1.2
41462;-37.4;38.6;2.2
41464;-36.9;38.7;1
41466;-37.1;38.5;1.9
41468;-37.5;38.5;2
41470;-36.7;38.8;1
41472;-35.4;38.8;1.9
41474;-36.7;39.1;1.8
41476;-35.3;38.6;1.3
41478;-34.9;38.5;1.7
41480;-37;38.5;2
41482;-37.5;38.4;1
41484;-35.6;38.3;1.9
41486;-37.6;39.1;1.9
41488;-38.2;38.7;1
41490;-36.1;38.7;2.1
41492;-34;38.2;1.4
41494;-37;39;1.4
41496;-35.8;39;2.6
41498;-33.3;38.5;0.5
41500;-34.9;38.3;1.5
41502;-37.7;39.2;2.7
41504;-35.1;38.5;0.9
41506;-35.6;38.7;1.8
41508;-37.7;38.7;1.9
41510;-34.8;38.4;1.2
41512;-33.4;38.3;1.9
41514;-36.8;39;1.7
41516;-35.8;38.7;1.3
41518;-34.8;38.4;1.3
41520;-36.6;38.4;1.6
41522;-37.9;38.6;1.5
41524;-36.4;39.2;2.2
41526;-35.9;38.6;1.7
41528;-36.6;38.2;1.3
41530;-34.3;38.4;2
41532;-33.1;38.6;0.9
41534;-34.6;38.5;1.8
41536;-34.6;39;2.3
41538;-34.9;39.2;0.6
41540;-35.7;38.9;2.6
41542;-36.7;38.6;1.2
41544;-36.4;38.7;1.3
41546;-36.4;38.7;2.1
41548;-38.3;39;1
41550;-36;38.7;2.1
41552;-33;38.6;1.5
41554;-35;38.5;1.3
41556;-33.9;39;2.7
41558;-33.1;38.8;0.6
41560;-34.4;38.3;1.9
41562;-35.3;38.5;2.2
41564;-34.6;38.5;0.2
41566;-35.2;38.5;2.9
41568;-37;39.1;1
41570;-33.8;38.6;1
41572;-33.5;38.6;2.4
41574;-35.5;39.3;0.4
41576;-36.2;39.1;2.4
41578;-35.5;39.2;1.7
41580;-36.9;39.5;1.4
41582;-36.3;38.6;2.2
41584;-34.3;38.6;0.9
41586;-35.7;38.5;1.3
41588;-36.6;38.5;1.8
41590;-34.4;38.5;1.1
41592;-34.2;38.5;1.8
41594;-35.6;38.6;1.9
41596;-35.8;38.8;1.1
41598;-34.4;38.5;2
41600;-36.8;38.7;1.4
41602;-38.2;39;1.4
41604;-36.4;38.8;2.2
41606;-35.9;38.4;1.3
41608;-37.8;38.9;1.9
41610;-35;38.5;1.5
41612;-34.5;38.9;1.1
41614;-35.8;39;2.3
41616;-35.3;39;1.4
41618;-32.8;38;1.8
41620;-35.3;38.5;2.1
41622;-38;39;1.7
41624;-36.3;38.8;1.9
41626;-36.5;38.6;1.7
41628;-38.9;39;1.4
41630;-35.9;38.4;2
41632;-34.2;38.6;1
41634;-37.2;39;1
41636;-36.5;38.8;2
41638;-34.4;38.6;1.6
41640;-35.5;38.7;1.3
41642;-36.5;39.1;2.1
41644;-34.3;38.6;1.5
41646;-34.5;38.4;1.6
41648;-35.7;38.4;1.8
41650;-34.6;38.6;1.8
41652;-33;38.4;1.8
41654;-34.7;38.4;1.7
41656;-34.8;38.9;1.6
41658;-35.7;39.1;1.5
41660;-36.5;38.6;2
41662;-37;38.5;1.6
41664;-36.9;39.1;1.5
41666;-37;39;1.9
41668;-38.4;39;1.3
41670;-34.5;38.7;1.6
41672;-32.9;38.5;2
41674;-35.7;39.1;1.3
41676;-33.9;38.5;1.5
41678;-34.6;39.3;1.9
41680;-36.6;39.1;1.5
41682;-36;38.3;1.2
41684;-35.2;38.8;1.8
41686;-36.4;38.9;1.2
41688;-36.3;38.1;1.9
41690;-34.9;38.9;2.1
41692;-33.6;38.4;1
41694;-36.1;38.6;2.2
41696;-35;39;1.6
41698;-34.4;38.9;1.1
41700;-36.2;39;2.4
41702;-36.1;38.7;1.4
41704;-34.7;38.5;1.5
41706;-36.4;38.7;2.3
41708;-36.8;38.3;0.8
41710;-36;38.9;1.8
41712;-34.2;38.5;1.7
41714;-35;38.4;1
41716;-35.2;38.3;2.6
41718;-35.4;39;1.3
41720;-35.9;38.6;0.9
41722;-36.7;38.9;2.9
41724;-35.5;39.1;0.5
41726;-35.3;39;1.9
41728;-35.3;38.6;2.5
41730;-33.3;38.4;0.5
41732;-33.1;39.4;2.6
41734;-34.2;38.6;1.2
41736;-35;39.3;1.5
41738;-34.3;39.4;2.9
41740;-35.2;38.9;0.3
41742;-36.8;38.6;2.5
41744;-36.4;38.9;1.9
41746;-37.2;39;0.6
41748;-38.4;38.9;2.8
41750;-34.7;38.4;0.8
41752;-33.5;38.4;1.2
41754;-34;38.2;2.4
41756;-34.7;38.8;0.6
41758;-34.7;39.1;2
41760;-34.7;38.3;1.9
41762;-36.4;38.9;0.8
41764;-35;38.5;2.6
41766;-35.3;38.3;1.4
41768;-36.6;38.2;1.2
41770;-34.4;38.3;2.7
41772;-33.3;38.2;0.9
41774;-34.4;38.2;1.9
41776;-35.9;38.9;1.8
41778;-34.6;38.8;1.2
41780;-36.4;38.9;2
41782;-37.2;39;1.7
41784;-35.6;38.9;1.1
41786;-35;38.4;1.9
41788;-36.8;39;1.6
41790;-34.2;38.6;1.3
41792;-32.6;38.4;1.9
41794;-35.4;39.2;1.5
41796;-34.3;38.9;1.9
41798;-33.7;38.8;2.1
41800;-35.6;38.8;1.3
41802;-35.6;38.1;1.6
41804;-33.9;38.4;1.8
41806;-35.1;38.8;1.3
41808;-35.6;38.5;2.1
41810;-33.8;38.7;1.8
41812;-31.3;38.4;1
41814;-34.4;38.9;2.3
41816;-33.7;38.4;1
41818;-32;38.3;1.4
41820;-34.4;38.1;2.1
41822;-35.4;38.2;0.7
41824;-34.9;39.1;1.8
41826;-35.3;38.5;1.9
41828;-36.1;38.4;1.1
41830;-35.4;38.4;2.8
41832;-34.6;39.1;1
41834;-34.3;38.3;1.2
41836;-35.2;38.5;2.8
41838;-34.3;38.6;1
41840;-35;39.1;1.8
41842;-35;38.3;2.3
41844;-35;38.9;0.8
41846;-34.2;38.7;1.9
41848;-36.4;38.7;2.2
41850;-35;39.1;0.8
41852;-32.4;38.6;1.9
41854;-34.4;39.1;1.9
41856;-35.3;39.1;0.8
41858;-32.7;38.1;2.3
41860;-33.4;38.2;1.2
41862;-36.3;38.4;1.5
41864;-34.9;38.4;2.5
41866;-34.6;38.3;0.9
41868;-36.6;39;1.8
41870;-35.3;38.7;2
41872;-33.4;38.9;0.9
41874;-33.8;39.1;1.9
41876;-33.5;38.2;1.6
41878;-32.3;38.4;1.2
41880;-33.7;39;1.9
41882;-35.1;38.3;1.5
41884;-35.3;38.8;1.2
41886;-34.4;38.4;1.8
41888;-36.6;39;1.5
41890;-35.7;38.3;1.7
41892;-35;38.9;1.6
41894;-34.3;38.3;1.3
41896;-35.6;39.1;1.9
41898;-34.6;38.9;1.8
41900;-32.3;37.9;1.3
41902;-33.6;38.4;2
41904;-35.5;38.5;1.7
41906;-34.9;39.1;1.4
41908;-35.4;38.9;1.7
41910;-37.1;39.2;1.8
41912;-34.4;38.5;1.5
41914;-31.7;38.1;1.8
41916;-33;38.4;1.9
41918;-34.2;38.2;0.9
41920;-33.8;38.7;1.8
41922;-32.8;38.3;2.2
41924;-35.5;38.4;0.9
41926;-34.7;38.9;2.5
41928;-33.6;39;1.1
41930;-33.2;38.5;1.2
41932;-34.5;38.6;2
41934;-32.2;38.3;1
41936;-30.6;38.2;1.8
41938;-34.2;39.2;1.9
41940;-32.9;38.3;1.3
41942;-32;39;2.1
41944;-34.2;38.9;1.3
41946;-36.6;38.9;1.8
41948;-34.1;38.5;2.1
41950;-34.4;38.7;0.9
41952;-35.1;38.3;2.3
41954;-36.7;38.7;1.7
41956;-32.7;38.2;0.8
41958;-32.9;39.2;2.5
41960;-33.5;38.4;0.9
41962;-32.2;38.4;1.6
41964;-32;38.4;2.3
41966;-34.4;38.9;0.6
41968;-36.2;39.1;2.2
41970;-34.5;39.2;1.7
41972;-32.8;38.2;0.7
41974;-34.6;38.5;2.2
41976;-34.3;38.4;1.1
41978;-32.4;38.5;1.6
41980;-33.2;39.1;2.6
41982;-33.9;38.3;1
41984;-33.3;38.4;2.3
41986;-31.8;38.4;1.6
41988;-34.8;38.9;1.4
41990;-34.9;38.8;2.4
41992;-32.7;38.4;0.7
41994;-33.6;39;2.1
41996;-34.7;39.1;1.5
41998;-35.6;39.1;1.1
42000;-33.3;39.2;2.6
42002;-31.5;38.8;0.8
42004;-34.5;39.1;1.9
42006;-34;38.4;2
42008;-33.7;39;1.1
42010;-34;38.4;2.1
42012;-36.1;38.2;1.4
42014;-36.1;38.4;1.1
42016;-34.8;38.8;2.4
42018;-34.9;38.8;1
42020;-36.7;38.8;1.7
42022;-33.3;38.1;2.7
42024;-30.6;38.3;0.8
42026;-32.5;38.9;2
42028;-34.5;38.4;1.8
42030;-33.2;39.2;0.9
42032;-31.5;38.7;2.1
42034;-33;38.4;1.5
42036;-35.4;39;1.5
42038;-33.4;38.6;2
42040;-33;38.6;0.7
42042;-34.9;39;2.2
42044;-36.4;39;1.5
42046;-33.6;38.5;1.2
42048;-31.5;39;2.5
42050;-32.3;38.2;1
42052;-34;38.5;1.7
42054;-32.4;38.4;2.4
42056;-31.6;38.8;0.9
42058;-32.5;38.5;1.6
42060;-34;38.5;2
42062;-33.1;38.6;1.1
42064;-32.7;39.3;1.8
42066;-32.9;38.8;2
42068;-33.9;38.5;1
42070;-33.4;38.7;1.8
42072;-31.3;39.1;1.8
42074;-31.7;39.1;1.5
42076;-32.9;39;2
42078;-32.7;38.8;1.6
42080;-30.8;38.3;0.9
42082;-32.1;38.4;2.3
42084;-34;38.1;1.3
42086;-35.9;38.9;1.1
42088;-34.5;38.8;2.1
42090;-33.1;38.5;1.4
42092;-34.3;38.6;1.8
42094;-35.5;38.4;1.6
42096;-32.5;38.6;1.4
42098;-30.3;38.5;2
42100;-31.2;38.4;0.9
42102;-33.7;38.6;1.7
42104;-33.6;39.1;2
42106;-31.1;38.1;1.5
42108;-32.4;38.5;1.8
42110;-34.4;38.4;1.8
42112;-35.6;39.3;1
42114;-33.6;39.2;1.6
42116;-32.4;38.9;1.8
42118;-34.3;39.3;1.1
42120;-35.5;39.1;2
42122;-33.3;38.6;1.8
42124;-30.2;38.2;1.5
42126;-30.9;39;2.2
42128;-31.7;38.1;1.3
42130;-33.8;38.9;1.6
42132;-29.7;38;1.6
42134;-30;38.7;0.8
42136;-32.4;38.1;2.3
42138;-33.8;38.5;1.3
42140;-32.5;38.3;1
42142;-31.3;37.9;2
42144;-30.9;38.3;1.4
42146;-33.5;39.2;1.7
42148;-35.1;39.1;1.9
42150;-33.6;38.8;1.2
42152;-30.3;38.4;1.8
42154;-29.6;38.4;1.9
42156;-32;38.5;1
42158;-33.3;38.4;2.1
42160;-32.3;38.4;1.2
42162;-31.5;39;1.6
42164;-30.9;38.3;2.4
42166;-33.6;38.9;1.1
42168;-34.1;38.3;1.5
42170;-33.1;38.4;1.9
42172;-30.4;38.4;0.7
42174;-30.8;39.1;2.1
42176;-32.2;38.6;1.6
42178;-32.9;38.4;1
42180;-31.6;38.4;2.1
42182;-29.3;38.3;1.3
42184;-29.4;38.9;1.5
42186;-30.4;38.4;2
42188;-32.7;39.1;1
42190;-31.8;38.4;1.9
42192;-30.1;38.5;1.9
42194;-28.8;38.3;1.2
42196;-30.6;38.6;1.4
42198;-33.7;38.9;2
42200;-33.8;38.8;1.5
42202;-32.6;38.6;1.7
42204;-31.5;39.2;1.4
42206;-30.1;38;1.4
42208;-33;38.9;1.5
42210;-33.3;38.3;1.8
42212;-32.4;38.5;1.5
42214;-29.6;38.4;1.3
42216;-29.1;39.2;1.9
42218;-28.5;38.6;1.6
42220;-30.8;39;1.3
42222;-31.1;38.9;1.8
42224;-31.1;39.2;1.7
42226;-28.4;38.8;1
42228;-28.7;39.2;1.9
42230;-29.1;38.2;1.3
42232;-31.1;38.6;1.2
42234;-33;38.6;2.4
42236;-31.4;38.9;1.6
42238;-29.8;39.1;1.2
42240;-28.7;38.5;1.9
42242;-29.4;38.5;1.5
42244;-30.9;38.3;1.1
42246;-32.4;38.7;2
42248;-31.5;38.2;1.4
42250;-30.2;38.8;1.5
42252;-28.4;39;2.7
42254;-27.4;38.3;1
42256;-29.2;38.7;1.3
42258;-31.8;38.4;2.4
42260;-31;38.4;0.3
42262;-30.8;38.9;1.9
42264;-28.1;38.4;1.9
42266;-28;39.2;0.4
42268;-28.1;38.4;2
42270;-30.9;38.8;1.8
42272;-31.7;38.5;1.1
42274;-32.7;39;2.3
42276;-30.9;38.8;1.4
42278;-27.6;38.4;1.7
42280;-27;38.3;2.1
42282;-28;38.3;1.2
42284;-30.5;38.9;1.7
42286;-31;38.4;1.9
42288;-32.7;38.4;0.9
42290;-31.7;39;2.1
42292;-28.4;38.5;1.2
42294;-26.2;38.3;1.2
42296;-26;38.7;2.1
42298;-27;39.2;0.9
42300;-29;39.1;1.9
42302;-29.9;38.7;2.1
42304;-30.2;38.3;0.9
42306;-29.3;38.7;1.6
42308;-27.3;38.9;1.8
42310;-26.3;39.1;1
42312;-25.8;38.5;1.7
42314;-27.1;38.6;1.9
42316;-29.3;38.8;1
42318;-31.5;38.8;1.9
42320;-32.8;38.9;1.5
42322;-31.9;38.4;1.3
42324;-30.6;38.9;2
42326;-27.4;38.5;1
42328;-26.1;39.2;1.6
42330;-25.3;38.1;1.8
42332;-27;38.5;1.1
42334;-28.3;38.2;1.8
42336;-31;39;2
42338;-30.7;38.3;1.3
42340;-30.4;38.5;1.5
42342;-29;38.9;1.6
42344;-25.5;37.9;1.5
42346;-24.1;38.9;2
42348;-23.4;39.3;1.7
42350;-24;39.1;1.2
42352;-25.2;38.6;2
42354;-26.5;38.3;1.5
42356;-28.6;38.7;0.9
42358;-29.9;39.1;2.2
42360;-29.2;38.4;1.5
42362;-27.8;38.5;1.2
42364;-25;38.4;2.2
42366;-24;38.6;0.9
42368;-22.8;38.5;1.9
42370;-23;38.5;1.8
42372;-24.9;39.2;1.1
42374;-26.6;38.7;2
42376;-28.5;39.3;1.7
42378;-29.2;38.7;1
42380;-30;38.5;2.1
42382;-29.7;38.3;1.5
42384;-29.1;38.9;1.5
42386;-27.2;38.6;1.9
42388;-25.1;38.7;2
42390;-23.6;38.4;1.3
42392;-23.2;38.2;1.8
42394;-24.4;38.8;1.4
42396;-25.6;38.8;1.6
42398;-25.9;37.9;1.9
42400;-27.4;38.1;0.9
42402;-28.5;38.2;1.9
42404;-28.9;38.3;1.9
42406;-29.2;38.2;0.8
42408;-29.2;38.6;2.2
42410;-27.9;38.6;1.2
42412;-26;39.1;1.2
42414;-24.4;38.9;2.6
42416;-22.6;39;0.8
42418;-22.1;39.2;2.1
42420;-21.3;38.2;1.9
42422;-22.4;39.1;1.1
42424;-23.7;39.1;2.3
42426;-24.3;38.2;1.3
42428;-25.6;38.9;1.5
42430;-26.2;38.2;2.1
42432;-27.1;38.4;1.4
42434;-26.9;38.3;1.8
42436;-26.8;38.4;1.9
42438;-26.6;38.8;1.4
42440;-25.7;38.3;1.7
42442;-24.1;38.3;1.9
42444;-23.2;38.3;1
42446;-22.6;38.5;1.6
42448;-21.5;38.3;1.7
42450;-22;38.9;1.2
42452;-21.6;38.4;2.1
42454;-21.7;38;1.4
42456;-23;38.8;1.5
42458;-23.2;38.2;2.3
42460;-24.3;39.1;1.2
42462;-24.4;38.5;1.3
42464;-24.8;38.3;1.9
42466;-25.5;38.6;1.2
42468;-26.4;39.1;1.5
42470;-26.7;39.3;1.8
42472;-26.6;39.1;1.6
42474;-26.8;39.2;1.2
42476;-26;39;2
42478;-25.4;39.3;1.9
42480;-24.3;39.2;0.9
42482;-23.4;39.2;2
42484;-22;38.3;1.4
42486;-21.2;38.8;1.8
42488;-20.8;38.2;1.8
42490;-20.8;38.4;1.6
42492;-20.5;38.1;1.6
42494;-21.1;38.1;1.4
42496;-20.9;38.1;1.3
42498;-21.9;38.2;2
42500;-21.8;38;1.2
42502;-22.3;38;1.5
42504;-23.3;38.8;2
42506;-23.5;38.8;1
42508;-24.1;39;1.7
42510;-23.8;37.9;2
42512;-24.2;38.4;1.1
42514;-24.7;38.6;2.1
42516;-24.6;38;1.6
42518;-24.8;38.2;0.6
42520;-24.8;38.4;2.3
42522;-24.7;38.3;1
42524;-24.6;38.7;0.9
42526;-24.3;38.6;2.7
42528;-23.7;39.1;0.4
42530;-22.4;38.5;2
42532;-21.7;38.6;2.1
42534;-21;38.4;0.4
42536;-20.1;38.4;2.2
42538;-20;38.9;1.3
42540;-19.1;38.4;1.3
42542;-18.9;38.4;2.7
42544;-18.9;38.9;0.5
42546;-18.5;38.6;2.3
42548;-18.6;39.1;2.1
42550;-18.7;39.1;0.9
42552;-18.4;38.4;2
42554;-18.2;38.4;1.3
42556;-18.5;38.5;1.6
42558;-19;38.9;1.8
42560;-18.7;38.5;1.2
42562;-18.9;38.2;2.1
42564;-18.8;38.2;1.8
42566;-19.6;38.8;0.8
42568;-19.9;38.8;2.4
42570;-20.4;39.1;1.8
42572;-20.2;38.5;1.1
42574;-20.1;38.2;2.5
42576;-20.9;39.4;1
42578;-20.6;38.3;1.1
42580;-21.2;38.6;2.4
42582;-21.5;39.4;0.8
42584;-21.2;38.2;1.9
42586;-21.1;38.2;2.2
42588;-21.9;38.8;0.9
42590;-21.5;39.1;2.2
42592;-22.3;39.1;1.1
42594;-22.1;38.9;1.3
42596;-22.4;39.2;2.5
42598;-22.1;38.4;0.7
42600;-22.3;38.4;2
42602;-22.2;38.3;1.7
42604;-22.6;38.7;0.9
42606;-22.3;38;2.7
42608;-22.2;38.7;1
42610;-22.5;39;1.1
42612;-22.2;38.3;2.9
42614;-22.4;38.8;0
42616;-22.1;39;2
42618;-22.3;38.8;2
42620;-21.7;38.3;0.3
42622;-21.8;38.9;3.1
42624;-21.7;39.1;0.9
42626;-21.3;38.8;1.2
42628;-21.1;39.2;2.4
42630;-20.9;39;0.6
42632;-20.5;38.8;2.7
42634;-20.2;38.7;1.3
42636;-20;38.6;0.8
42638;-19.7;38.5;2.8
42640;-19.8;39.1;0.8
42642;-19.8;38.7;1.7
42644;-19.1;38.4;1.9
42646;-19.3;38.9;1
42648;-19.2;39.1;1.9
42650;-18.8;39;1.8
42652;-18.3;38.6;1.4
42654;-18.2;38.6;1.8
42656;-18.3;38.8;1.8
42658;-18.6;39;1.4
42660;-18.7;39.2;1.6
42662;-18.2;38.5;1.8
42664;-18;39;1
42666;-18.4;38.5;1.9
42668;-18.2;38.4;1.9
42670;-18.3;39;1.2
42672;-18.1;38.2;1.9
42674;-18.1;38.3;1.5
42676;-18.2;38.8;1
42678;-18.2;38.9;1.7
42680;-18.1;39;1.3
42682;-18;38.2;1.7
42684;-17.8;38.1;2.3
42686;-18.1;38.6;1.1
42688;-17.9;38.5;1.8
42690;-17.8;38.3;1.9
42692;-17.7;38.4;0.7
42694;-17.8;38.8;2.3
42696;-18;38.9;1.3
42698;-17.4;38.2;1.4
42700;-18;39.1;2.1
42702;-18.1;38.9;0.6
42704;-17.6;38.3;1.7
42706;-17.6;38.8;2.3
42708;-18.1;38.9;1
42710;-17.4;38.3;2.5
42712;-17.2;38.1;1.5
42714;-17.6;38.6;1.1
42716;-17.6;38.5;2.5
42718;-17.7;38.9;1.4
42720;-17.2;38.1;1.9
42722;-17.5;38.7;2.1
42724;-17.8;39;1
42726;-17.3;38.8;1.9
42728;-17.1;38.7;1.9
42730;-17.1;38.3;1
42732;-17.6;38.9;2.3
42734;-17.4;39.1;1.3
42736;-17.4;39.1;1.7
42738;-17.2;38.3;2.1
42740;-17.2;38.3;0.7
42742;-17.4;39.1;2.4
42744;-17.2;39;1.8
42746;-17.1;38.7;0.7
42748;-17.3;38.9;2.8
42750;-17.2;38.6;1
42752;-17.1;38.3;1.4
42754;-17.3;38.5;2.6
42756;-17.1;38.4;0.4
42758;-17.4;38.8;2.2
42760;-17.5;38.4;2
42762;-16.8;38.4;0.6
42764;-16.9;38.1;2.9
42766;-16.9;38.7;0.8
42768;-17.3;39;1.5
42770;-16.9;38.3;2.8
42772;-16.8;38.4;0.3
42774;-17.1;38.1;2.8
42776;-17.1;38.2;1.9
42778;-17.4;39;0.5
42780;-17.6;39.1;3
42782;-17.1;38.3;1.5
42784;-17.3;38.5;2
42786;-17.4;38.4;2.6
42788;-17.5;38.7;1.7
42790;-17.3;38.4;3
42792;-17.5;38.4;2.2
42794;-17.5;38.3;2.3
42796;-17.8;38.8;3
42798;-17.7;38.4;2.3
42800;-17.3;38.4;2.8
42802;-18.1;39.1;2.9
42804;-17.7;38.5;2.8
42806;-18;39;3.2
42808;-17.8;38.4;2.8
42810;-18.1;38.4;2.8
42812;-17.8;38.4;2.6
42814;-17.8;38.4;2.8
42816;-18.2;38.2;2.4
42818;-18.1;38.4;2.9
42820;-18.3;38.5;3.1
42822;-17.7;38.2;2.8
42824;-18;38.5;3
42826;-18.3;38.9;2.8
42828;-18.5;38.9;3.3
42830;-17.9;38.1;2.2
42832;-18.1;38.1;2.8
42834;-18.3;38.4;2.5
42836;-18.5;38.5;2.8
42838;-18.8;38.7;2.8
42840;-18.4;38.1;2.6
42842;-18.4;38;2.8
42844;-18.5;38;2
42846;-19;38.2;3.4
42848;-18.7;38;2.3
42850;-18.8;38.1;2.8
42852;-19;38.1;2.8
42854;-19.2;38.3;2.7
42856;-19.1;38;2.8
42858;-19.5;38.6;2.6
42860;-19.1;37.6;2.8
42862;-19.3;37.7;2.5
42864;-19.3;37.3;2.4
42866;-19.6;38.1;2.8
42868;-19.7;37.6;2.8
42870;-19.4;37.2;2.4
42872;-18.8;37;2.8
42874;-18.7;37.4;2.3
42876;-19;37.2;2.7
42878;-19;37.3;2.6
42880;-19;36.7;2.8
42882;-18.6;36.5;2.2
42884;-18.8;36.4;2.6
42886;-19;36.3;2.7
42888;-19.1;36.6;2.6
42890;-19.2;35.7;2.2
42892;-19.3;35.7;2.1
42894;-19.6;35.7;2.1
42896;-19.9;35.9;2.2
42898;-20.2;35.9;2.6
42900;-20.5;35.5;2.2
42902;-20.1;34.7;2.4
42904;-20.6;34.9;2.1
42906;-21.5;35.1;2
42908;-21.1;34.9;2.4
42910;-21.2;34.5;1.9
42912;-21.4;34.4;1.9
42914;-21.8;34.2;1.8
42916;-22.8;34.5;2.1
42918;-22;33.8;1.8
42920;-22.9;34.2;1.8
42922;-22.9;34.3;1.6
42924;-23;33.6;1.5
42926;-23.5;34.2;1.8
42928;-23.3;33.5;1.6
42930;-23.6;33.9;1.4
42932;-24.2;34.2;1.2
42934;-23.6;33.6;1.4
42936;-23.7;33.2;1.3
42938;-24;33.5;1.1
42940;-24;33.7;1.7
42942;-23.9;33.5;1.2
42944;-24.3;34.2;1.8
42946;-23.6;33.6;0.8
42948;-23.3;33.8;1.2
42950;-22.4;32.9;1.2
42952;-21.9;32.9;1.1
42954;-21.7;33;1
42956;-20.9;33;0.6
42958;-20.7;33.3;0.8
42960;-20.2;33.6;1
42962;-19.5;32.7;1
42964;-19.8;33.5;0.8
42966;-19;32.7;0.7
42968;-19.8;33.1;0.5
42970;-20.1;33.5;0.7
42972;-19.9;33.2;0.7
42974;-19.8;32.5;0.4
42976;-20.6;33.2;0.8
42978;-20.7;32.6;0.6
42980;-20.7;32.6;0.7
42982;-20.9;32;0.1
42984;-21;32.1;0.3
42986;-22.1;32.5;0.5
42988;-22.7;32.5;0.4
42990;-22.5;32.3;0.3
42992;-22.9;32.1;0.1
42994;-23.8;32.6;0.3
42996;-23.8;32.3;-0.1
42998;-24.2;32.3;0.6
43000;-25;32.3;0
43002;-24.8;32.1;0.8
43004;-25;32;0
43006;-24.9;31.8;0.8
43008;-25.2;32.3;0
43010;-24.4;31.9;0.4
43012;-23.4;31.7;0.2
43014;-22.8;32.5;0.2
43016;-21.7;31.6;0.6
43018;-20.8;31.8;0.2
43020;-20.6;31.7;0.4
43022;-19.2;31.5;0.2
43024;-19;31.6;0.2
43026;-19.6;32;0.3
43028;-19.7;31.9;0.9
43030;-19.8;31.7;0.4
43032;-20.8;31.8;0.8
43034;-20.5;31.4;0.5
43036;-21.8;31.6;0.6
43038;-22.5;31.8;1.1
43040;-23.2;31.3;1
43042;-23;31;1
43044;-24.3;31.6;1
43046;-25.2;31.2;0.8
43048;-25.6;31.3;1
43050;-25.3;30.8;0.9
43052;-25;30.8;1.2
43054;-24.9;30.4;1.4
43056;-23.9;30.6;1.7
43058;-22.4;30;1.8
43060;-21.2;30.2;1.6
43062;-20.5;30;1.7
43064;-20.4;29.7;1.9
43066;-20.5;29.8;2.4
43068;-21.6;30;1.7
43070;-22.5;29.7;2.8
43072;-23.4;29.2;2.1
43074;-24;29;3.2
43076;-25.6;29.8;2.4
43078;-25.7;28.9;3.1
43080;-26.9;29.1;2.9
43082;-26.8;28.8;3.5
43084;-27.3;28.7;2.5
43086;-26.1;27.9;3.9
43088;-25.7;28.4;3.6
43090;-23.8;27.9;3.6
43092;-22.5;27.8;3.6
43094;-22;27.6;3.9
43096;-22.3;27.6;4.3
43098;-23.2;27.6;3.7
43100;-24.2;27;4.9
43102;-25.2;27.1;4.3
43104;-26.1;26.6;4.1
43106;-27.2;26.4;5
43108;-27.9;26.3;4.9
43110;-28.1;25.6;4.8
43112;-27.2;25.2;4.8
43114;-26.9;25.4;5
43116;-24.7;24.4;5.2
43118;-22.8;24.5;5
43120;-21.9;23.7;5.1
43122;-21.5;23.5;5.4
43124;-22;23.5;5.4
43126;-23.1;22.8;5.8
43128;-25.4;23;5
43130;-25.5;22;6
43132;-27.6;22;5.2
43134;-27.4;21.6;4.7
43136;-27.2;21.2;5.9
43138;-25.9;20.4;5
43140;-23.1;20.1;4.5
43142;-21.9;19.8;5.2
43144;-21.9;19.5;4.3
43146;-21.5;18.7;5.5
43148;-22.6;18.9;3.9
43150;-25.4;18.8;4.3
43152;-27.9;18.1;4
43154;-29.4;17.6;2.9
43156;-29.7;17.3;3.8
43158;-29.1;16.9;3
43160;-27.6;16.3;2.2
43162;-25.6;16.6;2.9
43164;-23.9;15.7;1.4
43166;-23.9;15.5;2.7
43168;-24.6;15.9;1.3
43170;-25.8;14.4;1.8
43172;-28.1;14.9;1.7
43174;-29;14.6;-0.3
43176;-30.7;14.2;1.8
43178;-29.9;14.6;-0.7
43180;-26.8;14.3;1.1
43182;-24.1;14.8;-0.7
43184;-22.6;14.3;0.9
43186;-23;14.4;-0.5
43188;-24.5;15.4;0.1
43190;-26.1;14.2;0.1
43192;-28.3;14.6;-1.1
43194;-29.2;14.9;0.8
43196;-29.2;14.8;-1.4
43198;-27.5;14;1.3
43200;-25.8;14.6;-1.1
43202;-24;13.3;1.4
43204;-25;13.2;-1.1
43206;-26.8;13.1;1.8
43208;-28.4;11.7;-1.2
43210;-30.7;12.5;2.4
43212;-29.2;11.2;-0.7
43214;-28.1;10.5;2.7
43216;-26.2;11.1;0
43218;-24.3;9;3.1
43220;-25.3;10.1;0.7
43222;-26.1;8.7;3.4
43224;-28.5;8.1;1.5
43226;-30.2;8.4;4
43228;-29.6;6.6;1.7
43230;-26.8;6.8;2.8
43232;-25;5.5;3.7
43234;-23.3;6.7;2.8
43236;-24.4;4.6;5.1
43238;-25.9;5.5;2.3
43240;-28.3;4.9;6.4
43242;-29;5.9;1.9
43244;-26.9;4.2;5.9
43246;-25.6;5.6;4.1
43248;-24.4;5.4;4.2
43250;-25.1;5.8;5.4
43252;-26.7;7.2;3.3
43254;-30.1;6.7;6.1
43256;-31.4;8.5;3.6
43258;-30.5;7.3;4.4
43260;-28.8;7.4;4.8
43262;-26.2;7;3
43264;-27.9;5.9;4.3
43266;-28.9;5.9;3.6
43268;-31.1;4.4;1.7
43270;-31.2;2.6;4
43272;-28.9;2.4;1
43274;-26.6;1.1;2.1
43276;-25.5;-0.6;1.8
43278;-25.8;-1;-0.1
43280;-26.9;-1.6;1.7
43282;-28.3;-2.7;-0.2
43284;-28.7;-2.5;0.3
43286;-27.3;-2;0.4
43288;-26.8;-2.8;0
43290;-26.1;-2.7;-1.1
43292;-27.6;-2.2;1.8
43294;-30.6;-0.7;-1.2
43296;-31;1.3;0.9
43298;-30.7;0;0.3
43300;-28.5;-0.2;0.3
43302;-27.2;-0.3;0
43304;-27.7;-0.6;2.6
43306;-29.8;-1.1;-0.3
43308;-31.3;-1.8;1.8
43310;-30.2;-3.6;2.1
43312;-28.1;-3.8;1.6
43314;-26.2;-5.2;1.5
43316;-27;-6.3;4.3
43318;-29.1;-5.1;1.7
43320;-30.4;-6.6;4.3
43322;-29.5;-6.5;3.9
43324;-28;-3.9;4.7
43326;-27.4;-2.6;3.2
43328;-26.6;-2.4;5.7
43330;-29.6;-2.1;4.2
43332;-30.3;-3.1;5.6
43334;-30.6;-3.9;4
43336;-28.7;-4.9;6.3
43338;-27.4;-6.5;5.4
43340;-27.3;-8.3;3.9
43342;-30.3;-9.8;5.1
43344;-31.3;-10.7;5.7
43346;-31.4;-10.8;4.3
43348;-29.1;-10.6;3.5
43350;-26.2;-8.5;4
43352;-26.4;-6.9;2.8
43354;-27.8;-6.5;3
43356;-29.9;-6.4;0.8
43358;-29.2;-7.2;1.7
43360;-27.8;-7.3;2.1
43362;-26.4;-9.9;-0.3
43364;-28;-11.7;0.7
43366;-30.7;-13.4;-0.6
43368;-32.1;-14.9;1.2
43370;-31.3;-13.3;0
43372;-28.6;-13.6;-0.6
43374;-28.5;-12.2;0.3
43376;-29.4;-10.1;1.1
43378;-31.3;-9.1;0.9
43380;-31.5;-10;0.5
43382;-30.4;-10.8;1.5
43384;-27.9;-12;1.7
43386;-25.7;-14.9;3.2
43388;-26.6;-14.9;1.5
43390;-30.1;-16.3;2.6
43392;-30.7;-16.8;3.9
43394;-28.5;-14.5;3.7
43396;-26.9;-12.4;4.9
43398;-27;-11.9;3.1
43400;-28.9;-12.9;5
43402;-30.9;-14.6;5.6
43404;-30;-15.2;4.6
43406;-29.5;-18.9;6.4
43408;-28.6;-21.5;4.4
43410;-28;-20.9;5.1
43412;-31;-21.3;6.2
43414;-31.6;-17;4.9
43416;-31.2;-17;5.9
43418;-29.2;-17.7;3.2
43420;-27.6;-18.4;4.3
43422;-28.3;-20.4;4
43424;-30.5;-22.8;3
43426;-31.6;-26.8;3.8
43428;-30.1;-27.5;1.6
43430;-28.4;-25.8;1.1
43432;-28.5;-24;0.2
43434;-29.6;-21.2;1
43436;-32.2;-24.5;1.3
43438;-30.2;-25.9;0.3
43440;-28.4;-28.8;-0.3
43442;-27.3;-30.7;-1
43444;-28.5;-33.1;-0.3
43446;-30;-30.6;0.4
43448;-29.9;-28.4;0.1
43450;-28.6;-28.8;1.2
43452;-27.4;-29.4;-0.9
43454;-25.8;-31.7;0.9
43456;-28;-35.7;1.5
43458;-30.8;-38.9;1.7
43460;-28.7;-37.4;3.1
43462;-28.5;-37.4;1.6
43464;-28.1;-34.1;3.4
43466;-29.2;-34.9;2.5
43468;-31.2;-36.8;4
43470;-32.2;-39.8;5.1
43472;-30.1;-41.2;4
43474;-29.2;-43.8;5.9
43476;-28.5;-41.4;3.4
43478;-29.9;-39.1;5.1
43480;-31.5;-39.2;4.2
43482;-29.8;-41.3;5.1
43484;-28.4;-44.1;4.4
43486;-26;-45.6;5
43488;-26.4;-45.7;4.4
43490;-29.1;-45.9;2.9
43492;-29.6;-40.4;3.7
43494;-28.4;-42.2;1.1
43496;-26.8;-44.8;1.9
43498;-27.5;-49;0.9
43500;-29.1;-50.2;1.7
43502;-30.1;-47.2;0.7
43504;-30.4;-44.1;0.5
43506;-28.9;-43.4;0
43508;-28.5;-45.7;-0.4
43510;-28;-46.2;0
43512;-29.6;-50.5;-0.8
43514;-31.5;-50.6;0.2
43516;-31;-47.3;1.2
43518;-28.9;-46.2;0.5
43520;-26.1;-48.8;2.6
43522;-25.9;-51.4;0.6
43524;-27.1;-52.6;2.3
43526;-29.8;-56.3;1.4
43528;-28.8;-51.9;3.8
43530;-26.9;-47;3.4
43532;-25.6;-49.8;3.4
43534;-26.4;-53.5;5.2
43536;-30.5;-57.1;3.8
43538;-30.6;-55.9;5.5
43540;-28.9;-53.5;3.8
43542;-27.3;-48.1;5.6
43544;-27;-49.8;4.1
43546;-28.8;-56.2;6.1
43548;-30.5;-56.6;4.5
43550;-31.3;-56.5;5.5
43552;-28.4;-52.7;5.3
43554;-25.9;-48.1;3.2
43556;-25.7;-51.4;5
43558;-26.3;-54.8;1.4
43560;-28.5;-58.4;2.2
43562;-29.8;-55.1;0.5
43564;-27.8;-50.5;1.1
43566;-26.8;-52.2;0.3
43568;-25.6;-54.3;0.2
43570;-27;-57.9;0.8
43572;-30;-61.9;-0.1
43574;-29.9;-53;1
43576;-29.3;-50.4;-0.5
43578;-26.8;-53.6;0.6
43580;-25.2;-56.1;-0.2
43582;-26.2;-60.4;1.3
43584;-29;-60.9;1.5
43586;-29.2;-52.5;1.9
43588;-28.7;-55;3.4
43590;-25.6;-59.3;2
43592;-24.4;-62;4.6
43594;-25.9;-62;2.7
43596;-27.6;-56.3;4.7
43598;-28.5;-53;3.2
43600;-28.4;-56.6;5.3
43602;-27.1;-62.8;5.2
43604;-24.9;-60.8;5.1
43606;-24.8;-55.7;5.7
43608;-28;-54.1;4.8
43610;-29.3;-55.1;5.9
43612;-30;-61.2;4.5
43614;-28.6;-60.8;4.7
43616;-27.7;-56.1;2.9
43618;-27;-56.3;4.7
43620;-27.6;-58.3;2
43622;-29.1;-61.1;2.9
43624;-30.5;-65.4;1.9
43626;-28.8;-57.6;1.3
43628;-27.2;-57.9;1.2
43630;-24.9;-61;0.5
43632;-23.7;-60.7;0.1
43634;-25.2;-62.7;-0.9
43636;-26.7;-57.4;-0.1
43638;-28.3;-56;-1.2
43640;-27.1;-61.1;-0.2
43642;-25.6;-63.6;0
43644;-24.8;-61.5;0.4
43646;-24.9;-58.8;1.2
43648;-26.6;-56.8;0.5
43650;-28.9;-61.7;1.9
43652;-28.7;-63.2;0.4
43654;-27.4;-58.2;2.7
43656;-26.6;-58.7;0.9
43658;-24.2;-59.3;3.9
43660;-25.3;-63.4;3.2
43662;-27.1;-65.9;4
43664;-28;-57.5;5.1
43666;-29.1;-57.2;3.8
43668;-28.3;-62.5;4.7
43670;-26.1;-64;3.2
43672;-24.2;-64.4;5.4
43674;-22.9;-55.1;3.4
43676;-25.4;-57.9;5.2
43678;-26.3;-63.2;4.5
43680;-28.2;-65.4;4
43682;-27.2;-61.2;3.8
43684;-25.9;-55.4;2.9
43686;-24.6;-61.8;1.9
43688;-22.8;-66.2;0.9
43690;-24.5;-65.1;1.7
43692;-25.3;-56.2;-0.4
43694;-28.1;-56.3;1.1
43696;-29.4;-61.7;0.2
43698;-27.9;-66.3;-0.1
43700;-26.2;-61.6;0.9
43702;-23.8;-54.2;-0.8
43704;-24.2;-60.6;0.1
43706;-24.9;-64.9;-1.1
43708;-26.8;-66.4;0.2
43710;-28.2;-58.3;0.9
43712;-29.5;-56.3;0.8
43714;-28.4;-62.2;2.7
43716;-26.6;-66.3;0.4
43718;-24;-63.6;3.1
43720;-22;-55.1;1.1
43722;-21.8;-57.2;3.6
43724;-23.2;-64.1;3.6
43726;-25.1;-65.5;4.2
43728;-27.6;-61.6;4.9
43730;-27.7;-55.4;4.2
43732;-26.7;-59.5;4.6
43734;-25.3;-68.6;4.1
43736;-23.6;-65.3;5.4
43738;-23.2;-60.9;5.3
43740;-23.1;-61.1;5.2
43742;-24.7;-64.4;5.7
43744;-27.3;-68.9;3.3
43746;-29.1;-59.4;5.4
43748;-30.3;-57.4;2.2
43750;-29.6;-62.2;3.7
43752;-26.9;-65;2.5
43754;-24.2;-63.7;1.7
43756;-23.1;-56.5;2.1
43758;-23.4;-60.6;1.1
43760;-23.5;-64.5;0
43762;-24.9;-63.8;-0.2
43764;-26.9;-61.1;0.6
43766;-28.7;-57.9;0.1
43768;-28.7;-63;0.7
43770;-27.7;-67.6;0.3
43772;-24.9;-62;-0.2
43774;-21.8;-59;0.4
43776;-20.2;-60.2;0.7
43778;-19.5;-65.2;1.6
43780;-20.7;-63.9;2
43782;-22.6;-59.1;1.1
43784;-23.7;-60.1;2.4
43786;-25.5;-60.7;2.8
43788;-27;-67.7;3.7
43790;-26.8;-63.4;4.6
43792;-25.9;-59.5;3.1
43794;-23.6;-64.5;5.1
43796;-22;-65.8;3.9
43798;-19.9;-64.4;5.5
43800;-19.7;-56.2;5
43802;-20.9;-56.6;4.5
43804;-23;-64.3;5.9
43806;-24.1;-63.9;4.4
43808;-25.4;-59.5;5.9
43810;-26.4;-56.1;5.4
43812;-27.5;-60.4;4
43814;-27.6;-67.3;4.6
43816;-26.4;-64.6;3.6
43818;-24.6;-58;4.4
43820;-23.1;-58.7;3.2
43822;-20.5;-63.1;1.3
43824;-20.7;-65.9;2.1
43826;-20.8;-60.9;0.5
43828;-22.5;-55.5;1.3
43830;-23.6;-61.3;0.5
43832;-24.5;-63.4;-1
43834;-25.5;-64.1;0.2
43836;-26;-56.9;0
43838;-26.2;-54.8;0.2
43840;-26.7;-62.9;-1.1
43842;-25.6;-65.2;-0.6
43844;-24;-61.7;-0.2
43846;-23;-56.9;0.4
43848;-21.7;-57.6;-0.5
43850;-20.9;-65.3;0.1
43852;-19.9;-65.4;1.3
43854;-20.3;-59.3;0.5
43856;-20.7;-55.6;1.9
43858;-21.5;-57.5;0.7
43860;-22.3;-61.9;3
43862;-22.5;-64.3;2.2
43864;-23.2;-55.9;1.7
43866;-24.6;-56.6;3.1
43868;-24.2;-59;4.3
43870;-24.7;-62.8;3.3
43872;-24.3;-65;3.4
43874;-24.1;-56.5;4.7
43876;-23.4;-56.3;4.1
43878;-22.6;-60.9;4.8
43880;-21.4;-63.7;4.2
43882;-20.2;-64.2;5.7
43884;-20;-56;4.3
43886;-19.7;-55.2;3.3
43888;-20;-61.8;5.5
43890;-20;-63.2;4.3
43892;-20.4;-62;3.5
43894;-20.9;-57.3;3.3
43896;-22.2;-56.4;4.6
43898;-22;-60;1
43900;-22.7;-62.1;2.9
43902;-22.9;-60.3;1.9
43904;-23.9;-57;1.3
43906;-24.2;-57.7;0.1
43908;-24.7;-60.3;2.1
43910;-24.2;-62.7;-0.9
43912;-24;-60.5;0.3
43914;-24;-55.8;0.5
43916;-23.1;-56.8;-0.1
43918;-22.5;-58.6;-0.7
43920;-20.9;-58.6;0.8
43922;-20.4;-63.1;-1
43924;-19.4;-55.3;0.3
43926;-18.5;-54.7;0.5
43928;-18.9;-60.3;-0.4
43930;-18.8;-60.7;0
43932;-18.8;-60;1.7
43934;-19.2;-58.3;-0.6
43936;-19.2;-54.5;1.9
43938;-20.2;-58.2;1.4
43940;-20.3;-59.8;1.4
43942;-20.8;-63.2;2.7
43944;-21.3;-59.7;1.9
43946;-21.8;-57.4;2.7
43948;-21.9;-55.7;3.3
43950;-22.7;-56.8;2.6
43952;-22.4;-61.5;4.5
43954;-22.7;-60.5;2.7
43956;-22.9;-55.5;3.9
43958;-23.7;-54.2;5.3
43960;-23.3;-56.5;3.1
43962;-23.5;-57.4;5.5
43964;-23;-59.5;4.5
43966;-22.8;-61.5;4.9
43968;-22.6;-53.8;5
43970;-22.2;-53.6;4
43972;-21.2;-57.8;6.1
43974;-20.5;-58.7;3
43976;-20;-60.1;6.3
43978;-19.1;-61.4;3.6
43980;-18.4;-55.7;5
43982;-17.6;-49.8;3.8
43984;-17.6;-53.5;3
43986;-17.3;-58.7;4.9
43988;-16.8;-58;0.8
43990;-16.5;-56.7;5.1
43992;-17.2;-55.6;0.1
43994;-16.6;-51.9;4
43996;-17.1;-51.7;-0.3
43998;-17.1;-55;2.6
44000;-16.8;-58.8;0
44002;-17.2;-60.4;1.4
44004;-17;-56.3;0
44006;-17.4;-53.3;0.3
44008;-17.4;-51.8;0.6
44010;-17.3;-51.1;-0.2
44012;-17.9;-55.8;0.1
44014;-18.3;-59.7;-0.6
44016;-18.3;-61.5;0.2
44018;-17.9;-55.1;0.2
44020;-18.5;-51.8;-0.8
44022;-18.5;-50.3;0.3
44024;-18.8;-53.4;0
44026;-18.9;-53.4;0.4
44028;-19.4;-56.4;-0.2
44030;-19.3;-57.2;0.7
44032;-19.5;-56.6;-0.7
44034;-19.6;-51.3;1.4
44036;-19.9;-49.3;0
44038;-19.9;-48.5;1.4
44040;-20.1;-51.3;0.8
44042;-20.1;-52.8;1.6
44044;-20.2;-54.9;1.6
44046;-20.2;-55.9;0.5
44048;-20.7;-55.9;2.7
44050;-20.9;-53.3;1.4
44052;-21;-49;3.2
44054;-20.6;-49.1;2.5
44056;-21.2;-52.6;2.6
44058;-21.3;-53.8;2.7
44060;-21.3;-56.4;2.7
44062;-21.2;-56.1;3.7
44064;-21.5;-56.2;3.5
44066;-21.6;-52.9;3.2
44068;-21.2;-49.8;4.2
44070;-21.4;-47.5;3.7
44072;-21.2;-48.1;4.5
44074;-20.9;-48.9;4.6
44076;-21.3;-50.7;3.5
44078;-20.8;-52.5;4.9
44080;-20.8;-53.9;4.7
44082;-20.7;-52.8;4.3
44084;-20.5;-51.6;5
44086;-20.6;-48.9;4.5
44088;-20.7;-48.5;4.7
44090;-20.3;-49;5.3
44092;-20.5;-50.2;4.9
44094;-20.4;-49.7;4.8
44096;-20;-49.8;5.6
44098;-19.5;-51.7;4.7
44100;-19.3;-52.4;4.6
44102;-19.3;-53.4;5
44104;-19.5;-52.1;4.2
44106;-19.3;-49.2;4.5
44108;-18.8;-47.2;4.7
44110;-18.5;-46.6;4.4
44112;-18.6;-47.4;4.2
44114;-18.3;-49;4.4
44116;-18.3;-48.5;4.7
44118;-18.3;-49.3;3.5
44120;-18.2;-51.5;4.2
44122;-18;-49.8;3.3
44124;-18.4;-52.5;4.4
44126;-18.4;-52.3;2.3
44128;-18.2;-50;4
44130;-18.2;-48.2;2.8
44132;-17.9;-46.4;3.1
44134;-17.6;-44.9;2.2
44136;-18;-45.2;2.8
44138;-17.7;-45.8;2.2
44140;-17.5;-46.4;2.2
44142;-17.8;-48.6;1.6
44144;-17.6;-47.4;1.9
44146;-17.6;-46.9;1.3
44148;-17.8;-49;1.3
44150;-17.5;-48.4;1.2
44152;-17.5;-46.9;1.5
44154;-17.5;-47.7;0.7
44156;-17.7;-46.8;0.9
44158;-17.6;-46.1;0.6
44160;-17.7;-45.2;0.8
44162;-17.3;-43.8;0.3
44164;-17.3;-43.5;0.6
44166;-17.4;-44.1;-0.1
44168;-17.1;-43.7;0.2
44170;-17.7;-46.3;0.1
44172;-17.1;-45.8;0.2
44174;-17.2;-46.1;0
44176;-17.5;-47.6;0.2
44178;-17.2;-47.9;-0.2
44180;-17.4;-47.8;-0.4
44182;-16.9;-47.4;0.4
44184;-17;-46.8;-0.7
44186;-17.7;-46.6;-0.2
44188;-17.6;-46;-0.4
44190;-17.1;-45.7;-0.7
44192;-17.1;-44;0
44194;-17.2;-44;-0.5
44196;-17.2;-45;-0.6
44198;-16.8;-43.8;-0.6
44200;-17.2;-43.8;-0.3
44202;-17.1;-44;-1.1
44204;-16.8;-43.7;-0.3
44206;-17;-44.2;-0.7
44208;-17.1;-44.8;-0.8
44210;-17;-44.2;-0.6
44212;-16.9;-44.4;-0.3
44214;-16.9;-46.4;-0.7
44216;-16.9;-46.4;-0.4
44218;-17.2;-47.2;-0.7
44220;-16.7;-47.2;-0.5
44222;-17;-46.5;-0.4
44224;-17.1;-46.7;-0.9
44226;-16.9;-46;-0.3
44228;-16.6;-44.2;-0.5
44230;-16.6;-43.8;-0.3
44232;-17;-42.8;-0.5
44234;-16.5;-43;-0.2
44236;-16.8;-40.3;-0.4
44238;-17;-41.3;-0.2
44240;-16.7;-39.5;-0.3
44242;-16.5;-40.2;-0.2
44244;-16.5;-38.8;-0.1
44246;-16.7;-39;-0.5
44248;-16.9;-39.4;-0.3
44250;-16.5;-41.6;-0.3
44252;-16.5;-40.5;-0.2
44254;-16.6;-39.9;0
44256;-16.6;-41.1;-0.1
44258;-16.8;-40.2;0
44260;-16.8;-41.3;0
44262;-16.6;-40.6;0
44264;-16.3;-40.4;0
44266;-16.6;-40.9;0.1
44268;-16.6;-40;0.1
44270;-16.3;-41.2;0
44272;-16.4;-39.6;0.2
44274;-16.7;-42.1;0.1
44276;-16.5;-41.4;0.5
44278;-16.6;-41.5;0.5
44280;-16.7;-42.2;0.1
44282;-16.7;-43.5;0.5
44284;-16.7;-41.9;0.2
44286;-16.7;-42.5;0.8
44288;-16.3;-41.6;-0.1
44290;-16.5;-42;0.6
44292;-16.4;-41.8;0.1
44294;-16.3;-43.1;1
44296;-16.7;-42.9;0.2
44298;-16.3;-41.4;0.9
44300;-16.3;-41.6;0.9
44302;-16.6;-41.3;0.2
44304;-16.3;-41.4;0.9
44306;-16.5;-40.3;0.3
44308;-16.5;-40.5;0.7
44310;-16.2;-39.9;0.3
44312;-16.2;-38.5;0.7
44314;-16.6;-38.8;0.6
44316;-16.3;-38.6;0.7
44318;-16.1;-37.9;0.7
44320;-16.2;-37.9;0.6
44322;-16.1;-37.3;1
44324;-16.3;-37.4;0.8
44326;-16.1;-36.8;0.5
44328;-16.5;-37.6;0.7
44330;-16.1;-36.8;0.8
44332;-16.2;-36.5;0.9
44334;-16.2;-35.9;0.6
44336;-16;-35.9;1.3
44338;-16.4;-36.7;0.6
44340;-15.9;-35.6;1.3
44342;-15.9;-35.9;1
44344;-16.3;-36.7;0.9
44346;-15.9;-35.8;1.2
44348;-16.1;-36.3;1
44350;-16.4;-36;1
44352;-15.8;-35.3;0.7
44354;-16.1;-35.3;1
44356;-15.8;-35.5;1
44358;-16.3;-35.9;0.8
44360;-16.1;-35.5;0.8
44362;-15.8;-35.6;1
44364;-16.4;-35.9;0.6
44366;-16;-36;1.1
44368;-16;-36.1;1
44370;-15.6;-35.1;1.3
44372;-15.9;-35.7;0.8
44374;-15.8;-35.3;1
44376;-16.2;-36.1;1.1
44378;-15.6;-35.9;1.1
44380;-16.1;-35.9;1.2
44382;-15.7;-35.4;0.7
44384;-15.8;-35.7;1.2
44386;-16.1;-36.3;1
44388;-16.1;-36.1;0.8
44390;-15.8;-35.6;1.2
44392;-15.8;-35.8;0.6
44394;-15.6;-35.7;1.1
44396;-16.3;-36.2;0.8
44398;-16;-36.3;1.2
44400;-15.9;-36.3;1
44402;-15.8;-35.9;1.1
44404;-15.5;-35.9;0.9
44406;-15.9;-35.9;1.1
44408;-15.6;-35.9;1
44410;-15.5;-35.6;0.8
44412;-15.9;-36.2;1
44414;-15.7;-35.8;1.1
44416;-15.8;-36.3;1
44418;-15.6;-35.6;1.1
44420;-15.5;-35.8;0.6
44422;-15.4;-35.3;1.1
44424;-15.7;-36.1;0.8
44426;-15.7;-36.1;0.8
44428;-15.7;-36.2;0.7
44430;-15.5;-35.2;0.7
44432;-15.5;-35.7;1.2
44434;-15.8;-35.9;0.7
44436;-15.5;-35.1;0.3
44438;-15.4;-35;1.1
44440;-15.6;-35.3;0.3
44442;-15.7;-35.9;0.5
44444;-15.7;-35.5;1
44446;-15.6;-35.5;0.3
44448;-15.6;-35.4;0.7
44450;-15.5;-35.4;0.6
44452;-15.4;-34.7;0.6
44454;-15.5;-34.7;0.7
44456;-15.5;-35.1;0.4
44458;-15.3;-34.7;0.7
44460;-15.3;-34.2;0.6
44462;-15.6;-34.8;0.4
44464;-15.5;-34.1;0.4
44466;-15.3;-34.1;0.3
44468;-15.6;-34.6;0.4
44470;-15.5;-34.6;0.9
44472;-15.6;-34.6;0.4
44474;-15.3;-34.2;0.3
44476;-15.1;-34.2;0.7
44478;-15.4;-34.6;0.3
44480;-15.3;-34;0
44482;-15.2;-34.3;0.8
44484;-15.5;-35;0.2
44486;-15.2;-35.2;0.3
44488;-15.4;-34.8;0.6
44490;-15.1;-34.7;0.2
44492;-15.2;-35.3;0.6
44494;-15.4;-36.4;0.2
44496;-15.1;-36.1;0.3
44498;-15;-35.5;0.8
44500;-15.3;-36.3;0
44502;-15.1;-36;0
44504;-14.9;-35.7;0.6
44506;-15.3;-36.4;0.3
44508;-15;-35.7;0
44510;-14.8;-35.6;1.1
44512;-15.4;-36.6;0
44514;-15.4;-36.7;0
44516;-15.1;-36.6;0.9
44518;-15.1;-36.7;-0.5
44520;-15.1;-36.5;0.8
44522;-14.8;-36.5;0.4
44524;-14.8;-36.5;0
44526;-15.2;-37.2;0.9
44528;-15;-36.9;-0.3
44530;-15.1;-37.1;0.4
44532;-15;-37.1;0.7
44534;-14.7;-37.5;-0.2
44536;-15;-38.1;0.6
44538;-15.1;-38.2;0.5
44540;-15;-38.1;0
44542;-14.9;-38.2;0.2
44544;-15;-38.5;0.4
44546;-15.1;-39;0.4
44548;-15;-38.8;-0.1
44550;-14.9;-38.6;0.5
44552;-14.6;-38.7;0.4
44554;-14.9;-39.5;0.4
44556;-14.7;-38.8;0.3
44558;-14.7;-38.7;0.1
44560;-14.7;-39.6;0
44562;-14.9;-39.2;0.1
44564;-14.7;-39.3;0.7
44566;-14.7;-39.6;-0.1
44568;-14.8;-39.9;0.2
44570;-14.6;-40;0.4
44572;-14.6;-40.3;0
44574;-14.6;-40.2;0.4
44576;-14.5;-40.1;0.3
44578;-14.8;-41.3;0
44580;-14.9;-41.4;0.8
44582;-14.4;-41.2;0
44584;-14.3;-40.8;0.6
44586;-14.7;-42;0.6
44588;-14.7;-42.2;-0.2
44590;-14.6;-42.3;0.4
44592;-14.6;-42.5;0.4
44594;-14.5;-42.1;0.2
44596;-14.8;-42.8;0.4
44598;-14.6;-43;0.2
44600;-14.8;-42.9;0
44602;-14.5;-42.4;0.6
44604;-14.6;-42.2;0.1
44606;-14.5;-43.2;0.3
44608;-14.9;-43;0.2
44610;-14.5;-42.7;0.2
44612;-14.4;-42.5;0.3
44614;-14.3;-42.5;0.3
44616;-14.6;-42.7;0.3
44618;-14.2;-43.1;0.2
44620;-14.6;-43.1;0.4
44622;-14.6;-44;-0.1
44624;-14.3;-43.9;0.4
44626;-14.7;-43.3;0.4
44628;-14.5;-44.4;-0.1
44630;-14.6;-44.1;0.3
44632;-14.5;-44.8;0.3
44634;-14.6;-44.6;-0.1
44636;-14.4;-43.5;0.4
44638;-14.3;-43.8;0.2
44640;-14.6;-43.8;0
44642;-14.1;-43;0.5
44644;-14.6;-43.1;0.2
44646;-14.4;-42.1;0.4
44648;-14.2;-41.1;0.4
44650;-14.6;-43.1;-0.1
44652;-14.4;-41.4;0.6
44654;-14.4;-41.4;0.2
44656;-14.3;-42.2;0
44658;-14.6;-41.5;0.5
44660;-14.3;-41.4;0.3
44662;-14.3;-42.9;0.2
44664;-14.3;-41.8;0.3
44666;-14.2;-42.9;0.2
44668;-14.5;-43.4;0
44670;-14.2;-42.8;0.1
44672;-14.3;-45.4;0.4
44674;-14.4;-44.7;0.1
44676;-14.3;-45.1;0.4
44678;-14.2;-44.2;0.3
44680;-14.2;-45.2;0.4
44682;-14;-44.2;0.5
44684;-14.4;-45.9;-0.2
44686;-14.2;-45.7;0.3
44688;-14.2;-46.4;0.2
44690;-14.1;-45;0.4
44692;-14.3;-44.9;0.3
44694;-14.3;-44.8;0.3
44696;-14.2;-44.7;0.4
44698;-14.3;-42.9;0
44700;-14.3;-43.1;0.3
44702;-13.8;-40.2;0.7
44704;-13.9;-39.6;-0.2
44706;-14.3;-39.8;0.1
44708;-14.1;-38;0.6
44710;-14.2;-38.9;0
44712;-13.6;-35.8;0.4
44714;-13.9;-36.4;0.1
44716;-14.1;-36.5;0
44718;-13.9;-36.7;0.1
44720;-13.7;-37;0.5
44722;-13.7;-37.3;0
44724;-13.7;-37.4;0.4
44726;-14.2;-39.4;0.6
44728;-14.2;-42.8;0.1
44730;-13.9;-40.7;-0.1
44732;-13.8;-43.1;0.6
44734;-13.7;-45.9;0
44736;-13.8;-44.1;0
44738;-13.8;-44.1;0.6
44740;-13.8;-44.9;-0.1
44742;-13.9;-44.3;0.1
44744;-13.7;-44.4;0.4
44746;-13.9;-42.2;0.1
44748;-14;-41.7;0.2
44750;-14;-41.4;0.7
44752;-13.6;-39;0.3
44754;-13.9;-41.9;0.3
44756;-13.8;-41;0.1
44758;-13.6;-40.7;0.3
44760;-13.4;-40.9;0.7
44762;-13.8;-42.5;0
44764;-13.9;-42.6;0.3
44766;-13.6;-44.7;0.5
44768;-13.6;-44.5;0
44770;-13.4;-46.8;0.3
44772;-13.9;-47.3;0.5
44774;-13.6;-45.2;0.1
44776;-14;-46.2;0.6
44778;-13.5;-42.8;0.8
44780;-13.4;-41;-0.5
44782;-13.4;-40.3;0.3
44784;-13.5;-43;0.4
44786;-13.6;-43.5;-0.3
44788;-13.6;-44.1;0.8
44790;-13.4;-45.8;0.4
44792;-13.7;-45.7;-0.1
44794;-13.7;-49.7;0.6
44796;-13.5;-48.6;0.2
44798;-13.9;-51;0.2
44800;-13.7;-48.1;0.3
44802;-13.4;-46;0.6
44804;-13.5;-44.9;0.2
44806;-13.5;-41.4;0.2
44808;-13.6;-42;0.4
44810;-13.5;-41.4;0.4
44812;-13.3;-42.1;0.3
44814;-13.5;-45;0.3
44816;-13.3;-47.3;0
44818;-13.3;-46.9;0.3
44820;-13.6;-50.1;0.4
44822;-13.5;-47.8;0
44824;-13.4;-47.3;0.3
44826;-13.6;-45.9;0.5
44828;-13.4;-44.1;0.2
44830;-13.5;-43;0.1
44832;-13.4;-43.9;0.3
44834;-13.3;-44;0.3
44836;-13.3;-46.2;0.2
44838;-13.2;-49.4;0
44840;-13.3;-51.6;0.5
44842;-13.6;-50.8;0.4
44844;-13.5;-49.4;-0.1
44846;-13.4;-46.6;0.7
44848;-13.5;-46.1;0
44850;-13.5;-46.7;0.2
44852;-13.6;-45.8;0.5
44854;-13.5;-49;0
44856;-13.5;-51;0.1
44858;-13.4;-52;0.2
44860;-13.5;-54.2;0
44862;-13.4;-52;0
44864;-13.6;-50;0.3
44866;-13.4;-45.5;0.3
44868;-13.4;-47.7;0
44870;-13.5;-48.6;0
44872;-13.3;-48.6;0.4
44874;-13.4;-51.1;0.1
44876;-13.3;-52.9;-0.2
44878;-13;-52.6;0.5
44880;-12.9;-49.3;0.1
44882;-13.2;-47.1;0.4
44884;-12.9;-45.6;0.5
44886;-13.1;-48.7;0.3
44888;-13.2;-49.2;0.2
44890;-13.2;-51.1;0.7
44892;-13.3;-53.5;0.2
44894;-13.1;-53.4;0.1
44896;-13.4;-52.2;0.1
44898;-13.3;-48.7;0.3
44900;-13.3;-49.5;0
44902;-13.1;-52.3;0.2
44904;-12.9;-54.9;0.4
44906;-13.4;-56.1;0.4
44908;-13.2;-54.4;0.4
44910;-13.3;-52;0.3
44912;-13;-49.9;0.5
44914;-12.8;-48.6;0.5
44916;-13.1;-51.1;-0.4
44918;-12.9;-54.3;0.3
44920;-13;-55.8;0.4
44922;-12.8;-53.7;0.2
44924;-12.8;-49.9;0.5
44926;-13.1;-51.2;0.2
44928;-13;-52.1;0.2
44930;-13;-52.6;0.4
44932;-12.9;-56;0
44934;-12.9;-56.8;0.1
44936;-13.2;-52;0.7
44938;-13.1;-51.2;0.2
44940;-12.8;-54.4;0.2
44942;-12.6;-53.9;0.7
44944;-13.2;-57.4;0.1
44946;-12.8;-57.7;0
44948;-12.8;-52.9;0.3
44950;-12.8;-50.2;0.5
44952;-13;-55.6;0.1
44954;-12.6;-56.8;0.4
44956;-12.7;-59.2;-0.1
44958;-12.6;-57;0
44960;-12.7;-53.6;0.6
44962;-12.7;-51.9;0.2
44964;-12.8;-58.2;0
44966;-12.8;-61.9;0.3
44968;-12.6;-59.2;0.3
44970;-13;-56.7;0
44972;-12.5;-55.3;0.1
44974;-13.1;-59.2;0.3
44976;-12.8;-62.5;0.2
44978;-12.7;-62;0.1
44980;-12.6;-57.7;0
44982;-12.6;-50.7;0.3
44984;-12.9;-56.9;0.3
44986;-12.7;-58.5;0.2
44988;-12.9;-61.8;0.3
44990;-12.8;-58.8;0.1
44992;-12.5;-51.3;0
44994;-12.8;-56;0.1
44996;-12.4;-60.9;0.3
44998;-12.8;-62.5;0.2
45000;-12.9;-59.2;0.7
45002;-12.6;-53;0.3
45004;-12.6;-55.9;0
45006;-12.7;-64.3;0.1
45008;-12.6;-63.1;0.2
45010;-12.3;-55.5;0.5
45012;-12.5;-53.9;0.4
45014;-12.5;-57.1;-0.3
45016;-12.8;-66.7;0.5
45018;-12.9;-62.7;0
45020;-12.7;-54.3;0
45022;-12.4;-56.2;0.5
45024;-12.4;-61.8;0.1
45026;-12.8;-68.2;-0.1
45028;-12.7;-59.4;0.1
45030;-12.6;-58.8;0.3
45032;-12.5;-63.1;0.1
45034;-12.4;-64.7;0.2
45036;-12.5;-64.6;0.3
45038;-12.5;-53;-0.2
45040;-12.3;-58;0.6
45042;-12.4;-63.5;0.2
45044;-12.3;-62.5;0
45046;-12.6;-59.1;0.5
45048;-12.6;-58.8;0
45050;-12.5;-66.8;0
45052;-12.6;-65.8;0.8
45054;-12.3;-58.5;0.3
45056;-12.4;-58.6;-0.1
45058;-12.5;-65.5;0.2
45060;-12.5;-65.3;0
45062;-12.6;-59.6;0
45064;-12.4;-61.7;0.4
45066;-12.4;-65.1;0.1
45068;-12.5;-66.2;-0.2
45070;-12.5;-59.7;0
45072;-12.1;-59.5;0.5
45074;-12.2;-65;0.2
45076;-12.6;-66.5;-0.1
45078;-12.5;-59.6;0.3
45080;-12.3;-63.8;0
45082;-12.4;-68;0.3
45084;-12.5;-64.3;0.5
45086;-12.3;-57.8;0.1
45088;-12.6;-62.4;0
45090;-12.3;-66.7;0.9
45092;-12.1;-60.9;0.2
45094;-12.3;-60;-0.2
45096;-12.2;-65.2;0.4
45098;-12.5;-67.5;0.2
45100;-12.6;-59.7;0
45102;-12.4;-62.6;0.2
45104;-12.3;-67.6;0.3
45106;-12.3;-66.5;0
45108;-12.4;-58.9;0.3
45110;-12.4;-63.4;0.5
45112;-12.1;-68.5;0
45114;-12.3;-62.8;0.6
45116;-12.3;-58.4;0.1
45118;-12.4;-69.5;0
45120;-12.4;-70.6;0.5
45122;-12.3;-60.8;0.4
45124;-12.1;-62.7;0.3
45126;-12.2;-73.1;0.3
45128;-12.4;-65.4;0.3
45130;-12.3;-59.7;0.2
45132;-12.1;-66.1;0.4
45134;-12.4;-72.6;0.4
45136;-12.4;-60.5;-0.2
45138;-12.3;-65.7;0.5
45140;-12.2;-71.2;0.2
45142;-12.2;-67.6;0.1
45144;-12.5;-61.7;0.3
45146;-12.3;-70.8;0
45148;-12;-70.5;0.1
45150;-12.3;-62.1;0.7
45152;-12.2;-64.8;0.2
45154;-12.1;-71.3;0.2
45156;-12.2;-63.2;0.5
45158;-12;-64;0
45160;-12.3;-72.8;0.3
45162;-12.2;-67.4;0.5
45164;-12;-64.8;0
45166;-12.2;-70.7;0.1
45168;-12;-69.2;0.6
45170;-12.3;-61.4;0.2
45172;-12.1;-67.1;0.2
45174;-12.1;-69.5;0.3
45176;-11.9;-63.5;0.5
45178;-12.3;-68.2;0
45180;-12.3;-73.8;0
45182;-12;-64.6;0.4
45184;-12.3;-68;0.1
45186;-12.2;-73.2;-0.1
45188;-12.1;-63.9;0.4
45190;-11.9;-64.1;0
45192;-12.1;-72.5;-0.1
45194;-12.3;-67.7;0.3
45196;-12.3;-64.1;0.6
45198;-12.1;-71.2;0.1
45200;-12.1;-70.5;0.2
45202;-12;-61.9;0.4
45204;-12;-73.9;0
45206;-12.1;-69.2;0.3
45208;-12.3;-61.8;0.9
45210;-11.9;-69;0.2
45212;-12.1;-72.6;0.3
45214;-12;-61.5;0.2
45216;-12.4;-70.6;0
45218;-12.2;-74.2;0.5
45220;-12;-61.7;0.6
45222;-12.1;-69;0
45224;-12;-74.6;0.2
45226;-12.1;-62.2;0.5
45228;-12.2;-68.9;0.3
45230;-12.1;-73.6;0.2
45232;-12;-63;0.8
45234;-12.1;-66.9;0
45236;-11.9;-75.6;0.6
45238;-12.1;-66.5;0.4
45240;-12;-68.2;-0.5
45242;-12;-75.6;0.8
45244;-12.3;-64.2;0
45246;-12.1;-66.8;0.3
45248;-12.4;-76.4;0.9
45250;-12.2;-64.8;-0.1
45252;-12.2;-71.4;0.7
45254;-11.9;-72.6;0.1
45256;-12.3;-65.9;0
45258;-12.1;-71.3;0.4
45260;-12.2;-74;-0.2
45262;-11.8;-65;0.6
45264;-12;-69.6;0.4
45266;-12.3;-72.2;-0.6
45268;-12.1;-66;0.4
45270;-12.1;-71.2;0.2
45272;-11.8;-72;0.1
45274;-11.9;-68.4;0.4
45276;-12.2;-74.8;0.3
45278;-11.9;-68.7;0
45280;-11.8;-64.3;0.1
45282;-12;-74.8;0.1
45284;-12.1;-68.2;0.6
45286;-11.8;-66.4;0.2
45288;-12;-76.8;0.3
45290;-12;-66.6;0.4
45292;-12.2;-68.4;-0.2
45294;-12.1;-77.8;0.3
45296;-12.1;-65.5;0.7
45298;-12.2;-71.6;-0.2
45300;-11.7;-73.9;0.4
45302;-11.7;-63.4;0.1
45304;-12.1;-73.5;0
45306;-12;-76.3;0.7
45308;-11.7;-63.8;0
45310;-11.8;-75.5;0.2
45312;-12;-70.6;0.4
45314;-11.8;-62.4;-0.1
45316;-11.8;-74.6;0.3
45318;-11.9;-69.5;0.4
45320;-11.9;-65.6;0
45322;-11.8;-76.8;1
45324;-12.1;-67.4;0.1
45326;-11.7;-68.4;0.4
45328;-11.9;-78.1;0.5
45330;-11.8;-65.1;0.3
45332;-12;-69.6;0.2
45334;-11.9;-76.5;0.3
45336;-11.9;-64.9;0.3
45338;-12.1;-74.9;0.6
45340;-11.9;-72.5;0
45342;-11.9;-69.8;0.5
45344;-11.7;-76.7;0.6
45346;-12.1;-69;0
45348;-12;-68.8;0.5
45350;-11.9;-76.4;0.2
45352;-11.9;-67.9;0.3
45354;-11.7;-72.9;0.1
45356;-12;-74.6;0
45358;-12.1;-69.2;0.2
45360;-12.1;-76.5;0.1
45362;-12;-70.9;0.6
45364;-11.9;-67.6;0.5
45366;-12.1;-78.4;-0.6
45368;-11.7;-66.2;0.4
45370;-11.9;-72.5;0
45372;-11.8;-76.6;0.1
45374;-11.9;-65.7;0.6
45376;-12.1;-76.8;-0.2
45378;-12;-75;0.5
45380;-12;-65.6;0.6
45382;-12;-77.7;0
45384;-12.3;-71.6;0.5
45386;-12.3;-70.1;0
45388;-11.9;-77.2;-0.2
45390;-12.1;-68.9;0.5
45392;-11.9;-71.7;-0.2
45394;-12.2;-78.5;0.2
45396;-11.9;-66.8;0.3
45398;-11.8;-74.9;-0.4
45400;-11.8;-71.4;0.4
45402;-11.7;-65.5;-0.1
45404;-11.9;-77.4;-0.2
45406;-12.1;-69.9;0.8
45408;-12.1;-73.6;0.1
45410;-12;-77.4;0.2
45412;-11.9;-65.1;0.2
45414;-12.3;-74.5;-0.3
45416;-12;-75.3;0.2
45418;-11.9;-69;0.3
45420;-12.1;-77.4;0.2
45422;-11.9;-69.8;0.4
45424;-12.1;-71.9;0.4
45426;-12.1;-76.8;-0.5
45428;-11.9;-67.9;0.4
45430;-12;-72.3;0.5
45432;-11.8;-72.3;0.1
45434;-11.8;-66.3;0.5
45436;-12.2;-78.3;0.4
45438;-12.2;-73.5;0
45440;-12;-72.8;0.4
45442;-12.3;-77.5;0.3
45444;-12;-66.9;0
45446;-12.2;-73.7;0.3
45448;-12;-73;0.9
45450;-12;-70.3;0
45452;-11.8;-77.3;0.1
45454;-11.8;-69.8;0.3
45456;-12.2;-73.6;0.3
45458;-12;-79.5;-0.2
45460;-12.1;-67.7;0.4
45462;-12;-77.3;0.5
45464;-11.6;-72.2;0.5
45466;-12.2;-68.2;0.1
45468;-12.1;-80.1;0.1
45470;-12;-71.6;0.1
45472;-11.9;-72.7;0.3
45474;-12.1;-81.1;0.5
45476;-11.8;-64.5;0
45478;-12.1;-75.9;-0.1
45480;-12.1;-76.6;0.4
45482;-11.7;-67;0.2
45484;-11.9;-79.8;0.1
45486;-11.9;-71.1;0.6
45488;-12.1;-70.3;-0.2
45490;-11.8;-77.9;0.5
45492;-12;-68.6;0.5
45494;-12.1;-72.9;-0.2
45496;-12;-77.6;0.3
45498;-12.1;-69;0.3
45500;-11.6;-75.7;-0.1
45502;-12.3;-75.6;0.8
45504;-12.1;-71.7;0.1
45506;-12;-78.7;0.2
45508;-12.2;-71.5;0.5
45510;-12.2;-74.9;-0.1
45512;-11.9;-73.9;0.4
45514;-12.3;-72.9;0.1
45516;-12;-78;0.3
45518;-12.1;-71;0
45520;-11.9;-73.4;0.3
45522;-12;-76.7;0.5
45524;-12;-70;-0.2
45526;-12;-75.9;0.2
45528;-12.1;-73.7;0.5
45530;-11.9;-68.1;0
45532;-11.9;-78.2;0.3
45534;-12.4;-72.1;0.3
45536;-12.1;-77.7;0.4
45538;-11.9;-79.4;0.3
45540;-11.8;-66.5;0.2
45542;-12;-75.3;0.5
45544;-12.2;-76.6;0.3
45546;-12;-68;0.2
45548;-12;-80.1;0.1
45550;-12;-71.6;0.2
45552;-12;-70.3;0
45554;-11.7;-79.4;0.1
45556;-12.1;-67.9;0.4
45558;-12.1;-77.4;0
45560;-11.9;-75.4;0.2
45562;-11.8;-67.7;0.4
45564;-12;-79.4;0.4
45566;-12.2;-75.3;0.2
45568;-12.1;-76;0.6
45570;-12.1;-79.7;0.4
45572;-12.2;-68.3;0
45574;-12.1;-73.6;0.4
45576;-12.1;-78.3;0.1
45578;-12;-70.2;0.3
45580;-12.3;-79.1;0.2
45582;-11.8;-72.5;0.4
45584;-12;-72.2;0.1
45586;-11.7;-76.9;0.4
45588;-12;-70.4;0.1
45590;-11.8;-74;0.1
45592;-12;-75.1;0
45594;-12.3;-73.6;0.2
45596;-12.3;-80.4;0
45598;-12;-75.1;0.6
45600;-12.2;-75.1;0
45602;-12.1;-76.2;0
45604;-11.9;-67.2;0.6
45606;-12.2;-75.8;-0.2
45608;-11.8;-72.3;0.2
45610;-11.9;-70.5;0.7
45612;-12.2;-80;-0.2
45614;-11.8;-68.2;0.1
45616;-12.1;-73;0.3
45618;-12;-77.5;0
45620;-12.1;-67.2;0.3
45622;-11.8;-77.3;0.7
45624;-12.2;-76.7;-0.1
45626;-12.3;-68.3;0.2
45628;-12.2;-81.4;0.5
45630;-11.9;-70.7;0.3
45632;-12.2;-72.9;0.2
45634;-12.1;-81.5;0.2
45636;-12.1;-63.9;0.1
45638;-12.2;-74.8;0.4
45640;-12.2;-77.2;0.2
45642;-12;-66;0.2
45644;-12.3;-80.4;0.4
45646;-12;-71.5;0.2
45648;-11.8;-69.2;0
45650;-11.7;-79.6;0.4
45652;-11.8;-68.8;0.3
45654;-11.9;-76.8;-0.2
45656;-12.1;-77.1;0.4
45658;-12.2;-71;0.4
45660;-12.4;-79.9;-0.4
45662;-12.4;-75;0
45664;-12.1;-75.6;0.9
45666;-11.9;-78;0.1
45668;-12.4;-69.6;0.2
45670;-12.1;-74.1;0.6
45672;-12.3;-76.4;-0.1
45674;-12;-70.5;0.4
45676;-12;-78.1;0.7
45678;-12.2;-74.2;-0.3
45680;-12.1;-73.8;0.4
45682;-12;-78.5;0.2
45684;-11.9;-68.6;0
45686;-12.2;-77.9;0.4
45688;-12.1;-75.6;0.1
45690;-12.1;-72.6;0.3
45692;-12;-78.4;0.6
45694;-12.3;-73.1;-0.1
45696;-12.2;-75;0.6
45698;-12;-77.2;0.2
45700;-12.1;-68.8;0
45702;-11.9;-77.9;0.7
45704;-12.1;-73;-0.2
45706;-12.4;-70.6;0.3
45708;-11.9;-81.8;0.4
45710;-12;-70.7;0
45712;-12;-72.4;0.7
45714;-12;-79.7;0.2
45716;-12.2;-69.7;0.2
45718;-11.9;-75.5;0.4
45720;-11.9;-76.7;0.3
45722;-12.3;-68.8;0
45724;-12.3;-81.3;0.1
45726;-12.2;-73.9;0.5
45728;-11.8;-72;0.1
45730;-11.9;-79.3;0.3
45732;-12.1;-66.6;0.3
45734;-12;-72.6;-0.4
45736;-12.4;-78.8;0.4
45738;-12.2;-68.9;0.3
45740;-12.4;-79.8;0.1
45742;-12;-72.3;0.4
45744;-12.3;-73;0
45746;-12.3;-79.5;0.3
45748;-12.2;-70.6;0.5
45750;-11.9;-75.1;0
45752;-11.9;-73.9;0.2
45754;-12;-73.1;0.5
45756;-12.2;-78.5;0.2
45758;-12;-71.3;0
45760;-12;-75.5;0.5
45762;-12.1;-76.8;-0.1
45764;-12.1;-68;0.3
45766;-11.8;-76.3;0.7
45768;-12.3;-76.7;0
45770;-11.9;-71.1;0.2
45772;-11.8;-79.8;0.7
45774;-12.4;-71.5;0
45776;-12.2;-75.7;0.2
45778;-12.5;-80.3;0.1
45780;-12.2;-69.4;0.1
45782;-12;-76.5;0.4
45784;-12;-74.2;0
45786;-12.1;-68.6;0
45788;-12.4;-83.2;0.3
45790;-11.9;-71.7;0
45792;-12.2;-75.7;0.4
45794;-12.4;-83.5;0.1
45796;-12.1;-69.9;0
45798;-12.4;-77.1;0.2
45800;-12;-77.4;0.5
45802;-12.1;-69.4;0.2
45804;-12.1;-79.7;0.1
45806;-12.3;-74.2;0.3
45808;-12.3;-73;0.2
45810;-12.4;-82.5;0.3
45812;-12.2;-69.4;0.5
45814;-12;-75.1;0.1
45816;-12.3;-80.3;0.1
45818;-12;-69.6;0.2
45820;-12;-77.8;-0.1
45822;-12.2;-76.3;0.5
45824;-12;-73.9;0.6
45826;-12.3;-81.8;0.1
45828;-12.4;-72.2;0.1
45830;-11.9;-74.4;0.3
45832;-12.3;-76.2;0.2
45834;-12;-72.3;0.3
45836;-12.4;-79.8;0.2
45838;-12.2;-73;0.1
45840;-12.4;-76.2;0.4
45842;-12;-78.4;0.1
45844;-12.2;-72.4;0.5
45846;-12.4;-79.5;0.2
45848;-12.2;-73;-0.3
45850;-12;-71.7;0.5
45852;-12.1;-80.9;0.2
45854;-12.3;-74.5;0.4
45856;-12.3;-80;0.3
45858;-12.4;-83.2;0
45860;-12.2;-67.2;0.4
45862;-12.3;-79.7;0.2
45864;-12.4;-78.4;0.2
45866;-12.3;-70.8;0
45868;-12.4;-84.6;0.5
45870;-12.4;-74.2;0.3
45872;-12.1;-75.4;0
45874;-12.2;-81.9;0.3
45876;-12.4;-71.2;0.5
45878;-12.4;-79.7;0.3
45880;-12.4;-81;0.1
45882;-12.4;-71.8;0.5
45884;-12.1;-82.2;0.3
45886;-12.3;-77.2;0
45888;-12.3;-77.7;0.2
45890;-12.4;-84;0.5
45892;-12.4;-72.8;0
45894;-12.1;-74.5;0.4
45896;-12.1;-78;0.3
45898;-12.4;-74.8;-0.1
45900;-12.4;-82;0.6
45902;-12.2;-75.3;0.1
45904;-12;-74;0.1
45906;-12.3;-81;0.5
45908;-12.3;-74.1;0.2
45910;-12.4;-79.5;0.2
45912;-12.2;-76;0.6
45914;-12.1;-72.3;0.1
45916;-11.9;-81.5;0.4
45918;-12.1;-74.6;0.7
45920;-12.2;-78.6;-0.5
45922;-12.4;-81.7;0.5
45924;-12.3;-69;0.1
45926;-12.3;-78.9;0
45928;-12.3;-74.9;0.5
45930;-12.1;-71.7;-0.2
45932;-12.3;-79.6;0.2
45934;-12.3;-71.3;0.7
45936;-12.4;-75.5;0
45938;-12.1;-79.8;0.7
45940;-12.3;-69.9;0.4
45942;-12.5;-80;-0.4
45944;-12.4;-76.8;0.3
45946;-12.3;-71.1;0.1
45948;-12.1;-82.5;0
45950;-12;-71.4;0.5
45952;-12.3;-75.5;0.3
45954;-12.4;-84.4;0.4
45956;-12.4;-68.4;0.5
45958;-12.3;-76.7;0
45960;-12.2;-77.8;0.2
45962;-12.3;-70;0.5
45964;-12.3;-83.8;-0.1
45966;-12.4;-74.5;0.1
45968;-12.3;-72.5;0.5
45970;-12.1;-81.2;-0.1
45972;-12.5;-71.8;0.4
45974;-12.4;-78;0.2
45976;-12.2;-79;-0.2
45978;-12.3;-70.2;0.4
45980;-12.2;-78.7;0.1
45982;-12.2;-75.6;0.1
45984;-12.2;-74.8;0.3
45986;-12.2;-80;0.3
45988;-12.4;-73.5;0.1
45990;-12.2;-75.8;0
45992;-12.3;-76.6;0.3
45994;-12.5;-75.7;0.5
45996;-12.4;-79.5;0
45998;-12.5;-73.8;0.6
46000;-12.5;-77.7;0.2
46002;-12.1;-79.5;0.1
46004;-12.1;-69.1;0.6
46006;-12.4;-78.8;-0.3
46008;-12.4;-76.7;0.4
46010;-12.2;-70.8;0.4
46012;-12.3;-82.2;-0.1
46014;-12.1;-73.1;0.6
46016;-12.3;-77.9;0.3
46018;-12.4;-83.6;0.3
46020;-12.4;-70.6;0.3
46022;-12.2;-77.8;0.3
46024;-12.2;-77.1;0.4
46026;-12.4;-72;0.2
46028;-12.1;-82.1;0.5
46030;-12.5;-74.8;0.1
46032;-12;-73.1;0
46034;-12.3;-82.8;0.3
46036;-12.4;-70.5;0.3
46038;-12.5;-79.4;0.2
46040;-12.3;-79;0.2
46042;-12.5;-72.3;0.1
46044;-12.4;-85.6;0.3
46046;-12.7;-77.9;-0.1
46048;-12.2;-75.7;0.4
46050;-12.5;-83.4;0.5
46052;-12.1;-69.7;0.1
46054;-12.2;-76.8;0.4
46056;-12.4;-80.8;0.3
46058;-12.2;-73.6;-0.2
46060;-12.2;-81.6;0.4
46062;-12.3;-77.1;0.4
46064;-12.4;-75.7;0.3
46066;-12.4;-80.6;0.1
46068;-12.4;-74.4;0.1
46070;-12.5;-79.6;0.6
46072;-12.3;-76.6;0
46074;-12.5;-73;0.3
46076;-12.6;-81.9;0.6
46078;-12.5;-76.2;0
46080;-12.2;-78.4;0.5
46082;-12.4;-80.3;0.5
46084;-12.2;-70.1;-0.3
46086;-12.4;-76.5;1
46088;-12.3;-74.7;0
46090;-12.4;-73;0.3
46092;-12.5;-82.9;0.5
46094;-12.5;-72.8;-0.1
46096;-12.4;-77.1;0.3
46098;-12.5;-82.4;0.4
46100;-12.2;-68.3;0
46102;-12.3;-78;0.2
46104;-12.2;-75.3;0.5
46106;-12.3;-71.4;-0.1
46108;-12.5;-84.6;0.4
46110;-12.3;-73.9;0.8
46112;-12.2;-74.1;-0.1
46114;-12.3;-81.6;0.5
46116;-12.5;-68.2;0.2
46118;-12.5;-76.8;0.1
46120;-12.4;-78;0.2
46122;-12.3;-68.3;0.4
46124;-12.4;-81.2;0.3
46126;-12.3;-73;0.3
46128;-12.6;-73;0.6
46130;-12.4;-81.5;0.1
46132;-12.1;-69.1;0
46134;-12.1;-75.7;0.3
46136;-12.4;-77.2;0
46138;-12.3;-70.3;0
46140;-12.4;-79.5;0.2
46142;-12.2;-73;0.2
46144;-12.3;-75.7;0.2
46146;-12.3;-78.4;0.4
46148;-12.6;-71.1;0.5
46150;-12.2;-75;0.1
46152;-12.5;-76.2;0.2
46154;-12.4;-72;0.2
46156;-12.3;-78.6;0.5
46158;-12.6;-74.9;0.2
46160;-12.3;-74.6;0.3
46162;-12.8;-81;0.1
46164;-12.5;-70.1;0.3
46166;-12.6;-79.8;0.2
46168;-12.5;-74.4;0.2
46170;-12.3;-71.7;0.1
46172;-12.3;-79.9;0.3
46174;-12.5;-72.5;0.6
46176;-12.6;-77.8;-0.2
46178;-12.2;-78.2;0.8
46180;-12.2;-67.4;0.4
46182;-12.3;-76;0
46184;-12.5;-76.2;1
46186;-12.5;-70.1;0
46188;-12.5;-83.7;-0.2
46190;-12.3;-72.2;0.8
46192;-12.4;-73.1;-0.3
46194;-12.7;-83.4;0.4
46196;-12.4;-69.3;0.5
46198;-12.5;-78.1;0.2
46200;-12.5;-79.8;0
46202;-12.4;-66.8;0
46204;-12.3;-79.2;0.3
46206;-12.4;-74.7;0.1
46208;-12.2;-71.3;0.1
46210;-12.2;-80.2;0.4
46212;-12.3;-68;0
46214;-12;-72.4;0
46216;-12.6;-78.6;0.3
46218;-12.5;-71.5;0.1
46220;-12.6;-80.6;0.2
46222;-12.4;-75.9;0.3
46224;-12.5;-73.3;0.3
46226;-12.4;-80.4;0.1
46228;-12.6;-72.8;0.3
46230;-12.2;-74.8;0.1
46232;-12.5;-75.6;0.1
46234;-12.3;-70.2;0.7
46236;-12.3;-78;0
46238;-12.4;-73.7;0.2
46240;-12.4;-75.2;0.6
46242;-12.2;-76;0
46244;-12.5;-70.2;0.3
46246;-12.7;-77.3;0.5
46248;-12.3;-75.3;0.4
46250;-12.3;-72.2;0.1
46252;-12.3;-79.7;0.3
46254;-12.3;-70.5;0.5
46256;-12.6;-73.8;0
46258;-12.4;-80.4;0.3
46260;-12.8;-69.1;0.1
46262;-12.4;-76.9;0
46264;-12.5;-76.4;0.3
46266;-12.5;-70;0.5
46268;-12.3;-82.4;0.1
46270;-12.6;-72.3;0.6
46272;-12.7;-75.6;0.3
46274;-12.3;-79.2;-0.4
46276;-12.6;-69.9;0.7
46278;-12.4;-74.5;0.1
46280;-12.5;-77.8;0.2
46282;-12.5;-69.3;0.7
46284;-12.5;-80.8;0
46286;-12.5;-73.8;0.2
46288;-12.8;-72.4;0.2
46290;-12.4;-80.3;-0.3
46292;-12.4;-69.2;0.7
46294;-12.9;-76.1;0.5
46296;-12.6;-76.7;-0.1
46298;-12.4;-67;0.1
46300;-12.8;-80.5;0.4
46302;-12.5;-76.9;0.3
46304;-12.3;-74.4;-0.3
46306;-12.5;-81.1;-0.1
46308;-12.4;-69.7;0.5
46310;-12.6;-74.9;0
46312;-12.4;-75.2;0
46314;-12.3;-71.6;0.2
46316;-12.5;-78.6;0.2
46318;-12.4;-72.4;0
46320;-12.3;-72.7;0.5
46322;-12.5;-78.7;0
46324;-12.4;-68.4;0.3
46326;-12.6;-78;0.7
46328;-12.7;-76;-0.2
46330;-12.4;-71.3;0.2
46332;-12.3;-80.1;0.5
46334;-12.4;-70.6;-0.1
46336;-12.8;-79.5;0.1
46338;-12.8;-82.4;0.2
46340;-12.2;-66.3;0.3
46342;-12.6;-79.7;0.3
46344;-12.4;-75.8;0
46346;-12.7;-70.7;0.1
46348;-12.6;-83.9;0.5
46350;-12.6;-74;0
46352;-12.2;-73;0.1
46354;-12.3;-82.4;0.2
46356;-12.3;-69.5;0.1
46358;-12.5;-77.7;0.1
46360;-12.7;-79.8;0.8
46362;-12.4;-69.8;-0.1
46364;-12.4;-81.8;0
46366;-12.5;-76.2;0.5
46368;-12.6;-75;0
46370;-12.5;-79.9;0.4
46372;-12.5;-71.8;0.4
46374;-12.5;-76.3;-0.1
46376;-12.3;-76.6;0.3
46378;-12.3;-71.3;0.5
46380;-12.6;-79;0
46382;-12.3;-73.9;0.2
46384;-12.4;-74.4;0.5
46386;-12.5;-79.1;0.3
46388;-12.3;-70.2;0.1
46390;-12.4;-76.2;0.3
46392;-12.6;-77.1;0.1
46394;-12.5;-72.5;0
46396;-12.5;-81.9;0.3
46398;-12.6;-74.6;0.6
46400;-12.7;-76.1;0.1
46402;-12.4;-78.3;0.5
46404;-12.3;-67.7;0.2
46406;-12.6;-76.1;0
46408;-12.7;-76;0.7
46410;-12.4;-72.3;0.6
46412;-12.5;-80.2;0.1
46414;-12.8;-72.8;0.4
46416;-12.6;-74.8;0.5
46418;-12.5;-79.1;-0.1
46420;-12.7;-70.8;0.4
46422;-12.4;-78.8;0.5
46424;-12.5;-73.7;-0.1
46426;-12.3;-68.9;0.4
46428;-12.7;-83.4;0.1
46430;-12.5;-70.4;0.3
46432;-12.4;-72.4;0.3
46434;-12.5;-79.8;0
46436;-12.3;-65;0.4
46438;-12.5;-76.1;0.4
46440;-12.6;-75.8;0
46442;-12.3;-67.2;0.3
46444;-12.7;-82.3;0.5
46446;-12.5;-73.1;-0.1
46448;-12.6;-72.8;0.1
46450;-12.6;-81.9;0.3
46452;-12.4;-68.2;0.2
46454;-12.5;-74.5;0.6
46456;-12.6;-78.6;0
46458;-12.8;-71.3;0
46460;-12.7;-79.8;0.4
46462;-12.5;-75.4;0.6
46464;-12.5;-75.2;0.5
46466;-12.9;-79.1;-0.1
46468;-12.6;-69.9;0.3
46470;-12.7;-75.6;0.4
46472;-12.3;-74.8;0.2
46474;-12.6;-73.5;-0.2
46476;-12.6;-80.5;0.3
46478;-12.5;-72.5;0.2
46480;-12.3;-74.4;-0.1
46482;-12.9;-80.9;0.6
46484;-12.5;-69.3;0
46486;-12.5;-77.9;0
46488;-12.6;-74.7;0.2
46490;-12.5;-70.8;0.3
46492;-12.7;-81.4;0
46494;-12.7;-73.9;0.3
46496;-12.8;-77.3;0.1
46498;-12.7;-82.2;0.3
46500;-12.7;-68.9;0
46502;-12.6;-79.4;0.3
46504;-12.7;-77.4;0.5
46506;-12.5;-71;0.4
46508;-12.4;-81;0.1
46510;-12.2;-71.7;0.2
46512;-12.6;-72;0.5
46514;-12.7;-81.6;0.2
46516;-12.6;-69.2;0
46518;-12.5;-76.5;0.5
46520;-12.7;-77;0.1
46522;-12.6;-68.5;-0.1
46524;-12.5;-80.6;0.5
46526;-12.8;-75;0.4
46528;-12.5;-73.8;0
46530;-12.7;-79.9;0.5
46532;-12.6;-68.7;0.4
46534;-12.6;-74.3;0
46536;-12.8;-78;0.3
46538;-12.6;-70.9;-0.2
46540;-12.5;-78.5;0.7
46542;-12.7;-73;0
46544;-12.5;-73.1;0
46546;-12.7;-77.2;0.9
46548;-12.8;-71.6;-0.6
46550;-12.6;-73;0.5
46552;-12.7;-73.6;0.2
46554;-12.5;-70.4;-0.2
46556;-12.7;-78.4;0.6
46558;-12.5;-74.2;0
46560;-12.7;-77.3;0.1
46562;-12.5;-77.1;0.3
46564;-12.5;-67.9;0
46566;-12.5;-75.9;0.8
46568;-12.6;-75;0.1
46570;-12.6;-72.5;0
46572;-12.4;-78.7;0.8
46574;-12.3;-70;-0.1
46576;-12.7;-74.8;0.1
46578;-12.6;-79.8;0.8
46580;-12.8;-67.7;0.1
46582;-12.5;-75.2;0
46584;-12.3;-74;0.3
46586;-12.6;-69.5;0.4
46588;-12.7;-82.9;0.1
46590;-12.5;-72.8;-0.2
46592;-12.5;-72.8;0.5
46594;-12.5;-80.3;0.3
46596;-12.7;-68.2;0.1
46598;-12.8;-75.6;0.6
46600;-12.6;-76.6;0.1
46602;-13.1;-69.6;0
46604;-12.5;-78;0.7
46606;-12.7;-73.9;0.2
46608;-12.7;-70.3;-0.2
46610;-12.4;-79.2;0.5
46612;-12.5;-67.9;0.4
46614;-12.7;-76.1;0.1
46616;-12.6;-76.8;0.2
46618;-12.5;-69.7;0.3
46620;-12.5;-77;0.2
46622;-12.6;-74.4;0.1
46624;-12.7;-77.4;0.6
46626;-12.7;-78.6;0.2
46628;-12.7;-68.7;0.2
46630;-12.5;-73.7;0.5
46632;-12.4;-73.4;0.1
46634;-12.5;-70.8;0.2
46636;-12.9;-77.8;0.4
46638;-12.7;-71.6;0.2
46640;-12.5;-73.4;0.1
46642;-12.6;-76.8;0.5
46644;-12.5;-68.9;0.2
46646;-12.7;-75;-0.2
46648;-12.8;-75.3;0.7
46650;-12.7;-71.1;0
46652;-12.7;-81;0.2
46654;-12.8;-71.9;0.8
46656;-12.6;-74.7;-0.2
46658;-12.9;-79.3;0.3
46660;-12.8;-67.7;0
46662;-12.8;-76.2;0
46664;-12.5;-73;0.7
46666;-12.8;-69.5;0
46668;-13;-81.1;0
46670;-12.8;-70.5;0.5
46672;-12.5;-72.5;-0.2
46674;-12.9;-82.6;0.3
46676;-12.7;-68.4;0.4
46678;-12.7;-77.4;0
46680;-12.9;-78.8;0.4
46682;-12.6;-66.6;0.5
46684;-12.6;-79.3;-0.2
46686;-12.5;-74.5;0.2
46688;-12.7;-72.8;0.1
46690;-12.6;-80.7;0.1
46692;-12.9;-68.3;0.7
46694;-12.6;-71.9;0.1
46696;-12.7;-76.4;-0.2
46698;-12.8;-71.2;0.7
46700;-12.6;-79.2;0
46702;-12.6;-75.1;0
46704;-12.5;-71.7;0.8
46706;-12.9;-79;-0.1
46708;-12.5;-70.5;0.5
46710;-12.9;-77.1;0.4
46712;-12.6;-72.5;-0.3
46714;-12.5;-69.9;0.3
46716;-12.7;-79.5;0
46718;-12.6;-71.2;-0.1
46720;-12.7;-73.4;0.4
46722;-12.7;-75.9;0.3
46724;-12.7;-64.8;0.5
46726;-12.9;-75.7;0.3
46728;-12.5;-72.8;0
46730;-12.9;-70.6;0
46732;-12.6;-78;0.3
46734;-12.6;-69.8;0.2
46736;-12.4;-71.9;0
46738;-12.8;-79.6;0.3
46740;-12.6;-65.3;0
46742;-12.5;-74.1;0.1
46744;-12.8;-75.2;0.6
46746;-12.6;-66.6;-0.2
46748;-12.8;-80.7;0.4
46750;-12.8;-71.2;0.5
46752;-12.6;-71.2;0
46754;-12.6;-77;0.5
46756;-12.7;-65.7;0.2
46758;-12.7;-75.7;-0.3
46760;-12.5;-74;0.6
46762;-12.6;-66.9;0.7
46764;-12.6;-78.3;-0.4
46766;-12.9;-73.1;0.3
46768;-12.6;-70.7;0.5
46770;-12.9;-81;0
46772;-12.8;-68.2;0.7
46774;-12.6;-72.8;0
46776;-12.8;-78.1;0.2
46778;-12.5;-66.9;0.7
46780;-12.9;-79.3;0.2
46782;-12.5;-73.7;0.4
46784;-12.7;-72.3;0.4
46786;-12.7;-79.1;-0.2
46788;-12.8;-70.7;0.6
46790;-12.9;-73.6;0.1
46792;-12.5;-75;-0.1
46794;-12.9;-72.7;0.6
46796;-12.8;-80;-0.1
46798;-12.6;-71.3;0.3
46800;-12.7;-72.9;0.4
46802;-12.6;-76.9;0.3
46804;-12.7;-67.9;0.2
46806;-12.6;-76.2;0.2
46808;-12.9;-73.5;0.1
46810;-12.9;-71.4;0.2
46812;-13.1;-81.8;0.1
46814;-12.5;-70.5;0.1
46816;-13;-77.9;0.4
46818;-12.6;-77.9;-0.1
46820;-12.8;-65.8;0.3
46822;-12.6;-75.7;0.5
46824;-13;-76.6;0.1
46826;-12.6;-69.6;0.3
46828;-12.7;-82.5;0.3
46830;-12.7;-70;0.1
46832;-12.7;-71.3;0.6
46834;-12.7;-79.3;0
46836;-12.6;-66.1;0
46838;-12.9;-75.5;0
46840;-12.7;-76.3;-0.2
46842;-12.6;-65.3;0.1
46844;-12.5;-78.2;0.1
46846;-12.6;-73.2;-0.2
46848;-13;-73.9;0.4
46850;-12.9;-79.2;0.4
46852;-12.5;-67.5;-0.1
46854;-12.7;-74.4;0.4
46856;-12.9;-77.1;0.5
46858;-13.1;-71.2;-0.3
46860;-12.9;-78.9;0.5
46862;-12.6;-72.2;0.4
46864;-12.6;-70.9;0
46866;-12.9;-77.8;0.5
46868;-12.9;-71.5;0.1
46870;-12.9;-75.4;-0.2
46872;-12.6;-74.8;0.4
46874;-12.7;-70.2;0.1
46876;-12.5;-77.1;0.4
46878;-12.9;-75;0.5
46880;-12.4;-75.3;0.3
46882;-12.5;-78.3;0.2
46884;-12.8;-68.2;0.4
46886;-12.7;-75.9;0
46888;-12.8;-75.5;0.2
46890;-12.6;-70.4;0.7
46892;-12.7;-78.6;0
46894;-12.8;-70;0.1
46896;-12.7;-73;0.4
46898;-12.7;-79.1;0
46900;-13;-70.3;0.3
46902;-12.8;-79.8;0.4
46904;-12.9;-73.9;0
46906;-12.8;-68.8;0.5
46908;-12.8;-84.5;0.1
46910;-12.8;-70.8;-0.2
46912;-12.7;-74.6;0.2
46914;-12.8;-82;0.1
46916;-12.8;-67.5;0.4
46918;-12.6;-73.5;0.3
46920;-12.9;-74.8;0.2
46922;-12.8;-68.8;0.2
46924;-12.9;-81.1;0
46926;-12.8;-72.7;-0.1
46928;-12.6;-70.4;0.4
46930;-12.5;-79.3;-0.2
46932;-12.6;-66.8;0.3
46934;-12.6;-72.5;0.5
46936;-12.9;-78;0.2
46938;-12.6;-69.6;0.1
46940;-12.8;-78;-0.1
46942;-12.6;-73.8;0.2
46944;-12.6;-71.7;0.4
46946;-12.7;-76.8;0.2
46948;-12.9;-70.7;0.2
46950;-12.9;-73.9;0.4
46952;-13;-74.6;-0.1
46954;-13.1;-72.2;0.2
46956;-12.8;-77.5;0.2
46958;-12.7;-71.1;-0.1
46960;-12.6;-72.5;0.5
46962;-12.9;-75.6;0.4
46964;-12.8;-67.6;-0.3
46966;-12.7;-76.9;0.4
46968;-12.9;-76.1;0.4
46970;-13;-68.3;-0.2
46972;-12.9;-79.6;0.7
46974;-12.8;-72.1;0.3
46976;-12.9;-76.7;-0.2
46978;-12.9;-79.9;0.2
46980;-13;-67.5;0.4
46982;-12.5;-74.7;-0.1
46984;-12.8;-75.6;0
46986;-12.8;-69.1;0.7
46988;-12.9;-82.7;0.1
46990;-12.5;-70.1;0.1
46992;-12.5;-70.3;0.4
46994;-12.5;-80.9;0
46996;-12.9;-69.9;0.1
46998;-12.8;-77.2;0.2
47000;-12.8;-75.9;0
47002;-13;-69.9;0
47004;-12.9;-83.2;0.4
47006;-12.8;-73.6;0.2
47008;-13;-75.4;0.5
47010;-12.6;-80.2;0.2
47012;-12.7;-66.7;0.1
47014;-12.5;-73.7;0.3
47016;-12.7;-78.5;0.6
47018;-12.6;-70.1;-0.3
47020;-13;-79;0.5
47022;-13;-74.9;0.7
47024;-12.5;-72.9;-0.1
47026;-13;-80.3;0.1
47028;-13.1;-71.9;0.6
47030;-12.8;-73.2;0.2
47032;-12.6;-73.6;0
47034;-12.9;-72.1;0.2
47036;-13.1;-77.8;0.2
47038;-12.8;-71.8;0.2
47040;-12.7;-73.8;0.3
47042;-12.6;-76.6;0
47044;-13;-70.1;0.3
47046;-12.8;-75.3;0
47048;-12.7;-71.9;0.2
47050;-12.9;-71.3;0
47052;-12.6;-79.1;0.2
47054;-12.7;-68.7;0
47056;-13;-75;0.2
47058;-12.7;-77.8;0.1
47060;-12.4;-65.8;0.3
47062;-12.6;-75.5;0.6
47064;-12.9;-75.9;0
47066;-12.9;-66.5;0.2
47068;-13;-82.1;0.6
47070;-12.7;-72;-0.1
47072;-12.6;-72.8;0.3
47074;-12.6;-81.3;0.9
47076;-12.8;-66;-0.4
47078;-13.1;-75.6;0.5
47080;-13.1;-77.8;0.4
47082;-12.8;-68.7;0
47084;-12.8;-79.5;0.6
47086;-12.9;-72.6;0.2
47088;-13.1;-71.8;0.5
47090;-13;-81.6;0.4
47092;-12.5;-67.8;0.3
47094;-12.7;-74.6;0.2
47096;-12.8;-74.7;0.4
47098;-12.8;-69.9;0
47100;-12.9;-80.8;0.2
47102;-12.7;-72.3;0.5
47104;-13;-76.1;0.5
47106;-12.9;-77.7;0.2
47108;-12.8;-68.5;0.2
47110;-13;-75.8;0.5
47112;-12.8;-74.4;0.5
47114;-12.8;-70.7;0.2
47116;-12.9;-78.5;0
47118;-13;-71.5;0.4
47120;-12.6;-71.6;0
47122;-12.7;-75.9;0.3
47124;-12.7;-67;0.3
47126;-13.2;-77.1;0
47128;-13;-74.9;0.6
47130;-12.9;-67.7;0.1
47132;-12.7;-77.3;0.1
47134;-12.7;-70.3;0.4
47136;-13.1;-75.2;0.3
47138;-12.7;-76.5;0.2
47140;-12.7;-64.2;0
47142;-13;-75.7;0.3
47144;-13.2;-73.7;0.5
47146;-13;-67.8;-0.1
47148;-12.8;-80.1;0.4
47150;-12.9;-68.7;0.6
47152;-12.8;-69.6;0.2
47154;-12.9;-79.3;0
47156;-13.1;-67.3;0.2
47158;-12.9;-75.9;0.5
47160;-13.1;-77;0
47162;-12.9;-67;0
47164;-12.8;-81.2;0.4
47166;-12.7;-71.8;0.2
47168;-12.9;-71.6;0
47170;-12.8;-80.3;0.4
47172;-12.8;-66.4;0.1
47174;-12.9;-71.1;0.2
47176;-13.1;-76.6;0.7
47178;-13.2;-69.6;0.1
47180;-12.8;-76.9;-0.1
47182;-12.7;-73;0.3
47184;-13;-71.8;0.2
47186;-13.1;-79.1;0.1
47188;-13;-71.8;0.3
47190;-13;-74.6;-0.2
47192;-12.8;-73.7;0.1
47194;-12.8;-69.9;0.3
47196;-13.1;-79.9;0.3
47198;-12.9;-74.3;0.1
47200;-13.1;-77.4;0.5
47202;-12.5;-76.9;0.8
47204;-12.9;-66.8;-0.1
47206;-12.8;-74.5;0.1
47208;-13.1;-74.7;0.6
47210;-12.8;-70.6;0
47212;-12.9;-79.4;0.4
47214;-12.5;-69.6;0.5
47216;-13;-72.9;-0.2
47218;-13.2;-80.4;0.8
47220;-12.9;-67.3;-0.2
47222;-12.8;-74.8;0
47224;-12.6;-73.3;0.3
47226;-13.2;-68.3;0
47228;-12.7;-78.4;0.5
47230;-12.8;-69.8;0.2
47232;-13;-73.3;0.1
47234;-12.7;-78.1;0.2
47236;-12.7;-64.9;0.4
47238;-12.8;-74.6;0
47240;-13.3;-76.2;0.1
47242;-13.1;-68.7;0.2
47244;-12.9;-77.4;0.6
47246;-13.1;-72.6;0.2
47248;-12.8;-71;0.2
47250;-12.7;-78.6;0.2
47252;-13;-68.3;0.2
47254;-13.1;-74.8;0.1
47256;-13.1;-78.2;0.7
47258;-12.7;-66.2;0.5
47260;-12.9;-76.5;0.3
47262;-12.9;-73.2;0
47264;-12.9;-73.9;0.2
47266;-12.8;-77.2;0.3
47268;-13.2;-70;-0.1
47270;-13;-75;0.4
47272;-12.7;-74;0.3
47274;-12.7;-70.9;-0.4
47276;-13.1;-78.7;0.1
47278;-12.7;-71.3;0.4
47280;-12.9;-72.1;-0.1
47282;-13;-78.8;0
47284;-12.8;-68.5;0.3
47286;-13.2;-77.8;0
47288;-12.9;-71.7;0.3
47290;-12.9;-69.8;0.1
47292;-13;-81.1;0
47294;-13.1;-72.5;0.3
47296;-12.8;-74.6;0.7
47298;-12.7;-77.5;0.1
47300;-13.3;-67.4;0.4
47302;-13.2;-77.7;0.2
47304;-13.1;-75.4;0
47306;-12.9;-69.8;0.5
47308;-13.1;-82.6;0.2
47310;-12.8;-71.5;0.1
47312;-12.9;-73.1;0.1
47314;-12.8;-79.5;0.5
47316;-13;-67.7;-0.2
47318;-12.9;-73.9;0.3
47320;-13;-78.2;0.3
47322;-13.1;-68.8;-0.1
47324;-12.8;-77.8;0.3
47326;-13;-73.3;0.2
47328;-13;-71.7;0.3
47330;-12.6;-80;0.1
47332;-12.9;-66.7;0.2
47334;-12.7;-71.4;0.4
47336;-12.8;-74.7;0.3
47338;-13;-69;0.4
47340;-12.8;-76.8;0.6
47342;-13.1;-71.6;-0.2
47344;-13.1;-71.8;0.2
47346;-13;-76.5;0.5
47348;-12.9;-67.9;0
47350;-13;-75.4;0.2
47352;-13.2;-75;0.4
47354;-12.6;-68.5;0
47356;-13;-77.9;-0.1
47358;-13.1;-74.1;0.4
47360;-12.7;-73;-0.1
47362;-12.9;-77.4;0.1
47364;-13;-68.2;0.2
47366;-13.1;-75;-0.2
47368;-12.9;-74.9;0.8
47370;-12.8;-70.1;0
47372;-13.1;-79;-0.1
47374;-13.2;-71.2;0.9
47376;-13.3;-73.7;-0.3
47378;-12.9;-78.2;0.2
47380;-12.7;-67.7;0.2
47382;-12.8;-77;0
47384;-12.6;-72.9;0.6
47386;-13.1;-69.1;-0.2
47388;-13.2;-82.4;0
47390;-13.2;-72.3;0.4
47392;-12.7;-72.3;0.3
47394;-13.1;-80.1;0.1
47396;-13.1;-66.5;0.3
47398;-12.8;-75.6;0.3
47400;-13.3;-76.7;0
47402;-12.9;-66.5;0.5
47404;-13.4;-78.9;0.2
47406;-12.9;-70.4;0.1
47408;-13.1;-70.1;0.6
47410;-12.9;-78.6;-0.1
47412;-12.7;-66.8;0.5
47414;-13;-72.2;0.6
47416;-12.9;-75.1;-0.2
47418;-13.3;-69.3;0.4
47420;-12.9;-74.9;0.1
47422;-12.8;-71.6;0.1
47424;-13.1;-72.3;0.4
47426;-12.9;-77.3;0
47428;-13.2;-70;-0.1
47430;-13.3;-73.9;0.1
47432;-12.8;-72.6;0.1
47434;-12.9;-68.9;0.8
47436;-12.8;-77.1;0.3
47438;-13.1;-71.2;0.2
47440;-13.1;-72.3;0.5
47442;-12.6;-75.2;0
47444;-12.9;-67.2;0.3
47446;-13.2;-77.4;0.4
47448;-13.1;-74.8;0
47450;-12.9;-67.8;-0.2
47452;-13;-80.5;0.7
47454;-13.2;-73;0.3
47456;-13.1;-76.3;0.1
47458;-13.1;-80.4;0.4
47460;-13.1;-66.3;0
47462;-13.1;-74.4;-0.1
47464;-12.9;-74.2;0.9
47466;-13.2;-69.7;0.2
47468;-12.9;-78.2;-0.1
47470;-13.2;-71.8;0.8
47472;-12.9;-69.4;-0.2
47474;-12.8;-80.1;0.1
47476;-13;-68.1;0.5
47478;-12.9;-75.9;0
47480;-12.9;-75.2;0.5
47482;-12.8;-67.3;0.5
47484;-13.2;-81.5;0
47486;-13.1;-74;0.1
47488;-13.2;-74.6;0.3
47490;-12.8;-78.3;0.2
47492;-12.8;-66.8;0.3
47494;-13;-74.8;0.3
47496;-13.1;-76.8;0.4
47498;-13;-70.3;0.3
47500;-12.8;-76.7;0
47502;-13.1;-73.9;0.2
47504;-13;-73.2;0.4
47506;-13;-77.1;-0.2
47508;-13.3;-71.6;0.7
47510;-12.8;-73.3;0.5
47512;-13.1;-76.3;-0.3
47514;-13.2;-71.4;0.5
47516;-13.1;-79.1;0.1
47518;-13.3;-73.1;0.1
47520;-12.9;-72.6;0.3
47522;-13.1;-77.7;0.4
47524;-12.9;-65.8;0.1
47526;-13;-74;-0.2
47528;-13;-73.7;0
47530;-12.9;-70;0.5
47532;-12.7;-77.1;0
47534;-13.2;-69.5;0.2
47536;-13.3;-72.6;0.5
47538;-13.2;-79.1;0.2
47540;-12.8;-65.8;0.1
47542;-13;-74.7;0.5
47544;-12.8;-73;0.2
47546;-13.2;-67.9;0.3
47548;-12.9;-79.2;0.3
47550;-13.2;-72.6;0.1
47552;-13;-71.4;0
47554;-12.8;-79.5;0.1
47556;-13;-65.6;0.1
47558;-12.7;-72.4;0.2
47560;-12.9;-75;0.7
47562;-13.1;-68.7;0.3
47564;-13;-78.3;-0.1
47566;-13.1;-73.9;0.3
47568;-13.2;-71.3;0.2
47570;-13.3;-79.8;0
47572;-13.2;-70.2;0.6
47574;-13.3;-75.7;0.3
47576;-12.8;-75.1;0
47578;-12.8;-68.7;0.6
47580;-13.1;-76.5;0.2
47582;-13;-73.1;0
47584;-13.4;-75.4;0.3
47586;-13.1;-77.5;0.3
47588;-12.8;-67;-0.4
47590;-12.9;-72.3;0.2
47592;-13;-74;0.5
47594;-13.3;-70.5;0.1
47596;-13;-78;0.6
47598;-13.1;-71.3;0.3
47600;-12.8;-72.2;0.1
47602;-12.9;-75.9;0.3
47604;-12.7;-66.5;0
47606;-13.2;-74.3;0.2
47608;-13.2;-74.5;0.5
47610;-12.8;-68;0.1
47612;-12.9;-76.9;0.1
47614;-13.3;-69.9;0.6
47616;-13.1;-73.8;0
47618;-13;-76.6;-0.1
47620;-13.1;-66.3;0.5
47622;-12.9;-73.8;0.3
47624;-13.1;-71.9;0.4
47626;-13.1;-68.7;0
47628;-13.1;-79.5;0.1
47630;-12.9;-67.7;0.2
47632;-12.6;-69.2;0.5
47634;-13;-77;0.2
47636;-13;-66.1;0
47638;-13;-72.4;0
47640;-12.8;-73.4;0.1
47642;-13.1;-64.2;0.4
47644;-13.1;-77.8;0
47646;-13.2;-73.4;0.2
47648;-13.4;-70.1;0.8
47650;-13.4;-80.4;-0.2
47652;-13;-65.6;0.3
47654;-13;-70.7;0.4
47656;-13.4;-77.5;-0.5
47658;-13.2;-69;0.5
47660;-13.2;-77.6;0.6
47662;-13.4;-72.8;-0.3
47664;-13.2;-70.7;0.6
47666;-13.3;-76.7;0.3
47668;-13.2;-69.4;-0.2
47670;-13.1;-73.8;0.4
47672;-13.1;-74.4;0.2
47674;-13.3;-70.2;-0.3
47676;-13.1;-77.2;0.9
47678;-13;-70.5;0.3
47680;-12.8;-74;0.1
47682;-12.9;-76.1;0.5
47684;-12.9;-66.1;0
47686;-13.4;-76.1;0
47688;-13.1;-74.5;0.4
47690;-13;-71.2;-0.3
47692;-13.2;-80.1;0.4
47694;-13.3;-70.6;0.4
47696;-13;-72.7;0
47698;-13.2;-77.9;0.4
47700;-13.1;-66.2;0.1
47702;-13.1;-74.9;0
47704;-13.2;-75.8;0.6
47706;-12.9;-67.2;0.2
47708;-12.9;-79.2;0
47710;-13;-69.7;0.6
47712;-12.8;-71.4;0.2
47714;-13.1;-77.8;0
47716;-12.7;-64.9;0.2
47718;-13.2;-74.8;0.3
47720;-13;-73.5;0.3
47722;-12.9;-66.2;0.6
47724;-13;-78.6;-0.3
47726;-13.1;-71.1;0.2
47728;-13.3;-71.4;0.7
47730;-13.2;-79.8;-0.4
47732;-13.3;-66.7;0.5
47734;-13;-71.6;0.2
47736;-13.4;-77.4;0.1
47738;-13.3;-68.6;0.5
47740;-13.1;-75.6;0.1
47742;-12.8;-73.5;0.1
47744;-12.9;-72.4;0.4
47746;-13.4;-78.5;0.1
47748;-13.2;-68.7;0
47750;-13;-71.7;0.4
47752;-13;-73.5;0.3
47754;-13;-68.7;0
47756;-13.3;-77.4;0.1
47758;-13.3;-71.8;0.3
47760;-13.2;-72.7;0.1
47762;-13.1;-75.6;0.2
47764;-13;-67.5;0
47766;-13.1;-76.2;0
47768;-12.9;-71.2;0.6
47770;-13.2;-71.7;0.2
47772;-13.1;-78.4;0.2
47774;-13;-69.6;0.1
47776;-12.9;-73.5;0
47778;-12.7;-76.8;0.3
47780;-13.2;-64.2;0.3
47782;-13;-75.3;0.2
47784;-12.9;-73.4;0.4
47786;-13.2;-69.3;0.3
47788;-13.1;-81.6;0
47790;-13.3;-69.9;0.2
47792;-13.1;-70.8;0.6
47794;-13.2;-81.4;0
47796;-13.1;-68.2;0.2
47798;-13;-74.2;0.3
47800;-13;-74.4;-0.2
47802;-12.8;-65.5;0.5
47804;-13.2;-80.4;-0.1
47806;-13.1;-72.1;0
47808;-13.2;-74.1;0.3
47810;-13;-77.3;0
47812;-13.1;-66.7;0.4
47814;-13.4;-73.2;0.5
47816;-13.3;-75.9;0
47818;-13.3;-69.3;0.6
47820;-13.3;-76.6;0
47822;-13.1;-71.2;-0.1
47824;-12.9;-69.8;0.6
47826;-13.2;-78.2;0.5
47828;-13.1;-68.6;-0.4
47830;-13.2;-75.1;0.5
47832;-13.4;-75.5;-0.1
47834;-13.1;-67.6;-0.3
47836;-13;-75.7;0.5
47838;-13.3;-73.4;0
47840;-13.2;-74.5;-0.1
47842;-13.1;-76.7;0.9
47844;-13;-64.9;0.3
47846;-13.3;-74.4;0.2
47848;-13.2;-74;0.2
47850;-13.4;-71.3;0.1
47852;-13;-77.6;0.2
47854;-13;-69.4;0.4
47856;-13.4;-73.7;0.3
47858;-13.2;-79.4;0.5
47860;-13.3;-67.8;0.4
47862;-13;-76.3;-0.2
47864;-13;-71.7;0.7
47866;-13.3;-68.4;0.1
47868;-13.3;-81.5;-0.1
47870;-13.2;-71.8;0.4
47872;-13;-72.7;0.2
47874;-13.1;-78.3;0.3
47876;-13.1;-65.8;0.4
47878;-13.3;-75.1;0.3
47880;-13.1;-76.7;0.6
47882;-13.1;-66.7;0.2
47884;-13.1;-79.2;0.2
47886;-13.1;-70.4;0.2
47888;-13.2;-71.4;0.2
47890;-13.2;-80.4;0
47892;-12.9;-66.9;0.1
47894;-12.8;-71.3;0.3
47896;-13.3;-76.4;0
47898;-13.3;-69.3;0.3
47900;-13.3;-78.7;0.5
47902;-13.1;-73.2;0.1
47904;-13;-73;0.1
47906;-13.3;-78.1;0.2
47908;-13.4;-70.7;0.1
47910;-13.1;-72.2;0.5
47912;-13.2;-73.4;0
47914;-13.5;-71.9;-0.1
47916;-13.1;-76.3;0.3
47918;-13;-69.1;0.1
47920;-13;-72.4;0
47922;-13;-75.5;0.1
47924;-13.1;-67.1;0
47926;-13.2;-74.8;0
47928;-13.3;-74.6;0.1
47930;-13.1;-68.4;0.1
47932;-13.2;-77.6;0.4
47934;-13.4;-71.6;0.5
47936;-13.4;-76;0.1
47938;-13;-76.6;0.3
47940;-13.3;-65.1;0.4
47942;-13.1;-74.4;0.2
47944;-13.4;-74.6;0.2
47946;-13.3;-68.1;0.2
47948;-13.3;-79.3;0.3
47950;-13.2;-68.8;0.2
47952;-12.8;-67.3;0.5
47954;-13.2;-79.6;-0.1
47956;-13.2;-66.6;0.2
47958;-13.4;-76.5;0.2
47960;-13.3;-73;0.4
47962;-13;-65.4;0.2
47964;-13;-79;0.2
47966;-13.4;-73.1;0.2
47968;-13.3;-74.7;0.2
47970;-13.1;-79.5;0.3
47972;-13.2;-66.9;0.3
47974;-13;-71.9;0.2
47976;-13.3;-76.8;0.4
47978;-13.2;-69;0.3
47980;-13.3;-78.8;0.1
47982;-13.4;-73.2;0.5
47984;-13.2;-71;0
47986;-13.4;-77.9;0.1
47988;-13.4;-69.3;0.5
47990;-12.9;-71.2;0.1
47992;-13.3;-73.5;0.2
47994;-13.2;-69.1;0.2
47996;-13.3;-78.1;0.2
47998;-13.3;-72;0.2
48000;-13.3;-73.8;0.5
48002;-13.3;-75.9;0.6
48004;-13.1;-66.3;0.4
48006;-13;-72.5;0.4
48008;-13.3;-72.5;0.3
48010;-13.3;-68.8;0.2
48012;-13.1;-77.9;0
48014;-13.3;-69.4;0.5
48016;-13.3;-71.5;0.3
48018;-13.3;-77.8;-0.2
48020;-12.9;-64.8;0.4
48022;-13.2;-75.5;0.4
48024;-13.5;-74.8;-0.2
48026;-13.4;-67.3;0.1
48028;-13.1;-78.4;0.8
48030;-13.1;-69.2;-0.1
48032;-13.4;-72.3;0
48034;-13;-78.5;0.7
48036;-13.1;-63.1;0
48038;-13.2;-70.8;0.1
48040;-13.3;-75;0.4
48042;-13.1;-64.8;0.2
48044;-13.1;-76.8;0.2
48046;-13.1;-69.4;0.2
48048;-13.4;-69.2;0.1
48050;-13.3;-78.6;0.1
48052;-12.9;-66.7;0.6
48054;-13.1;-73.5;0.3
48056;-13.4;-77;0.2
48058;-13.3;-69.3;0.5
48060;-13.3;-78.1;-0.3
48062;-13;-70.7;0.3
48064;-13.3;-72.3;0.4
48066;-13.3;-77.7;-0.2
48068;-13.5;-68.2;0.5
48070;-13.3;-72.9;0.3
48072;-13;-73.2;0.1
48074;-13.2;-67.8;0.3
48076;-13.4;-77.3;0
48078;-13.4;-72.1;0
48080;-13.2;-71.2;0.7
48082;-13.2;-76.7;0.2
48084;-13.1;-66.1;0.1
48086;-13.2;-75.2;0
48088;-13.4;-73.4;-0.1
48090;-13.2;-67.3;0.7
48092;-13.2;-77;0.2
48094;-13.2;-68.5;0.4
48096;-13.3;-74;0.2
48098;-12.8;-74.9;0
48100;-13;-63.9;0.5
48102;-13.1;-73.8;0.2
48104;-13.3;-72.7;-0.3
48106;-13.2;-67;0.4
48108;-13.1;-78.6;0.4
48110;-13.5;-70.1;-0.1
48112;-13.5;-71.6;0.4
48114;-13.4;-79.7;0.2
48116;-13;-64.6;0
48118;-13.3;-75.4;0.5
48120;-13;-74.5;0.4
48122;-13.2;-63.3;-0.5
48124;-13.2;-78.9;1
48126;-13.4;-71.2;0
48128;-13.2;-67.9;0
48130;-13.1;-77.2;0.7
48132;-13.1;-63.6;-0.2
48134;-13.4;-72;0
48136;-13.5;-76.8;0.8
48138;-13.2;-68.6;-0.2
48140;-13.2;-74.9;0.5
48142;-12.9;-70.6;0.5
48144;-13.5;-69.9;-0.3
48146;-13.1;-76;0.5
48148;-13.5;-68.3;0.3
48150;-13.4;-74.1;0
48152;-13.2;-70.4;0.5
48154;-13;-66.5;0.7
48156;-13.2;-75.4;-0.2
48158;-13.1;-71.4;0.3
48160;-13.2;-71.3;0.1
48162;-13.1;-74.3;0.1
48164;-13.2;-65.4;0
48166;-13.2;-73.2;0.5
48168;-13.5;-73.3;0.1
48170;-13.3;-69.8;-0.2
48172;-13.3;-79;0.3
48174;-13.4;-69.1;0.2
48176;-13.3;-72.4;-0.2
48178;-13.3;-77.9;0.3
48180;-13.4;-66.1;0
48182;-13.1;-72.8;-0.3
48184;-13.1;-72.2;0.9
48186;-13.3;-67.4;-0.3
48188;-13.4;-79.6;-0.1
48190;-13.1;-68.3;0.9
48192;-13.2;-69.7;-0.3
48194;-13.1;-77.7;0.4
48196;-13.3;-64.2;0.6
48198;-13.5;-73.9;-0.1
48200;-13.2;-75.3;0.5
48202;-13.3;-67.2;0.2
48204;-13.2;-77.3;0.1
48206;-13.4;-70.6;0.4
48208;-13.2;-68.8;0.2
48210;-13.1;-76.4;0.4
48212;-13.3;-66.8;0.2
48214;-13;-70.2;0.2
48216;-13.2;-76.7;0.2
48218;-13;-64.3;0.3
48220;-13.1;-75.9;0.2
48222;-13.4;-74;0
48224;-13.3;-71.9;0.3
48226;-13.3;-75.7;0.4
48228;-13.3;-67.5;0
48230;-13;-70.9;0.6
48232;-13.4;-73.8;0.1
48234;-13.4;-68.4;-0.1
48236;-13.3;-75.5;0.4
48238;-13.1;-68.1;0.6
48240;-13.3;-70.6;-0.1
48242;-13.1;-75.4;0.6
48244;-13.4;-67.9;0.4
48246;-13.4;-75.2;-0.1
48248;-13.1;-69.8;0.1
48250;-13.4;-67.8;0.6
48252;-13.4;-77.3;0.1
48254;-13.4;-68.8;0.4
48256;-13.3;-75.5;0.4
48258;-13.1;-77.4;0.3
48260;-13.1;-63;0.6
48262;-13.2;-72.9;0.6
48264;-13;-72.3;0.2
48266;-13.5;-68;0.2
48268;-13.4;-80.2;0.4
48270;-13.2;-69.4;0.3
48272;-13.2;-69.9;0.2
48274;-13.3;-78.2;0.3
48276;-13.4;-65.4;0.1
48278;-13.3;-74.4;-0.2
48280;-13.2;-73.9;0.5
48282;-13.3;-66.2;0.4
48284;-13.2;-78.4;-0.3
48286;-13.2;-72.5;0.1
48288;-13.2;-70.6;0.4
48290;-13.4;-77.9;0.1
48292;-12.9;-65.8;0.2
48294;-13.1;-71.3;0.5
48296;-13.5;-74.9;0.3
48298;-13.3;-67.8;0.4
48300;-13.5;-77.9;0.2
48302;-13.4;-71.8;0.2
48304;-13.3;-70.2;0.1
48306;-13.3;-76.6;0.3
48308;-13.3;-69.8;0.4
48310;-13.3;-73.8;0.3
48312;-13.4;-74.7;0.5
48314;-13.4;-68.9;0.2
48316;-13.1;-74.9;0.2
48318;-13.5;-71.9;0.6
48320;-13.3;-74.5;0
48322;-13.2;-76.2;0.6
48324;-13.2;-65;0.1
48326;-13.4;-73.6;0
48328;-13.3;-71.1;0.5
48330;-13;-67.8;-0.2
48332;-13.2;-76.5;0.3
48334;-13.1;-67.8;0.7
48336;-13.2;-71.5;-0.4
48338;-13;-75.4;0.8
48340;-13.1;-64.6;0
48342;-13.2;-73.9;0.2
48344;-13.3;-72.7;0
48346;-12.9;-63.9;0
48348;-13.4;-79.7;0.5
48350;-13.2;-68.6;0.2
48352;-13;-70.5;0
48354;-13.4;-79.2;0.2
48356;-13.3;-62.7;0.4
48358;-13.3;-73.1;0.1
48360;-13.2;-72.7;0.3
48362;-13.2;-65.5;0.3
48364;-13.5;-79.5;0.6
48366;-13.1;-68.6;0.2
48368;-13.2;-68.3;0.2
48370;-13.2;-76.5;0
48372;-13.3;-65.2;0.5
48374;-13.1;-69.9;0.3
48376;-13.2;-74.6;0.3
48378;-13.3;-68;0.4
48380;-13.4;-76.8;-0.2
48382;-13.1;-71.9;0.4
48384;-13.3;-70;0.5
48386;-13.4;-77.1;0
48388;-13.3;-69.2;0.7
48390;-13.3;-71;-0.2
48392;-13.5;-72.8;0.1
48394;-13.3;-68.3;0.5
48396;-13.6;-76.7;0.3
48398;-13.5;-70.2;0.3
48400;-13.6;-72.7;0
48402;-13.4;-75.7;0.1
48404;-13.3;-65.6;0.3
48406;-13.2;-75;0
48408;-13.4;-73.4;-0.3
48410;-13.1;-65.7;0.3
48412;-13.1;-76.7;0.6
48414;-13.1;-68.5;0
48416;-13.1;-71.9;0.5
48418;-13.3;-78.1;0.4
48420;-13.5;-65.7;-0.1
48422;-13.3;-73.8;0.6
48424;-13.2;-72.8;0.8
48426;-13.3;-68;-0.5
48428;-13;-77.6;0.6
48430;-13.4;-70;0.3
48432;-13;-68.3;0
48434;-13.1;-78.4;0.4
48436;-13.3;-66.5;0.1
48438;-13.1;-74.1;0.1
48440;-13;-73;0.1
48442;-13.2;-65.7;0.4
48444;-13.4;-79.1;0.1
48446;-13.4;-73;0.4
48448;-13.3;-70.4;0.3
48450;-13.6;-79.9;0
48452;-13.2;-64.5;0.4
48454;-13.5;-73;0.8
48456;-13.4;-76.2;0.2
48458;-13.3;-67.2;0
48460;-13.2;-75.4;1
48462;-13;-70;-0.2
48464;-13.4;-69.9;0.3
48466;-13.4;-76.5;0.3
48468;-13.3;-70.3;-0.1
48470;-13.3;-73.9;0.2
48472;-13;-73.4;0.2
48474;-13.4;-71.4;0
48476;-13.5;-76.7;0.5
48478;-13.2;-72.2;0
48480;-13.2;-72.6;0
48482;-13.2;-76.1;0.2
48484;-13.1;-65.8;0.6
48486;-13.2;-72.5;0
48488;-13.3;-73.3;0.1
48490;-13.2;-68.7;0.4
48492;-13.1;-76.8;0.1
48494;-13.1;-66.7;0
48496;-13.5;-71.7;0.4
48498;-13.6;-78.6;0.3
48500;-13.1;-66;-0.1
48502;-13.3;-75.2;0.5
48504;-13.3;-73.6;0.5
48506;-13.4;-67.8;-0.5
48508;-13.5;-81.5;0.9
48510;-13.3;-70.5;-0.4
48512;-13.2;-71.1;0.3
48514;-13.5;-81.3;0.5
48516;-13.5;-64.5;-0.2
48518;-13.5;-74.1;0.4
48520;-13.5;-76.1;0.4
48522;-13.4;-66.3;-0.3
48524;-13.2;-77.1;0.4
48526;-13.4;-72.3;0.6
48528;-13.4;-67.8;0.2
48530;-13.1;-78.5;0.1
48532;-13.3;-66.1;0.4
48534;-13;-71.4;-0.2
48536;-13.3;-74.3;0.4
48538;-13.2;-67.4;0.6
48540;-13.1;-75.4;-0.1
48542;-13;-70.5;0.1
48544;-13.2;-72;0.3
48546;-13.4;-77.3;0.3
48548;-13.2;-65.9;0.1
48550;-13.2;-71.2;0.1
48552;-13.3;-72.2;0.5
48554;-13.3;-68.1;0
48556;-13.4;-77;0.4
48558;-13.5;-71.5;0.6
48560;-13.4;-71.8;0
48562;-13.1;-75.1;0.6
48564;-13.2;-66.5;0.6
48566;-13.4;-75.8;0.1
48568;-13.4;-71.5;0.2
48570;-13.2;-68;0.3
48572;-13.4;-78.4;-0.2
48574;-13.4;-70.5;0
48576;-13.4;-73.6;1
48578;-13.1;-75.2;-0.3
48580;-13.3;-64.6;0.4
48582;-13;-72.6;0.3
48584;-13.3;-73;0
48586;-13.3;-66.9;0.4
48588;-13.4;-81;0.4
48590;-13.4;-69.3;0.5
48592;-13.2;-69.8;0.1
48594;-13.3;-78.3;0.1
48596;-13.2;-65.4;0.4
48598;-13.4;-75.1;0.3
48600;-13.4;-76.4;-0.2
48602;-13.1;-63.8;0.5
48604;-13.1;-76.6;0.1
48606;-13.1;-70.1;-0.1
48608;-13.4;-71.3;0.5
48610;-13.5;-80.4;-0.4
48612;-13.6;-64.9;0.4
48614;-13.3;-70.1;0.6
48616;-13.4;-77.3;-0.2
48618;-13.4;-69;0.8
48620;-13.2;-75.6;0.4
48622;-13.2;-71.8;0
48624;-13.3;-69.4;0.6
48626;-13.6;-77.8;0.3
48628;-13.5;-69.8;0.1
48630;-13.4;-74.9;0.7
48632;-13.2;-71.7;0.2
48634;-13.2;-66.4;0.2
48636;-13.3;-74.9;0.2
48638;-13.1;-68;-0.1
48640;-13;-72.4;0.3
48642;-13.3;-74.4;0.5
48644;-13.2;-64.6;0
48646;-13.6;-75.3;0.4
48648;-13.5;-72.7;0.3
48650;-13.6;-70.4;0.2
48652;-13.5;-79;0.3
48654;-13.2;-68;0.4
48656;-13.2;-69.7;-0.2
48658;-13.1;-75.8;0.7
48660;-13.5;-66;0.3
48662;-13.3;-73.1;0.2
48664;-13.5;-74.3;0.6
48666;-13.3;-65.5;0.1
48668;-13.2;-77.8;0
48670;-13.1;-68.7;0.5
48672;-13.4;-72.6;0
48674;-13.4;-79.9;0.2
48676;-13.4;-65.6;0.2
48678;-13.4;-74.1;0.1
48680;-13.2;-73.5;0.1
48682;-13.3;-65.9;0.3
48684;-13.4;-78.5;0
48686;-13.3;-70.3;0
48688;-13.6;-68;0.4
48690;-13.2;-76.9;0.5
48692;-13.4;-65.8;-0.3
48694;-13.5;-73.1;0.3
48696;-13.3;-74.4;0.2
48698;-13.2;-64.7;-0.1
48700;-13.5;-78.5;0.1
48702;-13.3;-71.5;0.1
48704;-13.4;-72.6;0
48706;-13;-75.9;0.6
48708;-13.5;-68.4;0.2
48710;-13.4;-73;-0.1
48712;-13.3;-75;0.3
48714;-13.6;-70.3;0
48716;-13.5;-76.4;0
48718;-13.7;-71;0.4
48720;-13.5;-69.4;0.2
48722;-13.3;-74.4;0.2
48724;-13.3;-65;0.7
48726;-13.4;-73.8;0.3
48728;-13.5;-70;0.1
48730;-13.3;-68.2;0.5
48732;-13.3;-76.2;0.3
48734;-13.5;-68.8;0
48736;-13.2;-72.8;0.3
48738;-13.5;-78.3;0.5
48740;-13.4;-63.3;0.2
48742;-13.3;-73.2;0.3
48744;-13.3;-71.5;0.4
48746;-13.2;-65.4;0.1
48748;-13.5;-78.7;0.3
48750;-13.4;-67.5;0.1
48752;-13.2;-67.6;0.1
48754;-13.2;-76.7;0.4
48756;-13.4;-65.2;0.1
48758;-13.2;-73.7;0
48760;-13.1;-73.9;0.6
48762;-13.3;-65.2;0.1
48764;-13;-76.3;0
48766;-13.3;-72.3;0
48768;-13.3;-69.3;0
48770;-13.4;-77.9;0.1
48772;-13.3;-65;0.3
48774;-13.5;-70.1;0.2
48776;-13.1;-73;0.2
48778;-13.4;-68.8;0.7
48780;-13.5;-76.4;-0.1
48782;-13.2;-70.5;0.3
48784;-13.4;-70.7;0.6
48786;-13.3;-77.5;-0.2
48788;-13.2;-67.2;0
48790;-13.3;-73.3;0.5
48792;-13.4;-73.7;0
48794;-13.3;-68;0.6
48796;-13.3;-77.3;0.4
48798;-13.2;-71.2;0
48800;-13.3;-72.5;0.6
48802;-13.2;-75;0
48804;-13.6;-67.1;0.3
48806;-13.4;-72.9;0.1
48808;-13.1;-72.4;0
48810;-13.1;-67.3;0.3
48812;-13.2;-77.5;0.3
48814;-13.3;-68.4;0.1
48816;-13.4;-72.1;0.2
48818;-13.4;-77;0.3
48820;-13.5;-67;0
48822;-13.2;-75.7;0.3
48824;-13.3;-71.6;0.1
48826;-13.4;-67.1;0.1
48828;-13.4;-80.3;0.1
48830;-13.3;-67.6;0.5
48832;-13.3;-71.3;0.1
48834;-13.2;-77.9;0.1
48836;-13.4;-62.2;0.2
48838;-13.7;-73.1;0.6
48840;-13.4;-72.6;-0.2
48842;-13.1;-64.8;0.1
48844;-13.2;-79.5;0.4
48846;-13.4;-69.4;0
48848;-13.4;-68.6;0.3
48850;-13.3;-78.5;0.2
48852;-13.4;-67.6;0.3
48854;-13.2;-69.9;0.1
48856;-13.4;-75.4;0.3
48858;-13.6;-67.6;-0.1
48860;-13.3;-76.4;0.2
48862;-13.5;-73.1;0.7
48864;-13.4;-70.1;0.2
48866;-13.6;-75.9;0.2
48868;-13.1;-65.7;0.1
48870;-13.5;-71.9;0.3
48872;-13.2;-71.8;0.1
48874;-13.4;-68.5;0.3
48876;-13.3;-76.1;0.7
48878;-13.3;-69.1;0
48880;-13.5;-74.1;0.3
48882;-13.4;-76.3;0.1
48884;-13.4;-68.2;0.1
48886;-13.4;-73.7;0.1
48888;-13.5;-74;0.1
48890;-13.3;-67.1;0
48892;-13.6;-79.9;0.5
48894;-13.6;-70.6;0.9
48896;-13.3;-73.5;0.3
48898;-13.4;-79.4;0
48900;-13.6;-66.1;0.8
48902;-13.2;-74.6;-0.3
48904;-13.4;-73.6;0.2
48906;-13.2;-67.1;0.9
48908;-13.1;-78.4;-0.2
48910;-13.1;-68.7;0.5
48912;-13.6;-71.2;0.2
48914;-13.4;-80.5;0.3
48916;-13.4;-65;0
48918;-13.5;-76.1;0.2
48920;-13.6;-75.5;0.2
48922;-13.1;-64.7;0.1
48924;-13.3;-78;0.4
48926;-13.5;-72.1;0
48928;-13.3;-71.6;0.1
48930;-13.3;-78.3;0.3
48932;-13.4;-66;0.2
48934;-13.1;-70.3;0.2
48936;-13.6;-76;0.1
48938;-13.1;-68;0.3
48940;-13.4;-76;0.2
48942;-13.4;-71.8;0.1
48944;-13.2;-68.1;0.3
48946;-13.3;-75.4;0.4
48948;-13.5;-68.9;-0.2
48950;-13.5;-73;0.2
48952;-13.2;-72.4;0.4
48954;-13.6;-69.3;-0.4
48956;-13.4;-76;0.3
48958;-13.7;-73.3;0.2
48960;-13.3;-71.4;0
48962;-13.5;-75;0.7
48964;-13.2;-67.2;-0.2
48966;-13.4;-75.1;0
48968;-13.3;-71.7;0.7
48970;-13.2;-69.2;-0.3
48972;-13.2;-76.2;0.4
48974;-13.3;-68.1;0.5
48976;-13.5;-73.5;-0.2
48978;-13.6;-77.7;0.4
48980;-13.4;-66.4;0.6
48982;-13.4;-76.8;-0.1
48984;-13.5;-74.5;0.2
48986;-13.4;-67.7;0.3
48988;-13.2;-79.7;0.4
48990;-13.3;-71.3;-0.1
48992;-13.2;-70.9;0
48994;-13.4;-81.5;0.4
48996;-13.3;-63.5;0.2
48998;-13.3;-71.9;0.4
49000;-13.4;-74.8;0.3
49002;-13.5;-66.8;0
49004;-13.2;-76;0.6
49006;-13.3;-71.3;0
49008;-13.4;-66.9;0
49010;-13.4;-78.7;0.2
49012;-13.4;-66.5;0.5
49014;-13.6;-74.5;0.2
49016;-13.6;-76.4;0.5
49018;-13.6;-69.4;0.3
49020;-13.5;-77.5;0.1
49022;-13.1;-70.3;0.5
49024;-13.4;-74.4;0.5
49026;-13.3;-76.3;0.1
49028;-13.6;-68.1;0.1
49030;-13.3;-72.1;0.4
49032;-13.2;-71.4;0.4
49034;-13.6;-69.9;0.2
49036;-13.6;-77.2;0.4
49038;-13.5;-70.7;0
49040;-13.7;-72.6;0.1
49042;-13.4;-75;0
49044;-13.4;-66.2;0
49046;-13.5;-73.8;0.4
49048;-13.7;-72.9;0.3
49050;-13.4;-68.8;0.1
49052;-13.1;-76.3;0.2
49054;-13.3;-69.5;0.2
49056;-13.3;-73.1;0.2
49058;-13.4;-76;0.4
49060;-13.4;-65.8;0.1
49062;-13.3;-73.1;0
49064;-13.4;-71.4;0.2
49066;-13.5;-68.5;0.1
49068;-13.6;-79;0
49070;-13.5;-69.7;0.1
49072;-13.3;-69.7;-0.1
49074;-13.4;-78.2;0
49076;-13.4;-66.3;0.3
49078;-13.2;-73.1;0.3
49080;-13.4;-75.2;0.2
49082;-13.3;-64.8;0.1
49084;-13.2;-77.5;0.1
49086;-13.5;-72.7;0.3
49088;-13.4;-68.8;0.1
49090;-13.5;-77.8;0.1
49092;-13.4;-64.7;0.6
49094;-13.5;-70.3;0.1
49096;-13.3;-75.4;0.4
49098;-13.4;-66.9;0.3
49100;-13.3;-75.8;0
49102;-13.4;-71.6;0
49104;-13.6;-70.4;0.2
49106;-13.6;-77.9;0.2
49108;-13.6;-70.4;0.2
49110;-13.6;-74.8;0.2
49112;-13.4;-74;0.2
49114;-13.5;-69.5;0.3
49116;-13.4;-75.9;0.1
49118;-13.3;-69;0.1
49120;-13.2;-71.9;0.3
49122;-13.6;-76.2;0.4
49124;-13.4;-66.5;0.2
49126;-13.1;-72.3;0.2
49128;-13.6;-72.3;0
49130;-13.4;-68;0
49132;-13;-76.4;0.7
49134;-13.3;-69.2;-0.2
49136;-13.6;-72.6;0
49138;-13.6;-78.4;0.4
49140;-13.3;-63.7;0.1
49142;-13.4;-72.2;0
49144;-13.8;-73.5;0.4
49146;-13.4;-64.1;0.4
49148;-13.6;-78.5;0
49150;-13.4;-69.9;0.6
49152;-13.1;-68.2;0.5
49154;-13.2;-76.7;0
49156;-13.3;-63.3;0.1
49158;-13.6;-72.8;0.5
49160;-13;-73.6;-0.1
49162;-13.2;-65.1;0.3
49164;-13.2;-76.2;0.3
49166;-13.6;-71.1;0
49168;-13.6;-70.7;0
49170;-13.5;-79.5;0.2
49172;-13.4;-66.2;0
49174;-13.2;-70.5;0.1
49176;-13.5;-76.3;0.2
49178;-13.7;-67.2;0.2
49180;-13.5;-76.5;0.2
49182;-13.6;-72.2;0.3
49184;-13.2;-69.7;0
49186;-13.4;-79.1;-0.1
49188;-13.5;-68.6;0.4
49190;-13.3;-71.5;0.4
49192;-13.4;-73.1;-0.1
49194;-13.2;-69.2;0
49196;-13.6;-76.5;0.5
49198;-13.3;-70.1;0.2
49200;-13.6;-72;0.3
49202;-13.1;-75;0.6
49204;-13.3;-68.7;0.1
49206;-13.4;-75.3;0
49208;-13.2;-69.6;0.7
49210;-13.2;-67.1;0
49212;-13.3;-75.9;0.1
49214;-13.2;-67.1;0.4
49216;-13.6;-75.9;0.2
49218;-13.5;-78.2;0
49220;-13.4;-62.7;0.4
49222;-13.7;-76.4;0.3
49224;-13.6;-73.3;0
49226;-13.3;-67.3;-0.3
49228;-13.6;-79;0.3
49230;-13.3;-67.6;0.4
49232;-13.5;-70.3;-0.1
49234;-13.3;-77.8;0.4
49236;-13.4;-64.1;0
49238;-13.3;-71.3;0.1
49240;-13.4;-73.5;0.7
49242;-13.4;-63.1;-0.2
49244;-13.3;-76.7;0.4
49246;-13.5;-72;0.6
49248;-13.5;-71;0.1
49250;-13.4;-76.6;0.4
49252;-13.1;-65.5;0.2
49254;-13.2;-70.8;0.1
49256;-13.6;-75.6;0.1
49258;-13.6;-69.1;0.2
49260;-13.3;-75.4;0
49262;-13.3;-70.5;0.2
49264;-13.4;-69.7;0.5
49266;-13.5;-75.5;0.4
49268;-13.4;-66.5;0
49270;-13.6;-75.4;0.2
49272;-13.3;-72.9;0.3
49274;-13.5;-68.8;0.1
49276;-13.5;-77.3;0.4
49278;-13.5;-73;0.4
49280;-13.3;-73;0.2
49282;-13.4;-77.5;0.2
49284;-13.4;-65.6;0.1
49286;-13.5;-75.5;0.2
49288;-13.5;-72.8;0.4
49290;-13.3;-68.8;0
49292;-13.2;-76.9;-0.1
49294;-13.4;-68.3;0.4
49296;-13.3;-71.8;0.1
49298;-13.3;-77;0.2
49300;-13.6;-68;0.3
49302;-13.6;-77.9;0
49304;-13.6;-70.9;0.3
49306;-13.5;-68;0.3
49308;-13.6;-80.2;0.1
49310;-13.2;-69.8;0.2
49312;-13.5;-72.8;0.2
49314;-13.5;-80;0.2
49316;-13.6;-64.8;0.3
49318;-13.6;-74;0.1
49320;-13.3;-72.4;0
49322;-13.3;-65.1;0.2
49324;-13.5;-78.9;0.2
49326;-13.4;-70.3;0.2
49328;-13.4;-68.2;0.8
49330;-13.4;-79.7;0.3
49332;-13.5;-66.8;0
49334;-13.5;-71.3;0.4
49336;-13.7;-76;0.1
49338;-13.5;-67.5;0
49340;-13.5;-76.3;0
49342;-13.2;-70.1;0.3
49344;-13.4;-71.2;0.2
49346;-13.4;-76.1;0.5
49348;-13.5;-68.1;0
49350;-13.5;-69.5;-0.1
49352;-13.4;-71.9;1
49354;-13.2;-68.2;-0.2
49356;-13.5;-74.9;0
49358;-13.4;-68;0.7
49360;-13.4;-70.4;-0.1
49362;-13.5;-75.4;0.7
49364;-13.3;-65.4;0.2
49366;-13.4;-75.2;0
49368;-13.6;-73.8;0.5
49370;-13.3;-66.3;0.4
49372;-13.5;-77.9;0.4
49374;-13.4;-67.8;0.1
49376;-13.7;-74.2;0.4
49378;-13.5;-78.8;-0.1
49380;-13.7;-64.1;0.1
49382;-13.2;-72.4;0.4
49384;-13.4;-71.5;0.2
49386;-13.7;-68.2;0
49388;-13.5;-79.8;0.4
49390;-13.6;-69.9;0.3
49392;-13.4;-68.6;0.1
49394;-13.3;-79.3;0
49396;-13.7;-67.8;0.1
49398;-13.5;-76.2;0.5
49400;-13.4;-73.3;0
49402;-13.3;-65.6;0.1
49404;-13.2;-77.1;0.5
49406;-13.5;-71.3;0.1
49408;-13.7;-71.7;0.1
49410;-13.5;-77.6;0.5
49412;-13.2;-64.3;0
49414;-13.3;-70.4;0.3
49416;-13.4;-75.7;0.4
49418;-13.3;-67;0
49420;-13.5;-77.3;0.5
49422;-13.4;-71.1;0.2
49424;-13.4;-69.4;-0.1
49426;-13.7;-77.3;0.5
49428;-13.3;-67;0.3
49430;-13.4;-72.1;0
49432;-13.3;-70.5;0.4
49434;-13.6;-68.8;0
49436;-13.3;-73.2;0.2
49438;-13.4;-68.9;0.7
49440;-13.4;-72.3;0.2
49442;-13.3;-73.7;0.2
49444;-13.3;-64.9;0.4
49446;-13.5;-73.1;0
49448;-13.3;-70.2;0
49450;-13.5;-69.6;0.3
49452;-13.3;-76.5;0.3
49454;-13.2;-67.3;0
49456;-13.6;-73;0.3
49458;-13.5;-74.8;0.3
49460;-13.2;-63.4;0
49462;-13.3;-72.5;0.1
49464;-13.5;-72.4;0
49466;-13.4;-64.4;0
49468;-13.7;-79.6;0.5
49470;-13.6;-69.9;0.2
49472;-13.6;-70.7;-0.1
49474;-13.4;-79;0.7
49476;-13.5;-63.6;0.2
49478;-13.5;-73.1;0
49480;-13.5;-75;0.4
49482;-13.3;-65.6;0.3
49484;-13.4;-77.3;0.1
49486;-13.4;-70;0.2
49488;-13.5;-69.3;0.4
49490;-13.2;-76.6;0.1
49492;-13.4;-65.1;0
49494;-13.4;-71.5;0.2
49496;-13.6;-74.9;0.1
49498;-13.5;-68.8;0.2
49500;-13.6;-78.3;0.7
49502;-13.4;-70.3;0
49504;-13.3;-70.2;0.4
49506;-13.5;-75.6;0.3
49508;-13.6;-67.9;0.2
49510;-13.4;-71.8;0.7
49512;-13.6;-73.3;0.3
49514;-13.4;-68.2;0.1
49516;-13.3;-74.4;0.2
49518;-13.7;-70.2;0
49520;-13.6;-71.1;0.2
49522;-13.6;-76.1;0.3
49524;-13.4;-66.8;0.1
49526;-13.6;-73.9;0
49528;-13.5;-72.4;0.3
49530;-13.4;-65.6;0.3
49532;-13.2;-75;0.2
49534;-13.4;-67.9;0.3
49536;-13.7;-72.8;-0.1
49538;-13.3;-74.1;0
49540;-13.4;-63.2;0.5
49542;-13.8;-74.5;0
49544;-13.5;-72;0
49546;-13.4;-66.5;0.6
49548;-13.6;-78;0
49550;-13.3;-66.4;0.3
49552;-13.7;-69.4;0.4
49554;-13.6;-77.9;0
49556;-13.6;-64.9;0
49558;-13.5;-73;0.4
49560;-13.4;-73.5;0
49562;-13.5;-63.9;0
49564;-13.6;-77.6;0.2
49566;-13.4;-71;0
49568;-13.4;-68.6;0.3
49570;-13.4;-78.1;0.2
49572;-13.5;-64.3;-0.2
49574;-13.2;-69.3;0.3
49576;-13.5;-75.9;0.5
49578;-13.5;-67.8;0.2
49580;-13.7;-75.6;0.2
49582;-13.5;-70.8;0
49584;-13.4;-68.1;0.2
49586;-13.5;-76;0.3
49588;-13.6;-69.5;0
49590;-13.2;-71.1;0.6
49592;-13.5;-71;0.5
49594;-13.6;-68;0.1
49596;-13.5;-76.4;0.1
49598;-13.7;-71.4;0.3
49600;-13.6;-75;0.2
49602;-13.3;-73.3;0.1
49604;-13.4;-63.4;0.4
49606;-13.4;-72.5;0.4
49608;-13.7;-71.5;0.1
49610;-13.6;-68.3;0.3
49612;-13.4;-77.2;0.4
49614;-13.3;-66.4;0.3
49616;-13.3;-70.5;0.5
49618;-13.6;-77.6;0
49620;-13.7;-65.6;0.3
49622;-13.4;-72.4;0.3
49624;-13.3;-70.8;0
49626;-13.6;-66.7;0.3
49628;-13.2;-76;0.2
49630;-13.6;-70.1;0.1
49632;-13.4;-69.2;0.3
49634;-13.5;-76.2;0.2
49636;-13.6;-63;0.6
49638;-13.3;-70.3;0.5
49640;-13.8;-74.1;0.2
49642;-13.4;-64.9;0.3
49644;-13.3;-76;0.6
49646;-13.7;-69.8;0
49648;-13.4;-67.2;0.3
49650;-13.3;-75.6;0.4
49652;-13.2;-64.2;0
49654;-13.5;-73.5;0.4
49656;-13.6;-75.6;0.2
49658;-13.3;-64.6;-0.3
49660;-13.6;-76.6;0.5
49662;-13.5;-72.3;0.5
49664;-13.4;-69.6;0.4
49666;-13.4;-75.9;0.1
49668;-13.5;-67;0.4
49670;-13.5;-72.2;0
49672;-13.4;-71.7;-0.2
49674;-13.4;-67;0.2
49676;-13.5;-76.1;0.5
49678;-13.1;-69.4;0.5
49680;-13.5;-70.8;-0.2
49682;-13.4;-76;0
49684;-13.7;-69.1;0.7
49686;-13.4;-74.5;0
49688;-13.4;-70.1;-0.1
49690;-13.2;-67;0.6
49692;-13.4;-76.6;0
49694;-13.4;-66.5;0.1
49696;-13.2;-72.5;0.6
49698;-13.7;-77.6;-0.2
49700;-13.6;-65;0.3
49702;-13.3;-73.8;0.4
49704;-13.3;-70.6;0.1
49706;-13.6;-67.7;0.3
49708;-13.6;-80.6;0.3
49710;-13.4;-68.3;0.2
49712;-13.4;-68.9;0.4
49714;-13.4;-78.3;0.1
49716;-13.4;-63.5;-0.2
49718;-13.6;-73.6;0.2
49720;-13.7;-74.7;0.4
49722;-13.3;-63.5;0.1
49724;-13.4;-76.7;0.1
49726;-13.5;-71.1;0.3
49728;-13.5;-68.2;0.1
49730;-13.7;-78.4;0
49732;-13.5;-66.4;0.2
49734;-13.6;-69.9;0
49736;-13.6;-75.2;0.1
49738;-13.9;-68.1;0.4
49740;-13.6;-75.4;0.1
49742;-13.6;-71;0.2
49744;-13.3;-68.6;0.3
49746;-13.4;-74.3;0.1
49748;-13.1;-64.7;0.2
49750;-13.6;-73.2;0.4
49752;-13.6;-73.2;0.4
49754;-13.2;-66;0.1
49756;-13.5;-76.3;0
49758;-13.6;-69;0.3
49760;-13.5;-72.5;0.5
49762;-13.4;-75.1;0.2
49764;-13.5;-65;0.1
49766;-13.7;-73.9;0.2
49768;-13.4;-71.8;0.2
49770;-13.7;-68.2;0.3
49772;-13.4;-77.5;0.4
49774;-13.3;-67.7;0.4
49776;-13.6;-71.5;0.3
49778;-13.6;-75.8;0.3
49780;-13.3;-64.4;0.1
49782;-13.3;-73.9;0.2
49784;-13.6;-73.4;0.4
49786;-13.3;-65.9;0.2
49788;-13.4;-80.2;0.2
49790;-13.6;-69.3;0.2
49792;-13.5;-71.1;0.1
49794;-13.3;-78.5;0.4
49796;-13.6;-64.7;0
49798;-13.7;-74.8;-0.1
49800;-13.6;-75;0.3
49802;-13.4;-64.7;0
49804;-13.4;-76.8;0.2
49806;-13.6;-69.4;0.6
49808;-13.6;-69.4;0
49810;-13.3;-76.6;-0.2
49812;-13.4;-65;0.4
49814;-13.5;-70;0
49816;-13.8;-76.1;0.3
49818;-13.4;-66.4;0.5
49820;-13.5;-76.9;-0.2
49822;-13.3;-70.5;0.4
49824;-13.4;-70.6;0
49826;-13.6;-76.6;0
49828;-13.7;-68.8;0.4
49830;-13.6;-72.2;0
49832;-13.5;-70.6;0.2
49834;-13.3;-66.9;0.4
49836;-13.4;-74.4;0
49838;-13.4;-67;0.8
49840;-13.4;-70.6;-0.2
49842;-13.3;-72.9;0
49844;-13.3;-64.8;0.9
49846;-13.6;-74.3;0.1
49848;-13.7;-72.7;0
49850;-13.5;-68.8;0.7
49852;-13.6;-79;0
49854;-13.7;-70.1;0.3
49856;-13.7;-74;-0.1
49858;-13.4;-77.1;0.2
49860;-13.4;-61.6;0.3
49862;-13.4;-72.1;0
49864;-13.5;-73.6;0.4
49866;-13.7;-66.4;0.6
49868;-13.4;-77;-0.1
49870;-13.6;-69.2;0.7
49872;-13.5;-69;0.2
49874;-13.4;-78.5;0.3
49876;-13.8;-66.6;0.2
49878;-13.2;-72.4;0
49880;-13.5;-73.8;0.1
49882;-13.4;-65.8;0.6
49884;-13.6;-77.4;0.4
49886;-13.4;-69.5;0.2
49888;-13.7;-71.8;0.1
49890;-13.6;-77.8;0.1
49892;-13.5;-65.1;0.4
49894;-13.3;-69.8;0.2
49896;-13.6;-75.4;0.1
49898;-13.3;-66.7;0.1
49900;-13.4;-74.8;0.3
49902;-13.4;-69.5;0.2
49904;-13.4;-68.7;0
49906;-13.4;-76;0.7
49908;-13.5;-68.5;0
49910;-13.8;-73.7;0
49912;-13.6;-73.4;0.6
49914;-13.8;-69;0.5
49916;-13.4;-74.7;0.2
49918;-13.5;-70.9;0.3
49920;-13.3;-71.5;0.4
49922;-13.4;-73.3;0.1
49924;-13.5;-64.6;0
49926;-13.5;-72.1;0.3
49928;-13.6;-71.8;0.1
49930;-13.4;-68.7;0
49932;-13.4;-77.1;0.2
49934;-13.4;-66;0.1
49936;-13.5;-72.1;-0.2
49938;-13.5;-77;0.4
49940;-13.4;-64.2;0.1
49942;-13.5;-76.1;0
49944;-13.5;-72.9;0.2
49946;-13.5;-64;0.4
49948;-13.4;-79;0.6
49950;-13.8;-70.4;-0.1
49952;-13.4;-70.6;0.3
49954;-13.4;-77.4;0.5
49956;-13.5;-62.7;-0.2
49958;-13.6;-69.9;0.4
49960;-13.5;-73.6;0.3
49962;-13.4;-63.8;0
49964;-13.4;-76.2;0.5
49966;-13.6;-71;0.1
49968;-13.6;-68.8;0
49970;-13.4;-77;0.4
49972;-13.3;-65.8;0.3
49974;-13.7;-72.1;0.3
49976;-13.8;-74.8;0.8
49978;-13.3;-66.4;0.2
49980;-13.7;-77.8;0
49982;-13.3;-70.3;0.2
49984;-13.7;-73;0.3
49986;-13.4;-75.4;0.3
49988;-13.3;-65.4;0.2
49990;-13.4;-70.9;0.2
49992;-13.4;-72.3;0.2
49994;-13.3;-68.1;0
49996;-13.3;-75.9;0.5
49998;-13.7;-71;-0.1
50000;-13.3;-70.9;0.3
50002;-13.3;-75.2;0.6
50004;-13.8;-67.8;0
50006;-13.4;-73.8;0.3
50008;-13.7;-73.1;0.4
50010;-13.2;-66.2;-0.1
50012;-13.5;-75.7;0.2
50014;-13.4;-67.9;0
50016;-13.6;-73.5;0.1
50018;-13.7;-77.1;0.5
50020;-13.5;-64;0.1
50022;-13.2;-72.5;0.2
50024;-13.5;-70.8;0.1
50026;-13.4;-66.3;0.2
50028;-13.7;-78.9;0.1
50030;-13.6;-68.5;0.1
50032;-13.4;-67.9;0.3
50034;-13.5;-75.7;0.4
50036;-13.6;-65.4;0.1
50038;-13.8;-74.4;0
50040;-13.4;-72.3;0.4
50042;-13.4;-62.4;0.1
50044;-13.4;-75.8;0.2
50046;-13.5;-70;0.5
50048;-13.4;-70.5;-0.1
50050;-13.5;-79.9;0
50052;-13.5;-64.1;0.3
50054;-13.4;-69.4;-0.2
50056;-13.5;-75.8;0.2
50058;-13.6;-67.4;0.5
50060;-13.4;-75.4;0.3
50062;-13.7;-71.2;0.1
50064;-13.4;-67.1;0.4
50066;-13.4;-75.1;0.7
50068;-13.5;-67.2;-0.2
50070;-13.6;-73.1;0
50072;-13.3;-70.8;0.5
50074;-13.1;-66.2;0.2
50076;-13.6;-76.7;0.2
50078;-13.4;-68.4;0
50080;-13.3;-72.3;0.4
50082;-13.4;-75.1;-0.1
50084;-13.3;-64.7;0
50086;-13.8;-74.8;0.3
50088;-13.4;-71.1;-0.3
50090;-13.7;-68.3;-0.1
50092;-13.4;-77.3;0.3
50094;-13.3;-66.8;0
50096;-13.8;-72.2;0.5
50098;-13.3;-76.1;0.8
50100;-13.4;-64.1;-0.3
50102;-13.3;-73.2;0.2
50104;-13.7;-73.9;0.7
50106;-13.3;-65;-0.2
50108;-13.6;-78;0.4
50110;-13.3;-69.6;0.2
50112;-13.5;-71.9;-0.4
50114;-13.6;-79.3;1.1
50116;-13.5;-64.4;-0.1
50118;-13.8;-72.7;0.2
50120;-13.6;-71.6;0.6
50122;-13.6;-66.1;-0.1
50124;-13.6;-77.6;0.3
50126;-13.6;-69.6;0
50128;-13.8;-69.6;0
50130;-13.3;-75.7;0.6
50132;-13.5;-66.3;-0.2
50134;-13.4;-70.9;0
50136;-13.8;-76.7;0.9
50138;-13.7;-66.9;-0.2
50140;-13.6;-75.4;0.1
50142;-13.5;-72.8;0.2
50144;-13.5;-70.1;-0.1
50146;-13.4;-75.6;0.4
50148;-13.7;-67;0.4
50150;-13.4;-70;0
50152;-13.4;-73;0.6
50154;-13.4;-66.9;0.1
50156;-13.6;-76;0
50158;-13.5;-69.3;0.2
50160;-13.3;-68.3;0.4
50162;-13.5;-76;0
50164;-13.3;-66;0.2
50166;-13.6;-75.6;0.1
50168;-13.4;-70.4;0.2
50170;-13.2;-67.6;0.7
50172;-13.4;-76.6;0.4
50174;-13.5;-67.9;0
50176;-13.5;-74.2;0.5
50178;-13.7;-77.1;-0.1
50180;-13.6;-64.2;0.2
50182;-13.4;-73.5;0.5
50184;-13.5;-71.6;0
50186;-13.9;-67.5;0.4
50188;-13.5;-79.4;0.5
50190;-13.5;-68.7;0
50192;-13.5;-69.3;0.4
50194;-13.4;-79.1;0.2
50196;-13.5;-64.7;0.2
50198;-13.4;-73.8;0.3
50200;-13.4;-73.8;0.1
50202;-13.7;-66.5;0.4
50204;-13.4;-76.7;0.8
50206;-13.7;-71.9;0.1
50208;-13.8;-70.4;0
50210;-13.5;-76.7;0.5
50212;-13.5;-64.4;0.2
50214;-13.5;-70.2;0.4
50216;-13.7;-73.7;0.5
50218;-13.5;-67.3;0.2
50220;-13.3;-74.5;0.2
50222;-13.5;-70.9;0.4
50224;-13.5;-69.4;0
50226;-13.6;-76.2;0.1
50228;-13.3;-65.3;0.2
50230;-13.4;-72.1;-0.1
50232;-13.4;-71.7;0.2
50234;-13.4;-65.1;0.3
50236;-13.4;-74.6;-0.1
50238;-13.7;-70.8;0.3
50240;-13.4;-70.3;0.5
50242;-13.4;-73.8;0.2
50244;-13.6;-65.8;0.4
50246;-13.6;-72.4;0
50248;-13.6;-70.5;0
50250;-13.4;-67.9;0.3
50252;-13.6;-76.6;0.3
50254;-13.3;-67.4;0.2
50256;-13.8;-71.3;0.2
50258;-13.2;-75.7;0.2
50260;-13.5;-64.6;0.3
50262;-13.5;-74.1;0
50264;-13.3;-69.5;0
50266;-13.7;-65.5;0.6
50268;-13.6;-80.3;0.1
50270;-13.6;-69.9;0.3
50272;-13.4;-70.9;0.4
50274;-13.4;-77.2;0.6
50276;-13.6;-63.8;0.1
50278;-13.4;-71.7;0.8
50280;-13.7;-75.3;0.2
50282;-13.4;-65.7;0
50284;-13.3;-77.5;0.5
50286;-13.9;-70;0.1
50288;-13.7;-69.7;0.3
50290;-13.4;-76.4;0.1
50292;-13.2;-64;0
50294;-13.5;-69.5;0.3
50296;-13.4;-75.6;0.5
50298;-13.7;-67;0
50300;-13.2;-74.1;0.1
50302;-13.4;-70.4;0.5
50304;-13.3;-69.1;0.1
50306;-13.7;-76.8;0
50308;-13.6;-68.9;0.6
50310;-13.3;-69.6;-0.1
50312;-13.4;-73.5;0
50314;-13.6;-69.3;0.1
50316;-13.4;-74.4;0
50318;-13.6;-69.2;0.4
50320;-13.5;-70.3;0.4
50322;-13.4;-72.4;-0.2
50324;-13.4;-63.7;0.4
50326;-13.7;-74.5;0.5
50328;-13.6;-72.3;-0.2
50330;-13.4;-66;0.5
50332;-13.3;-75.2;0.2
50334;-13.3;-66.5;0.1
50336;-13.6;-71.4;0.4
50338;-13.6;-78.3;0.2
50340;-13.5;-62.9;0.3
50342;-13.4;-71.9;0.1
50344;-13.7;-73;0
50346;-13.3;-64.8;0.4
50348;-13.3;-77.6;0.2
50350;-13.6;-67.6;0.1
50352;-13.4;-65.5;0.1
50354;-13.3;-76.3;0
50356;-13.5;-64.4;0.2
50358;-13.6;-74.6;-0.1
50360;-13.5;-72.8;0.3
50362;-13.6;-66;0.7
50364;-13.7;-79.3;0
50366;-13.7;-71.7;0.2
50368;-13.7;-72.2;0.3
50370;-13.4;-75.8;0
50372;-13.4;-64.7;0.3
50374;-13.4;-70.2;0.1
50376;-13.4;-73;-0.1
50378;-13.3;-65.2;0.7
50380;-13.7;-76;0.1
50382;-13.6;-70.9;0.1
50384;-13.5;-69.7;0.5
50386;-13.6;-76.9;-0.3
50388;-13.4;-65.4;0.3
50390;-13.4;-71.5;0.3
50392;-13.2;-71.5;0
50394;-13.8;-70.1;0.2
50396;-13.5;-76.6;0.3
50398;-13.5;-72.2;-0.1
50400;-13.7;-72.7;0.1
50402;-13.5;-73.5;0.3
50404;-13.5;-64.5;0
50406;-13.5;-70.7;0.1
50408;-13.3;-69;0.5
50410;-13.3;-67;0
50412;-13.4;-75.6;0.4
50414;-13.5;-65.8;0.5
50416;-13.7;-71.8;0
50418;-13.6;-75.9;0.5
50420;-13.3;-62.4;0.2
50422;-13.4;-75.2;0.2
50424;-13.7;-73.5;0.6
50426;-13.7;-65.8;-0.1
50428;-13.7;-79.9;0.4
50430;-13.3;-68.5;-0.1
50432;-13.5;-69.9;0
50434;-13.5;-78.8;0.3
50436;-13.5;-62.1;0.1
50438;-13.5;-71.3;0.2
50440;-13.4;-73.5;0.3
50442;-13.5;-63.2;0
50444;-13.6;-76;0.6
50446;-13.7;-69.4;0.3
50448;-13.7;-67.2;-0.1
50450;-13.5;-78.7;0.6
50452;-13.4;-66.1;0
50454;-13.4;-72;0
50456;-13.7;-75.2;0.3
50458;-13.6;-67.4;0.2
50460;-13.5;-76;-0.1
50462;-13.4;-69.2;0.4
50464;-13.4;-70.7;0.4
50466;-13.6;-75.6;0
50468;-13.5;-64.9;-0.1
50470;-13.6;-72.2;0.4
50472;-13.4;-71.6;0.7
50474;-13.3;-66.5;0.3
50476;-13.7;-76.3;0.4
50478;-13.8;-70.1;0.3
50480;-13.4;-71.6;0.3
50482;-13.5;-76.4;0.3
50484;-13.5;-68.1;0
50486;-13.7;-74.6;0
50488;-13.4;-70.2;0.2
50490;-13.6;-67.1;0.2
50492;-13.5;-76;0.2
50494;-13.3;-68.2;0.1
50496;-13.9;-73.1;0.3
50498;-13.4;-74.3;0.3
50500;-13.8;-65.3;0
50502;-13.5;-74.1;0.8
50504;-13.3;-69.6;0
50506;-13.5;-67.3;-0.1
50508;-13.7;-79.6;0.6
50510;-13.4;-67.9;-0.2
50512;-13.3;-68.9;0
50514;-13.5;-78.6;0.5
50516;-13.5;-64.4;-0.1
50518;-13.3;-74.5;0.2
50520;-13.4;-74.7;0.6
50522;-13.4;-62.9;-0.1
50524;-13.3;-75.4;0.3
50526;-13.5;-70.7;0.5
50528;-13.4;-67.3;0.2
50530;-13.5;-78.8;0.3
50532;-13.4;-62.4;0.6
50534;-13.4;-68.8;0
50536;-13.7;-75.7;0.3
50538;-13.6;-67;0.3
50540;-13.5;-74.6;-0.2
50542;-13.7;-71.7;0.6
50544;-13.7;-68.9;0.4
50546;-13.4;-74.1;-0.2
50548;-13.4;-65.9;0.7
50550;-13.8;-71.7;0.2
50552;-13.5;-70;-0.1
50554;-13.6;-68.5;0.4
50556;-13.4;-74.2;-0.1
50558;-13.3;-67.7;0.2
50560;-13.4;-73.6;0.8
50562;-13.4;-72.9;0.1
50564;-13.4;-65.1;0
50566;-13.4;-72.4;0.3
50568;-13.5;-70.3;0.2
50570;-13.7;-69.5;0
50572;-13.8;-78.4;0.3
50574;-13.7;-68.6;0.4
50576;-13.3;-68.9;0.2
50578;-13.7;-77.2;0
50580;-13.6;-65.1;0.6
50582;-13.5;-72.5;0
50584;-13.4;-70.9;0.3
50586;-13.5;-66;0.5
50588;-13.3;-76.1;-0.1
50590;-13.4;-68.4;0.4
50592;-13.5;-71.8;0.4
50594;-13.5;-77.8;-0.6
50596;-13.5;-66.3;0.2
50598;-13.7;-73.5;0.1
50600;-13.4;-74.1;0.3
50602;-13.3;-64.7;0.5
50604;-13.4;-75.6;0.2
50606;-13.8;-70.1;0
50608;-13.7;-68.7;0.1
50610;-13.5;-75.6;0.5
50612;-13.5;-65.1;0.4
50614;-13.6;-72.9;0
50616;-13.8;-76.5;0.3
50618;-13.6;-64.4;0
50620;-13.5;-74.8;0.6
50622;-13.4;-71.8;0.6
50624;-13.5;-70.1;0.3
50626;-13.4;-76.6;0
50628;-13.7;-66.6;0.2
50630;-13.4;-69.2;0
50632;-13.6;-70.9;0.1
50634;-13.6;-68.2;0.4
50636;-13.6;-73.4;0.3
50638;-13.8;-69.3;0
50640;-13.6;-68.9;0
50642;-13.5;-74;0.4
50644;-13.7;-67.4;0.1
50646;-13.5;-74;0
50648;-13.4;-69.1;0
50650;-13.3;-67.1;0.5
50652;-13.4;-76.1;0.2
50654;-13.5;-67.5;0
50656;-13.4;-74;0.4
50658;-13.8;-77.4;0.6
50660;-13.4;-61.5;0
50662;-13.5;-72.4;0.4
50664;-13.5;-71;0.4
50666;-13.7;-66.3;0.1
50668;-14;-79.1;0.2
50670;-13.5;-67.5;0.3
50672;-13.4;-67.8;0.1
50674;-13.5;-77.4;0.1
50676;-13.5;-64.4;0.4
50678;-13.6;-73;0.4
50680;-13.6;-73.6;0.2
50682;-13.4;-64.8;-0.2
50684;-13.5;-78.3;0.4
50686;-13.5;-70.3;0.2
50688;-13.5;-69.9;-0.1
50690;-13.8;-77.8;0.4
50692;-13.7;-65.2;0.4
50694;-13.8;-71.6;0.3
50696;-13.6;-74.7;0.3
50698;-13.8;-67.3;0.3
50700;-13.8;-76.4;0.2
50702;-13.5;-69.1;0.2
50704;-13.3;-67.8;0.6
50706;-13.5;-77.2;-0.1
50708;-13.4;-66;0.4
50710;-13.4;-72.6;0.5
50712;-13.7;-74.2;-0.4
50714;-13.7;-67.8;0.6
50716;-13.4;-75.6;0.3
50718;-13.5;-68.1;0
50720;-13.4;-71.3;0
50722;-13.4;-74.1;0.2
50724;-13.5;-65.8;0.4
50726;-13.5;-72.1;0.4
50728;-13.9;-71.3;0.1
50730;-13.5;-66.1;0.1
50732;-13.4;-75.3;0.1
50734;-13.7;-68.2;0.3
50736;-13.7;-70.2;0.2
50738;-13.3;-74.6;0
50740;-13.4;-63.6;0.2
50742;-13.5;-75.1;0.1
50744;-13.6;-71.5;0.1
50746;-13.7;-66.1;0
50748;-13.6;-78.9;0
50750;-13.8;-69.4;0
50752;-13.4;-69.3;0.2
50754;-13.7;-78.6;0.3
50756;-13.6;-62.2;0.1
50758;-13.6;-74.1;0.3
50760;-13.9;-73.6;0.5
50762;-13.7;-64.6;-0.1
50764;-13.3;-76.9;0.5
50766;-13.5;-69.4;0.2
50768;-13.4;-67;0.1
50770;-13.4;-76.1;0.5
50772;-13.5;-64.8;-0.3
50774;-13.4;-69.8;0.4
50776;-13.7;-74.2;0.4
50778;-13.9;-67.1;0.1
50780;-13.7;-76.9;0.3
50782;-13.4;-72.6;-0.1
50784;-13.6;-71;0.2
50786;-13.6;-75.4;0.6
50788;-13.6;-68.8;0.2
50790;-13.7;-72.5;0.1
50792;-13.5;-72.4;0.2
50794;-13.2;-68.2;0.1
50796;-13.5;-77;0.5
50798;-13.7;-69.8;0.2
50800;-13.5;-71.1;0.3
50802;-13.4;-73.3;0.6
50804;-13.5;-64.8;0.2
50806;-13.5;-73.9;0.3
50808;-13.6;-73.1;0.3
50810;-13.4;-66.1;0.1
50812;-13.7;-79;0.3
50814;-13.4;-68.6;0.5
50816;-13.6;-70.9;0.5
50818;-13.4;-77.2;0.2
50820;-13.4;-63.3;-0.2
50822;-13.6;-73.7;0.4
50824;-13.4;-73.8;0.1
50826;-13.6;-66.3;0
50828;-13.4;-76.9;0.6
50830;-13.5;-67.4;-0.1
50832;-13.5;-66.7;0
50834;-13.3;-76.8;0.6
50836;-13.3;-63.4;-0.3
50838;-13.7;-75.3;0.3
50840;-13.7;-73.3;0.3
50842;-13.6;-66.1;0.3
50844;-13.4;-77.1;0.2
50846;-13.7;-71.6;0
50848;-13.5;-71.7;0.3
50850;-13.5;-77.4;0.2
50852;-13.5;-64.5;0
50854;-13.6;-70.5;0.2
50856;-13.7;-73.9;0.1
50858;-13.5;-66;0.4
50860;-13.4;-75;0.5
50862;-13.4;-68.8;0.1
50864;-13.5;-68.1;-0.1
50866;-13.6;-76.1;0.2
50868;-13.7;-67.9;0.4
50870;-13.6;-72.2;0.2
50872;-13.4;-71.1;0
50874;-13.3;-66;0.3
50876;-13.7;-76.7;0.2
50878;-13.8;-71.9;0.2
50880;-13.4;-70.6;0.6
50882;-13.6;-76.3;0.3
50884;-13.4;-64.9;0
50886;-13.5;-71.4;0.3
50888;-13.6;-69.7;0.3
50890;-13.4;-67.2;0.3
50892;-13.9;-77.6;0.1
50894;-13.3;-65.8;0.3
50896;-13.6;-71.7;0.6
50898;-13.4;-77.5;0.2
50900;-13.7;-64.5;0.1
50902;-13.6;-77.1;0.7
50904;-13.7;-74.1;0.1
50906;-13.7;-66.8;0.2
50908;-13.7;-80.4;0.3
50910;-13.7;-68.3;0.3
50912;-13.6;-70.2;-0.2
50914;-13.5;-77;0.2
50916;-13.6;-63.2;0.5
50918;-13.6;-70.2;0
50920;-13.7;-74.9;0.1
50922;-13.6;-66;0.6
50924;-13.4;-75.4;0
50926;-13.5;-70.5;0.1
50928;-13.8;-68.1;0.5
50930;-13.4;-77.1;0.1
50932;-13.5;-65.9;0.1
50934;-13.3;-70.7;0.2
50936;-13.5;-74;0
50938;-13.5;-66.1;0.1
50940;-13.6;-75.4;0.4
50942;-13.8;-71.8;-0.2
50944;-13.6;-70.8;0.4
50946;-13.4;-74.4;0.7
50948;-13.7;-66.2;0
50950;-13.7;-71.6;0.6
50952;-13.6;-71.3;0.2
50954;-13.5;-67.1;-0.2
50956;-13.6;-74.8;0.4
50958;-13.6;-70.2;0.3
50960;-13.6;-69.6;0
50962;-13.2;-74.1;0
50964;-13.6;-66;0.5
50966;-13.5;-73.8;0.2
50968;-13.7;-73.1;0.4
50970;-13.6;-65.4;0.4
50972;-13.5;-76.7;-0.2
50974;-13.6;-69.3;0.4
50976;-13.7;-72.5;0
50978;-13.7;-76.4;0
50980;-13.7;-65.3;0.5
50982;-13.8;-74.6;-0.1
50984;-14;-72.1;0.3
50986;-13.4;-67.4;0.3
50988;-13.6;-80.4;0
50990;-13.7;-69.2;0
50992;-13.5;-69.9;0.3
50994;-13.6;-79.6;0.3
50996;-13.8;-66.3;-0.1
50998;-13.5;-73.4;0.4
51000;-13.5;-75.3;0.3
51002;-13.4;-64.1;0.4
51004;-13.4;-78.2;0.2
51006;-13.6;-69.7;0
51008;-13.6;-70.9;0.3
51010;-13.6;-79.8;0.3
51012;-13.8;-65.6;0
51014;-13.5;-68.8;0.1
51016;-13.7;-76.3;0.3
51018;-13.8;-68.2;0
51020;-13.4;-74.4;0.1
51022;-13.5;-70;0.5
51024;-13.5;-69.6;0.1
51026;-13.5;-77.5;0.2
51028;-13.8;-67.8;0.2
51030;-13.7;-73.8;0.2
51032;-13.4;-70.9;0
51034;-13.5;-66.8;0.4
51036;-13.6;-74.9;0
51038;-13.5;-68.9;-0.2
51040;-13.5;-71.2;0.4
51042;-13.3;-72.4;-0.2
51044;-13.4;-64.1;0.1
51046;-13.4;-72.2;0.7
51048;-14;-71.7;-0.2
51050;-13.3;-68.1;0.3
51052;-13.7;-78.1;0.9
51054;-13.7;-68.5;-0.2
51056;-13.5;-71.6;0.5
51058;-13.4;-75.3;0.5
51060;-13.4;-63.5;-0.1
51062;-13.3;-72;0.6
51064;-13.3;-71.5;0
51066;-13.7;-65.4;0.1
51068;-13.5;-77.2;0.5
51070;-13.8;-69.7;0
51072;-13.4;-68.9;0.3
51074;-13.6;-77.2;0.4
51076;-13.7;-65;0.1
51078;-13.8;-74.2;0.3
51080;-13.4;-72.6;0
51082;-13.4;-65;0.4
51084;-13.5;-77;0.2
51086;-13.6;-70.1;0.1
51088;-13.4;-67.4;0.2
51090;-13.6;-77.5;0.1
51092;-13.4;-65.1;0.3
51094;-13.4;-69.9;0.4
51096;-13.5;-73.4;0.1
51098;-13.8;-64.5;0.5
51100;-13.7;-77.2;0.2
51102;-13.4;-72.6;-0.4
51104;-13.4;-69.9;0.6
51106;-13.7;-76.9;0
51108;-13.8;-67.5;0.2
51110;-13.6;-70.9;0.8
51112;-13.4;-71.6;-0.1
51114;-13.4;-66.5;0.1
51116;-13.5;-75.2;0.3
51118;-13.6;-68.9;0.1
51120;-13.5;-71;0.4
51122;-13.6;-72.9;0.4
51124;-13.7;-66.9;-0.2
51126;-13.4;-72.4;0.1
51128;-13.7;-71;0.2
51130;-13.6;-69.3;0.1
51132;-13.4;-76.1;0
51134;-13.5;-66.2;0.4
51136;-13.6;-74.2;0.2
51138;-13.8;-77.2;-0.2
51140;-13.5;-62.9;0.5
51142;-13.7;-73.9;0.1
51144;-13.7;-71.5;-0.1
51146;-13.6;-64.9;0.7
51148;-13.5;-78.7;0.4
51150;-13.9;-67.7;0.1
51152;-13.6;-67.5;0.5
51154;-13.5;-77.2;0.6
51156;-13.7;-63.5;0.2
51158;-13.5;-71.9;0
51160;-13.7;-75.4;0.1
51162;-13.8;-65.3;0.7
51164;-13.5;-78.4;0.2
51166;-13.4;-69.6;0.1
51168;-13.9;-70.5;0.4
51170;-13.5;-77.1;0
51172;-13.4;-64.1;0.3
51174;-13.7;-68.4;0.1
51176;-13.6;-72.6;0
51178;-13.6;-66.7;0.3
51180;-13.7;-75.2;0.3
51182;-13.4;-69.7;0.1
51184;-13.9;-68.6;0.2
51186;-13.6;-75.3;-0.1
51188;-13.6;-66;0.1
51190;-13.6;-73.2;0.3
51192;-13.4;-71.2;0.1
51194;-13.3;-66.6;0.1
51196;-13.6;-74.9;0.4
51198;-13.7;-71.6;-0.1
51200;-13.6;-73.8;-0.1
51202;-13.9;-77.1;0.4
51204;-13.7;-65.6;-0.2
51206;-13.6;-70.5;0.4
51208;-13.6;-70.8;0.4
51210;-13.6;-68;-0.4
51212;-13.4;-74.6;0.6
51214;-13.8;-67.1;0.2
51216;-13.7;-70.8;-0.2
51218;-13.4;-74.6;0.3
51220;-13.7;-65.6;0.2
51222;-13.7;-75.1;0.2
51224;-13.5;-71.3;0.2
51226;-13.5;-65.3;0.2
51228;-13.7;-76.8;0.2
51230;-13.9;-69;0.3
51232;-13.4;-71.8;0.2
51234;-13.4;-76.2;0.1
51236;-13.7;-61.9;0
51238;-13.8;-72.1;0.4
51240;-13.5;-71.7;0.1
51242;-13.5;-63.9;-0.2
51244;-13.3;-76.2;0.6
51246;-13.8;-69.9;0.2
51248;-13.5;-65.9;0.3
51250;-13.6;-77.8;0.5
51252;-13.5;-64;0
51254;-13.4;-70.5;-0.1
51256;-13.7;-72.8;0.4
51258;-13.3;-64.4;0.4
51260;-13.6;-73.6;0.1
51262;-13.4;-70.1;0.3
51264;-13.7;-69.9;0.2
51266;-13.7;-74.7;0.4
51268;-13.3;-64.1;0.3
51270;-13.8;-70.3;0
51272;-13.6;-71.3;0.1
51274;-13.4;-66.6;0.1
51276;-13.7;-75.2;0.1
51278;-13.7;-67.6;0.5
51280;-13.5;-70;0.2
51282;-13.5;-74.2;0
51284;-13.6;-65.6;0.4
51286;-13.6;-72.8;0.3
51288;-13.4;-72.2;0.2
51290;-13.6;-66.6;0.3
51292;-13.5;-75.5;0.3
51294;-13.7;-66.8;0.4
51296;-13.4;-71.6;0.2
51298;-13.4;-75.9;0.1
51300;-13.6;-64;0
51302;-13.6;-73.1;0.8
51304;-13.6;-71.7;0.2
51306;-13.7;-66.2;0.3
51308;-13.6;-76.4;0.5
51310;-13.6;-66.9;-0.1
51312;-13.4;-66.7;0.4
51314;-13.4;-76;0.2
51316;-13.5;-63.3;0
51318;-13.4;-71.6;0.7
51320;-13.7;-71.1;-0.1
51322;-13.7;-64.3;0.1
51324;-13.4;-74.4;0.3
51326;-13.7;-69.4;-0.1
51328;-13.8;-69.4;0.1
51330;-13.4;-75.9;0.6
51332;-13.4;-63;0.1
51334;-13.4;-68.2;0.1
51336;-13.7;-73.8;0.4
51338;-13.6;-66.8;0.2
51340;-13.5;-75.5;-0.1
51342;-13.7;-70;0.4
51344;-13.6;-66.4;0.3
51346;-13.7;-75.4;0
51348;-13.6;-64.1;0.2
51350;-13.8;-71;0.6
51352;-13.5;-71.6;0.1
51354;-13.7;-67.4;0.1
51356;-13.6;-73.7;0.9
51358;-13.5;-69.1;0.2
51360;-13.8;-72.4;0.2
51362;-13.8;-74.4;0.4
51364;-13.9;-66.2;0.2
51366;-13.5;-70.6;0.1
51368;-13.4;-69.3;0.4
51370;-13.5;-68.7;0
51372;-13.4;-74.5;-0.1
51374;-13.5;-65.4;0.5
51376;-13.8;-70.1;0.2
51378;-13.7;-75.8;-0.2
51380;-13.3;-61.5;0.3
51382;-13.5;-72.1;0.4
51384;-13.4;-70.8;0.1
51386;-13.8;-65.7;0.2
51388;-13.6;-79.8;0.3
51390;-13.6;-69.9;-0.2
51392;-13.4;-68.6;0.5
51394;-13.4;-77.3;0.3
51396;-13.6;-62.8;-0.1
51398;-13.5;-70.5;1
51400;-13.7;-73.3;0
51402;-13.7;-65.9;0.3
51404;-13.4;-76;0.4
51406;-13.5;-69.4;0
51408;-13.4;-65.3;0.2
51410;-13.6;-76;-0.1
51412;-13.4;-64.8;0.4
51414;-13.8;-72.8;0.6
51416;-13.7;-74.3;0.1
51418;-13.8;-66.8;0.2
51420;-13.6;-75.9;0.2
51422;-13.4;-70.2;0.3
51424;-13.4;-70.8;0.7
51426;-13.7;-76.2;-0.1
51428;-13.7;-66.1;0
51430;-13.4;-69.8;0.5
51432;-13.7;-70.5;-0.1
51434;-13.6;-67;0.1
51436;-13.8;-74.5;0.3
51438;-13.5;-66.1;-0.1
51440;-13.7;-69.4;0.3
51442;-13.6;-75.5;0.5
51444;-13.6;-67;0
51446;-13.8;-72.5;0.3
51448;-13.9;-71.3;0.4
51450;-13.8;-67.2;-0.2
51452;-13.5;-74;0.1
51454;-13.4;-67.9;0.6
51456;-14;-72;0
51458;-13.7;-75.8;0
51460;-13.5;-62.5;0.5
51462;-13.4;-72.8;0.2
51464;-13.3;-68.9;0.1
51466;-13.8;-65.7;0.3
51468;-13.4;-76.4;0.3
51470;-13.6;-67.8;-0.5
51472;-13.5;-68.3;0.3
51474;-13.4;-76.4;0.4
51476;-13.6;-64.5;0.1
51478;-13.8;-74.2;0.4
51480;-13.4;-73.8;0.4
51482;-13.6;-64.4;0.1
51484;-13.7;-78.4;0.3
51486;-13.5;-71.7;0
51488;-13.5;-67.4;-0.1
51490;-13.5;-77.6;0
51492;-13.5;-62.4;-0.2
51494;-13.7;-70.5;0.2
51496;-13.5;-75.2;0.2
51498;-13.6;-65.4;0
51500;-13.6;-74.1;0.2
51502;-13.3;-70.5;0.6
51504;-13.7;-68.6;-0.4
51506;-13.7;-75.9;0.2
51508;-13.7;-68.9;0.7
51510;-13.4;-70.6;-0.1
51512;-13.6;-71.8;0.4
51514;-13.6;-67;0.5
51516;-13.5;-74.2;-0.2
51518;-13.6;-70.4;0.3
51520;-13.7;-73.5;-0.1
51522;-13.6;-72.4;0
51524;-13.7;-63.5;0.2
51526;-13.6;-71.1;0.2
51528;-13.6;-70.5;0
51530;-13.5;-66.5;0.6
51532;-13.7;-77.1;0.3
51534;-13.3;-65.5;-0.2
51536;-13.6;-71.1;0.3
51538;-13.8;-77;0.4
51540;-13.3;-62.7;0.3
51542;-13.4;-71.8;0.4
51544;-13.6;-70.9;0.5
51546;-13.4;-62.1;0.2
51548;-13.7;-78.3;0.2
51550;-13.5;-67.3;0.4
51552;-13.7;-70.4;0.1
51554;-13.5;-74.8;0.3
51556;-13.6;-62.9;0.1
51558;-13.8;-72.8;0
51560;-13.7;-74;0.5
51562;-13.4;-64.6;0.5
51564;-13.2;-76.5;0
51566;-13.7;-69.9;0.3
51568;-13.7;-69;0.2
51570;-13.2;-75.2;0.2
51572;-13.7;-65.2;0.3
51574;-13.5;-69.3;-0.1
51576;-13.5;-75.3;0.1
51578;-13.9;-65.8;0.5
51580;-13.6;-76.3;0
51582;-13.3;-70.9;0.2
51584;-13.6;-69.6;0.6
51586;-13.6;-77.6;-0.1
51588;-13.5;-65.8;0.3
51590;-13.7;-71;0.3
51592;-13.6;-72.2;0.2
51594;-13.5;-68.1;-0.1
51596;-13.7;-75.7;0.5
51598;-13.7;-69.8;0.3
51600;-13.8;-70.5;0
51602;-13.4;-73.5;0.4
51604;-13.4;-66;0.3
51606;-13.5;-72.8;-0.3
51608;-13.6;-69.4;0
51610;-13.4;-65.4;0
51612;-13.3;-76;0.3
51614;-13.6;-67.6;0.1
51616;-13.9;-75.1;0
51618;-13.7;-76.7;0.1
51620;-13.5;-62.2;0
51622;-13.4;-73;0.2
51624;-13.8;-72.2;0.4
51626;-13.4;-65.6;0.2
51628;-13.4;-78.3;0
51630;-13.6;-66.4;0.4
51632;-13.7;-67.7;0.6
51634;-13.4;-76.2;-0.1
51636;-13.8;-64.3;0.2
51638;-13.4;-69.6;0.3
51640;-13.4;-72.7;0.1
51642;-13.5;-62.3;0.5
51644;-13.4;-75.3;0.4
51646;-13.5;-70.2;-0.2
51648;-13.6;-69.6;0.5
51650;-13.8;-78.3;0.5
51652;-13.7;-64.6;0.3
51654;-13.7;-70.5;0.6
51656;-13.7;-74.7;-0.1
51658;-13.7;-67.2;0.4
51660;-13.5;-74.6;0.1
51662;-13.6;-70.3;-0.1
51664;-13.8;-68.1;0.3
51666;-13.6;-75.7;0.2
51668;-13.4;-65.1;0.1
51670;-13.7;-73;0.3
51672;-13.4;-71.1;0.1
51674;-13.6;-66.3;-0.1
51676;-13.8;-76.3;0.1
51678;-13.5;-70.6;0.3
51680;-13.3;-71.2;0.1
51682;-13.4;-74.6;0.1
51684;-13.5;-63.2;0.1
51686;-13.5;-73.3;0.3
51688;-13.6;-70.4;0.5
51690;-13.4;-66.7;-0.3
51692;-13.4;-75.1;0.1
51694;-13.5;-66.8;0.7
51696;-13.8;-70;0
51698;-13.5;-75.3;0.1
51700;-13.7;-66.3;0.4
51702;-13.7;-75.9;-0.3
51704;-13.9;-72.8;0.3
51706;-13.7;-65.9;0.2
51708;-13.7;-80;0.3
51710;-13.3;-68;0.5
51712;-13.7;-72.8;-0.2
51714;-13.8;-78.4;0.2
51716;-13.8;-62.8;0.4
51718;-13.8;-71.5;0.6
51720;-13.8;-73.9;-0.1
51722;-13.5;-63.8;0.6
51724;-13.4;-77.4;0.3
51726;-13.5;-68.2;0.3
51728;-13.9;-68.3;0.2
51730;-13.2;-76.4;0
51732;-13.6;-64.6;0.3
51734;-13.6;-69.1;0.6
51736;-13.7;-75.2;-0.4
51738;-13.4;-64.6;0.4
51740;-13.7;-75;0.2
51742;-13.5;-70.5;-0.2
51744;-13.7;-69.9;0.4
51746;-13.4;-72;-0.2
51748;-13.7;-67.6;0.1
51750;-13.7;-70.4;0.6
51752;-13.4;-69.8;-0.4
51754;-13.2;-66.5;0.5
51756;-13.7;-74.9;0
51758;-13.8;-68.8;0
51760;-13.8;-71.4;0.6
51762;-13.6;-74.1;0.1
51764;-13.7;-66.3;0.5
51766;-13.4;-73.5;0.1
51768;-13.6;-70.9;0.3
51770;-13.4;-64.5;0.3
51772;-13.4;-76;-0.2
51774;-13.4;-66.8;0.3
51776;-13.4;-70.3;0.3
51778;-13.5;-76.5;-0.1
51780;-13.8;-63.3;0.3
51782;-13.5;-71.8;0.6
51784;-13.6;-72.3;0.1
51786;-13.8;-66.5;0
51788;-13.6;-78;0.3
51790;-13.6;-67.4;0
51792;-13.3;-66.5;0.6
51794;-13.5;-77.4;0
51796;-13.4;-64.3;0
51798;-13.8;-75.4;0.4
51800;-13.7;-74.7;-0.1
51802;-13.8;-66.2;0.4
51804;-13.4;-76.6;0.1
51806;-13.7;-71;0.1
51808;-13.6;-71;0.6
51810;-13.7;-78.3;-0.1
51812;-13.4;-63.9;0.1
51814;-13.3;-69.4;0.2
51816;-13.7;-75.1;0.1
51818;-13.4;-65.7;0.1
51820;-13.6;-76.6;0
51822;-13.3;-70.9;0.1
51824;-13.7;-69.8;0.3
51826;-13.8;-76.9;0.3
51828;-13.6;-67.8;0.1
51830;-13.6;-71;-0.1
51832;-13.4;-70.6;-0.1
51834;-13.5;-65.7;0.5
51836;-13.8;-74.8;0.5
51838;-13.7;-70.4;0
51840;-13.8;-70.9;-0.4
51842;-13.4;-73.3;0.8
51844;-13.5;-66.7;0.2
51846;-13.4;-71.5;-0.1
51848;-13.4;-68.3;0.2
51850;-13.6;-69;0.1
51852;-13.4;-74.5;0.3
51854;-13.3;-65.5;0.1
51856;-13.6;-72.3;0.1
51858;-13.7;-76.5;-0.1
51860;-13.8;-64.6;0.3
51862;-13.7;-75.6;0.4
51864;-13.4;-70.2;0.1
51866;-13.9;-65.1;0
51868;-13.7;-79.2;0.4
51870;-13.5;-70.3;0.1
51872;-13.6;-70.9;0
51874;-13.4;-77.9;0
51876;-13.7;-63.7;0.2
51878;-13.9;-72.9;-0.1
51880;-13.7;-76.3;0.2
51882;-13.7;-66.5;0.2
51884;-13.4;-76.5;-0.2
51886;-13.6;-71.1;0.3
51888;-13.6;-68.5;0.6
51890;-13.5;-77.1;0
51892;-13.4;-65.7;0.4
51894;-13.5;-71.7;0.3
51896;-13.8;-75.8;0.1
51898;-13.8;-68.3;0.3
51900;-13.6;-77.5;-0.1
51902;-13;-70.7;0.1
51904;-13.6;-71.7;0.3
51906;-13.5;-76.2;0
51908;-13.3;-66;0.1
51910;-13.1;-71.7;0.5
51912;-13.7;-73;-0.2
51914;-13.4;-67.1;0.1
51916;-13.6;-76.2;0.6
51918;-13.5;-68.2;-0.1
51920;-13.7;-71.2;0.2
51922;-13.7;-75.8;0.6
51924;-13.7;-66.6;0
51926;-13.7;-72.5;0.2
51928;-13.8;-71.9;0.6
51930;-13.6;-66;-0.3
51932;-13.5;-75.9;0.4
51934;-13.5;-67.8;0.3
51936;-13.6;-71.1;0.1
51938;-13.6;-74.3;0.3
51940;-13.4;-62.6;0.1
51942;-13.8;-73.8;-0.1
51944;-13.7;-71.6;0.3
51946;-13.6;-65.1;0.5
51948;-13.7;-77.8;0
51950;-13.4;-65.7;0.3
51952;-13.8;-69.6;0.4
51954;-13.7;-78;0
51956;-13.5;-63.2;-0.2
51958;-13.9;-74.4;0.5
51960;-13.7;-73.7;0.4
51962;-13.5;-62.9;0
51964;-13.4;-76.6;0.6
51966;-13.6;-71.5;0.5
51968;-13.6;-71.5;-0.1
51970;-13.5;-79.9;0.3
51972;-13.5;-63.5;0.4
51974;-13.5;-69.2;0.3
51976;-13.8;-76.1;0.2
51978;-13.7;-65.5;0.3
51980;-13.5;-73.9;0
51982;-13.6;-70.1;0.2
51984;-13.7;-70;0.6
51986;-13.6;-76.1;0.1
51988;-13.7;-69.2;0.1
51990;-13.4;-71;0.3
51992;-13.4;-70.3;0.3
51994;-13.6;-68.1;0.2
51996;-13.6;-76.3;0.4
51998;-13.9;-71.7;0.2
52000;-13.7;-74.8;0.2
52002;-13.7;-76.1;0.4
52004;-13.4;-64.4;0
52006;-13.7;-74.3;0.1
52008;-13.7;-71.9;0.4
52010;-13.3;-66.7;0.3
52012;-13.4;-76.4;0.2
52014;-13.7;-68.6;-0.2
52016;-13.6;-70.3;0.2
52018;-13.5;-76.1;0.3
52020;-13.6;-65.8;0
52022;-13.5;-73.2;0.1
52024;-13.5;-71.8;0.7
52026;-13.7;-66.5;0.2
52028;-13.8;-80;-0.1
52030;-13.5;-68.6;0.5
52032;-13.5;-69;0.2
52034;-13.7;-75.3;0
52036;-13.6;-64.5;0.2
52038;-13.7;-70.6;0.2
52040;-13.7;-73.3;0.1
52042;-13.6;-63.8;0.4
52044;-13.5;-76.3;0.2
52046;-13.8;-69.7;0
52048;-13.3;-66.9;0.4
52050;-14;-76.7;0.5
52052;-13.5;-64.5;-0.1
52054;-13.3;-70.4;0.6
52056;-13.8;-76.6;0.1
52058;-13.5;-64.4;0
52060;-13.5;-74.7;0.3
52062;-13.6;-72.8;0.3
52064;-13.6;-69.4;0
52066;-13.7;-77.2;0.3
52068;-13.7;-67.4;0.5
52070;-13.8;-72;0.3
52072;-13.5;-72.3;0.1
52074;-13.5;-66.9;0.1
52076;-13.6;-76.2;0.3
52078;-13.5;-69.8;0
52080;-13.7;-71.8;0.2
52082;-13.7;-75.9;0
52084;-13.7;-67.9;0
52086;-13.6;-75.8;0.2
52088;-13.6;-69.8;0.5
52090;-13.7;-69.1;0.3
52092;-13.5;-75.9;0.3
52094;-13.5;-67.7;0.1
52096;-13.7;-74;0.3
52098;-13.6;-77.5;0.1
52100;-13.6;-63;0
52102;-13.8;-75.8;0.4
52104;-13.9;-72.7;0.6
52106;-13.7;-66.6;-0.3
52108;-13.6;-79.6;0.1
52110;-13.8;-69.1;0
52112;-13.5;-69.4;0
52114;-13.4;-78.3;0.1
52116;-13.4;-64;0.2
52118;-13.4;-72.9;0.2
52120;-13.5;-72;0.2
52122;-13.8;-65.1;-0.2
52124;-13.6;-75.6;0.4
52126;-13.6;-70.6;0.1
52128;-13.6;-69.7;-0.4
52130;-13.7;-76.8;0.7
52132;-13.4;-63.7;0.4
52134;-13.5;-69;-0.1
52136;-13.6;-73.1;0.6
52138;-13.5;-66.7;0
52140;-13.5;-75;0.1
52142;-13.3;-69.9;0.6
52144;-13.9;-70.9;-0.1
52146;-13.6;-75.2;0.3
52148;-13.4;-65.8;0.5
52150;-13.9;-73.2;0.2
52152;-13.7;-73.4;0
52154;-13.7;-67.7;0.3
52156;-13.6;-75.3;0.2
52158;-13.7;-71.8;-0.1
52160;-13.5;-73.1;0.3
52162;-13.5;-74.5;0.2
52164;-13.6;-65.8;0.3
52166;-13.8;-74.1;0.5
52168;-13.5;-71.5;0.2
52170;-13.7;-69.4;-0.1
52172;-13.7;-78;0.2
52174;-13.6;-67.8;0.4
52176;-13.6;-71.4;0.2
52178;-13.4;-75.3;0.1
52180;-13.6;-66.1;-0.1
52182;-13.6;-76.8;0.4
52184;-13.6;-71.7;0.2
52186;-13.7;-67.6;-0.1
52188;-13.6;-80.6;0.4
52190;-13.6;-68.2;0.6
52192;-13.3;-70.3;0.1
52194;-13.4;-77.5;0.6
52196;-13.6;-63.6;0.6
52198;-13.8;-75.3;-0.3
52200;-13.6;-75.3;0.1
52202;-13.4;-64.9;0.4
52204;-13.6;-78;0.3
52206;-13.7;-70.1;0.2
52208;-13.7;-68.7;0.3
52210;-13.8;-79.8;-0.1
52212;-13.7;-67.3;0.2
52214;-13.4;-70.2;0.1
52216;-13.8;-76.1;0
52218;-13.6;-66.3;0
52220;-13.8;-76.8;0.1
52222;-13.6;-73.9;0.3
52224;-13.8;-71.8;0.2
52226;-13.7;-76.6;-0.3
52228;-13.6;-67.6;0.6
52230;-13.4;-69.7;0.1
52232;-13.4;-70.8;0
52234;-13.5;-68.1;0.8
52236;-13.5;-74.3;0
52238;-13.5;-67.5;0.3
52240;-13.7;-70.6;0.6
52242;-13.6;-75;0
52244;-13.3;-64.1;0.2
52246;-13.7;-72.5;0.4
52248;-13.6;-72.6;0
52250;-13.4;-66.5;-0.1
52252;-13.6;-76.8;0.1
52254;-13.7;-70.3;0.3
52256;-13.7;-74.3;0
52258;-13.5;-75.4;0.3
52260;-13.5;-62.6;0.3
52262;-13.5;-72.3;0.6
52264;-13.7;-73.4;0
52266;-13.7;-66;0.4
52268;-13.4;-77.2;0.2
52270;-13.7;-69.5;0.1
52272;-13.5;-67.7;0.2
52274;-13.4;-77;0.5
52276;-13.4;-64.5;0.1
52278;-13.7;-75.9;0.1
52280;-13.4;-72.4;0.8
52282;-13.5;-64;0.1
52284;-13.9;-81.2;0.1
52286;-13.6;-71.3;0.2
52288;-13.8;-72.6;0
52290;-13.5;-77.4;0.4
52292;-13.5;-65;0.3
52294;-13.5;-72.5;-0.2
52296;-13.6;-73.9;0.2
52298;-13.4;-66.9;0.4
52300;-13.6;-77.4;0
52302;-13.6;-70.2;0.4
52304;-13.5;-68.4;0.1
52306;-13.7;-75.7;0.3
52308;-13.7;-69.6;0.6
52310;-13.7;-71.1;-0.2
52312;-13.7;-72.7;0.2
52314;-13.4;-67.9;0.4
52316;-13.7;-76.1;-0.6
52318;-13.8;-72;0.7
52320;-13.9;-73.2;-0.1
52322;-13.7;-76.5;0.2
52324;-13.7;-67.2;0.5
52326;-13.5;-73.8;-0.3
52328;-13.4;-70.3;0.5
52330;-13.8;-69.4;0.2
52332;-13.4;-75.2;0.1
52334;-13.6;-66.8;0.7
52336;-13.7;-72.2;-0.1
52338;-13.6;-76.1;0.1
52340;-13.5;-64.2;0.1
52342;-13.8;-76.9;0.1
52344;-13.8;-73.2;0.1
52346;-13.7;-65.9;0.5
52348;-13.8;-79.5;0
52350;-14;-70.4;0.3
52352;-13.3;-68.6;0.4
52354;-13.4;-78.2;0
52356;-13.4;-62.6;0.1
52358;-13.4;-71.1;0.4
52360;-13.6;-73.8;0.3
52362;-13.6;-65.8;-0.2
52364;-13.6;-77.5;0.4
52366;-13.4;-69.9;0.5
52368;-13.8;-68.8;0
52370;-13.4;-77.4;0.2
52372;-13.5;-68.2;0.4
52374;-13.7;-73.8;0.1
52376;-13.8;-75;0.6
52378;-13.6;-68.1;0
52380;-13.4;-75.5;0.2
52382;-13.8;-71.5;0.3
52384;-13.5;-70;0.2
52386;-13.7;-77.3;0.5
52388;-13.7;-65.1;0.1
52390;-13.4;-70.4;0.2
52392;-13.7;-73.5;0.4
52394;-13.7;-68.5;-0.2
52396;-13.4;-75.6;0.6
52398;-13.7;-69.1;0.1
52400;-13.5;-69.9;0
52402;-13.4;-74.5;0.6
52404;-13.8;-66.7;0.4
52406;-13.4;-72.6;0
52408;-13.8;-71.8;0.1
52410;-13.8;-68.4;0.4
52412;-13.5;-75.9;0
52414;-13.4;-68.1;0.2
52416;-13.8;-72.3;0.5
52418;-13.6;-74.6;0.2
52420;-13.4;-62;0.1
52422;-13.8;-74.5;0.3
52424;-13.4;-70.1;0.1
52426;-13.8;-66.9;-0.1
52428;-13.8;-78.9;0.7
52430;-13.3;-66.3;0
52432;-13.6;-67.8;0.1
52434;-13.4;-75.3;0.5
52436;-13.8;-64;-0.2
52438;-13.6;-73.7;0.2
52440;-13.6;-72.4;0.3
52442;-13.6;-63.1;0.4
52444;-13.3;-75.2;0.3
52446;-13.9;-71.7;0.3
52448;-13.5;-66.5;0.5
52450;-13.8;-78.9;0
52452;-13.9;-65.2;0.2
52454;-13.5;-68.2;0.4
52456;-13.7;-75.8;0
52458;-13.6;-66.8;0
52460;-13.4;-73.1;0.6
52462;-13.9;-70.5;0.1
52464;-13.7;-68.6;0
52466;-13.8;-76.4;0.8
52468;-13.4;-66.5;0.1
52470;-13.7;-72;-0.2
52472;-13.4;-70.8;0.7
52474;-13.4;-65.1;0.4
52476;-13.9;-76;0
52478;-13.4;-68.4;0.2
52480;-13.6;-72.1;0.3
52482;-13.5;-73.5;0.5
52484;-13.4;-63.6;0.2
52486;-13.4;-73.3;-0.2
52488;-13.8;-71.1;0.1
52490;-13.8;-67.4;0.5
52492;-13.5;-76.6;0
52494;-13.8;-68.4;0.3
52496;-13.6;-69.6;0
52498;-14;-77;-0.1
52500;-13.7;-65.2;0.5
52502;-13.7;-72.3;0.2
52504;-13.7;-72.1;0.2
52506;-13.5;-64.2;0
52508;-13.4;-76.9;0.2
52510;-13.6;-67.6;0.2
52512;-13.6;-68;0.1
52514;-13.4;-75.9;0.3
52516;-13.5;-62.3;0.4
52518;-13.6;-71.1;0.5
52520;-13.5;-70.3;-0.5
52522;-13.6;-63.3;0.6
52524;-13.2;-74.8;0.5
52526;-13.6;-67.7;-0.4
52528;-13.7;-67.4;0.6
52530;-13.8;-77.7;0.1
52532;-13.8;-65.3;-0.1
52534;-13.5;-68.7;0.5
52536;-13.7;-74.9;0.6
52538;-13.8;-64.8;0.2
52540;-13.8;-74.7;0.1
52542;-13.7;-71.6;0.7
52544;-13.3;-68.4;0
52546;-13.8;-75.4;0.1
52548;-13.8;-65.1;0.4
52550;-13.5;-68.4;-0.2
52552;-13.3;-69.4;0.5
52554;-13.5;-65.6;0
52556;-13.8;-74.2;-0.1
52558;-13.6;-67;0.6
52560;-14;-67.4;0
52562;-13.4;-71.9;0.3
52564;-13.4;-64;0.6
52566;-13.6;-73.9;-0.1
52568;-13.6;-68.6;0.3
52570;-13.7;-68.1;0.4
52572;-13.6;-75.2;-0.1
52574;-13.3;-64.9;0.3
52576;-13.7;-72;0.2
52578;-13.5;-74;0
52580;-13.4;-60.2;-0.1
52582;-13.5;-71.7;0.3
52584;-13.7;-71.3;0
52586;-13.7;-65.1;0
52588;-13.3;-76.8;0.5
52590;-13.5;-65.2;0.1
52592;-13.4;-66.7;0.3
52594;-13.4;-76.7;0.7
52596;-13.4;-62;-0.2
52598;-13.6;-71;0.3
52600;-13.6;-71.7;0.6
52602;-13.4;-61.2;-0.1
52604;-13.6;-73.7;0.3
52606;-13.4;-67.3;0.6
52608;-13.7;-68.6;0
52610;-13.4;-73.5;0
52612;-13.5;-62.9;0.7
52614;-13.7;-69.1;0
52616;-13.6;-72.8;0.1
52618;-13.8;-63.8;0.1
52620;-13.6;-74.2;0.2
52622;-13.6;-67.8;0.4
52624;-13.4;-66.2;0
52626;-13.6;-73.5;0.2
52628;-13.8;-65.8;0.3
52630;-13.6;-68.2;0.1
52632;-13.7;-69.8;-0.1
52634;-13.4;-63.5;0.4
52636;-13.6;-73.3;0.3
52638;-13.8;-69.2;0
52640;-13.7;-69;0.1
52642;-13.4;-72.6;0.4
52644;-13.4;-61;-0.1
52646;-13.9;-70.3;0.5
52648;-13.9;-69.5;0.4
52650;-13.6;-66.4;-0.3
52652;-13.5;-73.3;0.7
52654;-13.6;-66.7;0.2
52656;-13.6;-69.1;0.2
52658;-13.6;-73.9;0.7
52660;-13.4;-64;0.4
52662;-13.6;-73.4;-0.2
52664;-13.5;-68.5;0.4
52666;-13.7;-64.4;0.5
52668;-13.9;-77.5;-0.1
52670;-13.7;-67.7;0.1
52672;-13.5;-68.1;0.2
52674;-13.5;-74.4;0
52676;-13.8;-61.9;0.2
52678;-13.4;-70.2;0.3
52680;-13.4;-71.8;0.5
52682;-13.4;-63.9;0.2
52684;-13.4;-76.2;0.4
52686;-13.6;-67.8;0.3
52688;-13.6;-65.6;-0.1
52690;-13.9;-75.9;0.2
52692;-13.4;-62.5;0.4
52694;-13.3;-67.6;0
52696;-13.6;-73.2;0.3
52698;-13.7;-65.1;0.2
52700;-13.5;-72.6;-0.4
52702;-13.9;-71.3;0.6
52704;-13.7;-69;0.2
52706;-13.6;-75.1;-0.3
52708;-13.7;-66.7;0.6
52710;-13.6;-68.1;0.2
52712;-13.6;-71.2;-0.2
52714;-13.8;-68;0.6
52716;-13.7;-74.4;0.1
52718;-13.8;-68;0.2
52720;-13.6;-68.2;0.5
52722;-13.4;-71.5;-0.1
52724;-13.9;-64.7;0
52726;-13.4;-69.7;0.7
52728;-13.6;-70;0.1
52730;-13.5;-66.1;-0.2
52732;-13.5;-74;0.4
52734;-13.6;-65.3;0.3
52736;-13.9;-72.1;0.1
52738;-13.7;-76.9;0.3
52740;-13.5;-60.7;0.4
52742;-13.7;-72.9;-0.1
52744;-13.9;-71.8;0.5
52746;-13.5;-64.1;0.3
52748;-13.7;-76.6;-0.2
52750;-13.7;-66.5;0.4
52752;-13.5;-64.5;0.2
52754;-13.5;-76.5;-0.3
52756;-13.8;-63.4;0.7
52758;-13.7;-73.6;0.1
52760;-13.3;-70.3;0.1
52762;-13.4;-62.5;0.4
52764;-13.6;-78.4;0
52766;-13.8;-70.6;0
52768;-13.8;-71.2;0.5
52770;-13.4;-75.3;0
52772;-13.5;-63.3;0.4
52774;-13.8;-71.3;0.5
52776;-13.8;-73.8;0.1
52778;-13.8;-66.1;0
52780;-13.7;-75.7;0.1
52782;-13.7;-70.1;0.1
52784;-13.5;-66.2;0.3
52786;-13.9;-76.2;-0.3
52788;-13.8;-67.5;0
52790;-13.6;-70.7;0.4
52792;-13.6;-72;-0.1
52794;-14;-68.8;0.7
52796;-13.7;-75.4;0.4
52798;-13.6;-69.3;0
52800;-13.5;-69.6;0.7
52802;-13.5;-73.2;0.4
52804;-13.4;-64.4;-0.2
52806;-13.6;-70.8;0.7
52808;-13.5;-68.6;0.4
52810;-13.5;-65.8;0
52812;-13.3;-74.2;0.7
52814;-13.5;-65.3;0.3
52816;-13.7;-71.3;0.2
52818;-13.7;-76.4;0
52820;-13.5;-62.4;0
52822;-13.4;-74.4;0.6
52824;-13.7;-73.6;0
52826;-13.6;-63.8;0
52828;-13.6;-76.8;0.6
52830;-13.6;-69.6;-0.3
52832;-13.4;-69.3;0.4
52834;-13.6;-76.3;0.6
52836;-13.7;-62.3;-0.2
52838;-13.4;-69.2;0
52840;-13.4;-72.2;0.5
52842;-13.5;-63.5;-0.3
52844;-13.3;-75.2;0.7
52846;-13.6;-68.9;0.4
52848;-13.8;-67.4;-0.3
52850;-13.5;-77.3;0.5
52852;-13.5;-65.9;-0.4
52854;-13.3;-71.9;0.4
52856;-13.5;-72.3;0.4
52858;-13.9;-67.1;-0.2
52860;-13.4;-74.8;0.7
52862;-13.3;-68.9;-0.1
52864;-13.4;-69.6;0.2
52866;-13.9;-76;0.1
52868;-13.7;-66.1;0.3
52870;-13.6;-71.5;0.5
52872;-13.5;-71.4;0.3
52874;-13.4;-66.8;0.2
52876;-13.6;-75.8;0
52878;-13.2;-68.6;0.3
52880;-13.6;-70.7;0.6
52882;-13.5;-74.3;0
52884;-13.5;-66.1;0.4
52886;-13.6;-72.9;0.5
52888;-13.7;-72.8;0
52890;-13.5;-66.1;0.3
52892;-13.4;-75.5;0.5
52894;-13.5;-67.7;0.3
52896;-13.7;-72;0.3
52898;-13.6;-74.9;0.4
52900;-13.7;-64.7;-0.2
52902;-13.5;-73.4;0.4
52904;-13.5;-69.1;0.4
52906;-13.7;-67;0.2
52908;-13.6;-80.1;0.2
52910;-13.5;-67;0.2
52912;-13.6;-68.6;0.1
52914;-13.4;-77.9;0.5
52916;-13.8;-64.6;0.3
52918;-13.8;-74;-0.2
52920;-13.6;-72.7;0.3
52922;-13.7;-63.9;0.5
52924;-13.5;-76.3;-0.1
52926;-13.7;-70;0.1
52928;-13.5;-67.9;0.7
52930;-13.5;-77.8;0
52932;-13.8;-64.5;0.1
52934;-13.7;-71.2;1.1
52936;-13.6;-75.6;-0.4
52938;-13.7;-67.4;0.2
52940;-13.7;-75.6;0.4
52942;-13.5;-69.5;-0.3
52944;-13.4;-67.8;0.4
52946;-13.6;-75.9;0.1
52948;-13.6;-68.3;-0.2
52950;-13.6;-73.5;0.1
52952;-13.7;-71.6;0.4
52954;-13.4;-67.4;0
52956;-13.5;-75;0.3
52958;-13.4;-69.7;0.4
52960;-13.4;-73;0.1
52962;-13.5;-74.5;0.4
52964;-13.4;-64.5;-0.1
52966;-13.7;-74.3;0.1
52968;-13.7;-72.3;0.4
52970;-13.5;-67.5;-0.4
52972;-13.7;-79;0.9
52974;-13.7;-69.3;0.5
52976;-13.4;-69.5;0
52978;-13.6;-76.2;0.2
52980;-13.4;-65.3;0.2
52982;-13.5;-74.8;0.1
52984;-13.4;-70.8;0.5
52986;-13.7;-66.5;0
52988;-13.8;-79.8;0.3
52990;-13.3;-68.1;0.5
52992;-13.6;-70.5;-0.2
52994;-13.6;-77.3;0
52996;-13.8;-66.2;0.7
52998;-14;-73.9;0
53000;-13.6;-73.1;0.3
53002;-13.7;-67.7;0.3
53004;-13.7;-78.2;-0.1
53006;-13.5;-69.7;0.5
53008;-13.6;-69.1;0.2
53010;-13.4;-76;0
53012;-13.5;-65.6;0.6
53014;-13.9;-73.4;0
53016;-13.7;-76.4;-0.2
53018;-13.6;-64.9;0.6
53020;-13.7;-77.3;0.2
53022;-13.9;-74.2;0
53024;-13.5;-69.2;0.4
53026;-13.8;-77.9;0
53028;-13.5;-65.7;0.4
53030;-13.5;-70.7;0.5
53032;-13.7;-73.5;-0.1
53034;-13.6;-67.5;0.4
53036;-13.7;-75;0.5
53038;-13.8;-69.3;-0.3
53040;-13.6;-70.3;0
53042;-13.6;-74.8;0.3
53044;-13.7;-66.2;-0.2
53046;-13.5;-72.6;0.1
53048;-13.4;-69.7;0.7
53050;-13.8;-69.3;0
53052;-13.5;-76.5;0.5
53054;-13.5;-67.4;0.7
53056;-13.6;-73.9;0
53058;-13.6;-78;0.2
53060;-13.6;-64.3;0.4
53062;-13.9;-74.9;-0.3
53064;-13.5;-72.8;0.6
53066;-13.7;-66.8;0.2
53068;-13.4;-78.9;-0.3
53070;-13.8;-69.8;0.5
53072;-13.6;-70.6;0
53074;-13.7;-78.4;-0.2
53076;-13.6;-66.2;0.3
53078;-13.4;-72.7;0.2
53080;-13.4;-74.9;0.3
53082;-13.3;-64.7;0.4
53084;-13.7;-78.5;0.2
53086;-13.6;-73.1;0
53088;-13.7;-71.9;0.3
53090;-13.8;-78.7;0.1
53092;-13.4;-65;0
53094;-13.5;-69.9;0.4
53096;-13.8;-76.2;0.5
53098;-13.7;-68.8;0.2
53100;-13.8;-77.6;0
53102;-13.6;-70.8;0.5
53104;-13.5;-68.9;0.2
53106;-13.7;-77.8;0.1
53108;-13.4;-68.5;0.5
53110;-13.5;-72.6;0.1
53112;-13.3;-73.3;0.4
53114;-13.5;-66.8;0.2
53116;-13.7;-77.3;0.4
53118;-13.7;-72.7;0.1
53120;-13.5;-72.3;0.1
53122;-13.8;-77.6;0.4
53124;-13.7;-66.6;0.4
53126;-13.6;-72.8;-0.2
53128;-13.6;-72.4;0.2
53130;-13.6;-68.7;0.3
53132;-13.4;-76.2;0.1
53134;-13.9;-67.7;0.3
53136;-13.7;-72.8;0.5
53138;-13.9;-78.6;0.4
53140;-13.6;-66.4;0.4
53142;-13.4;-74.2;0
53144;-13.5;-70.8;0.2
53146;-13.5;-67.5;0.3
53148;-13.7;-81.4;0.4
53150;-14;-68.6;0.5
53152;-13.5;-71.7;0.3
53154;-13.7;-80.4;0.6
53156;-13.8;-65;0
53158;-13.8;-76.4;0.3
53160;-13.6;-75.7;0.5
53162;-13.8;-68.3;-0.3
53164;-13.3;-78.8;0.1
53166;-13.7;-71.7;0.5
53168;-13.4;-68.9;0
53170;-13.8;-79.9;0.3
53172;-13.8;-68.8;0.4
53174;-13.3;-72.2;0.1
53176;-13.8;-76.3;0.1
53178;-13.5;-68.8;0.2
53180;-13.7;-78.2;0.2
53182;-13.5;-71.6;0.4
53184;-13.6;-72.7;0.5
53186;-13.7;-78.6;0
53188;-13.9;-70.3;-0.3
53190;-13.4;-71.3;0.4
53192;-13.5;-72.7;0.2
53194;-13.4;-72;-0.3
53196;-13.4;-76.4;0.6
53198;-13.8;-72.2;0
53200;-13.6;-74.1;0.3
53202;-13.7;-77.3;0.8
53204;-13.4;-66.6;-0.2
53206;-13.7;-76.9;0
53208;-13.6;-72.2;0.6
53210;-13.3;-67;-0.2
53212;-13.5;-78.8;0.2
53214;-13.5;-70.3;0.5
53216;-13.6;-73.6;0.1
53218;-13.6;-77.3;0.5
53220;-13.8;-65.5;0.4
53222;-13.7;-76.9;0
53224;-13.6;-75.6;0.5
53226;-13.8;-68.6;0
53228;-13.7;-79.8;0.4
53230;-13.4;-69.6;0.8
53232;-13.8;-70.9;-0.2
53234;-13.5;-78.7;0.4
53236;-13.5;-67.3;0.3
53238;-13.8;-76.6;0.2
53240;-13.5;-75.5;0.4
53242;-13.4;-64.7;0.4
53244;-13.4;-77.9;0
53246;-13.7;-71.8;0.4
53248;-13.7;-73;0.6
53250;-13.6;-79;-0.1
53252;-13.4;-65.3;0.4
53254;-13.7;-73.8;0.3
53256;-13.7;-76.7;-0.3
53258;-13.3;-67.4;0.8
53260;-13.5;-77;0.6
53262;-13.8;-72.6;-0.5
53264;-13.4;-71.3;0.5
53266;-13.7;-77.9;0.6
53268;-13.5;-68.1;0
53270;-13.8;-74.4;0.1
53272;-13.4;-73.4;0.5
53274;-13.5;-69.2;0.1
53276;-13.6;-78.8;0.1
53278;-13.7;-73.4;0.5
53280;-13.5;-73.8;0.4
53282;-13.8;-78;0.1
53284;-13.5;-67;0
53286;-13.6;-74.3;0.3
53288;-13.5;-71.2;0
53290;-13.4;-69.9;0
53292;-13.4;-77.2;0.3
53294;-13.5;-67.2;0.1
53296;-13.8;-74;-0.1
53298;-13.7;-79.6;0.3
53300;-13.7;-67.4;0.2
53302;-13.8;-78.7;0
53304;-13.9;-75.6;0.4
53306;-13.7;-68.6;0.1
53308;-13.8;-82.3;-0.1
53310;-13.4;-70.3;0.4
53312;-13.5;-72.2;0.1
53314;-13.4;-79.3;-0.1
53316;-13.8;-65.7;0.4
53318;-13.5;-72.1;-0.2
53320;-13.9;-76.3;0
53322;-13.6;-66.3;0.7
53324;-13.5;-78.1;-0.4
53326;-13.6;-71.5;0.3
53328;-13.7;-70.1;0.4
53330;-13.5;-78.6;-0.4
53332;-13.5;-66.6;0.5
53334;-13.8;-75;0.7
53336;-13.7;-75.6;0.1
53338;-13.7;-69.6;0.4
53340;-13.9;-79;0.3
53342;-13.8;-71.7;0.1
53344;-13.8;-74.2;0.6
53346;-13.7;-78;0
53348;-13.3;-65.8;0
53350;-13.5;-71.6;0.8
53352;-13.6;-72.6;0
53354;-13.4;-68.5;0.4
53356;-13.7;-77.6;0.2
53358;-13.8;-71.9;-0.2
53360;-13.5;-71.9;0.8
53362;-13.4;-76.3;0.3
53364;-13.6;-68.1;-0.3
53366;-13.6;-75.9;0.6
53368;-13.7;-74.9;-0.2
53370;-13.4;-67.1;0
53372;-13.8;-80.6;0.8
53374;-13.5;-70.1;-0.4
53376;-13.6;-74.9;0
53378;-13.6;-77.3;0.7
53380;-13.6;-65.6;0
53382;-13.8;-76.7;0.2
53384;-13.4;-72.1;0.2
53386;-13.7;-69.6;0.1
53388;-13.7;-82.2;0.1
53390;-13.8;-70.3;0.3
53392;-13.7;-73.3;0.3
53394;-13.8;-81;0.4
53396;-13.3;-66.5;0.4
53398;-13.8;-77;0.4
53400;-13.7;-77.9;0
53402;-13.4;-65.3;0.1
53404;-13.4;-78;0.1
53406;-13.8;-73.4;0
53408;-13.8;-73;0.2
53410;-13.5;-80.3;0.4
53412;-13.5;-65.1;0.2
53414;-13.4;-71.1;0.4
53416;-13.6;-76.8;0.6
53418;-13.7;-69.9;0
53420;-13.6;-77.5;0
53422;-13.7;-72;0.4
53424;-13.5;-69.9;-0.2
53426;-13.7;-78.4;0.4
53428;-13.7;-70.3;0.5
53430;-13.7;-76.1;-0.4
53432;-13.6;-71.9;0.2
53434;-13.5;-67.6;0.4
53436;-13.8;-79;-0.2
53438;-13.5;-70.3;0.7
53440;-13.5;-73.2;0
53442;-13.8;-77.5;0
53444;-13.2;-65.6;0.4
53446;-13.7;-76.4;-0.1
53448;-13.4;-72.6;0.5
53450;-13.5;-70;0.3
53452;-13.6;-79.1;-0.2
53454;-13.5;-70;0.3
53456;-13.8;-73.3;0.3
53458;-13.4;-76.6;0.2
53460;-13.4;-64.9;0.5
53462;-13.4;-74.1;0
53464;-13.6;-73.2;0.5
53466;-13.6;-67.5;0.1
53468;-13.5;-79.4;0.1
53470;-13.6;-69.9;0.4
53472;-13.3;-71.3;0
53474;-13.6;-79.4;0
53476;-13.7;-65.6;0.6
53478;-13.8;-74.2;-0.2
53480;-13.4;-74.5;0.4
53482;-13.5;-67.3;0.6
53484;-13.4;-78.7;-0.3
53486;-13.6;-70.2;0.5
53488;-13.8;-71.3;0.6
53490;-13.8;-79.3;-0.6
53492;-13.5;-66.4;0.7
53494;-13.6;-75;0.4
53496;-13.6;-78;0
53498;-13.8;-68.8;0.6
53500;-13.6;-76.1;0.3
53502;-13.6;-74;0
53504;-13.5;-72.6;0.3
53506;-13.7;-79.8;0.3
53508;-13.6;-69.3;-0.4
53510;-13.5;-72.2;0.5
53512;-13.5;-73;0.4
53514;-13.4;-68.6;0
53516;-13.9;-77.7;-0.2
53518;-13.9;-71.5;0.6
53520;-13.8;-71.3;0.4
53522;-13.6;-76.1;0
53524;-13.3;-66.8;0.5
53526;-13.7;-76.6;0.5
53528;-13.4;-73.3;0
53530;-13.6;-70.5;0.3
53532;-13.4;-79.1;0.6
53534;-13.3;-69.4;0
53536;-13.8;-76.5;0.2
53538;-13.6;-78.1;0.8
53540;-13.4;-64.1;-0.1
53542;-13.9;-76.5;0.1
53544;-13.6;-73.9;0.7
53546;-13.6;-66.8;0
53548;-13.8;-81.2;-0.1
53550;-13.5;-68.9;0.3
53552;-13.6;-69.3;-0.1
53554;-13.4;-79.5;0.4
53556;-13.7;-66.7;0.4
53558;-13.6;-73.7;0
53560;-13.4;-75;0.6
53562;-13.6;-66.6;0.2
53564;-13.4;-79.3;0
53566;-13.9;-74.4;0.3
53568;-13.6;-71.6;0.3
53570;-13.5;-79.2;0.4
53572;-13.7;-67.6;0.5
53574;-13.3;-70.9;0.3
53576;-13.2;-74.9;0
53578;-13.7;-70.7;0.4
53580;-13.5;-78.2;0.3
53582;-13.4;-71.4;0.1
53584;-13.8;-72.5;0.2
53586;-13.6;-77.5;0.4
53588;-13.5;-68.8;-0.1
53590;-13.7;-76;0.2
53592;-13.8;-76.9;0.4
53594;-13.5;-68.3;0.1
53596;-13.4;-76.5;0.2
53598;-13.7;-74.3;0.8
53600;-13.4;-74.8;0
53602;-13.4;-75.7;0.1
53604;-13.5;-66.1;0.3
53606;-13.4;-74.4;0.2
53608;-13.7;-73.7;0.4
53610;-13.8;-70.7;-0.2
53612;-13.4;-77.1;0.2
53614;-13.4;-67.9;0.2
53616;-13.8;-74.6;0
53618;-13.6;-78.2;0.5
53620;-13.9;-68.2;0.4
53622;-13.2;-77.4;0.4
53624;-13.5;-71.8;-0.1
53626;-13.6;-68.8;0
53628;-13.7;-82.2;0.4
53630;-13.6;-68.5;0.2
53632;-13.5;-72.2;0.2
53634;-13.6;-78.1;0.6
53636;-13.9;-65;0.1
53638;-13.4;-73.5;0.4
53640;-13.5;-74.2;0.2
53642;-13.4;-66.2;0
53644;-13.6;-80;0.2
53646;-13.6;-71.2;0.5
53648;-13.5;-68.6;0.2
53650;-13.7;-80.1;0.5
53652;-13.8;-68.2;0.1
53654;-13.4;-71.2;0
53656;-13.8;-76.8;0.2
53658;-13.7;-66.6;0.6
53660;-13.5;-75.7;0.2
53662;-13.5;-72.3;0.1
53664;-13.8;-72.8;1.1
53666;-13.8;-77.3;-0.1
53668;-13.6;-67.6;0
53670;-13.7;-72.8;1.1
53672;-13.6;-72.8;-0.5
53674;-13.5;-69.9;1
53676;-13.7;-77.4;0.3
53678;-13.4;-70;-0.3
53680;-13.6;-72.5;1.1
53682;-13.5;-76.3;0.1
53684;-13.4;-66.2;0
53686;-13.4;-74.1;0.4
53688;-13.7;-74.6;0
53690;-13.7;-68.2;0
53692;-13.6;-78;0.3
53694;-13.9;-71.3;0.4
53696;-13.6;-74.3;0
53698;-13.7;-79.7;0
53700;-13.7;-66.2;0.3
53702;-13.5;-75.1;0.4
53704;-13.4;-73.3;-0.2
53706;-13.4;-68.2;0.1
53708;-13.5;-79.6;0.5
53710;-13.4;-69.2;0.1
53712;-13.5;-69.3;0.4
53714;-13.6;-79.2;-0.1
53716;-13.4;-65.9;0
53718;-13.8;-76;0.5
53720;-13.4;-72.3;0
53722;-13.5;-64;0.2
53724;-13.6;-78.2;0.6
53726;-13.6;-69.9;0.1
53728;-13.8;-72.3;0.1
53730;-13.5;-78.1;0.8
53732;-13.5;-64.8;-0.1
53734;-13.7;-72.9;0
53736;-13.7;-75.2;0.4
53738;-13.8;-69;0.1
53740;-13.3;-75.5;0.4
53742;-13.6;-71.6;0.5
53744;-13.4;-68.9;0.1
53746;-13.4;-74.7;0.1
53748;-13.6;-67.8;0.3
53750;-13.6;-73;0.1
53752;-13.8;-74.2;0
53754;-13.4;-67.6;0.4
53756;-13.6;-76.7;0.1
53758;-13.7;-73;0
53760;-13.4;-73.3;0.3
53762;-13.6;-75.7;0.2
53764;-13.5;-66.5;0.1
53766;-13.7;-74.8;0.4
53768;-13.5;-71.4;0.1
53770;-13.4;-69.1;-0.1
53772;-13.6;-79.1;0.7
53774;-13.5;-67.6;0.3
53776;-13.7;-71.9;0.1
53778;-13.4;-75.6;0.5
53780;-13.5;-63.9;0
53782;-13.5;-76.9;0.1
53784;-13.7;-74.1;0.3
53786;-13.5;-65.9;-0.3
53788;-13.7;-82.6;0.8
53790;-13.4;-69.9;0.3
53792;-13.6;-71;-0.1
53794;-13.5;-81.2;0.5
53796;-13.3;-63.8;0.2
53798;-13.6;-75.1;0.2
53800;-13.8;-76.8;0.3
53802;-13.6;-65.7;0.1
53804;-13.7;-79.3;0.2
53806;-13.6;-70.4;0.4
53808;-13.8;-68.9;0
53810;-13.4;-77.2;0.2
53812;-13.6;-66.3;0.5
53814;-13.4;-71.8;0.1
53816;-13.8;-76.8;0.1
53818;-13.5;-67;0.2
53820;-13.7;-77.5;0
53822;-13.4;-71.8;0.2
53824;-13.4;-71.5;0.4
53826;-13.6;-77.9;-0.1
53828;-13.5;-65.2;0.1
53830;-13.4;-71.8;0.8
53832;-13.6;-72;0
53834;-13.5;-67.5;-0.1
53836;-13.4;-75.5;0.6
53838;-13.8;-69.9;0.1
53840;-13.6;-71;0
53842;-13.6;-74.2;0.6
53844;-13.4;-66.1;0.1
53846;-13.7;-75.2;0.2
53848;-13.7;-72.7;0.2
53850;-13.6;-68;-0.1
53852;-13.5;-76.1;0.3
53854;-13.6;-68.2;0.5
53856;-13.8;-73.7;0.1
53858;-13.6;-75.4;0.4
53860;-13.7;-65.7;0.5
53862;-13.7;-74.9;-0.1
53864;-13.6;-71.3;0
53866;-13.8;-67.1;0.5
53868;-13.6;-78.4;0.3
53870;-13.6;-69.3;0
53872;-13.3;-70;0.7
53874;-13.5;-79.1;-0.1
53876;-13.7;-65.6;0
53878;-13.5;-72.8;0.1
53880;-13.6;-75.8;0.1
53882;-13.5;-66.1;0.1
53884;-13.4;-77.5;0.2
53886;-13.7;-72.7;0.4
53888;-13.5;-72.7;0.1
53890;-13.4;-79.8;0
53892;-13.4;-65.6;0.5
53894;-13.5;-70.1;-0.1
53896;-13.7;-76.5;0
53898;-13.8;-68.7;0.2
53900;-13.4;-76;0
53902;-13.4;-71.7;0.5
53904;-13.7;-71.1;0.1
53906;-13.7;-78.1;0
53908;-13.8;-70.6;0.8
53910;-13.3;-73.6;-0.1
53912;-13.6;-73.9;-0.1
53914;-13.5;-68.6;0.3
53916;-13.6;-78.8;0.1
53918;-13.8;-71.6;0
53920;-13.6;-73.6;0.2
53922;-13.6;-75;0.3
53924;-13.7;-65.4;0
53926;-13.7;-74.8;0.2
53928;-13.4;-70.5;0.1
53930;-13.5;-68.3;0.2
53932;-13.7;-78.8;0.2
53934;-13.5;-67.6;0.1
53936;-13.5;-70.4;0.2
53938;-13.7;-79.2;0.7
53940;-13.4;-63.8;0.2
53942;-13.4;-73;0.1
53944;-13.5;-72.4;0.4
53946;-13.8;-66;0.2
53948;-13.9;-79.3;0
53950;-14;-70.2;0.3
53952;-13.7;-71.1;0.2
53954;-13.5;-77.4;0.3
53956;-13.8;-65.4;0.3
53958;-13.8;-74;0.2
53960;-13.6;-72.8;0.3
53962;-13.4;-64.8;0.4
53964;-13.3;-77;0.1
53966;-13.9;-71.8;0.1
53968;-13.7;-70.6;0.1
53970;-13.5;-78.1;0.2
53972;-13.8;-67.7;0.1
53974;-13.4;-72.2;0
53976;-13.4;-75.5;0.3
53978;-13.5;-65.1;0
53980;-13.6;-77.4;-0.1
53982;-13.6;-72.5;0.3
53984;-13.4;-70.1;0.2
53986;-13.7;-79.1;0.1
53988;-13.6;-68.5;0.4
53990;-13.8;-73.3;-0.2
53992;-13.6;-72.9;0.1
53994;-13.7;-68.7;0.6
53996;-13.8;-78.3;-0.4
53998;-13.7;-72.2;0.4
54000;-13.6;-72.4;0.2
54002;-13.6;-76.2;-0.4
54004;-13.5;-68.9;0.7
54006;-13.5;-74.9;0.2
54008;-13.5;-69.1;0.1
54010;-13.4;-67.5;0.6
54012;-13.5;-76.6;0.3
54014;-13.5;-68.8;0.1
54016;-13.7;-74.7;0.2
54018;-13.7;-78.7;0.3
54020;-13.5;-62.3;0
54022;-13.4;-74.4;0.3
54024;-13.8;-74;0.2
54026;-13.7;-67.6;0.1
54028;-13.7;-81.1;0.6
54030;-13.7;-69.5;0.2
54032;-13.5;-69.3;0
54034;-13.4;-77.5;0.4
54036;-13.6;-64.4;0.2
54038;-13.7;-74.1;0.2
54040;-13.5;-72.2;0.4
54042;-13.4;-63.2;0.1
54044;-13.4;-76.7;-0.3
54046;-13.6;-69.9;0.8
54048;-13.9;-70.7;0.1
54050;-13.8;-79.7;0
54052;-13.7;-67.4;0.7
54054;-13.6;-71.9;0
54056;-13.8;-74.4;0.2
54058;-14;-68.7;0.4
54060;-13.6;-75.6;0.1
54062;-13.5;-69.8;0.1
54064;-13.5;-69.7;0.5
54066;-13.7;-76.5;-0.4
54068;-13.8;-67.4;0.3
54070;-13.7;-73.1;0.8
54072;-13.5;-73.9;-0.1
54074;-13.7;-67.6;0.1
54076;-13.7;-78.2;0.4
54078;-13.5;-70.8;0.2
54080;-13.6;-72.9;0.2
54082;-13.4;-76.7;0.3
54084;-13.4;-65.7;-0.2
54086;-13.7;-75.1;0.2
54088;-13.9;-74;0.2
54090;-13.6;-68.4;-0.3
54092;-13.5;-77.6;0.6
54094;-13.6;-69.5;0.1
54096;-13.6;-71.3;0.2
54098;-13.5;-76.3;0.6
54100;-13.4;-65.9;-0.1
54102;-13.4;-75.3;0.4
54104;-13.4;-71;0.4
54106;-13.6;-67.3;0.1
54108;-13.7;-82.5;0
54110;-13.5;-68.6;0.1
54112;-13.6;-74.8;0
54114;-13.4;-78.9;0.3
54116;-13.5;-64.3;0
54118;-13.6;-74.6;0.1
54120;-13.4;-73;0.7
54122;-13.6;-66.3;0
54124;-13.4;-77.6;0.3
54126;-13.9;-71.3;0.4
54128;-13.4;-68.2;0
54130;-13.4;-77.8;0.3
54132;-13.6;-68;0.7
54134;-13.8;-73.8;0.4
54136;-13.4;-74;0
54138;-13.8;-68.1;0.7
54140;-13.5;-76.1;-0.1
54142;-13.5;-74.3;0
54144;-13.6;-70.4;0.6
54146;-13.7;-76.4;-0.3
54148;-13.6;-68.9;0.4
54150;-13.4;-71.9;0.6
54152;-13.4;-71;-0.4
54154;-13.5;-68.5;0.5
54156;-13.5;-75.2;0.5
54158;-13.7;-70.9;-0.2
54160;-13.4;-72;0.9
54162;-13.3;-74;0.1
54164;-13.5;-66.7;0.1
54166;-13.6;-75.4;0.6
54168;-13.9;-74.4;0
54170;-13.4;-66.9;0.7
54172;-13.4;-78.1;0.3
54174;-13.9;-69.8;-0.3
54176;-13.4;-73.7;0.4
54178;-13.8;-80.1;0
54180;-13.3;-63.5;0
54182;-13.6;-73.7;0.6
54184;-13.6;-73.9;-0.3
54186;-13.8;-68.7;-0.1
54188;-13.8;-80.8;0.3
54190;-13.6;-68.7;0.1
54192;-13.5;-69.2;0.3
54194;-13.4;-79.1;0.5
54196;-13.7;-68.2;0.2
54198;-13.5;-75.9;0.1
54200;-13.5;-75.5;-0.2
54202;-13.6;-66.8;0.5
54204;-13.7;-80.7;0.3
54206;-13.7;-71.3;-0.2
54208;-13.5;-71.5;0.5
54210;-13.4;-77.8;0.4
54212;-13.4;-64.3;0.3
54214;-13.7;-74;0.3
54216;-13.8;-76.9;0.1
54218;-13.4;-68.1;0.3
54220;-13.7;-77.6;0.3
54222;-13.9;-74;0.3
54224;-13.8;-71.8;0.1
54226;-13.6;-76.6;0.2
54228;-13.6;-69.8;0.2
54230;-13.5;-71.2;0.7
54232;-13.4;-74.1;0.3
54234;-13.7;-68.8;0
54236;-13.6;-77.3;0.1
54238;-13.4;-70.9;0.2
54240;-13.5;-71.9;0.4
54242;-13.4;-74.2;0.1
54244;-13.8;-68;0.2
54246;-13.3;-72.5;0.2
54248;-13.6;-72.5;0.1
54250;-13.6;-70.6;0.2
54252;-13.7;-77.9;0.3
54254;-13.5;-67.5;0.2
54256;-13.6;-72.7;0.3
54258;-13.5;-78.4;0.4
54260;-13.8;-66.1;0.1
54262;-13.7;-75.3;0.2
54264;-13.6;-73.2;0.2
54266;-13.7;-67.4;0
54268;-13.5;-79.4;0.1
54270;-13.9;-71.9;0.2
54272;-13.6;-71.1;0.3
54274;-13.5;-79.2;0
54276;-13.6;-64.2;0.2
54278;-13.5;-72.4;0.5
54280;-13.4;-75;0
54282;-13.4;-66.8;0.1
54284;-13.4;-77.9;0.3
54286;-13.6;-71.9;0.1
54288;-13.7;-69.9;0.2
54290;-13.7;-79.4;0.5
54292;-13.4;-66.7;-0.3
54294;-13.5;-74.7;0.3
54296;-13.8;-77;0.3
54298;-13.3;-67.5;-0.6
54300;-13.6;-79.2;0.3
54302;-13.7;-72.5;0.3
54304;-13.4;-73.2;0
54306;-13.7;-78.6;0.7
54308;-13.4;-66.8;0
54310;-13.9;-73.1;0.1
54312;-13.4;-72.7;1.1
54314;-13.5;-68.7;-0.3
54316;-13.6;-77.4;0.4
54318;-13.3;-69.1;0.2
54320;-13.7;-72.5;0
54322;-13.6;-76.1;0.6
54324;-13.6;-67.3;0.1
54326;-13.8;-76.5;0.4
54328;-13.6;-71.7;0.4
54330;-13.4;-67.7;0
54332;-13.5;-78.2;0.4
54334;-13.6;-69.7;0.2
54336;-13.4;-71.9;-0.1
54338;-13.7;-78.1;0.3
54340;-13.5;-63.9;0
54342;-13.8;-73.6;0
54344;-13.6;-72.5;0.3
54346;-13.5;-66.2;0.2
54348;-13.8;-80.2;0.3
54350;-13.4;-67.7;0.3
54352;-13.4;-69.3;0
54354;-13.4;-78.4;0.4
54356;-13.5;-64;0
54358;-13.7;-76.3;0.3
54360;-13.5;-76.9;0.3
54362;-13.5;-64;0
54364;-13.3;-77.6;0.5
54366;-13.4;-71.8;0.5
54368;-13.3;-69.6;-0.1
54370;-13.4;-78.6;0
54372;-13.4;-64.3;0.3
54374;-13.6;-70;0.1
54376;-13.6;-77;0.1
54378;-13.8;-68.6;0.2
54380;-13.7;-77.6;0
54382;-13.8;-73;-0.2
54384;-13.6;-69.5;0.3
54386;-13.8;-78.2;0.4
54388;-13.6;-70.1;0
54390;-13.8;-75.4;0.4
54392;-13.3;-72.3;0.2
54394;-13.5;-69.3;0.1
54396;-13.5;-76.2;0.6
54398;-13.5;-70.6;0.3
54400;-13.8;-76.3;-0.3
54402;-13.7;-77.2;0.5
54404;-13.6;-65;0.3
54406;-13.8;-75.4;0
54408;-13.5;-71.8;0.4
54410;-13.8;-70;0.1
54412;-13.4;-77.7;0.2
54414;-13.8;-69.6;0.4
54416;-13.7;-73.3;0.1
54418;-13.4;-78.7;0.4
54420;-13.5;-65;0
54422;-13.6;-76.7;0
54424;-13.4;-71.7;0.3
54426;-13.6;-66.2;0
54428;-13.4;-78.7;0.2
54430;-13.8;-69.4;0.3
54432;-13.9;-71.8;0.1
54434;-13.4;-78;0
54436;-13.9;-65.6;0.3
54438;-13.7;-74;0.1
54440;-13.8;-74.7;0.1
54442;-13.6;-65.3;0.4
54444;-13.4;-77.9;0.1
54446;-13.8;-70.9;-0.1
54448;-13.6;-69.6;0.4
54450;-13.7;-79.5;0.3
54452;-13.5;-66.4;-0.3
54454;-13.6;-74.1;0.6
54456;-13.7;-77.5;0.3
54458;-13.4;-65.2;-0.4
54460;-13.5;-75.7;0.8
54462;-13.6;-74;-0.5
54464;-13.6;-69.9;0.1
54466;-13.7;-77.3;0.7
54468;-13.8;-68.8;0
54470;-13.7;-73.1;0.2
54472;-13.4;-72.5;0.7
54474;-13.3;-68.4;-0.1
54476;-13.7;-77.1;0.6
54478;-13.3;-69.5;0.4
54480;-13.5;-70.5;-0.3
54482;-13.6;-77;0.6
54484;-13.5;-67.5;0.2
54486;-13.6;-74.8;0
54488;-13.6;-71.3;0.6
54490;-13.7;-69.9;-0.2
54492;-13.8;-79.8;0.3
54494;-13.4;-68;0.2
54496;-13.4;-74;0
54498;-13.8;-79.1;0.3
54500;-13.3;-63;0.3
54502;-13.7;-76.9;-0.1
54504;-13.7;-73.7;0.6
54506;-13.8;-68.3;0.2
54508;-13.4;-80;0
54510;-13.6;-68.1;0.8
54512;-13.5;-70.6;0.5
54514;-13.6;-79.2;-0.1
54516;-13.7;-66.7;0.1
54518;-13.4;-73;0.5
54520;-13.8;-76;0
54522;-13.3;-65.1;0.6
54524;-13.6;-76.8;0.4
54526;-13.6;-71.6;-0.1
54528;-13.8;-71.1;0.2
54530;-13.5;-77.4;0.2
54532;-13.3;-64.5;0.1
54534;-13.7;-71.3;0.2
54536;-13.8;-76.1;0.4
54538;-13.5;-67.6;0
54540;-13.4;-75.1;0.1
54542;-13.5;-70.2;0.4
54544;-13.5;-71.1;0.3
54546;-13.8;-76.4;0.2
54548;-13.4;-65.9;0.3
54550;-13.7;-74.1;0
54552;-13.6;-74.6;0.6
54554;-13.4;-66.8;0.1
54556;-13.6;-76.6;-0.2
54558;-13.6;-71.2;0.4
54560;-13.3;-71.5;-0.1
54562;-13.5;-75.1;-0.1
54564;-13.8;-67.1;0.5
54566;-13.7;-75.4;-0.1
54568;-13.4;-71.4;-0.1
54570;-13.5;-68.9;0.4
54572;-13.8;-78.8;0.2
54574;-13.5;-67.6;0
54576;-13.6;-72.6;0.6
54578;-13.7;-78.4;0.3
54580;-13.7;-67.5;0
54582;-13.4;-74.6;0.6
54584;-13.5;-71.5;0
54586;-13.7;-67.5;0
54588;-13.7;-81.4;0.6
54590;-13.4;-69.5;-0.3
54592;-13.6;-71.1;0.6
54594;-13.4;-81.1;0.6
54596;-13.8;-65.9;-0.5
54598;-13.4;-74.3;0.6
54600;-13.9;-76.6;0.2
54602;-13.4;-65.2;-0.2
54604;-13.5;-78.9;0.8
54606;-13.6;-71.6;-0.3
54608;-13.8;-68.9;0.1
54610;-13.6;-79.9;0.3
54612;-13.4;-66.2;0.4
54614;-13.4;-70.9;0.8
54616;-13.4;-75.1;0
54618;-13.4;-65.3;0.4
54620;-13.8;-74.7;0.4
54622;-13.5;-74.1;-0.1
54624;-13.8;-72.8;0.4
54626;-13.8;-77.5;0.3
54628;-13.5;-67.8;0
54630;-13.5;-71.1;0.3
54632;-13.4;-71.6;0.3
54634;-13.7;-69.9;0.1
54636;-13.6;-74.5;0.3
54638;-13.4;-67.9;0
54640;-13.4;-71.4;0.2
54642;-14;-75.8;0.8
54644;-13.7;-67.4;-0.4
54646;-13.9;-74.6;0.1
54648;-13.4;-71.4;0.5
54650;-13.4;-67.2;0.1
54652;-13.6;-79.6;0.1
54654;-13.8;-71.2;0.2
54656;-13.7;-75.1;0.5
54658;-13.5;-77.9;0.1
54660;-13.6;-63.5;0.3
54662;-13.6;-74.2;0.4
54664;-13.7;-73.2;0.2
54666;-13.4;-65.9;0.3
54668;-13.8;-78.7;0.6
54670;-13.8;-69.8;0
54672;-13.4;-68.8;0.5
54674;-13.4;-78.5;0.3
54676;-13.8;-67.1;-0.1
54678;-13.8;-76.6;0.3
54680;-13.5;-73.5;0.1
54682;-13.4;-65.4;0
54684;-13.4;-78.5;0.5
54686;-13.7;-73.3;0.2
54688;-13.6;-72.1;-0.2
54690;-13.6;-78.5;0.3
54692;-13.7;-65.9;0.4
54694;-13.4;-71.8;-0.4
54696;-13.6;-74.8;0.5
54698;-13.6;-67.5;0.6
54700;-13.9;-78.6;-0.4
54702;-13.6;-71.6;0.5
54704;-13.4;-68.8;0.1
54706;-13.9;-78.6;-0.1
54708;-13.9;-70.1;0.5
54710;-13.6;-72.3;0
54712;-13.6;-73.1;0.2
54714;-13.4;-67.9;0.5
54716;-13.8;-77.6;0
54718;-13.9;-72.3;-0.1
54720;-13.5;-71;0.4
54722;-13.6;-75.3;0
54724;-13.2;-67.4;0.4
54726;-13.7;-73.6;-0.1
54728;-13.5;-71;0.3
54730;-13.6;-69.1;0.2
54732;-13.3;-75.9;0
54734;-13.9;-69.1;0.6
54736;-13.7;-72.3;0.2
54738;-13.9;-78.6;0
54740;-13.8;-65.9;0.3
54742;-13.8;-77.2;0
54744;-13.8;-74;-0.1
54746;-13.4;-63.5;0.3
54748;-13.8;-80.1;0.6
54750;-13.8;-71.3;0
54752;-13.4;-69.1;0.3
54754;-13.9;-80.7;0.6
54756;-13.6;-64;0
54758;-13.4;-71.7;0.5
54760;-13.6;-73.8;0.5
54762;-13.8;-67;-0.1
54764;-13.4;-77.6;0.8
54766;-13.8;-72;0.3
54768;-13.7;-70.1;-0.1
54770;-13.5;-79.2;0.6
54772;-13.6;-67.4;0.1
54774;-13.6;-73.3;0.1
54776;-14;-76.2;0.4
54778;-13.5;-67.4;-0.2
54780;-13.5;-76.7;0.6
54782;-13.4;-71.5;0.3
54784;-13.8;-74.3;-0.2
54786;-13.5;-77.3;0.4
54788;-13.3;-67.4;0
54790;-13.6;-72.7;-0.2
54792;-13.6;-73.9;1.1
54794;-13.5;-69.6;0
54796;-13.6;-77.6;0
54798;-13.5;-71.6;0.7
54800;-13.7;-72.4;0
54802;-13.7;-78.2;-0.1
54804;-13.7;-69;0.4
54806;-13.6;-74.2;0.1
54808;-13.7;-73.5;0.3
54810;-13.6;-68.1;0.4
54812;-13.9;-78.2;0
54814;-13.4;-68.3;0.1
54816;-13.7;-72.7;0.5
54818;-13.4;-75;0
54820;-13.8;-65.9;0.5
54822;-13.6;-74.8;0.3
54824;-13.3;-71;-0.1
54826;-13.7;-68.5;0.7
54828;-13.7;-80.9;0.2
54830;-13.5;-67.8;0.1
54832;-13.5;-68.6;0.5
54834;-13.7;-79.5;0
54836;-13.7;-65.2;-0.2
54838;-13.3;-72.9;0.6
54840;-13.6;-74.6;0.3
54842;-13.4;-63;0.3
54844;-13.5;-79.7;0.4
54846;-13.6;-70.3;0
54848;-13.4;-68;0.1
54850;-13.4;-78.4;0.3
54852;-13.7;-64.9;0.4
54854;-13.6;-72.5;0.3
54856;-13.5;-75.5;0.4
54858;-13.9;-68.3;0.6
54860;-13.3;-75.6;0
54862;-13.6;-71.9;0
54864;-13.8;-69.8;0.6
54866;-13.7;-77.1;0.1
54868;-13.4;-69.6;0.1
54870;-13.6;-72.6;0.2
54872;-13.4;-71.2;0.3
54874;-13.3;-66.9;0.1
54876;-13.7;-76.9;0.4
54878;-13.4;-69.3;0.5
54880;-13.6;-73.6;0.3
54882;-13.5;-75.4;0.6
54884;-13.4;-65.2;0.7
54886;-13.5;-75.3;0.1
54888;-13.6;-71.9;0.2
54890;-13.6;-69.3;0
54892;-13.5;-77.5;0.1
54894;-13.8;-69.5;0.8
54896;-13.7;-73.2;0.3
54898;-13.5;-78.8;-0.3
54900;-13.6;-65.9;0.9
54902;-13.6;-74.7;0.2
54904;-13.4;-71.4;0.2
54906;-13.7;-66.9;0.7
54908;-13.6;-81.5;-0.2
54910;-13.6;-70.3;0.7
54912;-13.6;-72.4;0.6
54914;-13.8;-80.5;-0.2
54916;-13.6;-65.7;0.3
54918;-13.4;-72.4;0.2
54920;-13.7;-73.8;0.1
54922;-13.5;-65.5;0.7
54924;-13.4;-78;0.2
54926;-13.7;-71.2;0.1
54928;-13.8;-70.3;0.6
54930;-13.6;-78.1;-0.3
54932;-13.6;-66.2;0.2
54934;-13.7;-70.6;0.9
54936;-13.5;-75.7;-0.1
54938;-13.7;-65.8;0.4
54940;-13.4;-75.2;0.6
54942;-13.4;-74.5;-0.2
54944;-13.7;-71.2;0.2
54946;-13.5;-78.2;0.5
54948;-13.7;-67.8;-0.1
54950;-13.4;-71.1;0.3
54952;-13.6;-72.4;0.6
54954;-13.5;-67.9;0.1
54956;-13.8;-77.5;0.2
54958;-13.7;-70.8;0.4
54960;-13.4;-70.4;0
54962;-13.5;-75.9;0.3
54964;-13.3;-66.7;0.3
54966;-13.6;-76.7;-0.7
54968;-13.4;-71.5;0.5
54970;-13.6;-68.9;0.2
54972;-13.7;-80.6;-0.3
54974;-13.8;-70;0.4
54976;-13.7;-75.5;0.4
54978;-13.4;-75.5;0
54980;-13.6;-62.5;0.1
54982;-13.5;-74;0.2
54984;-13.4;-73;0.2
54986;-13.4;-66.5;0.1
54988;-13.7;-80.9;0.5
54990;-13.6;-69.5;0.3
54992;-13.5;-69.2;0.1
54994;-13.7;-81;0.6
54996;-13.5;-64.7;-0.1
54998;-13.4;-72.7;0.1
55000;-13.7;-74.4;0.6
55002;-13.3;-65.1;-0.2
55004;-13.6;-79.9;0.2
55006;-13.3;-70.7;0.5
55008;-13.7;-71.8;-0.2
55010;-13.5;-79.4;0.4
55012;-13.6;-67.1;0.2
55014;-13.7;-72.8;-0.2
55016;-13.7;-75.6;0.5
55018;-13.5;-67;0.7
55020;-13.7;-77.3;0
55022;-13.6;-71;0.2
55024;-13.7;-71.9;0.7
55026;-13.7;-77.2;-0.3
55028;-13.4;-67.5;0.4
55030;-13.5;-74.9;0.3
55032;-13.4;-72.9;-0.2
55034;-13.5;-68.1;0.8
55036;-13.8;-76.9;-0.2
55038;-13.7;-72.8;-0.2
55040;-13.6;-73.5;0.7
55042;-13.4;-75.3;-0.1
55044;-13.5;-64.4;0
55046;-13.7;-74.3;0.9
55048;-13.8;-72.4;0.1
55050;-13.9;-70.2;0
55052;-13.5;-77.3;0.7
55054;-13.6;-68.8;0.3
55056;-13.6;-72.7;-0.2
55058;-13.5;-77.2;0.3
55060;-13.5;-66.5;0.2
55062;-13.8;-77.1;-0.2
55064;-13.4;-71.6;0.4
55066;-13.8;-66;0.3
55068;-13.7;-80.5;0
55070;-13.7;-71.1;0
55072;-13.8;-74.6;0.5
55074;-13.4;-77.3;0.1
55076;-13.4;-62.5;-0.1
55078;-13.8;-75.6;0.5
55080;-13.5;-76.4;0.2
55082;-13.4;-65.7;0.4
55084;-13.7;-81.1;0.6
55086;-13.4;-71.5;-0.3
55088;-13.4;-68.1;0.3
55090;-13.6;-80;0.7
55092;-13.3;-66;-0.3
55094;-13.5;-70.4;0
55096;-13.3;-74.1;0.8
55098;-13.7;-68.9;-0.6
55100;-13.7;-78.5;0
55102;-13.5;-71.4;0.5
55104;-13.5;-70.8;0
55106;-13.7;-77.9;0.6
55108;-13.4;-68.8;0.6
55110;-13.4;-71.2;0
55112;-13.7;-74.1;0.3
55114;-13.5;-69.1;0.3
55116;-13.6;-77.2;-0.2
55118;-13.3;-68.7;0.5
55120;-13.7;-73.6;0.3
55122;-13.4;-74.5;0
55124;-13.7;-67.1;0.1
55126;-13.7;-75.6;0.1
55128;-13.6;-74.1;0.4
55130;-13.6;-66.8;0.2
55132;-13.6;-77.4;0
55134;-13.5;-68.7;0.3
55136;-13.6;-74.4;0
55138;-13.5;-79.1;0.2
55140;-13.4;-63.4;0.5
55142;-13.7;-76.2;-0.2
55144;-13.7;-74.7;0.4
55146;-13.6;-66.8;0.7
55148;-13.5;-79.7;0.2
55150;-13.8;-69.2;0
55152;-13.5;-67.8;0.3
55154;-13.5;-78.3;0.3
55156;-13.5;-65.4;0
55158;-13.6;-76.2;0.1
55160;-13.4;-73.4;0.3
55162;-13.5;-64.3;0.1
55164;-13.6;-79.2;0.2
55166;-13.6;-73.4;0.7
55168;-13.7;-72.4;0
55170;-13.6;-78.9;0.2
55172;-13.6;-65.1;0.8
55174;-13.5;-71.7;0.1
55176;-13.7;-76;0.1
55178;-13.4;-67.2;0.2
55180;-13.8;-76.4;0.1
55182;-13.4;-71.1;0.5
55184;-13.3;-69.7;-0.2
55186;-13.6;-76.2;0.3
55188;-13.7;-69.6;0.3
55190;-13.5;-72.3;-0.1
55192;-13.7;-75.4;-0.1
55194;-13.8;-71.5;0.5
55196;-13.8;-78.6;0
55198;-13.6;-73.5;0
55200;-13.4;-71.9;0.5
55202;-13.7;-77.1;0
55204;-13.5;-67.6;0.2
55206;-13.6;-73.2;0.2
55208;-13.7;-72.9;-0.3
55210;-13.5;-69.1;0.4
55212;-13.3;-76.9;0.4
55214;-13.5;-67.1;0.1
55216;-13.5;-73.1;0.5
55218;-13.3;-76.8;-0.2
55220;-13.4;-64.7;0.4
55222;-13.4;-76.5;0.2
55224;-13.7;-74.2;-0.2
55226;-13.6;-66.4;0.5
55228;-13.8;-81.4;-0.1
55230;-13.5;-70.2;0.2
55232;-13.6;-71.8;0.3
55234;-13.4;-78;0
55236;-13.4;-63.8;0.1
55238;-13.4;-72.5;0.4
55240;-13.6;-74.5;0
55242;-13.6;-66.3;0.1
55244;-13.8;-79;0.5
55246;-13.7;-71.5;-0.1
55248;-13.7;-69.7;0.1
55250;-13.5;-79.3;0.4
55252;-13.6;-69;-0.1
55254;-13.5;-73.7;0.4
55256;-13.3;-73.9;0.3
55258;-13.5;-66.9;-0.1
55260;-13.9;-78.3;0.5
55262;-13.4;-72.3;0
55264;-13.4;-70.8;-0.1
55266;-13.7;-78.1;0.6
55268;-13.4;-66.2;-0.1
55270;-13.7;-73.9;0.2
55272;-13.5;-72.1;0.6
55274;-13.5;-68.8;-0.2
55276;-13.7;-77.4;0.3
55278;-13.7;-72.7;0.3
55280;-13.3;-71.9;0.1
55282;-13.6;-76.1;0.7
55284;-13.4;-66.9;0.3
55286;-13.7;-75.8;0.2
55288;-13.6;-72;0.4
55290;-13.4;-68.5;0.6
55292;-13.6;-79.8;0
55294;-13.7;-70.9;0.2
55296;-13.4;-72.4;0.3
55298;-13.8;-77.9;0.2
55300;-13.5;-65.1;0.6
55302;-13.7;-76.1;0.1
55304;-13.4;-71.7;0.4
55306;-13.8;-68.7;0.5
55308;-13.5;-79.5;-0.2
55310;-13.6;-69.5;0.3
55312;-13.5;-70.3;0.6
55314;-13.4;-79.1;-0.1
55316;-13.7;-66.3;-0.2
55318;-13.6;-75.5;0.4
55320;-13.4;-74.3;0.3
55322;-13.4;-65.1;0
55324;-13.7;-79.8;0.3
55326;-13.5;-71;0.1
55328;-13.4;-68.6;0.4
55330;-13.5;-80.3;0.4
55332;-13.5;-63.5;0.3
55334;-13.6;-71.8;0.3
55336;-13.5;-74.8;-0.1
55338;-13.6;-68;0.1
55340;-13.6;-75.9;0.2
55342;-13.5;-71.4;-0.1
55344;-13.7;-70.7;0.3
55346;-13.5;-75.8;0.3
55348;-13.6;-68.6;-0.2
55350;-13.5;-72.5;0.4
55352;-13.5;-70.6;0.4
55354;-13.3;-67.6;0.1
55356;-13.7;-76.1;0.1
55358;-13.5;-70.2;0.3
55360;-13.5;-73.5;0.4
55362;-13.4;-73.7;0
55364;-13.6;-65.8;0.2
55366;-13.6;-74.8;0.4
55368;-13.9;-73;0.2
55370;-13.4;-68.8;0.3
55372;-13.5;-77.4;0.4
55374;-13.6;-68.3;0.1
55376;-13.4;-69.8;0.3
55378;-13.6;-76.8;0.5
55380;-13.5;-65.3;0
55382;-13.5;-73.5;0.1
55384;-13.4;-71.6;0.2
55386;-13.4;-65.7;0.2
55388;-13.4;-78.1;0.3
55390;-13.5;-69;0.3
55392;-13.4;-71.8;0
55394;-13.3;-79.1;0.7
55396;-13.8;-66;0
55398;-13.5;-72.7;0
55400;-13.4;-73.5;0.6
55402;-13.5;-67.3;-0.1
55404;-13.7;-79.7;0.1
55406;-13.7;-70.5;0.7
55408;-13.8;-70.5;-0.2
55410;-13.3;-77.1;0.3
55412;-13.8;-67.3;0.4
55414;-13.6;-73.3;0
55416;-13.7;-78.3;0.6
55418;-13.3;-65.4;0.1
55420;-13.5;-78.1;-0.2
55422;-13.3;-73.4;0.8
55424;-13.6;-71.1;0
55426;-13.5;-77.3;0
55428;-13.6;-66.5;1
55430;-13.5;-71.1;0
55432;-13.5;-71.8;0.5
55434;-13.6;-68.4;0.6
55436;-13.6;-76.7;0
55438;-13.6;-70.6;0.3
55440;-13.5;-70.6;0.4
55442;-13.5;-74.2;-0.2
55444;-13.4;-65.9;0.4
55446;-13.5;-73.7;0.4
55448;-13.4;-70;-0.2
55450;-13.8;-69.9;0.6
55452;-13.4;-76.5;0.4
55454;-13.5;-67.6;-0.1
55456;-13.7;-75.1;0.2
55458;-13.9;-78.8;0.2
55460;-13.6;-62.9;0
55462;-13.6;-74;0.2
55464;-13.4;-71.8;0.8
55466;-13.7;-67.2;0
55468;-13.8;-79.7;0.2
55470;-13.8;-69.3;0.2
55472;-13.5;-69.4;0.1
55474;-13.5;-77.6;0.1
55476;-13.9;-66.1;0.3
55478;-13.4;-72.4;0
55480;-13.5;-74.2;0.3
55482;-13.5;-65.9;0.5
55484;-13.5;-77.8;-0.1
55486;-13.9;-72.7;0.5
55488;-13.4;-69;-0.1
55490;-13.7;-78.4;-0.2
55492;-13.6;-66.3;0.7
55494;-13.7;-72.6;0.3
55496;-13.5;-73.3;0.1
55498;-13.5;-67.3;0.6
55500;-13.6;-77.9;0.1
55502;-13.4;-70.3;0.4
55504;-13.7;-71.6;0.6
55506;-13.7;-77.1;0
55508;-13.6;-67.4;0.3
55510;-13.4;-73.6;0.3
55512;-13.7;-76;0.3
55514;-13.5;-67.3;0.1
55516;-13.4;-75.7;0.2
55518;-13.4;-69.4;0.1
55520;-13.5;-72.9;0
55522;-13.5;-75.1;0.2
55524;-13.3;-65.2;0.5
55526;-13.8;-74.1;-0.1
55528;-13.7;-72.1;0.1
55530;-13.3;-67.8;0.4
55532;-13.7;-77.6;0
55534;-13.4;-67;0.3
55536;-13.9;-72.2;0
55538;-13.7;-78.3;0
55540;-13.8;-66.6;0.2
55542;-13.7;-76.3;0
55544;-13.8;-71;0.5
55546;-13.5;-66.1;0.3
55548;-13.6;-80.2;-0.2
55550;-13.6;-68.4;0.3
55552;-13.5;-70.2;0.5
55554;-13.4;-76.6;0.1
55556;-13.6;-64;0.3
55558;-13.7;-75.3;0.3
55560;-13.3;-74.4;0.2
55562;-13.4;-66.8;0.5
55564;-13.5;-79.4;0.1
55566;-13.4;-70.9;0
55568;-13.6;-68.7;0.5
55570;-13.5;-78.4;0.1
55572;-13.5;-65.4;0.1
55574;-13.4;-70.6;0.3
55576;-13.8;-76.2;0.1
55578;-13.8;-68;0.3
55580;-13.5;-75.5;0
55582;-13.4;-71;0.4
55584;-13.6;-72.5;0.6
55586;-13.6;-78;-0.1
55588;-13.8;-70;-0.1
55590;-13.6;-71;0.2
55592;-13.6;-73.6;0.3
55594;-13.6;-69.7;0.6
55596;-13.6;-76.8;0.3
55598;-13.5;-68.6;0.2
55600;-13.7;-73.7;0.2
55602;-13.5;-76.5;0.2
55604;-13.5;-65.1;-0.1
55606;-13.7;-74.7;0
55608;-13.6;-71.5;0.7
55610;-13.8;-69.1;0
55612;-13.4;-77.5;0.2
55614;-13.6;-69.6;0.3
55616;-13.5;-72.4;0.4
55618;-13.6;-77.8;0
55620;-13.4;-62.5;0
55622;-13.7;-75.6;0.2
55624;-13.7;-74.4;0.1
55626;-13.6;-66.8;0.3
55628;-13.5;-79.8;0.4
55630;-13.7;-69.6;0.2
55632;-13.7;-69.4;-0.1
55634;-13.4;-77.9;0.3
55636;-13.7;-65.4;0.2
55638;-13.6;-75.5;0.2
55640;-13.7;-74.2;0.1
55642;-13.3;-63.2;-0.1
55644;-13.4;-79;0
55646;-13.7;-70.8;0.4
55648;-13.5;-70.4;0.5
55650;-13.8;-79.9;0
55652;-13.7;-64.6;0.5
55654;-13.4;-70.2;0.3
55656;-13.7;-75.9;0.1
55658;-13.5;-66;0.3
55660;-13.6;-75.8;0.2
55662;-13.7;-70.3;0.3
55664;-13.5;-67.8;0.1
55666;-13.7;-76.4;0.4
55668;-13.5;-69.1;0.1
55670;-13.7;-72.8;0
55672;-13.4;-73.2;0.6
55674;-13.4;-67;0.5
55676;-13.7;-77.5;-0.2
55678;-13.3;-70.8;0.2
55680;-13.4;-72.5;0.5
55682;-13.7;-75.9;-0.2
55684;-13.3;-65.7;0.2
55686;-13.6;-73.2;0.3
55688;-13.4;-70.8;-0.2
55690;-13.5;-67.6;0.5
55692;-13.6;-75.9;0.3
55694;-13.5;-66;0
55696;-13.5;-73;0.2
55698;-13.7;-78.8;-0.1
55700;-13.7;-66.4;0.1
55702;-13.5;-76.2;0.2
55704;-13.9;-75.6;-0.3
55706;-13.7;-67.3;0.5
55708;-13.6;-79.1;0.2
55710;-13.3;-68.6;-0.1
55712;-13.4;-71;0.5
55714;-13.4;-78;0.3
55716;-13.5;-63.1;-0.2
55718;-13.6;-70.9;0.5
55720;-13.5;-75.5;0.4
55722;-13.4;-64.5;-0.4
55724;-13.8;-78.4;0.7
55726;-13.3;-68.9;0.2
55728;-13.6;-68.8;-0.1
55730;-13.2;-77.4;0.5
55732;-13.5;-65.9;0
55734;-13.9;-73.6;0.2
55736;-13.6;-75.6;0.5
55738;-13.4;-65.9;0.2
55740;-13.4;-75.8;-0.1
55742;-13.5;-69.2;0.3
55744;-13.7;-72.5;-0.1
55746;-13.6;-76.3;0.3
55748;-13.4;-63.9;0.5
55750;-13.6;-70.6;0.2
55752;-13.7;-71.7;0
55754;-13.8;-67;0.5
55756;-13.3;-74.2;0.3
55758;-13.8;-70.8;0
55760;-13.4;-70.5;0.3
55762;-13.5;-74.2;0.1
55764;-13.7;-67.7;0
55766;-13.6;-73.9;0.5
55768;-13.5;-71.4;0.3
55770;-13.5;-66.8;-0.2
55772;-13.5;-78.1;0.3
55774;-13.6;-67.5;0.1
55776;-13.5;-73;0.1
55778;-13.2;-74.1;0.2
55780;-13.4;-63.3;0
55782;-13.4;-73.5;0.1
55784;-13.6;-70.4;0.3
55786;-13.4;-66.4;0.3
55788;-13.4;-79.2;0.4
55790;-13.5;-67.9;-0.1
55792;-13.6;-69.6;0.2
55794;-13.9;-80.1;0
55796;-13.7;-65.9;0.2
55798;-13.6;-75.4;0
55800;-13.9;-76.5;0.2
55802;-13.3;-62.7;0.2
55804;-13.5;-77.3;-0.3
55806;-13.6;-71.3;0.1
55808;-13.5;-70.5;0.3
55810;-13.6;-79.8;0
55812;-13.4;-63.8;0
55814;-13.6;-70.2;0.3
55816;-13.6;-76.6;0.3
55818;-13.6;-66.7;0.2
55820;-13.8;-76.5;0.5
55822;-13.4;-71;0.5
55824;-13.7;-69.4;0
55826;-13.4;-74.7;0.1
55828;-13.8;-68.4;0.3
55830;-13.8;-73.4;0.1
55832;-13.9;-73;0.3
55834;-13.8;-68.6;0
55836;-13.4;-74.7;0.2
55838;-13.5;-69.1;0.4
55840;-13.7;-72;0
55842;-13.5;-74.2;0.2
55844;-13.6;-64.8;0.2
55846;-13.5;-73;0.4
55848;-13.4;-71;0.3
55850;-13.4;-66.7;0.1
55852;-13.4;-76.3;0.4
55854;-13.7;-67.4;0.1
55856;-13.5;-69.3;0.2
55858;-13.4;-76;0.5
55860;-13.5;-62.9;0
55862;-13.4;-72.6;0
55864;-13.8;-72.7;0.6
55866;-13.4;-64.3;0.1
55868;-13.3;-76.8;0
55870;-13.6;-68.6;0.5
55872;-13.5;-70.8;-0.1
55874;-13.4;-76.6;0.2
55876;-13.5;-64.9;0.4
55878;-13.5;-72;0.4
55880;-13.5;-73.3;0.3
55882;-13.4;-65;0.1
55884;-13.3;-76.6;0
55886;-13.6;-70;0.4
55888;-13.8;-68.7;0.1
55890;-13.4;-77;0
55892;-13.5;-64.9;0.5
55894;-13.4;-69.8;0
55896;-13.6;-75;0.1
55898;-13.7;-66;0.5
55900;-13.7;-77.3;0
55902;-13.6;-72.7;0.2
55904;-13.6;-69.4;0.6
55906;-13.5;-77.1;0
55908;-13.9;-67.3;0.4
55910;-13.4;-70.2;0.1
55912;-13.4;-71.9;0.1
55914;-13.4;-67.9;0.5
55916;-13.6;-75.9;-0.2
55918;-13.6;-70;0.1
55920;-13.5;-69.5;0.2
55922;-13.5;-74.5;0
55924;-13.5;-65.2;0.4
55926;-13.6;-73.3;0.4
55928;-13.5;-69;0
55930;-13.4;-66.6;0.3
55932;-13.6;-77.1;0.7
55934;-13.6;-67.2;0.1
55936;-13.9;-74.6;0.1
55938;-13.4;-76.3;0.5
55940;-13.7;-63.8;0.4
55942;-13.6;-72.3;0
55944;-13.6;-72;0.6
55946;-13.7;-64.9;0
55948;-13.6;-78.7;0.2
55950;-13.8;-68;1
55952;-13.7;-69.3;-0.4
55954;-13.7;-79.4;0.4
55956;-13.4;-64.2;0.3
55958;-13.3;-71.9;0
55960;-13.6;-72.9;0.7
55962;-13.4;-64.7;0
55964;-13.4;-76.3;0.1
55966;-13.6;-72.4;0.4
55968;-13.8;-71.2;0
55970;-13.4;-76.2;-0.3
55972;-13.4;-65.3;0.5
55974;-13.8;-71.1;0.4
55976;-13.7;-74.9;0.1
55978;-13.8;-67.6;0.2
55980;-13.5;-74.9;0.5
55982;-13.6;-70.7;0.1
55984;-13.4;-68.2;0.2
55986;-13.6;-76.9;0.2
55988;-13.8;-69;-0.1
55990;-13.4;-71.9;0.3
55992;-13.8;-75.6;0.7
55994;-13.7;-68.9;-0.2
55996;-13.5;-74.9;0.2
55998;-13.8;-72.5;0.6
56000;-13.4;-70.9;0.1
56002;-13.4;-75.5;-0.1
56004;-13.5;-64.2;0.6
56006;-13.5;-72.5;0
56008;-13.7;-71.9;-0.1
56010;-13.9;-68.8;0.5
56012;-13.5;-75.6;0
56014;-13.6;-69.2;0.2
56016;-13.5;-72.2;0.3
56018;-13.8;-76.4;0.1
56020;-13.9;-66.6;0.3
56022;-13.5;-74.1;0
56024;-13.5;-71.2;0
56026;-13.7;-66.4;0.5
56028;-13.7;-79.7;0.3
56030;-13.7;-69.8;-0.1
56032;-13.5;-71;0.4
56034;-13.5;-77.3;0
56036;-13.6;-62.8;0.1
56038;-13.4;-70.8;0.5
56040;-13.4;-71.8;-0.3
56042;-13.4;-64.6;0.3
56044;-13.7;-77.6;0.5
56046;-13.5;-69.6;-0.1
56048;-13.4;-66.6;0.2
56050;-13.7;-78;0.3
56052;-14;-67.3;-0.1
56054;-13.6;-70.1;0.1
56056;-13.8;-75.9;0.5
56058;-13.6;-67.3;0
56060;-13.4;-73.8;0.4
56062;-13.5;-72.6;0.3
56064;-13.6;-71.9;0.2
56066;-13.8;-76.5;0.1
56068;-13.8;-68.5;0
56070;-13.5;-71.7;0
56072;-13.6;-72;0.3
56074;-13.7;-70.9;0.1
56076;-13.6;-76.6;0.2
56078;-13.4;-68.8;0.3
56080;-13.2;-71.2;0
56082;-13.6;-75.8;0.5
56084;-13.3;-65.3;0.2
56086;-13.7;-76;-0.1
56088;-13.8;-71.9;0.6
56090;-13.4;-66.5;0
56092;-13.3;-76.8;0
56094;-13.6;-70.5;0.4
56096;-13.3;-71.7;0.4
56098;-13.7;-79.1;0.1
56100;-13.6;-65.2;0.5
56102;-13.7;-75.2;0.2
56104;-13.4;-72.9;0
56106;-13.6;-67.2;0.2
56108;-13.4;-78.8;0.5
56110;-13.5;-68.9;-0.3
56112;-13.5;-68.3;0.1
56114;-13.4;-77.9;0.7
56116;-13.6;-64.3;-0.3
56118;-13.8;-75.2;0.1
56120;-13.5;-72.4;0.7
56122;-13.5;-63.5;-0.1
56124;-13.4;-76.7;0.3
56126;-13.8;-71;0.6
56128;-13.8;-71.7;-0.4
56130;-13.4;-76.6;0.5
56132;-13.5;-65;0.3
56134;-13.5;-71;-0.3
56136;-13.8;-75;0.9
56138;-13.4;-65.5;0
56140;-13.7;-76.7;0.1
56142;-13.3;-69.4;0.8
56144;-13.7;-69.5;-0.2
56146;-13.6;-74.4;0.3
56148;-13.7;-67.6;0.3
56150;-13.7;-72.8;0.1
56152;-13.6;-73.5;0.5
56154;-13.4;-66.5;0.1
56156;-13.7;-74.7;0.1
56158;-13.5;-70.6;0.3
56160;-13.4;-70.5;0.4
56162;-13.5;-73.3;-0.1
56164;-13.4;-65.1;-0.1
56166;-13.5;-73.5;0.2
56168;-13.5;-70;0.2
56170;-13.4;-67.7;0
56172;-13.6;-78.1;0.6
56174;-13.6;-66.4;0.5
56176;-13.4;-70;-0.1
56178;-13.6;-75.2;0.3
56180;-13.4;-63.2;0.3
56182;-13.4;-74.5;0.1
56184;-13.8;-73.7;0.5
56186;-14;-66.7;0.4
56188;-13.6;-81.4;0.1
56190;-13.9;-71.1;0.3
56192;-13.5;-70.7;0.7
56194;-13.4;-81.3;0.2
56196;-13.6;-63.5;0
56198;-13.5;-71.5;0.4
56200;-13.7;-74.1;0.2
56202;-13.4;-66;0.4
56204;-13.4;-76;0.5
56206;-13.7;-70.2;-0.4
56208;-13.3;-66.8;0.6
56210;-13.4;-76.8;0.2
56212;-13.4;-65;0.4
56214;-13.4;-72.2;0.2
56216;-13.7;-76;-0.1
56218;-13.6;-67.9;0.2
56220;-13.7;-75.2;0.3
56222;-13.5;-73;0.2
56224;-13.7;-72.7;0.3
56226;-13.7;-77;0.4
56228;-13.5;-65.8;0
56230;-13.4;-70.1;0.3
56232;-13.8;-73.4;0.4
56234;-13.5;-67.1;0
56236;-13.7;-76.1;0.2
56238;-13.7;-70.2;0.4
56240;-13.6;-70.1;0.1
56242;-13.5;-73.9;0.7
56244;-13.4;-65.5;0.1
56246;-13.8;-74.2;0
56248;-13.5;-71.8;0.7
56250;-13.6;-69.4;-0.1
56252;-13.4;-75.6;0.3
56254;-13.7;-69.8;0.6
56256;-13.6;-73.3;-0.1
56258;-13.7;-77.2;0.3
56260;-13.5;-64.6;0.1
56262;-13.9;-74.6;-0.2
56264;-13.4;-69.9;0.3
56266;-13.7;-66.9;0.3
56268;-13.5;-78.3;0
56270;-13.9;-68.6;0.6
56272;-13.3;-69.4;0.4
56274;-13.6;-77.8;-0.2
56276;-13.9;-65.6;0.2
56278;-13.4;-73.6;0.1
56280;-13.6;-75.5;-0.2
56282;-13.4;-64.9;0.2
56284;-13.5;-77.2;0.7
56286;-13.8;-72;0.3
56288;-13.3;-68.2;-0.3
56290;-13.5;-78.7;0.9
56292;-13.2;-64;-0.1
56294;-13.7;-71.1;-0.2
56296;-13.4;-73.4;0.3
56298;-13.8;-67.7;0.4
56300;-13.5;-76.5;0.4
56302;-13.5;-70.8;0.2
56304;-13.4;-68.6;0.1
56306;-13.7;-78;0.1
56308;-13.4;-68.2;0.2
56310;-13.4;-71.9;0.5
56312;-13.5;-72.3;0
56314;-13.4;-67.1;0.2
56316;-13.5;-75.3;0.5
56318;-13.5;-68.4;0
56320;-13.3;-71.2;0.3
56322;-13.5;-73.2;0.6
56324;-13.2;-62.7;0.1
56326;-13.5;-71.7;0
56328;-13.6;-71.6;0.6
56330;-13.6;-68;0.2
56332;-13.5;-77.1;0.2
56334;-13.3;-65.9;0.1
56336;-13.6;-72;0
56338;-13.8;-77.6;0.2
56340;-13.3;-63;0.2
56342;-13.7;-74.4;0.4
56344;-13.4;-71.9;0
56346;-13.7;-63.7;0
56348;-13.6;-76.8;0.6
56350;-13.9;-70;-0.1
56352;-13.7;-70.8;0
56354;-13.8;-78.2;0.7
56356;-13.7;-62.5;0
56358;-13.8;-73.9;0.6
56360;-13.7;-74.9;0
56362;-13.8;-66.1;-0.2
56364;-13.6;-77.9;0.6
56366;-13.5;-71;0
56368;-13.9;-68.4;0.1
56370;-13.6;-77.5;0.4
56372;-13.4;-65.4;0.2
56374;-13.3;-71.5;0.2
56376;-13.8;-76.6;0.2
56378;-13.4;-64.3;0.5
56380;-13.9;-76.5;0.1
56382;-13.7;-73.2;0.4
56384;-13.4;-69.2;0.4
56386;-13.6;-77.6;0.1
56388;-13.7;-66.9;0.2
56390;-13.6;-72.4;0.1
56392;-13.5;-72.4;0.1
56394;-13.5;-70.4;0.2
56396;-13.7;-77.1;0.3
56398;-13.6;-70.9;0.3
56400;-13.6;-71.9;0.2
56402;-13.4;-74.7;-0.2
56404;-13.7;-68.1;0.1
56406;-13.7;-75;0.1
56408;-13.3;-68.7;0
56410;-13.4;-65.8;0
56412;-13.4;-76.6;0.2
56414;-13.3;-66.9;0
56416;-13.4;-75.8;0.2
56418;-13.8;-77.8;0.2
56420;-13.7;-63.2;0.2
56422;-13.7;-77.1;0.5
56424;-13.7;-73.1;0.2
56426;-13.4;-66;0.1
56428;-13.8;-80.4;0.3
56430;-13.9;-67.6;0.8
56432;-13.4;-67.5;0.1
56434;-13.8;-79.6;0.4
56436;-13.4;-62.8;0.4
56438;-13.8;-73;0
56440;-13.6;-72.7;0.2
56442;-13.3;-62.2;0.3
56444;-13.5;-76.4;0.1
56446;-13.7;-70;0.5
56448;-13.8;-69.8;0.3
56450;-13.8;-78.5;0.3
56452;-13.6;-66.9;0.5
56454;-13.5;-69.9;0.1
56456;-13.4;-73;0
56458;-13.7;-66.1;0.2
56460;-13.6;-76;0.5
56462;-13.4;-68.8;0.2
56464;-13.4;-68.3;0.3
56466;-13.6;-76.4;0.1
56468;-13.3;-65.1;0
56470;-13.6;-73;0.4
56472;-13.4;-71.6;-0.2
56474;-13.7;-67.3;0.4
56476;-13.4;-76;0.9
56478;-13.6;-70.1;-0.1
56480;-13.5;-72.6;0.2
56482;-13.4;-75.3;0.5
56484;-13.4;-64;-0.4
56486;-13.8;-73.5;0.4
56488;-13.9;-72.9;0.6
56490;-13.5;-67.2;-0.2
56492;-13.2;-75.6;0.6
56494;-13.8;-68.3;0.6
56496;-13.6;-69.5;-0.3
56498;-13.6;-75.4;0.4
56500;-13.9;-66.3;0
56502;-13.7;-76.6;-0.3
56504;-13.6;-72.3;0.7
56506;-13.7;-66.3;-0.1
56508;-13.6;-80.9;0.1
56510;-13.7;-68.7;0.9
56512;-13.5;-70.4;-0.1
56514;-13.7;-79.4;0.4
56516;-13.8;-63.7;0.5
56518;-13.4;-71;0.1
56520;-13.4;-72.1;0.3
56522;-13.4;-64.3;0.4
56524;-13.4;-78.2;0.2
56526;-13.5;-69.2;0.9
56528;-13.5;-66.9;-0.3
56530;-13.5;-77.7;0
56532;-13.3;-64.5;0.5
56534;-13.5;-69.9;-0.2
56536;-13.7;-75.2;0.2
56538;-13.8;-67.4;0.3
56540;-13.4;-75;-0.2
56542;-13.4;-70.8;0.8
56544;-13.4;-68.8;0.5
56546;-13.7;-75.6;-0.1
56548;-13.5;-67.6;0.2
56550;-13.7;-71.1;0
56552;-13.6;-70.6;0
56554;-13.3;-67.6;0.5
56556;-13.5;-75.1;0.4
56558;-13.6;-70.4;0
56560;-13.5;-70.4;0.4
56562;-13.4;-73.1;0.2
56564;-13.8;-67.2;-0.1
56566;-13.7;-73.8;0.4
56568;-13.3;-70.9;0
56570;-13.6;-68.5;0.2
56572;-13.8;-79.2;0.7
56574;-13.6;-70.4;0
56576;-13.5;-71.6;0.6
56578;-13.4;-76.8;0.4
56580;-13.6;-63.3;-0.3
56582;-13.5;-72;0.5
56584;-13.5;-71.7;0.3
56586;-13.7;-67.3;-0.2
56588;-13.4;-78.7;0.6
56590;-13.4;-67.8;0
56592;-13.9;-70.5;-0.1
56594;-13.4;-78.1;0.4
56596;-13.7;-66.7;-0.2
56598;-13.7;-73.9;0.1
56600;-13.3;-72;0.9
56602;-13.5;-66.4;-0.1
56604;-13.8;-79.3;0.1
56606;-13.7;-70;0.7
56608;-13.7;-71.2;0
56610;-13.5;-76.3;0.2
56612;-13.8;-64.4;0.3
56614;-13.8;-72.4;-0.1
56616;-13.7;-75.6;0.5
56618;-13.5;-65.9;0.5
56620;-13.7;-77;-0.1
56622;-13.4;-69.8;0.6
56624;-13.3;-69.1;0.2
56626;-13.7;-77.8;0
56628;-13.6;-68;0.3
56630;-13.4;-71;0.4
56632;-13.4;-70.6;-0.2
56634;-13.4;-66.1;0.4
56636;-13.4;-73.7;0
56638;-13.6;-70.5;0
56640;-13.6;-69.9;0.2
56642;-13.6;-73.9;0.3
56644;-13.5;-65.6;0.4
56646;-13.7;-72.5;0.2
56648;-13.5;-68.9;0.4
56650;-13.7;-67.6;0
56652;-13.5;-76.1;0.3
56654;-13.4;-66.6;0.4
56656;-13.8;-73;-0.1
56658;-13.7;-77.2;0
56660;-13.4;-62.5;0.6
56662;-13.6;-74.5;0.2
56664;-13.7;-72.8;0
56666;-13.7;-64.7;0.4
56668;-13.5;-79.4;0.1
56670;-13.8;-69.8;-0.4
56672;-13.6;-70;0.7
56674;-13.3;-77.3;-0.1
56676;-13.8;-63.5;0.1
56678;-13.4;-70.2;0.8
56680;-13.6;-75.5;-0.5
56682;-13.5;-64.4;0.6
56684;-13.4;-77.4;0.3
56686;-13.5;-70.6;0
56688;-13.4;-67.2;0.4
56690;-13.6;-78.5;0
56692;-13.5;-67.3;0.3
56694;-13.4;-71.4;0.4
56696;-13.9;-75.3;-0.1
56698;-13.7;-67.9;0.3
56700;-13.7;-77.9;0.2
56702;-13.4;-70.2;0.4
56704;-13.4;-70.4;0.2
56706;-13.4;-75.6;0
56708;-13.5;-65.6;0.3
56710;-13.4;-71.5;0.3
56712;-13.8;-74.1;-0.2
56714;-13.5;-68.1;0.1
56716;-13.7;-76.7;0
56718;-13.7;-69.6;-0.2
56720;-13.5;-69.5;0.5
56722;-13.4;-74.3;0
56724;-13.7;-66.9;-0.1
56726;-13.8;-73.6;0.5
56728;-13.7;-72.2;0.1
56730;-13.4;-65.5;0
56732;-13.7;-77.9;0.3
56734;-13.6;-69.3;0.3
56736;-13.7;-72.3;0.1
56738;-13.6;-74.4;0
56740;-13.4;-63.1;0.4
56742;-13.2;-72.6;0.1
56744;-13.7;-72.1;0
56746;-13.8;-66.1;0.5
56748;-13.5;-78;0.4
56750;-13.5;-66.1;0.1
56752;-13.5;-67.9;0.1
56754;-13.5;-76.2;0.3
56756;-13.6;-64.5;0
56758;-13.4;-73.3;0.6
56760;-13.8;-75.8;0.4
56762;-13.9;-64.7;0
56764;-13.7;-78.9;0.3
56766;-13.6;-72.6;0.6
56768;-13.4;-68.4;0.2
56770;-13.4;-77.8;0.1
56772;-13.5;-63.5;0.4
56774;-13.4;-69.3;0.5
56776;-13.6;-75.8;-0.3
56778;-13.7;-67.1;0.8
56780;-13.6;-75.8;0.2
56782;-13.4;-70.5;-0.1
56784;-13.5;-68.1;0.4
56786;-13.8;-77.1;0
56788;-13.6;-69.1;0.4
56790;-13.4;-72.3;0.4
56792;-13.6;-70.9;0.1
56794;-13.5;-66.8;0.2
56796;-13.6;-77;0.3
56798;-13.5;-69.9;0.6
56800;-13.6;-74.2;0
56802;-13.6;-75.7;0.3
56804;-13.4;-63.3;0.3
56806;-13.6;-73.4;-0.2
56808;-13.8;-71.9;0.5
56810;-13.6;-66.5;0.4
56812;-13.7;-78;0.1
56814;-13.5;-67.4;0.7
56816;-13.4;-70.3;0.2
56818;-13.4;-75.2;0.2
56820;-13.4;-63.3;0.5
56822;-13.5;-72.8;0.6
56824;-13.6;-73;0
56826;-13.5;-64.6;0.3
56828;-13.4;-76.1;0.4
56830;-13.5;-68.1;0.2
56832;-13.4;-67.6;0.4
56834;-13.5;-76.5;0.5
56836;-13.7;-62.7;0.1
56838;-13.8;-72.8;0.5
56840;-13.6;-72.7;0.4
56842;-13.5;-64.3;0
56844;-13.7;-76.2;0.3
56846;-13.8;-68.8;0.3
56848;-13.8;-68.1;-0.2
56850;-13.7;-78.4;0.4
56852;-13.4;-65;0.9
56854;-13.3;-69.4;-0.4
56856;-13.6;-75.8;0.3
56858;-13.4;-64.3;0.5
56860;-13.4;-74.5;0
56862;-13.8;-71.9;0.5
56864;-13.5;-68.3;0.2
56866;-13.7;-76.7;0.2
56868;-13.7;-67;0.4
56870;-13.6;-71.9;0
56872;-13.4;-71.2;0.2
56874;-13.6;-66.4;0.3
56876;-13.6;-75.5;-0.1
56878;-13.8;-69.9;-0.1
56880;-13.4;-69;0.4
56882;-13.7;-75.8;0.2
56884;-13.5;-65.9;-0.1
56886;-13.6;-74.6;0
56888;-13.3;-68.2;0.2
56890;-13.5;-67.2;0.1
56892;-13.5;-75.3;0.2
56894;-13.3;-66.5;0.2
56896;-13.6;-74.1;0.1
56898;-13.6;-77.8;0
56900;-13.7;-64.8;0
56902;-13.8;-74.3;0.8
56904;-13.8;-72.6;0
56906;-13.7;-67.4;0.1
56908;-13.5;-79.9;0.4
56910;-13.8;-69.5;0
56912;-13.4;-68.7;0.3
56914;-13.5;-77.4;0.5
56916;-13.8;-64.7;-0.1
56918;-13.7;-72.4;0.3
56920;-13.7;-73.1;0.4
56922;-13.4;-62.5;-0.1
56924;-13.4;-75.5;0.6
56926;-13.4;-69.9;0.7
56928;-13.8;-70.1;-0.1
56930;-13.4;-75.9;0.8
56932;-13.3;-63.4;0.2
56934;-13.4;-70.8;-0.3
56936;-13.6;-73.8;0.8
56938;-14;-67.6;0.1
56940;-13.4;-73.7;-0.1
56942;-13.6;-68.9;0.8
56944;-13.9;-69.3;-0.2
56946;-13.4;-73;0.4
56948;-13.7;-66.7;0.5
56950;-13.8;-72.3;-0.1
56952;-13.5;-70.7;0.8
56954;-13.4;-64.4;0.1
56956;-13.4;-74;0.1
56958;-13.8;-71.5;0.6
56960;-13.5;-70.6;-0.3
56962;-13.9;-76.9;0.6
56964;-13.5;-64;0.7
56966;-13.6;-72.4;-0.7
56968;-13.5;-69.5;0.5
56970;-13.4;-67.1;0.1
56972;-13.6;-76.7;0
56974;-13.5;-65.7;0.6
56976;-13.8;-70.7;0
56978;-13.5;-75.7;0
56980;-13.4;-65;0.4
56982;-13.5;-74.5;0.1
56984;-13.6;-70.3;0.5
56986;-13.7;-67;0.5
56988;-13.5;-78.2;-0.2
56990;-13.6;-69.2;0.8
56992;-13.3;-69.4;0
56994;-13.5;-77.3;0.3
56996;-13.5;-63.5;0.8
56998;-13.7;-73.5;-0.5
57000;-13.7;-74.4;0.3
57002;-13.4;-63.9;0.2
57004;-13.4;-76.7;-0.1
57006;-13.6;-70.3;0.3
57008;-13.7;-68.4;0.1
57010;-13.6;-77.8;0
57012;-13.3;-63.5;0.3
57014;-13.4;-69.7;0.2
57016;-13.8;-75.6;0.6
57018;-13.5;-63.5;0
57020;-13.4;-72.9;-0.1
57022;-13.8;-70.9;0.4
57024;-13.7;-70.7;0.2
57026;-13.7;-75.2;-0.1
57028;-13.4;-66.1;0.4
57030;-13.6;-68.5;0.1
57032;-13.4;-69.5;0
57034;-13.7;-67.4;0.2
57036;-13.5;-73;0.2
57038;-13.4;-65.9;0.2
57040;-13.4;-68.7;0.3
57042;-13.5;-74.3;0.4
57044;-13.4;-63.5;0.3
57046;-13.4;-71.7;0.1
57048;-13.8;-72.2;0.3
57050;-13.7;-66.8;0.1
57052;-13.6;-77.2;0.3
57054;-13.8;-68.9;0.3
57056;-13.7;-72.2;0.3
57058;-13.8;-77.2;0
57060;-13.5;-61;0.4
57062;-13.4;-71.5;0.1
57064;-13.6;-72.2;0
57066;-13.6;-65.2;0.6
57068;-13.4;-75.8;0.2
57070;-13.6;-68.4;0
57072;-13.4;-66.7;0.3
57074;-13.9;-77.4;0.2
57076;-13.4;-62.9;0
57078;-13.8;-73.6;0.8
57080;-13.6;-71.2;0.1
57082;-13.4;-63.7;-0.2
57084;-13.4;-76.1;0.6
57086;-13.7;-69.9;0.1
57088;-13.7;-71.5;0.3
57090;-13.4;-75.7;0.4
57092;-13.3;-62.6;0.1
57094;-13.3;-70.4;0.3
57096;-13.5;-72.2;0.3
57098;-13.7;-66.5;0.2
57100;-13.7;-76.1;0.3
57102;-13.9;-69.5;0.4
57104;-13.6;-66.7;0.1
57106;-13.6;-76.2;0.1
57108;-13.6;-67.5;0.3
57110;-13.6;-71;0.2
57112;-13.5;-73.3;0.4
57114;-13.7;-68.3;-0.2
57116;-13.7;-75.2;0.1
57118;-13.4;-68.2;0.4
57120;-13.4;-70.3;-0.1
57122;-13.7;-75.2;0.4
57124;-13.4;-63.4;0.4
57126;-13.6;-72.4;-0.2
57128;-13.4;-68.4;0.4
57130;-13.5;-66.6;0.3
57132;-13.5;-74.2;0.3
57134;-13.7;-65.4;0.5
57136;-13.3;-69.6;0.1
57138;-13.3;-74.9;0.1
57140;-13.6;-63.2;0.6
57142;-13.7;-75.2;0.1
57144;-13.7;-72.2;0.2
57146;-13.5;-62.1;0.6
57148;-13.6;-78.6;-0.3
57150;-13.4;-67.5;0.7
57152;-13.7;-70.1;0.4
57154;-13.6;-78.9;-0.4
57156;-13.6;-61.2;0.8
57158;-13.4;-68.9;0.1
57160;-13.5;-71.8;0.3
57162;-13.6;-64.2;0.3
57164;-13.6;-76;0.2
57166;-13.6;-70;0.6
57168;-13.4;-65;0
57170;-13.4;-76.7;0.1
57172;-13.5;-64;0.6
57174;-13.5;-72;0.1
57176;-13.8;-74.4;0.3
57178;-13.6;-64.6;0.1
57180;-13.6;-76.4;0.1
57182;-13.4;-68.8;0.5
57184;-13.4;-68.4;0.2
57186;-13.3;-73.7;-0.3
57188;-13.5;-64.9;0.8
57190;-13.5;-69.9;0.1
57192;-13.6;-71.5;-0.2
57194;-13.5;-66.8;0.4
57196;-13.7;-75.8;0
57198;-13.6;-70.2;0.2
57200;-13.8;-70.9;0.1
57202;-13.7;-76.1;0.1
57204;-13.5;-64.8;0.4
57206;-13.5;-73.4;0.3
57208;-13.8;-71.7;0.5
57210;-13.4;-65.1;0.2
57212;-13.5;-75.1;0.4
57214;-13.5;-66.4;0.1
57216;-13.7;-72.7;-0.4
57218;-13.5;-74.7;0.4
57220;-13.7;-64.8;0.4
57222;-13.7;-74.1;0
57224;-13.7;-71;0.1
57226;-13.6;-67;0.1
57228;-13.4;-76.5;0.6
57230;-13.4;-65.3;0.4
57232;-13.4;-67.1;0
57234;-13.8;-78.2;0.2
57236;-13.7;-62.6;0.5
57238;-13.9;-72.8;0
57240;-13.4;-72;0.1
57242;-13.4;-61;0.2
57244;-13.5;-76.4;0.2
57246;-13.4;-68.6;-0.1
57248;-13.7;-67.5;0.2
57250;-13.8;-79.2;0.5
57252;-13.8;-63.5;-0.1
57254;-13.4;-67.9;0.2
57256;-13.7;-74.9;0.3
57258;-13.8;-66.1;-0.3
57260;-13.3;-72.7;0.4
57262;-13.7;-70.1;0.5
57264;-13.6;-68.5;-0.1
57266;-13.7;-75.4;0.5
57268;-13.8;-67.4;0
57270;-13.6;-72.1;-0.2
57272;-13.4;-69.8;0.7
57274;-13.7;-67.7;0.3
57276;-13.5;-73.6;0.3
57278;-13.6;-67.3;0.8
57280;-13.6;-74.1;0
57282;-13.3;-73.4;0
57284;-13.4;-63;0.5
57286;-13.6;-71.7;-0.3
57288;-13.7;-71.4;0.2
57290;-13.4;-66.3;0.6
57292;-13.5;-75.4;0.2
57294;-13.4;-65.6;0.3
57296;-13.5;-70.5;0.4
57298;-13.6;-76.4;0.2
57300;-13.4;-63.5;0
57302;-13.5;-72.3;0.1
57304;-13.3;-70.5;0.1
57306;-13.5;-65.4;0
57308;-13.5;-77.2;0.2
57310;-13.3;-68.1;0.3
57312;-13.5;-71.4;0
57314;-13.4;-76.6;-0.3
57316;-13.7;-64.5;0.4
57318;-13.9;-72.2;0
57320;-13.5;-71.8;0.1
57322;-13.5;-63.6;0.5
57324;-13.3;-75.2;0.4
57326;-13.6;-68.8;0
57328;-13.6;-68.3;0.6
57330;-13.6;-76.5;-0.1
57332;-13.5;-62.6;0
57334;-13.4;-68.2;0.1
57336;-13.5;-75.6;-0.1
57338;-13.4;-62.4;0.5
57340;-13.4;-72.7;0.4
57342;-13.7;-71.9;0.2
57344;-13.5;-67.4;0.3
57346;-13.7;-76.1;0
57348;-13.4;-64.4;0.4
57350;-13.6;-70.1;0.5
57352;-13.6;-72;0.1
57354;-13.7;-66.7;-0.3
57356;-13.5;-72.5;0.1
57358;-13.7;-69.1;0.1
57360;-13.2;-67;0.1
57362;-13.7;-74.4;0.2
57364;-13.6;-65.6;0.3
57366;-13.7;-73.3;0.4
57368;-13.5;-69;0
57370;-13.4;-66.1;0.3
57372;-13.5;-74.7;0.1
57374;-13.3;-65;0
57376;-14;-72.9;0.8
57378;-13.8;-75.8;0
57380;-13.4;-60.9;0
57382;-13.6;-71.4;0.1
57384;-13.7;-72;0.3
57386;-13.4;-64;0.3
57388;-13.7;-78.9;0.2
57390;-13.5;-66.5;0
57392;-13.4;-68;0.5
57394;-13.5;-79.2;0.5
57396;-13.6;-64;-0.4
57398;-13.4;-71;0.6
57400;-13.6;-73.9;0.7
57402;-13.3;-62.2;-0.2
57404;-13.7;-76;1
57406;-13.4;-68.4;-0.1
57408;-13.6;-69;0.1
57410;-13.4;-75.1;0.5
57412;-13.7;-65.3;-0.2
57414;-13.6;-69.3;0.8
57416;-13.7;-74;0.1
57418;-13.4;-64.6;-0.2
57420;-13.9;-75.6;0.4
57422;-13.5;-68.4;0
57424;-13.4;-67.3;0
57426;-13.7;-76.7;0.6
57428;-13.4;-65;0
57430;-13.5;-71.3;-0.1
57432;-13.5;-71.1;0.5
57434;-13.5;-65.6;0.4
57436;-13.7;-75.4;-0.4
57438;-13.9;-70.7;0.4
57440;-13.5;-71.1;0.5
57442;-13.5;-73.3;-0.3
57444;-13.4;-63.8;0.7
57446;-13.5;-69.4;0.3
57448;-13.5;-70.3;0
57450;-13.6;-68.3;0.4
57452;-13.5;-74.6;0.1
57454;-13.9;-68.4;0.1
57456;-13.6;-70.1;0.4
57458;-13.5;-74.8;-0.4
57460;-13.8;-64.6;0.3
57462;-13.9;-73.8;0.7
57464;-13.4;-68.3;-0.2
57466;-13.9;-64.4;0.2
57468;-13.8;-79.3;0.2
57470;-13.7;-68.4;0
57472;-13.4;-70.6;0.3
57474;-13.5;-76;0.1
57476;-13.6;-62.3;0
57478;-13.6;-70.3;0.5
57480;-13.5;-71.9;0
57482;-13.3;-63.3;-0.2
57484;-13.4;-77.1;0.7
57486;-13.7;-68.1;0.1
57488;-13.4;-66;0.2
57490;-13.6;-76.2;0.2
57492;-13.4;-63.6;0.2
57494;-13.7;-69.4;0.3
57496;-13.5;-73.7;0.3
57498;-13.8;-65.9;0.2
57500;-13.5;-75.9;0.4
57502;-13.4;-70.5;0.4
57504;-13.4;-67;-0.1
57506;-13.8;-76.2;0.1
57508;-13.7;-67.8;0.2
57510;-13.3;-69;0.2
57512;-13.5;-71.5;0
57514;-13.3;-66.5;0.2
57516;-13.4;-73.9;0.3
57518;-13.6;-66.2;0.5
57520;-13.4;-69;0.2
57522;-13.6;-73.8;-0.1
57524;-13.7;-65.2;0.5
57526;-13.5;-71;0.4
57528;-13.7;-71.8;0
57530;-13.4;-64.2;0.2
57532;-13.4;-74.7;0.5
57534;-13.5;-66.4;-0.2
57536;-13.6;-72.5;0
57538;-13.6;-76.6;0.5
57540;-13.5;-60.9;0.1
57542;-13.3;-71.8;0.3
57544;-13.4;-70.7;0.3
57546;-13.4;-64.2;0
57548;-13.7;-76.5;0.1
57550;-13.4;-65.2;0.3
57552;-13.6;-67;0.2
57554;-13.6;-77.7;0.2
57556;-13.4;-61.9;0.5
57558;-13.8;-74.1;0.1
57560;-13.7;-71;0.2
57562;-13.6;-64.3;0.1
57564;-13.4;-75.2;0
57566;-13.7;-70.5;0
57568;-13.3;-69.4;0.5
57570;-13.4;-75.3;0.3
57572;-13.5;-63.5;0.1
57574;-13.4;-69.1;0.3
57576;-13.7;-72.6;0.3
57578;-13.7;-66.3;0.1
57580;-13.4;-75.4;0.1
57582;-13.7;-71.2;0.7
57584;-13.4;-67;0.3
57586;-13.6;-77;-0.4
57588;-13.7;-66.9;0.5
57590;-13.6;-70.3;0
57592;-13.5;-70.3;-0.2
57594;-13.7;-68.6;0.4
57596;-13.8;-74.7;0.5
57598;-13.6;-69.4;0
57600;-13.6;-71.9;0.4
57602;-13.6;-72.3;0.4
57604;-13.6;-65.5;0
57606;-13.5;-70.5;0.7
57608;-13.4;-68.3;0.3
57610;-13.5;-65.7;0
57612;-13.6;-76.3;0.1
57614;-13.5;-64.2;0.3
57616;-13.9;-71.1;0.2
57618;-13.4;-74;0.2
57620;-13.6;-62.1;0.5
57622;-13.4;-72.4;0.2
57624;-13.7;-71.9;-0.1
57626;-13.6;-63.9;0.3
57628;-13.8;-78.8;0.3
57630;-13.4;-67.6;0.4
57632;-13.3;-68.2;0.1
57634;-13.4;-75.8;0
57636;-13.7;-60.4;0.2
57638;-13.7;-70.3;0.3
57640;-13.6;-71.5;0.2
57642;-13.5;-62.7;0.6
57644;-13.3;-74.4;0.2
57646;-13.4;-67.5;0.1
57648;-13.6;-66.1;0.2
57650;-13.4;-75.7;-0.2
57652;-13.4;-65.1;0.6
57654;-13.6;-71.3;0.2
57656;-13.7;-74.2;-0.1
57658;-13.6;-66.3;0.3
57660;-13.7;-75.6;0.2
57662;-13.7;-70.5;0.2
57664;-13.6;-71.1;0.1
57666;-13.5;-74;0.2
57668;-13.4;-62.9;0
57670;-13.5;-70.8;0.1
57672;-13.6;-71.4;0.1
57674;-13.8;-67.7;-0.1
57676;-13.4;-73.7;0.7
57678;-13.9;-69.2;0.1
57680;-13.5;-69.6;-0.3
57682;-13.5;-75.5;0.7
57684;-13.4;-65;0.3
57686;-13.6;-73.1;0
57688;-13.4;-69.8;0.6
57690;-13.7;-67.1;0
57692;-13.4;-74.3;-0.1
57694;-13.4;-65.5;0.7
57696;-13.8;-71.9;0.2
57698;-13.5;-73.7;0
57700;-13.7;-64.4;0.3
57702;-13.4;-70.5;0.4
57704;-13.4;-69.5;0
57706;-13.7;-66.6;-0.4
57708;-13.4;-76.7;0.9
57710;-13.5;-66.7;0.1
57712;-13.7;-70.2;-0.4
57714;-13.6;-78.4;0.7
57716;-13.7;-64.2;0
57718;-13.3;-70.2;0.1
57720;-13.7;-72.3;0.6
57722;-13.4;-61.9;-0.3
57724;-13.5;-75.7;0.2
57726;-13.4;-68.3;0.8
57728;-13.4;-66.7;-0.3
57730;-13.3;-75.6;0.2
57732;-13.4;-61;0.5
57734;-13.4;-68.3;0
57736;-13.5;-75.1;0
57738;-13.5;-65.6;0.6
57740;-13.4;-73;0
57742;-13.6;-70.7;0.4
57744;-13.7;-68.2;0.3
57746;-13.6;-74.5;0.1
57748;-13.7;-66.2;-0.2
57750;-13.6;-70.5;0.2
57752;-13.7;-69.3;0.4
57754;-13.7;-68.1;-0.1
57756;-13.4;-73;0
57758;-13.6;-69.3;0.5
57760;-13.4;-71.3;0
57762;-13.9;-74.9;0.4
57764;-13.5;-63.2;0.4
57766;-13.7;-73.7;0
57768;-13.3;-70;0.7
57770;-13.5;-66.1;0.3
57772;-13.6;-75.9;-0.1
57774;-13.6;-68.1;0.1
57776;-13.4;-70.8;0.3
57778;-13.7;-77.1;0
57780;-13.6;-63;-0.2
57782;-13.4;-72.8;0.2
57784;-13.6;-70.5;0.2
57786;-13.7;-65.7;0.1
57788;-13.4;-75.3;0.3
57790;-13.5;-67.7;0.2
57792;-13.6;-70.9;0.3
57794;-13.4;-77.3;0.2
57796;-13.7;-64.5;0.5
57798;-13.9;-73.5;0
57800;-13.6;-73.6;0.1
57802;-13.6;-65.8;0.7
57804;-13.7;-77.2;0.3
57806;-13.7;-68.5;0
57808;-13.5;-66.6;0.2
57810;-13.4;-75.5;0.2
57812;-13.8;-65.4;0.2
57814;-13.9;-71.5;0.3
57816;-13.4;-74.9;-0.2
57818;-13.4;-63.6;0.1
57820;-13.5;-74.1;0.5
57822;-13.5;-70.1;0
57824;-13.6;-71.1;0.6
57826;-13.6;-75.1;0
57828;-13.7;-65.8;-0.1
57830;-13.3;-67.8;0.8
57832;-13.3;-69.8;0
57834;-13.2;-65.3;0.5
57836;-13.6;-73.3;0.2
57838;-13.8;-68.2;0.2
57840;-13.6;-67.8;0.3
57842;-13.4;-72.1;0.3
57844;-13.5;-63.2;0.2
57846;-13.4;-71.7;0.4
57848;-13.4;-67.1;0.1
57850;-13.6;-66.9;0.5
57852;-13.6;-76.1;0.4
57854;-13.7;-67.5;0.1
57856;-13.5;-72.3;0
57858;-13.5;-74.7;0.3
57860;-13.8;-61.6;0.3
57862;-13.5;-72.6;0.2
57864;-13.4;-70.9;0.3
57866;-13.5;-63.3;0.5
57868;-13.4;-76.2;-0.2
57870;-13.4;-65.7;0.3
57872;-13.4;-66.6;0.7
57874;-13.5;-78.4;-0.1
57876;-13.3;-62.2;0.7
57878;-13.6;-72.2;0.2
57880;-13.7;-74.3;0.1
57882;-13.5;-64.6;0.8
57884;-13.5;-75.9;0
57886;-13.5;-69.5;-0.1
57888;-13.6;-69.6;0.6
57890;-13.3;-75.2;0.1
57892;-13.6;-64.3;-0.1
57894;-13.8;-71;0.6
57896;-14;-74.6;0.2
57898;-13.5;-66.5;0.1
57900;-13.6;-74.1;0.6
57902;-13.5;-68.1;0.1
57904;-13.4;-66.7;0.2
57906;-13.6;-76.9;0.6
57908;-13.4;-65.8;0
57910;-13.4;-70.3;0.3
57912;-13.3;-73.4;0.8
57914;-13.3;-64.3;0
57916;-13.7;-74.7;0.1
57918;-13.5;-68.5;0.3
57920;-13.3;-70.4;0
57922;-13.4;-74;0.2
57924;-13.6;-64.5;0.5
57926;-13.6;-71.4;0
57928;-13.4;-69.4;0.1
57930;-13.8;-67.5;0.8
57932;-13.5;-74.4;0
57934;-13.8;-65.9;0.2
57936;-13.4;-68.6;0.8
57938;-13.8;-75.9;0.4
57940;-13.7;-63;0.1
57942;-13.2;-71;0.2
57944;-13.5;-68.2;0
57946;-13.4;-62.1;0.5
57948;-13.6;-77.8;0.3
57950;-13.7;-67.1;-0.1
57952;-13.4;-68.8;0.5
57954;-13.7;-77.1;0.6
57956;-13.4;-59.5;-0.2
57958;-13.7;-72.7;0.5
57960;-13.6;-72.9;0.3
57962;-13.3;-62.5;0
57964;-13.5;-76.6;0.9
57966;-13.5;-67.9;0.1
57968;-13.7;-67.4;0
57970;-13.4;-75.8;0.6
57972;-13.5;-63.1;0
57974;-13.4;-67.5;0.1
57976;-13.7;-74.2;0.3
57978;-13.7;-65.3;0
57980;-13.5;-75.3;0.3
57982;-13.5;-69.6;0.4
57984;-13.4;-66.8;0
57986;-13.6;-74.2;0.2
57988;-13.8;-67.4;0.5
57990;-13.5;-68.5;0.1
57992;-13.3;-71.5;0.3
57994;-13.4;-66.3;0.4
57996;-13.6;-75.2;-0.4
57998;-13.7;-67.7;0.2
58000;-13.7;-70.7;0.3
58002;-13.5;-74.4;0
58004;-13.3;-62.5;0.4
58006;-13.5;-72.4;0.1
58008;-13.6;-71.4;-0.2
58010;-13.3;-63.9;0.4
58012;-13.6;-75.6;-0.1
58014;-13.7;-68.4;0.1
58016;-13.5;-72.6;0.5
58018;-13.6;-77.6;0.3
58020;-13.7;-61.7;0.1
58022;-13.5;-72.2;0.6
58024;-13.5;-70.3;0
58026;-13.7;-65.6;0.3
58028;-13.3;-75.7;0.6
58030;-13.5;-66.1;0
58032;-13.5;-67.4;0.3
58034;-13.4;-76.2;0.4
58036;-13.7;-63.4;-0.1
58038;-13.3;-70.7;0.3
58040;-13.7;-72.8;0
58042;-13.5;-62.5;-0.3
58044;-13.8;-77.6;0.4
58046;-13.7;-70.5;-0.2
58048;-13.7;-69.9;0.3
58050;-13.5;-76;0.5
58052;-13.6;-63.1;0
58054;-13.4;-68.4;0.2
58056;-13.4;-73.2;0.4
58058;-13.3;-64.1;0.2
58060;-13.7;-74;0.1
58062;-13.8;-69.3;0.2
58064;-13.6;-68;0
58066;-13.4;-73.1;0.1
58068;-13.9;-66.6;0.3
58070;-13.7;-70.5;0.2
58072;-13.3;-70.2;-0.1
58074;-13.6;-66.1;0.6
58076;-13.7;-75.9;0
58078;-13.9;-70.9;0.1
58080;-13.5;-70.7;0.6
58082;-13.5;-75.2;-0.2
58084;-13.5;-63.5;0.2
58086;-13.7;-71.7;0.4
58088;-13.6;-70.4;-0.2
58090;-13.5;-66.7;0.5
58092;-13.4;-73.9;0.2
58094;-13.5;-65.3;-0.1
58096;-13.4;-69.4;0.5
58098;-13.6;-76.2;-0.2
58100;-13.6;-63.4;0.1
58102;-13.8;-76.6;0.5
58104;-13.8;-73.5;0
58106;-13.7;-65.6;0
58108;-13.8;-79.4;0.5
58110;-13.8;-70;-0.2
58112;-13.5;-69.3;0.1
58114;-13.5;-76.6;0.6
58116;-13.5;-62.8;-0.1
58118;-13.4;-68.8;0.1
58120;-13.3;-72;0.6
58122;-13.5;-63.4;0.1
58124;-13.5;-74.9;0.5
58126;-13.6;-69.3;0.2
58128;-13.4;-65.3;-0.1
58130;-13.5;-77.1;0.3
58132;-13.6;-64.7;0.3
58134;-13.8;-72.1;0
58136;-13.4;-71.6;0.5
58138;-13.4;-64.3;0.3
58140;-13.5;-74;0.2
58142;-13.4;-67.9;0.7
58144;-13.8;-70.8;0
58146;-13.5;-74.1;0.1
58148;-13.5;-63.8;0.5
58150;-13.7;-70.6;-0.1
58152;-13.7;-70.6;0.3
58154;-13.7;-67.7;0.6
58156;-13.4;-73.3;-0.1
58158;-13.8;-69.5;0.2
58160;-13.5;-69.1;0.8
58162;-13.4;-73.6;0.3
58164;-13.5;-65.5;0.3
58166;-13.4;-72.8;0.1
58168;-13.9;-71.7;0
58170;-13.4;-64.3;0.3
58172;-13.6;-76.1;0.5
58174;-13.4;-65.9;0.1
58176;-13.6;-71.5;0.2
58178;-13.5;-73.7;0.2
58180;-13.4;-62.6;-0.1
58182;-13.9;-73.2;0.8
58184;-13.4;-69.4;0.1
58186;-13.6;-66.1;-0.2
58188;-13.5;-78.7;0.4
58190;-13.5;-68;-0.1
58192;-13.4;-68.4;0.1
58194;-13.5;-77.1;0.3
58196;-13.6;-64.9;-0.5
58198;-13.5;-73.3;0.3
58200;-13.8;-75.2;0.4
58202;-13.3;-62.1;-0.2
58204;-13.4;-75.2;0.7
58206;-13.7;-69.7;-0.3
58208;-13.4;-66.5;0.2
58210;-13.4;-77.1;0.7
58212;-13.5;-62.1;0
58214;-13.4;-68.7;0.5
58216;-13.7;-76.2;0.7
58218;-13.4;-65.5;-0.5
58220;-13.7;-75.1;0.1
58222;-13.4;-70;0.3
58224;-13.3;-66.2;0
58226;-13.9;-76.2;0.3
58228;-13.7;-66;0.3
58230;-13.5;-70.1;0.1
58232;-13.4;-69.5;0.2
58234;-13.4;-64.5;0.1
58236;-13.3;-73;0.3
58238;-13.6;-68.6;0
58240;-13.5;-70.5;0
58242;-13.6;-74.1;0.4
58244;-13.4;-62.5;0.1
58246;-13.8;-73.7;0.5
58248;-13.6;-71;0.4
58250;-13.4;-66.5;0.1
58252;-13.3;-74.7;0.4
58254;-13.8;-67.3;0.3
58256;-13.7;-70.4;0
58258;-13.9;-76.3;0.3
58260;-13.7;-64;0.3
58262;-13.2;-70.9;0.2
58264;-13.5;-70.9;0.5
58266;-13.4;-63.1;0.1
58268;-13.7;-77.3;0.1
58270;-13.5;-66;0.3
58272;-13.9;-70.8;0.4
58274;-13.6;-77;0.2
58276;-13.5;-63.5;0.1
58278;-13.7;-72.4;0.2
58280;-13.7;-73.7;0.2
58282;-13.4;-65.5;0.1
58284;-13.7;-76.8;0.2
58286;-13.6;-67.6;0.1
58288;-13.5;-66.1;0.5
58290;-13.5;-75.7;0.1
58292;-13.7;-63.7;0.4
58294;-13.4;-69.6;0.4
58296;-13.5;-72.4;0
58298;-13.5;-63.4;0.4
58300;-13.4;-74.5;0.6
58302;-13.5;-72.3;-0.1
58304;-13.5;-69.3;0.3
58306;-13.6;-75.7;0.5
58308;-13.8;-66.5;0.2
58310;-13.5;-69.1;0.5
58312;-13.5;-70.6;0.3
58314;-13.6;-67.5;-0.1
58316;-13.5;-73.5;-0.2
58318;-13.3;-68.5;0.6
58320;-13.6;-68.9;0.2
58322;-13.5;-72.8;-0.2
58324;-13.4;-63.4;0.4
58326;-13.6;-72.7;0.7
58328;-13.5;-67.7;0.1
58330;-13.7;-68.6;0.1
58332;-13.4;-75.6;0.2
58334;-13.5;-66;0
58336;-13.7;-72.7;0.4
58338;-13.5;-76.3;0.3
58340;-13.5;-62;0.3
58342;-13.7;-73.5;0.4
58344;-13.7;-70.7;-0.2
58346;-13.8;-64.7;0.4
58348;-13.7;-77.3;0.4
58350;-13.6;-66.7;0.2
58352;-13.8;-67.4;0.2
58354;-13.7;-76.6;0.3
58356;-13.5;-62;0.3
58358;-13.3;-71.4;-0.2
58360;-13.4;-71;0.7
58362;-13.4;-61.6;0.3
58364;-13.9;-77.3;-0.3
58366;-13.6;-69.3;0.7
58368;-13.6;-69.4;0.1
58370;-13.5;-74.9;-0.3
58372;-13.5;-63.3;0.8
58374;-13.4;-68.5;0.1
58376;-13.7;-73.2;0
58378;-13.8;-66.5;0.5
58380;-13.5;-74.4;0.5
58382;-13.4;-68.3;0
58384;-13.3;-66.2;0.3
58386;-13.4;-73.3;0.2
58388;-13.4;-65.9;0.2
58390;-13.6;-71;0
58392;-13.5;-73.2;0.4
58394;-13.4;-64.4;0.1
58396;-13.7;-76.7;0
58398;-13.7;-70.8;0.2
58400;-13.3;-69.6;0
58402;-13.5;-73.4;0.2
58404;-13.7;-64.3;0.1
58406;-13.6;-71.1;-0.3
58408;-13.7;-69.8;0.9
58410;-13.6;-65.5;0.4
58412;-13.5;-74.2;0
58414;-13.4;-66.1;0.6
58416;-13.4;-69;0.2
58418;-13.6;-74.9;-0.2
58420;-13.7;-64.4;0.6
58422;-13.4;-74.9;0.3
58424;-13.4;-68.6;0
58426;-13.7;-64.1;0.2
58428;-13.8;-78.3;0.2
58430;-13.5;-67.8;0.3
58432;-13.4;-68.3;0.2
58434;-13.4;-74.7;0.3
58436;-13.6;-59.5;0
58438;-13.6;-70.7;0
58440;-13.6;-71.1;0.4
58442;-13.4;-61.9;0
58444;-13.3;-75.3;0
58446;-13.6;-69.7;0.5
58448;-13.3;-65.1;0
58450;-13.6;-75.4;-0.1
58452;-13.4;-64.1;0.2
58454;-13.6;-71.1;0
58456;-13.8;-74;-0.2
58458;-13.6;-65.4;0.4
58460;-13.6;-72.8;0.1
58462;-13.7;-71;-0.4
58464;-13.4;-69;0.6
58466;-13.7;-73.8;0.2
58468;-13.7;-65.8;-0.4
58470;-13.6;-69.3;0.6
58472;-13.4;-69.7;0.3
58474;-13.6;-68.1;-0.3
58476;-13.5;-73.4;0.9
58478;-13.6;-66.6;0.1
58480;-13.6;-69.6;0.1
58482;-13.4;-73.2;0.8
58484;-13.4;-64.3;-0.4
58486;-13.4;-72;0.1
58488;-13.4;-70;0.5
58490;-13.7;-65.2;-0.4
58492;-13.5;-75.3;0.8
58494;-13.4;-65.4;0
58496;-13.4;-69.1;-0.3
58498;-13.6;-76.9;0.5
58500;-13.9;-63.5;0.2
58502;-13.6;-73.9;0.2
58504;-13.7;-72.8;0.6
58506;-13.7;-64.7;0.1
58508;-13.8;-77.8;0.2
58510;-13.4;-66.4;0
58512;-13.4;-66.8;0.5
58514;-13.4;-76;0.2
58516;-13.6;-62.8;-0.4
58518;-13.5;-71.6;0.2
58520;-13.4;-70.9;0.1
58522;-13.4;-62.2;0
58524;-13.8;-77;0.6
58526;-13.7;-68.5;-0.1
58528;-13.5;-69.5;0.1
58530;-13.5;-76.1;0.6
58532;-13.4;-63.2;0.1
58534;-13.3;-68.4;0
58536;-13.7;-71.9;0.6
58538;-13.5;-63.9;0
58540;-13.6;-72.8;0.1
58542;-13.7;-69.3;0.2
58544;-13.6;-67.6;0.4
58546;-13.6;-73.5;0.3
58548;-13.6;-64.1;0.1
58550;-13.4;-68.7;0.2
58552;-13.8;-71.5;0.3
58554;-13.5;-64.9;0
58556;-13.8;-73.9;0.2
58558;-13.6;-70.1;0.4
58560;-13.5;-71.8;0
58562;-13.3;-72.3;0.1
58564;-13.4;-64;0.4
58566;-13.8;-72.5;0.3
58568;-13.4;-68.6;0.4
58570;-13.4;-66.1;0.1
58572;-13.5;-74.3;0
58574;-13.6;-65.1;0.5
58576;-13.6;-71.1;0.2
58578;-13.4;-74.3;0
58580;-13.7;-63;0.7
58582;-13.5;-74;0.3
58584;-13.6;-71.6;-0.2
58586;-13.6;-64.3;0.4
58588;-13.6;-79.7;0.2
58590;-13.4;-66.2;0.3
58592;-13.5;-68.2;0.2
58594;-13.4;-77.8;-0.1
58596;-13.5;-61.6;0.5
58598;-13.4;-70.3;0.2
58600;-13.5;-72.1;0
58602;-13.4;-62;0.4
58604;-13.6;-74.7;0.1
58606;-13.3;-67.9;-0.4
58608;-13.8;-66.7;0.9
58610;-13.5;-75.6;-0.1
58612;-13.3;-63.8;0.3
58614;-13.4;-70.7;0.6
58616;-13.6;-72.8;0.1
58618;-13.6;-66.5;0.1
58620;-13.5;-73.2;0.7
58622;-13.4;-69.6;0.2
58624;-13.5;-70;-0.1
58626;-13.6;-76.3;0.3
58628;-13.8;-65.4;0.3
58630;-13.6;-69.5;0
58632;-13.3;-69.1;0.4
58634;-13.3;-65;0.5
58636;-13.7;-74.5;-0.1
58638;-13.5;-68.1;0.1
58640;-13.6;-67.9;0.4
58642;-13.5;-72.6;-0.1
58644;-13.8;-66;0.2
58646;-13.8;-72.5;0.5
58648;-13.5;-68.4;0
58650;-13.7;-66.9;0.5
58652;-13.5;-73.5;0.1
58654;-13.3;-65.9;0
58656;-13.8;-71.2;0.2
58658;-13.4;-73.5;0.3
58660;-13.3;-60.8;0.4
58662;-13.8;-72.2;0.5
58664;-13.8;-70.4;-0.3
58666;-13.7;-63.8;0
58668;-13.8;-77.4;0.3
58670;-13.7;-67.1;-0.1
58672;-13.6;-69.3;0.2
58674;-13.4;-78.8;0
58676;-13.7;-63.4;0.1
58678;-13.4;-72.1;0.7
58680;-13.5;-72.5;-0.1
58682;-13.7;-64.7;0
58684;-13.5;-76.5;0.3
58686;-13.5;-70.8;0
58688;-13.4;-67;0.4
58690;-13.5;-77.9;0.2
58692;-13.2;-62;0.6
58694;-13.4;-67.8;0.2
58696;-13.4;-73.3;-0.2
58698;-13.4;-65;0.1
58700;-13.7;-75.7;0.3
58702;-13.5;-69.3;0.2
58704;-13.5;-66.7;0.5
58706;-13.7;-75.8;0
58708;-13.6;-66.4;0
58710;-13.5;-70.1;0.3
58712;-13.6;-70.9;0.3
58714;-13.4;-66.2;0.2
58716;-13.3;-73.9;0.3
58718;-13.3;-67.7;0.3
58720;-13.6;-71.6;0.3
58722;-13.7;-74.6;0.2
58724;-13.7;-64.1;0.1
58726;-13.5;-71;0.5
58728;-13.6;-70.1;0
58730;-13.4;-65.8;0.3
58732;-13.5;-75.7;0.5
58734;-13.6;-65.4;0.4
58736;-13.4;-69.4;0.3
58738;-13.6;-76.1;0.2
58740;-13.3;-61.2;0.3
58742;-13.3;-71.4;0.5
58744;-13.4;-69.3;0
58746;-13.4;-62;0
58748;-13.4;-75.6;0.9
58750;-13.7;-68.3;0
58752;-13.5;-69.9;-0.1
58754;-13.8;-77.1;0.7
58756;-13.6;-61.9;-0.2
58758;-13.7;-72.6;0.3
58760;-13.7;-73.4;0.4
58762;-13.5;-64.9;-0.1
58764;-13.4;-76.1;0.4
58766;-13.8;-69.9;0.2
58768;-13.6;-66.6;0
58770;-13.5;-76.3;0.1
58772;-13.5;-64.2;0.4
58774;-13.5;-70.1;-0.2
58776;-13.5;-73.8;0.2
58778;-13.4;-62.7;0.4
58780;-13.5;-74.4;0
58782;-13.5;-70.7;0.1
58784;-13.8;-70.2;0.2
58786;-13.7;-76.4;0
58788;-13.8;-67.2;0.4
58790;-13.5;-70.1;0.5
58792;-13.6;-73.5;0
58794;-13.8;-68.8;0.2
58796;-13.6;-74.7;0.6
58798;-13.6;-69.7;0.1
58800;-13.4;-70.9;0
58802;-13.5;-73.4;0.4
58804;-13.4;-66.9;0.6
58806;-13.4;-73;0.1
58808;-13.5;-68.4;0.2
58810;-13.5;-65.1;0.7
58812;-13.3;-75.5;0.3
58814;-13.3;-66;0
58816;-13.6;-74.7;0.1
58818;-13.7;-76.4;0.2
58820;-13.3;-61.4;0.1
58822;-13.4;-73.8;0
58824;-13.8;-71.8;0.1
58826;-13.6;-64.6;0.3
58828;-13.6;-79;0.4
58830;-13.5;-66.6;0.1
58832;-13.4;-67.4;0
58834;-13.5;-76;0.6
58836;-13.5;-62.8;0.3
58838;-13.5;-71;0
58840;-13.5;-70.9;0.3
58842;-13.5;-62.1;0.2
58844;-13.3;-74.8;0.2
58846;-13.7;-70.2;0.5
58848;-13.5;-67.6;0
58850;-13.9;-78.1;0.2
58852;-13.5;-64.5;0.6
58854;-13.4;-70.8;0
58856;-13.9;-74.1;0.4
58858;-13.3;-65.7;0.2
58860;-13.6;-74.6;0.1
58862;-13.4;-68;0.2
58864;-13.7;-69.6;0.3
58866;-13.5;-73.9;0.4
58868;-13.5;-65.6;0.5
58870;-13.5;-71.3;0.3
58872;-13.3;-71.4;0.2
58874;-13.4;-65.4;0
58876;-13.5;-75.7;0.3
58878;-13.7;-71.7;0.4
58880;-13.6;-71.8;0
58882;-13.3;-74.3;0.4
58884;-13.5;-63.3;0.4
58886;-13.7;-73.5;0
58888;-13.8;-71.8;0.3
58890;-13.7;-66.7;0.3
58892;-13.3;-75.2;0.2
58894;-13.4;-66.6;0.4
58896;-13.4;-69.4;0.3
58898;-13.2;-74.8;0.3
58900;-13.7;-65.8;0.1
58902;-13.8;-76.8;0.2
58904;-13.4;-70.8;0.1
58906;-13.7;-66.7;-0.2
58908;-13.7;-77.6;0.2
58910;-13.5;-69.1;0.4
58912;-13.5;-70.6;0.1
58914;-13.7;-78.8;0.6
58916;-13.7;-63.4;0.2
58918;-13.7;-71;-0.5
58920;-13.4;-72.3;0.3
58922;-13.8;-65;0.1
58924;-13.6;-76.7;0.2
58926;-13.5;-67.7;0.4
58928;-13.3;-65.7;-0.3
58930;-13.7;-77;0.4
58932;-13.6;-64.5;0.6
58934;-13.4;-69.2;0
58936;-13.6;-75.1;0.3
58938;-13.7;-66.6;0.6
58940;-13.7;-75.2;-0.1
58942;-13.4;-69;0.2
58944;-13.6;-69.8;0.5
58946;-13.7;-74.9;0
58948;-13.7;-67.2;0.3
58950;-13.4;-69.3;0.1
58952;-13.5;-69.7;-0.2
58954;-13.5;-68.2;0.3
58956;-13.3;-72.8;0.2
58958;-13.6;-69.1;0.3
58960;-13.7;-71.9;0.2
58962;-13.4;-72.4;0.3
58964;-13.4;-65.1;0.4
58966;-13.6;-74.3;-0.2
58968;-13.5;-72.3;0.2
58970;-13.4;-67.6;0.3
58972;-13.4;-76;0.1
58974;-13.4;-66.8;0.4
58976;-13.5;-71.6;0.7
58978;-13.5;-76.5;0.4
58980;-13.8;-63.2;-0.1
58982;-13.5;-71.8;0.4
58984;-13.6;-70.4;0.5
58986;-13.6;-65.9;0
58988;-13.7;-79.1;0.3
58990;-13.5;-67.3;-0.2
58992;-13.7;-69.3;0.3
58994;-13.4;-77.7;0.2
58996;-13.6;-66.5;-0.1
58998;-13.7;-75.1;0.6
59000;-13.5;-72.6;0.2
59002;-13.7;-66.2;0.1
59004;-13.6;-79;0.5
59006;-13.6;-69.4;0
59008;-13.8;-70.6;0
59010;-13.6;-78.3;0.1
59012;-13.4;-64.1;0.6
59014;-13.4;-69.4;0
59016;-13.6;-73.4;0
59018;-13.4;-65;0.4
59020;-13.4;-73.9;0.1
59022;-13.4;-69.2;0
59024;-13.8;-69.3;0.6
59026;-13.6;-75.6;0.1
59028;-13.4;-65.8;0
59030;-13.5;-69.5;0.5
59032;-13.5;-69.8;-0.3
59034;-13.5;-64.4;0.2
59036;-13.4;-73.6;0.7
59038;-13.9;-70;-0.4
59040;-13.6;-69.8;0.6
59042;-13.4;-71.9;0.1
59044;-13.7;-66.2;-0.2
59046;-13.5;-70.6;1.1
59048;-13.7;-69.3;-0.4
59050;-13.7;-68.4;0
59052;-13.6;-76.6;1.1
59054;-13.4;-65.2;-0.2
59056;-13.7;-69.9;0.3
59058;-13.8;-76.3;0.5
59060;-13.5;-61.7;-0.2
59062;-13.3;-71.8;0.5
59064;-13.7;-72.1;0.4
59066;-13.4;-62.3;-0.2
59068;-13.6;-76.7;0.3
59070;-13.6;-67.7;0.3
59072;-13.4;-68.6;0.1
59074;-13.4;-78;0.2
59076;-13.6;-62.2;0.3
59078;-13.3;-69.7;0.1
59080;-13.6;-74.1;0
59082;-13.7;-65.7;0.5
59084;-13.5;-76.9;0.3
59086;-13.4;-69;0
59088;-13.7;-68;0.8
59090;-13.3;-76;0.2
59092;-13.6;-65.1;0.2
59094;-13.8;-70.6;0.8
59096;-13.5;-73.2;0.3
59098;-13.5;-65.4;-0.1
59100;-13.4;-75.1;0.5
59102;-13.3;-69.4;0.1
59104;-13.4;-69.9;-0.1
59106;-13.6;-76.5;1
59108;-13.5;-65.1;-0.1
59110;-13.2;-70.9;-0.1
59112;-13.6;-72.8;0.6
59114;-13.3;-66.5;-0.2
59116;-13.7;-76.2;0.3
59118;-13.6;-68;0.5
59120;-13.4;-68.9;0
59122;-13.5;-73.8;0.2
59124;-13.8;-66;0.4
59126;-13.8;-73.5;0.1
59128;-13.8;-72.5;0
59130;-13.5;-66.5;0.4
59132;-13.6;-75.3;-0.1
59134;-13.4;-67.1;0
59136;-13.5;-72.1;0.8
59138;-13.4;-73.4;0
59140;-13.4;-61.8;0.3
59142;-13.7;-73.5;0.2
59144;-13.4;-69.9;0.2
59146;-13.5;-64.3;0
59148;-13.3;-77.7;0.6
59150;-13.4;-65.1;0
59152;-13.3;-67.8;0.1
59154;-13.6;-77.1;0.6
59156;-13.5;-62.7;-0.2
59158;-13.4;-71.7;0.2
59160;-13.7;-73.3;0.3
59162;-13.4;-61.4;0.2
59164;-13.5;-78.6;0
59166;-13.7;-70.4;0.5
59168;-13.7;-71.1;0.3
59170;-13.5;-77.5;0
59172;-13.4;-63.6;0.3
59174;-13.5;-69.3;0.5
59176;-13.8;-75.2;0.3
59178;-13.6;-67;0
59180;-13.7;-75.2;0.3
59182;-13.4;-70.1;-0.1
59184;-13.3;-66.8;0.1
59186;-13.5;-76.8;0.5
59188;-13.8;-68.7;0
59190;-13.4;-70.5;0.2
59192;-13.4;-71.5;0.5
59194;-13.4;-67.6;0.1
59196;-13.6;-77.4;0.2
59198;-13.4;-69.7;0.6
59200;-13.6;-74.5;0.1
59202;-13.6;-75.6;-0.1
59204;-13.5;-63.9;0.5
59206;-13.7;-72.5;0.4
59208;-13.7;-71.6;0.3
59210;-13.6;-66.5;0.8
59212;-13.6;-77.1;0
59214;-13.6;-67;0.1
59216;-13.6;-70.4;0.8
59218;-13.6;-77.3;0
59220;-13.6;-64.9;0.1
59222;-13.6;-73.6;0.6
59224;-13.6;-71.9;-0.3
59226;-13.7;-66.3;0.4
59228;-13.4;-76.6;0.7
59230;-13.4;-66.8;-0.3
59232;-13.4;-68.5;0.4
59234;-13.4;-75;0.5
59236;-13.6;-62.4;0.1
59238;-13.6;-71.9;0.6
59240;-13.8;-73.4;0
59242;-13.4;-64.1;-0.3
59244;-13.4;-74.9;0.6
59246;-13.7;-69;0
59248;-13.4;-66.6;0
59250;-13.6;-78.1;0.7
59252;-13.4;-64.3;0.2
59254;-13.4;-70.9;0.1
59256;-13.4;-72.7;0.8
59258;-13.4;-64.2;0
59260;-13.4;-73.6;0
59262;-13.5;-69.7;0.6
59264;-13.6;-71;-0.1
59266;-13.5;-76.1;0.4
59268;-13.5;-66.4;0
59270;-13.6;-71.4;0
59272;-13.7;-73.5;0.7
59274;-13.7;-68.8;0
59276;-13.8;-75.2;0.3
59278;-13.7;-70.2;0.6
59280;-13.5;-69.6;0
59282;-13.7;-75.8;0.2
59284;-13.4;-66;0.4
59286;-13.6;-75.4;-0.1
59288;-13.4;-69.5;0.3
59290;-13.5;-67.2;0.2
59292;-13.6;-76.5;0
59294;-13.4;-67.2;0.4
59296;-13.4;-72.7;0.2
59298;-13.7;-77.9;0
59300;-13.7;-64.6;0.8
59302;-13.4;-74.2;0.1
59304;-13.7;-70.7;0.1
59306;-13.7;-66.8;0.9
59308;-13.4;-79.3;-0.1
59310;-13.5;-67.7;0.3
59312;-13.4;-68.1;0.7
59314;-13.4;-78;-0.4
59316;-13.6;-64.3;0.5
59318;-13.5;-71.1;0.3
59320;-13.4;-72.1;-0.2
59322;-13.8;-65.1;0.6
59324;-13.4;-75;-0.2
59326;-13.6;-70.8;-0.4
59328;-13.4;-69.9;0.7
59330;-13.4;-76.1;-0.2
59332;-13.6;-64.8;0.4
59334;-13.8;-70.3;0.6
59336;-13.5;-73.8;-0.2
59338;-13.3;-65.4;0.3
59340;-13.5;-74;0.6
59342;-13.5;-69.6;0
59344;-13.6;-70.5;0.1
59346;-13.5;-74.3;0.3
59348;-13.4;-64.9;0.6
59350;-13.4;-71.3;0
59352;-13.5;-73.1;-0.1
59354;-13.5;-66;0.7
59356;-13.4;-75;0.1
59358;-13.5;-69;0.1
59360;-13.4;-70.3;0.3
59362;-13.6;-75.5;0
59364;-13.6;-66;0.1
59366;-13.6;-72.4;0.2
59368;-13.3;-71.3;0.2
59370;-13.4;-67.4;0.1
59372;-13.5;-76.8;0.4
59374;-13.3;-68;0.1
59376;-13.7;-72.1;0.2
59378;-13.6;-76.5;0.4
59380;-13.3;-64.6;0.1
59382;-13.3;-73.8;0
59384;-13.6;-71.6;0.1
59386;-13.7;-66.7;0.3
59388;-13.7;-80.8;0.5
59390;-13.4;-68.4;0.2
59392;-13.7;-71.6;0
59394;-13.5;-79.1;0.2
59396;-13.5;-64.9;0.3
59398;-13.6;-74.7;0
59400;-13.7;-75.6;0.2
59402;-13.5;-64.8;0.5
59404;-13.4;-78.1;-0.2
59406;-13.5;-69.4;0.2
59408;-13.4;-68.2;0.7
59410;-13.7;-79.2;-0.2
59412;-13.4;-65.8;0.6
59414;-13.4;-70.6;0.3
59416;-13.5;-74.3;0
59418;-13.9;-67.6;0.3
59420;-13.3;-73.7;0.5
59422;-13.4;-70.6;-0.3
59424;-13.7;-71.8;0.3
59426;-13.8;-77;0.4
59428;-13.7;-69.2;0.1
59430;-13.5;-69.6;0.3
59432;-13.4;-70.8;0.3
59434;-13.6;-67.9;0.3
59436;-13.4;-75.3;0.1
59438;-13.7;-67.9;0.4
59440;-13.5;-71.5;0
59442;-13.3;-73.5;0
59444;-13.3;-64.1;0.4
59446;-13.7;-74.9;0
59448;-13.6;-73;0.4
59450;-13.3;-66.8;0.4
59452;-13.5;-76.2;0
59454;-13.7;-70.4;0.5
59456;-13.7;-74.2;0.4
59458;-13.3;-79;0
59460;-13.7;-63.5;0.1
59462;-13.4;-72.6;0
59464;-13.6;-72.4;0.4
59466;-13.7;-65.6;0
59468;-13.6;-79;0.1
59470;-13.5;-69;0.2
59472;-13.4;-68.6;0.3
59474;-13.5;-77.7;0.2
59476;-13.7;-66;0.1
59478;-13.7;-74.2;0
59480;-13.3;-72.7;0.3
59482;-13.5;-63.9;0.5
59484;-13.5;-79.8;-0.1
59486;-13.7;-71.9;0
59488;-13.9;-72.2;0.7
59490;-13.2;-76.7;0
59492;-13.5;-63.7;0.1
59494;-13.5;-72.2;0.5
59496;-13.4;-73.1;0.1
59498;-13.7;-67.8;0
59500;-13.7;-76.5;0.5
59502;-13.4;-70.2;-0.1
59504;-13.1;-67.6;0
59506;-13.3;-76.6;0.8
59508;-13.6;-69;-0.1
59510;-13.5;-73.5;0.5
59512;-13.3;-72.6;0.7
59514;-13.4;-66.7;-0.2
59516;-13.7;-76.9;0.7
59518;-13.4;-68.5;0.7
59520;-13.5;-71.4;-0.1
59522;-13.7;-75.2;0.4
59524;-13.5;-67;0.2
59526;-13.7;-72.7;0
59528;-13.4;-70;0.7
59530;-13.3;-67;0.1
59532;-13.6;-77.2;0
59534;-13.4;-66.1;0.6
59536;-13.6;-71.1;0.4
59538;-13.6;-75.9;0
59540;-13.4;-64.3;0.4
59542;-13.6;-76.5;0
59544;-13.8;-73.2;0.3
59546;-13.7;-65.1;0.5
59548;-13.4;-79.6;0.2
59550;-13.5;-68.6;0.6
59552;-13.5;-70.5;0
59554;-13.5;-78.6;0
59556;-13.6;-63;0.2
59558;-13.7;-72.9;0.3
59560;-13.7;-75.5;0
59562;-13.7;-66;0.5
59564;-13.6;-78.9;0.3
59566;-13.4;-70.8;-0.4
59568;-13.8;-68.7;0.5
59570;-13.6;-78.2;0.1
59572;-13.4;-65.7;-0.2
59574;-13.6;-73.8;0.6
59576;-13.4;-73.8;0.3
59578;-13.6;-68.2;-0.3
59580;-13.8;-77.9;0.3
59582;-13.4;-69.9;0.5
59584;-13.6;-73.5;0
59586;-13.4;-75;0.1
59588;-13.2;-65.7;0.2
59590;-13.5;-71.3;-0.1
59592;-13.6;-74.1;0.1
59594;-13.7;-70.5;0.3
59596;-13.5;-76.4;0.2
59598;-13.6;-71.6;0
59600;-13.5;-71.5;0.2
59602;-13.6;-74.9;0
59604;-13.3;-66.1;0.3
59606;-13.6;-75;0.5
59608;-13.6;-72.5;0.4
59610;-13.2;-66.6;0.1
59612;-13.7;-78.5;0.3
59614;-13.3;-68;0.2
59616;-13.8;-73.6;0.4
59618;-13.4;-74.6;0.4
59620;-13.6;-65;0
59622;-13.5;-73.8;0.1
59624;-13.3;-70.3;0.6
59626;-13.5;-66.3;-0.3
59628;-13.8;-79.6;0.2
59630;-13.7;-67.9;0.2
59632;-13.4;-67.7;-0.1
59634;-13.4;-76.3;0.6
59636;-13.7;-64.6;0
59638;-13.7;-74.3;0
59640;-13.4;-74.8;0.7
59642;-13.3;-61.6;0.1
59644;-13.4;-76.1;0.1
59646;-13.6;-71.8;0.3
59648;-13.5;-68.4;0.3
59650;-13.6;-79.7;0.2
59652;-13.5;-65.3;0
59654;-13.4;-69.5;0.3
59656;-13.4;-74.5;0.5
59658;-13.3;-66;0.4
59660;-13.4;-73.3;-0.1
59662;-13.4;-69.3;0.5
59664;-13.6;-68.4;0.1
59666;-13.7;-76.5;0
59668;-13.7;-67.2;0.6
59670;-13.6;-71.9;0.1
59672;-13.5;-71.3;0.2
59674;-13.6;-68.9;0.3
59676;-13.7;-75.7;0.4
59678;-13.3;-70.9;-0.2
59680;-13.5;-73.5;-0.2
59682;-13.3;-74.5;0.7
59684;-13.6;-65.6;-0.2
59686;-13.5;-74.1;0
59688;-13.8;-71.7;0.2
59690;-13.7;-69.1;0.1
59692;-13.4;-76.5;-0.1
59694;-13.3;-66.8;0.3
59696;-13.5;-70.2;0.3
59698;-13.7;-76;0
59700;-13.4;-63.8;0.3
59702;-13.5;-73.6;0.2
59704;-13.5;-71.7;0
59706;-13.4;-65.5;0.7
59708;-13.4;-77.8;0.5
59710;-13.6;-68.6;0
59712;-13.4;-69;0.5
59714;-13.4;-76.9;0
59716;-13.5;-64.2;-0.3
59718;-13.6;-72.3;0.5
59720;-13.4;-72.4;0.3
59722;-13.4;-64.9;0
59724;-13.6;-77.3;0.4
59726;-13.5;-69.7;0.4
59728;-13.6;-66.6;-0.2
59730;-13.6;-78.9;0.4
59732;-13.6;-65.8;0.4
59734;-13.4;-68.4;-0.2
59736;-13.6;-76.6;1
59738;-13.3;-63.3;-0.2
59740;-13.6;-75.1;-0.2
59742;-13.7;-73.3;0.7
59744;-13.3;-67.5;-0.4
59746;-13.8;-77.5;0.4
59748;-13.6;-66.3;0.4
59750;-13.4;-67;-0.2
59752;-13.7;-74.2;0.5
59754;-13.6;-66.9;0.3
59756;-13.6;-73.9;0.1
59758;-13.4;-71.2;1
59760;-13.7;-68.1;0.1
59762;-13.3;-73.8;0.1
59764;-13.3;-66.4;0.5
59766;-13.5;-70.1;0.1
59768;-13.5;-72.9;-0.2
59770;-13.2;-65;0.1
59772;-13.3;-71.9;0.2
59774;-13.4;-71.9;0.2
59776;-13.6;-69.4;-0.2
59778;-13.8;-77.9;0.1
59780;-13.8;-67.7;0.5
59782;-13.6;-66.5;0.1
59784;-13.4;-76.3;0.3
59786;-13.4;-64;0.4
59788;-13.7;-72.9;0.7
59790;-13.3;-75;0.3
59792;-13.6;-64.6;0.3
59794;-13.5;-74.6;0.4
59796;-13.7;-74;0
59798;-13.5;-65.7;0
59800;-13.6;-77.3;0.5
59802;-13.6;-70;0.3
59804;-13.3;-64.6;-0.5
59806;-13.5;-77.6;0.6
59808;-13.6;-68.3;0.3
59810;-13.8;-70;-0.5
59812;-13.6;-76.9;0.9
59814;-13.8;-63.5;-0.1
59816;-13.5;-69.1;0
59818;-13.6;-75;0.7
59820;-13.5;-64;-0.2
59822;-13.6;-72.9;0.1
59824;-13.3;-70.9;0.4
59826;-13.9;-68.2;0.1
59828;-13.6;-75.6;0.1
59830;-13.5;-68.5;0.2
59832;-13.4;-66.8;0.4
59834;-13.6;-73.6;0
59836;-13.6;-66.4;0
59838;-13.5;-68.6;0.8
59840;-13.6;-72.6;0
59842;-13.4;-66.6;0.7
59844;-13.4;-70.8;0.2
59846;-13.5;-73.2;0
59848;-13.7;-65.4;0.4
59850;-13.6;-71.2;0.3
59852;-13.4;-68;0
59854;-13.4;-65.9;0.4
59856;-13.6;-76.6;0.5
59858;-13.6;-68.1;0.5
59860;-13.4;-64.9;-0.1
59862;-13.6;-78;0.3
59864;-13.4;-66.1;0.5
59866;-13.5;-66.3;-0.2
59868;-13.5;-76.1;0.4
59870;-13.9;-64;0.3
59872;-13.6;-67.8;0.1
59874;-13.4;-76.7;0.2
59876;-13.5;-64.5;-0.1
59878;-13.3;-69.6;-0.1
59880;-13.6;-77.4;0.5
59882;-13.3;-60.7;-0.1
59884;-13.5;-68.5;-0.1
59886;-13.5;-74.8;0.5
59888;-13.8;-65.4;0.1
59890;-13.2;-69;0.1
59892;-13.7;-75;0.4
59894;-13.4;-64.9;0
59896;-13.3;-67.9;0.8
59898;-13.5;-76.1;0
59900;-13.5;-61.2;0
59902;-13.4;-67;0.6
59904;-13.6;-74.8;-0.2
59906;-13.3;-62.4;0.8
59908;-13.7;-70.1;0.6
59910;-13.4;-73;-0.2
59912;-13.6;-64.9;0.4
59914;-13.5;-70.1;0.2
59916;-13.3;-71.1;0
59918;-13.5;-63.4;0.1
59920;-13.4;-66.5;0.5
59922;-13.4;-71.8;0.2
59924;-13.3;-63.6;0.1
59926;-13.5;-68.9;0.6
59928;-13.6;-73.5;-0.1
59930;-13.4;-62.7;0
59932;-13.4;-68.1;0.6
59934;-13.7;-72.3;0.1
59936;-13.7;-63.7;0.2
59938;-13.7;-69.4;0
59940;-13.3;-70.1;0
59942;-13.4;-62.4;0.2
59944;-13.7;-66.9;0.3
59946;-13.4;-72.8;0.1
59948;-13.5;-64.2;0.2
59950;-13.3;-66.9;0.2
59952;-13.7;-76.3;0.4
59954;-13.2;-64.5;0.1
59956;-13.5;-62;0
59958;-13.6;-72.4;0.1
59960;-13.7;-69.9;0.1
59962;-13.6;-60.3;0.1
59964;-13.6;-72.2;0.3
59966;-13.7;-70.3;0.5
59968;-13.4;-61;-0.2
59970;-13.7;-66.6;0.4
59972;-13.5;-73.2;0.6
59974;-13.7;-61.9;0
59976;-13.4;-61.1;0.4
59978;-13.4;-73.3;0.4
59980;-13.6;-64.9;-0.1
59982;-13.3;-59.8;0.2
59984;-13.4;-69.6;0.3
59986;-13.5;-71.3;0.2
59988;-13.6;-61.9;0
59990;-13.5;-70.5;0.4
59992;-13.2;-71.4;0
59994;-13.8;-63.7;0
59996;-13.9;-63.2;0.4
59998;-13.7;-70.4;0
60000;-13.6;-67.6;0
60002;-13.6;-62.8;0.4
60004;-13.4;-67.2;0
60006;-13.6;-68.6;0.4
60008;-13.4;-63.3;0.6
60010;-13.5;-64;0.1
60012;-13.8;-72.5;0.3
60014;-13.4;-64.5;0.2
60016;-13.6;-63.2;0.1
60018;-13.7;-68.6;0.4
60020;-13.5;-67.6;0.3
60022;-13.6;-63.6;0.1
60024;-13.7;-67.4;0.3
60026;-13.7;-70.7;0.1
60028;-13.6;-67.7;0.2
60030;-13.4;-63.2;0.3
60032;-13.6;-70.1;-0.2
60034;-13.3;-67.6;0.1
60036;-13.5;-60.9;0.8
60038;-13.7;-63.6;0
60040;-13.4;-68;0
60042;-13.5;-64.1;0.9
60044;-13.5;-58.5;-0.1
60046;-13.7;-67.6;0.5
60048;-13.6;-69;1.1
60050;-13.6;-63.3;-0.2
60052;-13.5;-59.9;0.5
60054;-13.4;-67.5;0.6
60056;-13.3;-67.4;0.3
60058;-13.5;-61.6;0.4
60060;-13.6;-60.7;-0.1
60062;-13.4;-68.4;0.2
60064;-13.5;-66;0.4
60066;-13.5;-60.6;0.3
60068;-13.5;-60;0.4
60070;-13.6;-71.1;0.5
60072;-13.6;-67.3;0.2
60074;-13.4;-60.7;0.2
60076;-13.5;-64.3;0.4
60078;-13.6;-69.7;0.3
60080;-13.5;-67.3;-0.2
60082;-13.3;-57;0.2
60084;-13.8;-60.1;0.6
60086;-13.7;-65.1;0
60088;-13.4;-68;0.2
60090;-13.7;-58.3;0.4
60092;-13.7;-59.1;0.2
60094;-13.6;-67;0.4
60096;-13.5;-66.5;0.1
60098;-13.5;-59.6;0.5
60100;-13.7;-57.1;0.2
60102;-13.5;-62.5;-0.4
60104;-13.5;-67.7;0.4
60106;-13.8;-62.6;0.3
60108;-13.8;-58;0
60110;-13.4;-60.3;0.4
60112;-13.5;-67.9;0.1
60114;-13.7;-63.8;0
60116;-13.7;-58.4;0.5
60118;-13.4;-58.5;0.3
60120;-13.3;-61.8;-0.2
60122;-13.6;-67.9;0.3
60124;-13.6;-58.9;0.5
60126;-13.6;-60;-0.4
60128;-13.5;-62.4;0.5
60130;-13.4;-62.6;0
60132;-13.5;-62.7;0
60134;-13.5;-56.9;1.1
60136;-13.7;-58.4;-0.2
60138;-13.7;-62.9;0.2
60140;-13.5;-61.9;0.8
60142;-13.6;-61.3;-0.5
60144;-13.6;-58.6;0.7
60146;-13.5;-58.8;0.5
60148;-13.4;-61.8;-0.5
60150;-13.6;-63.9;0.8
60152;-13.4;-57.2;0
60154;-13.7;-60;-0.2
60156;-13.4;-59.7;0.8
60158;-13.4;-61;-0.3
60160;-13.7;-64.8;0.3
60162;-13.5;-59.2;0.4
60164;-13.3;-54.7;0
60166;-13.5;-60.1;0.3
60168;-13.7;-61.6;0.1
60170;-13.4;-61.3;0.2
60172;-13.3;-59.1;0.5
60174;-13.7;-54.6;0
60176;-13.4;-56.3;0.8
60178;-13.2;-59.7;0.3
60180;-13.3;-59.5;0
60182;-13.4;-60.2;0.8
60184;-13.4;-58.1;-0.1
60186;-13.5;-53.1;0.3
60188;-13.7;-57.7;0.3
60190;-13.5;-62.1;0.3
60192;-13.6;-62.7;0.4
60194;-13.4;-57.1;0
60196;-13.7;-55.6;0
60198;-13.6;-53.4;0.2
60200;-13.6;-55.5;0.1
60202;-13.4;-57.8;0.5
60204;-13.5;-61.3;0.6
60206;-13.5;-58.8;0
60208;-13.6;-53;0.4
60210;-13.4;-52.1;0.3
60212;-13.6;-55.9;-0.1
60214;-13.6;-58.6;0.5
60216;-13.6;-61.6;0
60218;-13.5;-60.7;-0.1
60220;-13.5;-55.5;1.1
60222;-13.5;-51;-0.4
60224;-13.6;-54.2;0.1
60226;-13.5;-57.1;0.7
60228;-13.3;-59.2;-0.4
60230;-13.4;-59.8;0.1
60232;-13.5;-59.1;0.2
60234;-13.5;-55.9;0.1
60236;-13.4;-51.1;0.1
60238;-13.5;-51.4;0.5
60240;-13.6;-54.1;-0.5
60242;-13.7;-57.1;0.1
60244;-13.5;-57.1;0.6
60246;-13.7;-57.6;0
60248;-13.7;-55.8;0.1
60250;-13.7;-52;0.2
60252;-13.5;-48.9;0.3
60254;-13.4;-49.8;0.1
60256;-13.7;-54.6;0.3
60258;-13.5;-58.7;0.1
60260;-13.3;-56.2;0.2
60262;-13.5;-56.3;0.2
60264;-13.7;-53.4;0
60266;-13.7;-53.6;0.3
60268;-13.5;-52.3;0.4
60270;-13.5;-51.4;0
60272;-13.4;-54.1;0.1
60274;-13.6;-55.1;0.5
60276;-13.5;-58.8;0.2
60278;-13.3;-56;0.3
60280;-13.6;-53.8;0.3
60282;-13.3;-48.1;-0.1
60284;-14;-49.4;0.2
60286;-13.5;-50.2;0.2
60288;-13.4;-49.1;-0.2
60290;-13.9;-50.9;0.5
60292;-13.4;-51.8;0.2
60294;-13.6;-54.2;0
60296;-13.8;-56.3;0.5
60298;-13.5;-53.9;0.4
60300;-13.6;-50;0.1
60302;-13.7;-50;0.5
60304;-13.6;-48.4;0.3
60306;-13.4;-49.6;0.3
60308;-13.6;-51.8;0.2
60310;-13.5;-50.2;-0.2
60312;-13.4;-52.5;0.5
60314;-13.5;-53.6;0.4
60316;-13.4;-53.6;-0.4
60318;-13.6;-52.9;0.7
60320;-13.5;-51.2;0.2
60322;-13.4;-48.9;0
60324;-13.7;-47.8;1
60326;-13.7;-48.3;-0.2
60328;-13.4;-48.2;0.1
60330;-13.4;-50.6;0.7
60332;-13.7;-51.1;-0.1
60334;-13.5;-51.8;0.7
60336;-13.9;-52.7;0.1
60338;-13.4;-51.7;0
60340;-13.3;-51.5;0.8
60342;-13.9;-50.6;0
60344;-13.5;-49.1;0.4
60346;-13.3;-48.1;0.4
60348;-13.7;-46.7;-0.1
60350;-13.4;-45.6;0.4
60352;-13.6;-47.5;0.5
60354;-13.6;-46.9;-0.3
60356;-13.6;-49.4;0.1
60358;-13.6;-48.9;0.1
60360;-13.6;-51;0
60362;-13.2;-48.9;0.5
60364;-13.4;-49.1;0
60366;-13.5;-48.3;-0.2
60368;-13.5;-49.3;0.3
60370;-13.6;-47;-0.1
60372;-13.5;-44.3;0.1
60374;-13.4;-45.7;0.4
60376;-13.6;-45.6;0.1
60378;-13.8;-46.3;-0.3
60380;-13.4;-46.4;0.2
60382;-13.3;-44.2;0.4
60384;-13.5;-45.9;0
60386;-13.6;-47.4;0.4
60388;-13.7;-46.5;0.6
60390;-13.4;-47.9;0
60392;-13.6;-47.1;-0.1
60394;-13.4;-49.3;0.3
60396;-13.7;-50.1;0.1
60398;-13.3;-47.4;0.3
60400;-13.4;-46.8;0.2
60402;-13.5;-47.2;-0.1
60404;-13.4;-44.6;0.3
60406;-13.4;-45.2;0.1
60408;-13.6;-43.5;0.1
60410;-13.4;-43.2;0.2
60412;-13.7;-45.9;0.5
60414;-13.5;-44.8;0.1
60416;-13.4;-44.7;0.3
60418;-13.5;-46.1;0.7
60420;-13.3;-43.7;0
60422;-13.7;-45.4;0.2
60424;-13.8;-45.6;0.3
60426;-13.7;-46.4;-0.3
60428;-13.5;-45.6;0
60430;-13.4;-45.5;0.6
60432;-13.4;-45.2;0.2
60434;-13.3;-45.6;0
60436;-13.6;-47.1;0.4
60438;-13.7;-46.9;0.4
60440;-13.6;-47.2;-0.2
60442;-13.7;-46.5;0.6
60444;-13.4;-45.9;0.4
60446;-13.5;-43.7;-0.4
60448;-13.5;-45;0.4
60450;-13.5;-42.9;0.3
60452;-13.5;-41.6;0
60454;-13.7;-40.8;0.2
60456;-13.4;-41.3;0.1
60458;-13.2;-39.1;0.4
60460;-13.3;-39.8;0.7
60462;-13.3;-39.5;-0.1
60464;-13.3;-39.8;0.1
60466;-13.5;-40.5;0.5
60468;-13.5;-41.4;-0.1
60470;-13.7;-40.5;0.4
60472;-13.4;-40;0
60474;-13.5;-41.4;0
60476;-13.8;-42;0.5
60478;-13.6;-42.6;0.3
60480;-13.7;-41.7;0.2
60482;-13.5;-41.7;0.1
60484;-13.6;-41.8;0.2
60486;-13.6;-42.2;0.2
60488;-13.5;-42.4;0.4
60490;-13.4;-42;0.2
60492;-13.4;-42;0.1
60494;-13.3;-42.2;0.1
60496;-13.3;-42.6;0.2
60498;-13.4;-42.3;0.3
60500;-13.5;-42.9;0.3
60502;-13.4;-41.9;0
60504;-13.4;-42.1;0.4
60506;-13.3;-42.3;0.2
60508;-13.6;-43;-0.1
60510;-13.6;-42.7;0.6
60512;-13.7;-43.1;0.3
60514;-13.6;-42.5;-0.1
60516;-13.5;-41.2;0.5
60518;-13.5;-40.4;0.3
60520;-13.4;-40.6;0.2
60522;-13.4;-41.1;0.5
60524;-13.4;-40;-0.2
60526;-13.4;-39.4;0.6
60528;-13.6;-40.3;0.4
60530;-13.6;-39.8;-0.1
60532;-13.5;-39.3;0.6
60534;-13.4;-38.6;0.6
60536;-13.4;-38.2;-0.1
60538;-13.7;-38.5;0.9
60540;-13.5;-37.6;0.2
60542;-13.4;-37.9;-0.1
60544;-13.5;-38.4;0.6
60546;-13.5;-37.5;-0.1
60548;-13.4;-37.4;-0.2
60550;-13.8;-37.7;0.3
60552;-13.7;-37.4;0.7
60554;-13.3;-36.6;0
60556;-13.5;-36.7;0
60558;-13.6;-37.1;0.6
60560;-13.5;-36.3;0
60562;-13.4;-36.1;0.4
60564;-13.5;-36;0.3
60566;-13.5;-35.9;0
60568;-13.6;-36.1;0.3
60570;-13.8;-36.3;0.6
60572;-13.4;-35.4;0
60574;-13.5;-36.1;0.2
60576;-13.9;-35.9;0.6
60578;-13.8;-35.6;0.2
60580;-13.7;-36.3;0.3
60582;-13.6;-35.9;0.4
60584;-13.4;-35.8;-0.2
60586;-13.4;-36;0.2
60588;-13.8;-36;0.4
60590;-13.7;-36.2;-0.2
60592;-13.3;-35.9;0.4
60594;-13.4;-35.3;0.4
60596;-13.7;-36;0
60598;-13.7;-36.1;0.4
60600;-13.6;-36.2;0.5
60602;-13.4;-35.6;0
60604;-13.4;-35.5;0.3
60606;-13.7;-35.8;0.4
60608;-13.6;-35.8;-0.1
60610;-13.6;-36;0.7
60612;-13.4;-35.3;0
60614;-13.4;-35.3;-0.1
60616;-13.7;-35.8;0.4
60618;-13.7;-36;0
60620;-13.4;-35.4;0.3
60622;-13.6;-35.9;0.3
60624;-13.6;-35.7;-0.3
60626;-13.6;-35.8;0.7
60628;-13.4;-35.6;0.2
60630;-13.4;-34.8;0
60632;-13.4;-35;0.7
60634;-13.4;-34.9;-0.1
60636;-13.6;-35.3;0.2
60638;-13.5;-34.6;0.6
60640;-13.5;-35;0
60642;-13.4;-34.4;0.3
60644;-13.4;-35.2;0.1
60646;-13.4;-34.8;0.3
60648;-13.8;-35.3;0.6
60650;-13.3;-34.5;0.2
60652;-13.5;-34.1;-0.1
60654;-13.8;-34.8;0.7
60656;-13.7;-34.8;0.2
60658;-13.8;-34.6;0
60660;-13.6;-34.4;0.4
60662;-13.7;-34.5;-0.1
60664;-13.9;-34.5;0.2
60666;-13.4;-33.6;0.3
60668;-13.6;-33.9;-0.2
60670;-13.5;-33.9;0.3
60672;-13.6;-34.3;0.5
60674;-13.3;-33.5;0
60676;-13.4;-33.8;0.7
60678;-13.6;-34.2;0.1
60680;-13.6;-33.9;0
60682;-13.3;-34.2;0.7
60684;-13.6;-34.7;-0.2
60686;-13.8;-35.1;0.2
60688;-13.7;-35.3;0.3
60690;-13.5;-34.9;0
60692;-13.6;-34.8;0.5
60694;-13.5;-35.6;0.5
60696;-13.3;-35.2;0.3
60698;-13.6;-35.4;0.5
60700;-13.6;-35.7;0.6
60702;-13.8;-35.9;0.6
60704;-13.5;-35.7;1.1
60706;-13.7;-35.9;0.8
60708;-13.6;-35.8;1.1
60710;-13.3;-35.6;1.3
60712;-13.5;-35.7;0.9
60714;-13.3;-35.7;1.1
60716;-13.7;-36.5;1.7
60718;-13.3;-36.2;1.6
60720;-13.3;-36.5;1.2
60722;-13.5;-36.5;1.4
60724;-13.4;-36.2;1.2
60726;-13.7;-37.1;1.7
60728;-13.4;-36.4;1.4
60730;-13.5;-36.8;1.7
60732;-13.5;-37.7;1.6
60734;-13.3;-37.2;1.4
60736;-13.4;-37.3;1.7
60738;-13.5;-38.3;1.6
60740;-13.6;-38.2;1.4
60742;-13.5;-38.7;1.6
60744;-13.5;-38.1;1.9
60746;-13.7;-38.8;1.8
60748;-13.4;-38.2;1.5
60750;-13.5;-38.6;1.8
60752;-13.6;-38.9;1.4
60754;-13.5;-38.9;1.9
60756;-13.6;-39.4;1.3
60758;-13.4;-38.9;1.5
60760;-13.4;-39;1.4
60762;-13.5;-39.2;1.6
60764;-13.4;-39.2;1.9
60766;-13.4;-39.2;1.7
60768;-13.7;-40;1.8
60770;-13.3;-39.5;1.7
60772;-13.3;-39.7;1.7
60774;-13.3;-40.1;2
60776;-13.5;-40.7;1.9
60778;-13.5;-40.9;2
60780;-13.4;-40.7;1.8
60782;-13.4;-40.6;2
60784;-13.4;-41.1;1.9
60786;-13.6;-41.8;2.1
60788;-13.5;-42.3;1.9
60790;-13.5;-42;2
60792;-13.6;-42.9;1.7
60794;-13.3;-42.1;2.1
60796;-13.5;-43;2.1
60798;-13.5;-43.1;2
60800;-13.2;-43.3;1.8
60802;-13.5;-43.9;2.3
60804;-13.4;-44.3;2.2
60806;-13.4;-43.8;2.1
60808;-13.7;-44.6;2.1
60810;-13.5;-44.6;2.6
60812;-13.4;-43.5;1.9
60814;-13.5;-45.1;2.5
60816;-13.6;-45;2.1
60818;-13.4;-44.2;2.4
60820;-13.4;-44.5;2.5
60822;-13.6;-44.7;2.8
60824;-13.2;-43.8;2.2
60826;-13.4;-44.5;2.8
60828;-13.4;-43.3;2.2
60830;-13;-42.8;2.6
60832;-13;-43.2;2.8
60834;-13.1;-41.5;2.5
60836;-13.2;-42.3;2.6
60838;-13.1;-41.8;2.8
60840;-13.2;-40;2.5
60842;-12.8;-39.2;2.6
60844;-12.8;-40.4;3.1
60846;-13.1;-39.3;2.8
60848;-12.9;-38.4;2.9
60850;-13;-38.3;3
60852;-12.7;-36.9;2.8
60854;-12.6;-36.9;3.1
60856;-13;-37.8;3.5
60858;-12.8;-36.6;2.7
60860;-12.5;-36.6;3.3
60862;-12.5;-35.9;3
60864;-12.7;-37.3;3.4
60866;-12.5;-37.6;3.5
60868;-12.3;-37.7;3.4
60870;-12.5;-39.2;3.1
60872;-12.3;-38.7;3.3
60874;-12.2;-40.1;3.2
60876;-12;-40.7;3.5
60878;-12;-41.6;3.6
60880;-11.8;-40.7;3.4
60882;-11.7;-43.8;3.9
60884;-11.4;-43.3;3.5
60886;-11.4;-44.1;3.4
60888;-11.5;-44.3;3.4
60890;-11.4;-44.2;3.9
60892;-11.2;-44;3.6
60894;-11;-43.9;4.3
60896;-11;-42.9;4
60898;-10.8;-42.2;3.9
60900;-10.6;-42.3;4
60902;-10.6;-39.4;4.2
60904;-10.3;-39.5;4
60906;-10.2;-39.6;4.3
60908;-10;-39;4.1
60910;-9.6;-39;4.2
60912;-9.7;-39.5;4.3
60914;-9.5;-39.4;4.3
60916;-9.4;-40.7;4.5
60918;-9.5;-40.7;4.2
60920;-9.4;-41.1;4.5
60922;-9.2;-42;4.4
60924;-9.1;-42.5;4.5
60926;-9.3;-43.1;4.2
60928;-9;-44;4.5
60930;-9.4;-44.5;4.9
60932;-9.1;-44.4;4.2
60934;-9.1;-45.2;4.7
60936;-9.2;-45.8;4.4
60938;-8.9;-42.7;4.5
60940;-9.1;-42.3;5
60942;-9.2;-41.3;4.1
60944;-9.1;-40.9;5.1
60946;-9;-39.6;4.1
60948;-9;-40.3;4.9
60950;-8.9;-41.8;4.5
60952;-9;-42.3;4.6
60954;-8.9;-44.9;4.6
60956;-8.9;-44.2;4.5
60958;-8.7;-44.2;4.8
60960;-8.9;-45.4;4.5
60962;-9;-47.2;4.4
60964;-8.7;-47.9;4.5
60966;-8.6;-46.5;4.5
60968;-8.4;-45.6;4.6
60970;-8.5;-45.3;4.6
60972;-8.6;-44.2;4.2
60974;-8.5;-42.9;4.3
60976;-8.6;-42.5;4.1
60978;-8.5;-42.8;4.1
60980;-8.6;-44;4.1
60982;-8.4;-43.8;3.7
60984;-8.3;-46.2;4.1
60986;-8.6;-49;3.2
60988;-8.6;-50.7;3.7
60990;-8.2;-49.8;3.1
60992;-8.3;-50;3.2
60994;-8.5;-48.4;2.8
60996;-8.4;-47.5;3.1
60998;-8.3;-46.2;2.5
61000;-8.6;-45.7;2.7
61002;-8.3;-42.9;2.2
61004;-8.4;-43.7;1.9
61006;-8.7;-45.3;1.7
61008;-8.6;-45.9;2.1
61010;-8.5;-48.2;2.1
61012;-8.5;-50;0.7
61014;-8.6;-52.7;1.8
61016;-8.4;-50.5;0.9
61018;-8.6;-50.9;1.3
61020;-8.5;-46.3;0.7
61022;-8.5;-45.7;0.9
61024;-8.6;-45.4;0.9
61026;-8.8;-46.9;0
61028;-8.6;-45.7;0.6
61030;-8.6;-48.4;0.2
61032;-8.5;-49.6;0.2
61034;-8.7;-51.4;0.1
61036;-8.6;-53.9;0.4
61038;-8.7;-52;-0.4
61040;-8.5;-46.8;0.1
61042;-8.4;-45.7;0.2
61044;-8.7;-46.3;-0.3
61046;-8.6;-49.3;0.3
61048;-8.4;-48.1;0.2
61050;-8.3;-49.4;-0.1
61052;-8.5;-52.6;0.3
61054;-8.3;-52.8;0.2
61056;-8.2;-55.2;-0.6
61058;-7.7;-49.9;0.5
61060;-7.7;-46.3;0.3
61062;-8;-48.2;0.3
61064;-7.8;-47.7;1.1
61066;-7.5;-51.4;0.1
61068;-7.6;-52.8;1.2
61070;-7.3;-54.9;1.3
61072;-7;-53;0.5
61074;-6.8;-52.7;1.9
61076;-6.6;-50.4;1.3
61078;-6.4;-47;2.1
61080;-6.2;-49.5;2.4
61082;-6.1;-50.8;1.1
61084;-5.8;-55.1;2.7
61086;-5.4;-54.8;2.1
61088;-5.1;-54.8;2.9
61090;-5;-52.1;3.4
61092;-4.7;-53.6;2.4
61094;-4.3;-50.9;4.3
61096;-4;-53.7;2.2
61098;-3.9;-56;5
61100;-3.3;-58;3.2
61102;-2.9;-56;4.8
61104;-2.7;-54.6;4
61106;-2.1;-49.6;4.9
61108;-1.7;-51.5;5.1
61110;-1.2;-52.2;4.6
61112;-1;-53.3;5.7
61114;-0.6;-56.3;3.5
61116;-0.3;-56.9;6.5
61118;0.1;-52.8;3.7
61120;0.4;-51.7;6.7
61122;0.6;-52.1;3.3
61124;1;-55.1;6.8
61126;1.5;-57.1;3
61128;1.7;-57.1;7.1
61130;1.8;-54.5;2
61132;2.1;-52.3;7.2
61134;2.8;-52.2;1.7
61136;2.7;-55.1;6.3
61138;3.3;-57.4;1.6
61140;3.4;-58;5.1
61142;3.3;-54.5;1.2
61144;3.7;-53.9;3.9
61146;3.9;-52.6;1.6
61148;3.5;-53.5;1.8
61150;3.9;-58.8;1.7
61152;3.6;-61;0
61154;3;-54.8;2.5
61156;2.8;-51.1;-1.2
61158;2;-56.4;3
61160;1.7;-55.8;-1.7
61162;0.8;-59.9;2.3
61164;0.6;-62.2;-1.2
61166;-0.3;-55.1;0.4
61168;-0.4;-52.4;0.9
61170;-0.4;-57.4;-0.7
61172;-0.4;-60.6;1.7
61174;0;-60.9;-0.8
61176;0.4;-62.8;1.8
61178;0.9;-53.5;0.2
61180;1.6;-51.1;0.6
61182;1.7;-56;2.6
61184;2.4;-59;0.5
61186;2.8;-60.2;3.2
61188;3.6;-58;2
61190;4.2;-53.7;2.1
61192;4.8;-53.7;4
61194;5.8;-60.6;2
61196;6.5;-63.6;4.1
61198;7.2;-58.7;4.4
61200;7.7;-55.9;3.1
61202;8.3;-54.4;5.7
61204;8.6;-57.6;3.5
61206;9.5;-64.8;4.8
61208;9.8;-60.3;6.2
61210;9.9;-53;4.5
61212;9.8;-53.5;4.7
61214;9.6;-57.4;6.6
61216;9.8;-62.5;3.4
61218;8.9;-64.7;6.5
61220;7.4;-54.3;5.2
61222;6.5;-53.7;4.8
61224;6.3;-59.4;4.3
61226;6.1;-63.4;6.7
61228;6.2;-64.5;2.8
61230;6.6;-58.5;4.7
61232;7.7;-56.2;3.7
61234;8.6;-58.9;2.8
61236;10;-63.7;1.3
61238;11.7;-62.4;2.9
61240;12.8;-56.5;0.9
61242;13.7;-53.8;1
61244;14.6;-56.6;0.4
61246;16.1;-64.1;1.2
61248;16.9;-62;-0.6
61250;18;-55.6;-0.4
61252;17.8;-59;0
61254;18.1;-60.2;0.3
61256;17.8;-64.2;-1.1
61258;16.6;-59.9;-0.1
61260;15.9;-55.4;1.3
61262;14.1;-59.2;-1.1
61264;13.2;-60.8;0.6
61266;13.2;-63.4;1.1
61268;13.4;-58.9;0.9
61270;14.7;-56.6;0.5
61272;16;-61.7;2.1
61274;17;-61.9;2
61276;18.8;-62.1;2.8
61278;20.5;-58.6;1.6
61280;21.5;-57.2;3.8
61282;22.3;-61.5;4.1
61284;23;-63.4;2.4
61286;23.7;-59.1;4.2
61288;23.5;-61;4.6
61290;22.8;-61.1;5
61292;20.9;-62.9;4
61294;20.3;-65.8;4.1
61296;18.6;-54.1;5
61298;18.8;-57.5;6.2
61300;19.3;-62;4.2
61302;20.6;-62.8;4.3
61304;22;-61.8;4.5
61306;23.3;-54.2;4.6
61308;25.4;-60.9;4.8
61310;26.9;-65.3;2.7
61312;28.1;-63.1;2.4
61314;27.5;-58.4;2
61316;27.5;-55.3;2.4
61318;26.7;-62.5;1.9
61320;25.8;-66.3;0
61322;24.5;-61.5;-0.3
61324;23.6;-57.6;1.1
61326;23.6;-57.2;-0.2
61328;24.6;-65.6;1.7
61330;26.3;-64.5;-1.2
61332;28.3;-57;0.1
61334;29.2;-56.2;0.3
61336;30.8;-60.7;0.6
61338;31.7;-67.4;2.2
61340;31.2;-62.8;-0.2
61342;29;-53.3;1.8
61344;27.9;-62.8;1.5
61346;26.3;-65.1;2.3
61348;25.8;-65.8;3.4
61350;26.3;-57.5;2.3
61352;26.8;-53.1;2.6
61354;29.4;-63;4.1
61356;30.5;-64.3;4
61358;31.9;-58.7;5.3
61360;33.4;-56.1;4.3
61362;31.7;-57.4;4.2
61364;30.3;-65.3;4.6
61366;28.3;-64.5;4.8
61368;26.9;-57.5;6.5
61370;26.4;-57.8;5
61372;27.3;-62;5.7
61374;28;-65.7;3
61376;29.9;-61.2;4.7
61378;31.8;-54.3;3.6
61380;33.1;-59.1;3.7
61382;33.1;-60.8;3.6
61384;31.2;-64.5;1.9
61386;29.5;-57.6;2.5
61388;27.6;-55.2;-0.2
61390;27;-61.2;0.4
61392;28.1;-64.7;0.6
61394;29.5;-61.3;0.5
61396;32.4;-57.8;1
61398;33.7;-60.2;0.2
61400;33.3;-63.8;0.2
61402;32.7;-60.8;-0.3
61404;32.1;-59.5;0.8
61406;29.9;-58.3;0.8
61408;29;-60.7;1.9
61410;29.6;-63.7;2.5
61412;31.5;-58.5;1.3
61414;34.1;-58.5;3.2
61416;35.5;-61.9;1.7
61418;34.7;-62;3.3
61420;33.5;-62.9;4.3
61422;32.2;-57;3.9
61424;29.7;-59.4;6
61426;29.8;-61.5;4.5
61428;30.4;-63.3;5.7
61430;32.4;-60.2;3.9
61432;33.6;-53.8;6.1
61434;35.2;-59;4.5
61436;34.4;-62.1;5.9
61438;33.8;-62.3;5.8
61440;31.8;-57;4.4
61442;31.2;-54.8;5.3
61444;32.3;-61.4;2.9
61446;34.6;-65.3;3
61448;36.8;-60.9;1.3
61450;37.1;-58.4;2.1
61452;36;-59.9;0.6
61454;33.2;-62.4;1.2
61456;32.9;-66.4;1.2
61458;33;-58.4;0
61460;32.5;-52.4;1.1
61462;34.1;-60.3;-1.2
61464;36.2;-62.8;-0.5
61466;36.3;-64.6;-0.9
61468;34.6;-57;0.5
61470;32.6;-55.6;-0.4
61472;31.8;-62.6;1.3
61474;32.1;-63.7;1
61476;35.2;-61.1;0.7
61478;36.5;-55.7;2.9
61480;38.5;-55.2;0.9
61482;36.1;-60.3;2.3
61484;35.2;-65.5;2.6
61486;34.1;-58.9;2.9
61488;35.5;-57.9;4.3
61490;36.8;-56.6;3.8
61492;37.1;-59.5;5.8
61494;38.2;-65;3.1
61496;37.4;-59.4;6.4
61498;35.7;-55.2;4
61500;35.1;-56.9;4.8
61502;36.1;-59.8;3.7
61504;38.2;-66;5
61506;38.3;-60;3.2
61508;38;-53.1;4.5
61510;35.9;-58.5;3.4
61512;35;-61.6;2.6
61514;34.1;-63.2;3.2
61516;35.4;-61.7;0.8
61518;37.9;-54.2;1
61520;38.1;-53.1;-0.7
61522;37.8;-58.6;0.5
61524;36.5;-61.5;-0.5
61526;34;-59.1;-0.2
61528;35.6;-57.5;0.6
61530;37.2;-54.7;-0.6
61532;39.2;-57.5;1.4
61534;39.7;-61.4;-0.1
61536;38.9;-60.7;1.6
61538;36.1;-55.4;-0.1
61540;35.5;-55.5;2.1
61542;37.5;-55.5;0.9
61544;39;-58.7;2.4
61546;40.9;-62;3.9
61548;39.2;-57.9;2.1
61550;36;-53.3;5.6
61552;34.7;-56.2;3.1
61554;35.5;-57;5.3
61556;38.9;-59.5;3.2
61558;41;-61.2;5.5
61560;39.4;-53.9;4.5
61562;37.1;-53.9;5.2
61564;34.8;-57.7;5.9
61566;36.2;-58;4.2
61568;38.7;-60.7;6.8
61570;40.2;-58.9;3.6
61572;39.1;-54.7;5
61574;37;-55.1;1.6
61576;36.6;-59;3.7
61578;36.8;-62.7;0.6
61580;38.9;-61.1;2
61582;40.8;-55.7;0.9
61584;39.1;-53.6;0.4
61586;36.6;-53.4;1.7
61588;36.6;-55.7;-0.1
61590;36.5;-59.8;1.5
61592;38.5;-58.2;-1.6
61594;40.6;-52.6;1.1
61596;41.1;-51.9;-0.6
61598;37.9;-54.4;0.9
61600;37.6;-57.1;1.6
61602;37.1;-57.4;1.5
61604;39.4;-60.6;3.5
61606;40.5;-53.8;1.4
61608;40.4;-50.3;3.6
61610;38.5;-54.3;2.3
61612;37;-56.5;4
61614;38.8;-58.3;3.4
61616;39.4;-58.1;5
61618;39.4;-57.1;5.8
61620;38.1;-51;4.4
61622;36.8;-50.5;6.6
61624;36.6;-54.2;4.1
61626;37.3;-57.9;5.4
61628;38.4;-57;4.5
61630;40.3;-59.1;5.2
61632;37.9;-55.7;5.3
61634;36.8;-52.1;3.9
61636;37.6;-49.5;5.7
61638;39.1;-52.7;1.3
61640;40.9;-56.3;4.2
61642;39.9;-58.4;-0.1
61644;37.9;-56.4;1.7
61646;37.9;-54.5;0.7
61648;39.6;-53.2;0.9
61650;41.1;-53.3;0.4
61652;40.2;-51.5;0.3
61654;38.4;-53.8;-0.3
61656;38.5;-58.7;-1
61658;38.5;-60.9;0.3
61660;40.2;-56.2;-0.5
61662;40.7;-51.5;0.8
61664;40.1;-47.7;0.9
61666;39.8;-50.8;-0.5
61668;39.2;-51.4;1.9
61670;39.9;-53.3;0.2
61672;40;-54.2;2.1
61674;40.8;-56.1;2.1
61676;40.6;-55.1;2.4
61678;38.1;-48.3;3.9
61680;38.3;-49.4;2.2
61682;39.7;-50.4;3.3
61684;41;-51.2;3.9
61686;42.2;-53.2;4.9
61688;39.2;-55.2;5.2
61690;36.9;-54.2;4.4
61692;38.3;-54.5;4.6
61694;39.9;-51.5;4.2
61696;41.9;-49.2;4.9
61698;41.2;-49.1;5
61700;39;-48.3;5.1
61702;37.5;-50.5;4
61704;39.8;-53.5;2.6
61706;41.9;-55.6;4.1
61708;42.1;-55.7;1.7
61710;39.7;-53.7;2.8
61712;36.6;-51.5;1.7
61714;37.1;-49.1;0.3
61716;39.7;-47.8;1.1
61718;40.3;-48.3;-0.9
61720;39;-48.3;0.8
61722;36.6;-51.3;0.5
61724;35.1;-53.4;-0.4
61726;36.9;-53.7;0.2
61728;39.2;-53.6;-1.1
61730;40.6;-52.1;1
61732;40.1;-48.7;1
61734;37.2;-47.2;0.3
61736;37;-47.6;0.9
61738;38.6;-48;0.9
61740;41;-47;2
61742;41.2;-49.2;2.5
61744;39.7;-50;1.3
61746;36.9;-50.9;3
61748;36.8;-54.2;3.3
61750;39.6;-52.8;3.8
61752;40.2;-50.4;3.3
61754;39.9;-48.1;3
61756;36.8;-46.1;5.1
61758;36.6;-48.3;5
61760;35.2;-47.4;5
61762;37.4;-47.7;4
61764;40.5;-49.8;5.2
61766;39.1;-48.4;5.1
61768;37.5;-51.7;5.8
61770;36.3;-49.6;3.8
61772;36.6;-51.3;4.2
61774;38.7;-50.5;5
61776;40.9;-50.4;3.3
61778;39.1;-48;4.1
61780;37.6;-46.1;1.9
61782;36.3;-45;3
61784;38;-43.1;2.2
61786;40.4;-45.7;0.3
61788;40.6;-45;1
61790;38.2;-45.3;1.1
61792;36;-45.7;0.3
61794;36;-46.8;0
61796;38.2;-47.5;0.4
61798;38.9;-47.8;-0.5
61800;40.2;-47.6;0.4
61802;37.5;-46.8;-1.2
61804;36.9;-46.6;0.9
61806;36.6;-45.2;0.6
61808;37.5;-45.5;-0.4
61810;39.2;-43.9;1.5
61812;40.3;-44.7;1.1
61814;39;-42.5;1.1
61816;37.6;-44.1;1.7
61818;37.4;-43.7;3.4
61820;37.9;-43.8;0.9
61822;39.2;-45.4;3.2
61824;39.5;-45.5;3.6
61826;37.7;-46.3;3.3
61828;35.9;-46.6;3.3
61830;35.7;-47;4.9
61832;35.8;-46;3.2
61834;38.3;-46.2;4.9
61836;40.1;-45.8;5.4
61838;38.1;-44.5;4.7
61840;37.4;-44.3;4.6
61842;36.4;-43.4;5.9
61844;36.7;-42.6;4
61846;38.1;-43;5.6
61848;38.9;-42.2;5
61850;39.3;-42.5;5
61852;36.8;-42.7;4.4
61854;35.9;-41.4;5.7
61856;37;-42.8;2.4
61858;38.4;-42.6;5.4
61860;40;-42.9;2.4
61862;39;-42.9;3
61864;37.6;-42.3;2.9
61866;35;-43.4;2
61868;33.6;-44.1;1.1
61870;34.9;-44.1;2
61872;35.7;-45.6;-0.1
61874;38;-46.2;1.3
61876;38.8;-46.6;-0.1
61878;38.1;-46.2;-0.2
61880;34.8;-45.7;1.3
61882;33.8;-44;-2
61884;34.5;-44;0.4
61886;37.9;-44.1;-0.8
61888;39.8;-44.4;-0.4
61890;39.4;-42.3;-0.1
61892;38.5;-42.4;-1.2
61894;37.3;-40.9;1.1
61896;35.4;-41.1;-1.7
61898;35.1;-39.7;1.4
61900;37.9;-40.6;-0.4
61902;39.7;-39.6;0.4
61904;39.5;-38.7;0.7
61906;39.3;-40.1;-0.2
61908;36.7;-40.3;2.4
61910;33.6;-40.3;-0.5
61912;33.6;-40.7;3.3
61914;34.1;-39.7;0.4
61916;37.5;-41;3.6
61918;38.2;-39.1;0.8
61920;39;-39.3;3.4
61922;38.4;-40.9;2
61924;35.6;-39.4;4.4
61926;33.7;-39.6;1.9
61928;32.8;-40.1;4.6
61930;33.4;-38.9;2.5
61932;36.4;-40.3;4.7
61934;38.9;-41.1;2.9
61936;40.2;-40.8;4.8
61938;38.8;-40.7;3.6
61940;35.8;-41.3;5
61942;33.5;-41.2;2.9
61944;33.6;-41.2;5.3
61946;33.8;-42;3.5
61948;35.6;-42.2;5.4
61950;36.6;-41.3;3.3
61952;38.3;-41.6;5.3
61954;38.9;-42.2;3.3
61956;36.6;-41.2;4.8
61958;33.9;-41.2;3.4
61960;32.1;-41.1;4.2
61962;31.4;-41.6;3.4
61964;32.2;-41;4.1
61966;33.8;-41.6;3.4
61968;36.9;-41.6;2.7
61970;38.7;-41.5;3.4
61972;39.6;-40.8;1.9
61974;38.4;-41.1;2.6
61976;36.7;-40.6;2
61978;34.6;-39.9;1.7
61980;33.2;-39.7;1.7
61982;31.7;-38.9;0.7
61984;32.9;-38.5;1.7
61986;34.5;-38.8;0.7
61988;36.5;-38.7;0.6
61990;37.2;-37.5;0.3
61992;37.5;-37;-0.1
61994;37.3;-37.2;0.6
61996;37.2;-37.2;0.2
61998;34.9;-37.1;-0.2
62000;32.6;-37.6;0.2
62002;31.5;-36.4;-0.2
62004;32.1;-36.2;0
62006;32.7;-36.1;-0.7
62008;34.6;-36.5;0.1
62010;35.2;-36.3;-0.7
62012;35.6;-35.5;-0.1
62014;36.6;-35.8;-0.6
62016;36.8;-35.9;-0.1
62018;34.9;-35.5;-0.3
62020;34.4;-35.7;0
62022;32.9;-35.5;-0.3
62024;30.6;-34.9;-0.2
62026;30.6;-35.2;0.2
62028;30.4;-35.5;0
62030;30.4;-35;0.1
62032;31.4;-34.5;0.4
62034;32.2;-34.4;0.2
62036;34.7;-35.5;0.5
62038;35.4;-34.3;0.8
62040;35.2;-34.9;0.4
62042;34.4;-34.2;0.9
62044;34.5;-34.1;0.8
62046;34.1;-34.9;1.8
62048;31.8;-34.6;0.7
62050;30.8;-34.2;1.3
62052;30.1;-34.7;1.5
62054;29.3;-33.9;1.8
62056;30.8;-35.3;1.7
62058;30.8;-35.1;1.4
62060;31.3;-33.8;1.8
62062;32.7;-34.2;1.7
62064;34.3;-34.7;2.4
62066;34.9;-34.8;2
62068;35;-34.9;2.9
62070;34.9;-34.4;1.8
62072;34.8;-34;3.1
62074;34;-33.9;2.3
62076;33.5;-34.5;3.3
62078;31.7;-33.7;2.6
62080;30.9;-33.8;2.8
62082;30.7;-34;3
62084;29.7;-34.3;3.6
62086;29.8;-34.7;3.5
62088;30.5;-35;3.7
62090;30.3;-34.9;3.4
62092;30.8;-35;4
62094;31.7;-34.9;3.8
62096;32.2;-35.1;4.1
62098;32.3;-34.7;3.6
62100;32.9;-34.9;4.3
62102;32.6;-34.5;3.9
62104;33.1;-34.5;4.5
62106;33.8;-35.1;4.1
62108;33.5;-34.9;4.4
62110;33.7;-35.1;4.1
62112;32.5;-34.4;4.5
62114;32.2;-35;4.4
62116;30.9;-34.5;5.2
62118;30.4;-35;4.2
62120;29.5;-34.9;4.7
62122;28.4;-34;4.7
62124;28.1;-34.2;4.6
62126;28.4;-34.8;5
62128;29;-35.4;4.9
62130;28.9;-35.1;5
62132;28.4;-34.2;4.8
62134;28.6;-34.6;5.2
62136;29;-34.8;4.3
62138;29.2;-34.1;5.4
62140;29.4;-34.4;4.4
62142;30.2;-35.1;5
62144;30.4;-34.4;4.7
62146;30.9;-34.9;4.7
62148;31.5;-34.9;5
62150;31.9;-35.2;4.8
62152;31.9;-34.9;4.7
62154;32;-35;4.8
62156;31.9;-34.8;5.2
62158;32.6;-35;4.9
62160;31.8;-34.4;4.9
62162;32.7;-35.1;4.4
62164;32.1;-35.1;5.2
62166;31.8;-34.8;4.1
62168;30.9;-34.4;5
62170;30;-34.2;4.5
62172;29.8;-35.1;5.4
62174;28.7;-34.5;4.6
62176;28.8;-35.2;4.8
62178;28.2;-35;4.6
62180;27.5;-34.4;5.3
62182;26.8;-34.5;4.5
62184;26.7;-33.9;4.9
62186;27.1;-35.1;4.1
62188;27.5;-34.7;4.5
62190;27.5;-34.6;4.4
62192;27.3;-34.3;4.3
62194;27.5;-34.3;4.4
62196;27.5;-34.9;4.2
62198;27.8;-34.3;4.2
62200;27.5;-34.4;4.2
62202;27.5;-34.1;4
62204;27.8;-34.4;4
62206;28.1;-34.6;4.3
62208;28.3;-35.1;4.4
62210;27.9;-34;3.7
62212;27.9;-34.3;4.5
62214;28.7;-34.9;3.5
62216;28.3;-34.5;4.5
62218;29.4;-34.9;3.4
62220;29;-34.9;4.3
62222;29.1;-34.4;3.8
62224;28.8;-34;3.9
62226;29.4;-34.7;3.8
62228;29;-34;3.8
62230;29.8;-34.7;3.8
62232;29.5;-33.6;3.3
62234;29.8;-34.5;4.1
62236;29.8;-34.2;3.6
62238;30.3;-34;3.9
62240;29.9;-33.9;3.5
62242;30.1;-33.4;3.4
62244;30.4;-34;3.6
62246;30.5;-34.4;3.2
62248;30.9;-34.4;3.4
62250;30.6;-33.9;3.7
62252;30.5;-33.4;3.4
62254;30.4;-33.6;3.1
62256;31.1;-34.6;3.6
62258;30.2;-33.6;3.2
62260;31;-34.4;3.4
62262;31;-34.6;2.8
62264;30.6;-33.8;3.5
62266;30.8;-34.6;2.8
62268;30.8;-34.3;3.3
62270;30.8;-34.2;3.2
62272;30.2;-33.7;2.9
62274;30.4;-33.8;3.3
62276;30.3;-34.4;3
62278;29.7;-33.6;3
62280;29.7;-33.4;2.8
62282;29.8;-34.2;2.9
62284;29.8;-33.8;2.9
62286;29.5;-33.4;2.8
62288;29.4;-33;2.7
62290;29.3;-33.9;2.9
62292;28.9;-33.2;2.7
62294;28.8;-33.2;2.8
62296;28.7;-33.2;2.8
62298;29.1;-33.9;2.8
62300;28.4;-32.8;2.9
62302;28.9;-33.5;2.9
62304;28.9;-33.6;2.6
62306;28.2;-33.4;2.9
62308;28.4;-34;2.7
62310;27.9;-33;2.5
62312;27.8;-33.3;2.8
62314;27.7;-33.4;2.7
62316;28.1;-33.6;2.9
62318;27.5;-33.5;2.6
62320;27.9;-33.6;2.7
62322;28;-34.1;2.3
62324;27.3;-33.1;2.6
62326;27.3;-33.6;2.9
62328;27.4;-33.4;2.3
62330;27.5;-33.2;2.6
62332;27.1;-32.9;2.5
62334;27.2;-32.6;2.3
62336;26.7;-32.6;2.8
62338;27.2;-33.2;2.2
62340;27.2;-33.2;2.5
62342;26.6;-32;2
62344;26.7;-32.5;2.4
62346;26.6;-32.3;2.3
62348;26.8;-32.9;1.9
62350;26.8;-33.2;2.7
62352;26.9;-33.5;2.4
62354;26.9;-33.4;2.1
62356;26.5;-32.5;2.3
62358;27;-33.2;2.2
62360;26.4;-32.4;2
62362;26.2;-32.5;2.5
62364;26.4;-32.8;2.2
62366;26.8;-32.9;2
62368;26.3;-32.7;1.8
62370;26.3;-32.4;2
62372;25.9;-32.5;2
62374;26.4;-32.5;2.2
62376;26;-32.3;2
62378;26;-32.2;2.2
62380;26.5;-33.1;2.2
62382;25.8;-32.3;1.5
62384;25.8;-32.5;2.3
62386;26.1;-32.7;2.1
62388;26.2;-32.9;1.7
62390;25.9;-32.7;1.9
62392;25.8;-32.1;2.1
62394;25.9;-32.4;1.5
62396;25.7;-32;2.1
62398;26;-32.8;2.2
62400;25.7;-32.3;1.7
62402;25.8;-32.5;1.8
62404;25.7;-32.4;2.1
62406;25.7;-32.2;1.8
62408;25.5;-32.3;2.2
62410;25.6;-31.9;1.9
62412;25.4;-32.4;1.5
62414;25.4;-31.7;1.7
62416;26;-32.6;2
62418;25.3;-32.4;1.7
62420;25.9;-32.4;2
62422;26;-32.2;2.1
62424;26.1;-33;1.4
62426;25.9;-32.9;1.8
62428;26.2;-33;2.4
62430;26;-32.3;1.3
62432;26;-32.7;1.8
62434;25.7;-32.1;2
62436;26.1;-32;1.3
62438;25.9;-32.2;1.7
62440;26.2;-32.3;2
62442;26.2;-32.1;1.8
62444;26.4;-31.7;1.8
62446;26.7;-31.5;1.8
62448;27.1;-32.4;1.8
62450;27.3;-32.3;2.1
62452;26.9;-31.9;1.7
62454;26.7;-31.7;2.1
62456;27.2;-32.7;2
62458;27.5;-32.4;1.6
62460;26.9;-32;1.7
62462;26.8;-31.8;2
62464;27.1;-31.9;2
62466;27.2;-32.5;1.7
62468;27.3;-32.5;1.3
62470;27;-31.9;1.9
62472;27.4;-32.5;2.1
62474;27;-32;1.5
62476;27.5;-32.6;1.7
62478;26.9;-31.9;1.8
62480;27.1;-32.2;1.5
62482;26.7;-32.2;1.9
62484;27.5;-32.9;1.8
62486;26.9;-32.2;1.3
62488;27.4;-32.9;2.1
62490;27.3;-32.5;1.4
62492;27.2;-32.3;1.5
62494;27.6;-32.7;2.1
62496;27.5;-32.2;1.5
62498;27.5;-31.8;1
62500;27.1;-31.9;2.5
62502;27.2;-31.6;1.4
62504;27.2;-31.5;1.8
62506;27.7;-31.9;2
62508;27.7;-32;1
62510;28.1;-32.5;1.8
62512;28;-32.8;2.2
62514;28.3;-33.1;1.2
62516;28.2;-32.5;2.4
62518;28.5;-32.5;1.9
62520;28.6;-32.5;0.9
62522;28;-31.9;2.5
62524;28.2;-32;1.6
62526;28.2;-31.9;1.2
62528;28;-32.5;2.1
62530;27.8;-31.9;1.5
62532;27.5;-32.2;1.5
62534;26.8;-31.8;2
62536;27.5;-32.7;1.8
62538;27;-32.8;1.8
62540;26.6;-32.3;2
62542;26.6;-32.1;1.7
62544;26.6;-32.1;1.5
62546;27.1;-32.7;1.5
62548;27.1;-32.7;1.8
62550;27.2;-32.9;1.7
62552;26.9;-32.2;1.7
62554;26.9;-32.5;1.8
62556;27.1;-32.5;1.9
62558;27.1;-32.2;1.4
62560;27.4;-32.2;1.5
62562;27.4;-31.9;2.3
62564;27.9;-32.2;1.9
62566;28.1;-32.4;1.8
62568;28.7;-32.3;1.8
62570;27.9;-31.7;1.9
62572;28.9;-32.9;1.7
62574;28.6;-32.2;1.5
62576;29.5;-32.7;1.8
62578;29.3;-32.8;1.7
62580;30.1;-32.6;1.8
62582;30.3;-32.8;1.8
62584;30.4;-32.5;2.1
62586;30;-32.3;1.3
62588;30;-31.8;1.5
62590;30.8;-32.2;1.8
62592;30.7;-32.2;1.9
62594;31.6;-32.8;1.8
62596;31.1;-32.1;2.1
62598;31.9;-32.8;1.6
62600;32.1;-33;1.6
62602;30.9;-32;1.9
62604;31.5;-32.8;2
62606;31.5;-32.6;1.3
62608;31.5;-32.9;2.1
62610;30.4;-32.2;1.7
62612;30.2;-33.1;1.1
62614;29.9;-32.8;1.8
62616;29.4;-33.1;2
62618;28.2;-32.4;1.5
62620;27.5;-32.3;1.9
62622;27.3;-32.8;2
62624;26.6;-32.3;1.4
62626;26.3;-32.5;1.8
62628;26.2;-32.2;1.7
62630;25.6;-32.3;1.5
62632;26.4;-32.4;1.8
62634;26.1;-32.1;1.8
62636;27.4;-32.8;1.7
62638;28;-33;1.9
62640;27.5;-32.6;1.5
62642;28.1;-32.5;1.6
62644;28.7;-32.5;1.9
62646;29.4;-33;1.6
62648;29.8;-33.1;1.7
62650;30.4;-32.5;2
62652;30.2;-32.5;1.5
62654;30.9;-32.6;1.8
62656;31.9;-32.8;2.1
62658;31.7;-32;1.5
62660;32.4;-32.3;1.2
62662;32.1;-32.1;2.1
62664;32.1;-32.2;1.6
62666;33.3;-33.3;1.8
62668;32.6;-32.6;1.9
62670;32;-32.6;1.3
62672;31.1;-32.4;1.7
62674;29.5;-32.4;2
62676;29.3;-32.6;1.2
62678;27.6;-32.2;1.7
62680;27.6;-32.7;2.1
62682;27.4;-32.8;1
62684;27.3;-32.5;2
62686;28.2;-33;1.9
62688;29.2;-33.2;1
62690;30.1;-33.1;2.3
62692;31.2;-32.9;1.8
62694;31;-32;1.4
62696;32.9;-32.8;2.4
62698;32.6;-32.1;1.1
62700;33.2;-32.7;1.6
62702;33.8;-32.1;2.5
62704;34.9;-32.3;1.2
62706;34.8;-32.9;2
62708;33.5;-32.2;1.8
62710;32.9;-32.3;1.1
62712;31.8;-32.6;2.4
62714;30.7;-32.5;1.6
62716;30.1;-32.7;1.6
62718;28.6;-32.5;2.7
62720;28.2;-32.5;1.3
62722;28.4;-32.6;1.8
62724;29.1;-32.3;1.8
62726;31;-33.3;1.7
62728;32.6;-33.2;1.8
62730;33.5;-33.3;1.9
62732;33.2;-32.3;1.8
62734;35;-33.1;1.8
62736;35.2;-33;1.7
62738;35.5;-32.9;1.8
62740;34;-32.1;1.6
62742;33.9;-32.9;1.6
62744;32.2;-32.9;1.9
62746;30.3;-33.1;2.3
62748;28.8;-32.9;1.6
62750;28.3;-32.2;1.4
62752;28.5;-32.4;2.3
62754;29.3;-32.6;1.3
62756;31.2;-33.1;1.8
62758;33;-33.1;2.3
62760;33.8;-32.8;1
62762;35.2;-32.7;2.1
62764;35.4;-32.4;1.9
62766;36.1;-32.9;1.2
62768;34.9;-32.1;2
62770;33.8;-32.3;1.4
62772;31.8;-32.3;1.8
62774;31.7;-33;2.1
62776;30.2;-32.1;1.2
62778;31.2;-33;1.9
62780;32.6;-33.1;2.2
62782;34.4;-33.1;1.5
62784;35.5;-32.5;1.8
62786;36.8;-32.4;2.1
62788;38.2;-32.9;1
62790;37.2;-32.4;1.7
62792;37;-33.2;1.8
62794;34.8;-33.3;1.6
62796;32.2;-32.9;1.7
62798;31.3;-33;1.6
62800;31.9;-32.7;1.7
62802;32.8;-33;1.6
62804;33.8;-32.6;1.8
62806;36.8;-33;2
62808;37.6;-33.2;1.5
62810;38.3;-32.7;1.8
62812;37.2;-32.5;1.8
62814;36.1;-32.9;1.5
62816;33.8;-33;1.8
62818;31;-32.4;2.1
62820;31.3;-32.8;1.5
62822;32;-32.9;1.6
62824;34.3;-33;2.2
62826;36.4;-32.7;1
62828;37.8;-32.5;2.3
62830;39;-33.2;2.3
62832;37.8;-32.8;1.3
62834;34.4;-32.4;2.1
62836;32.8;-32.3;1.4
62838;32.9;-32.8;1.3
62840;33;-32.7;2.2
62842;34.6;-33;1.1
62844;36.6;-32.7;1.6
62846;38.1;-33;1.8
62848;38;-33.3;1.6
62850;36.4;-32.7;1.7
62852;34.7;-32.9;1.9
62854;33.4;-32.3;1.2
62856;34.7;-32.8;1.7
62858;35.5;-33.1;1.8
62860;38;-32.8;1.5
62862;38.3;-31.9;1.8
62864;37.8;-32.4;1.8
62866;36.7;-32.9;1.5
62868;34.6;-33;1.8
62870;33.6;-32.9;1.9
62872;33.1;-32.3;1
62874;34.7;-32.4;1.7
62876;37.4;-32.9;2
62878;39;-33.1;1.1
62880;38.5;-33.3;2.2
62882;36.5;-32.9;1.6
62884;34.4;-32.9;1.8
62886;35.4;-33.1;1.8
62888;35.7;-32.9;1.7
62890;38;-32.8;1.7
62892;39.8;-32.8;1.9
62894;37.9;-32.4;1.4
62896;36.8;-32.6;1.8
62898;36.4;-33.3;1.9
62900;35.6;-32.7;1.8
62902;36.6;-32.8;1.5
62904;38.1;-32.9;1.3
62906;39;-33;1.4
62908;36.7;-33.1;1.8
62910;34.3;-32.3;1.7
62912;34;-32.6;1.6
62914;35.7;-32.5;1.7
62916;37.6;-32.6;1.8
62918;39.1;-32.5;1.8
62920;38.4;-32.3;1.8
62922;38.4;-32.9;1.8
62924;37.8;-32.9;1.8
62926;37.4;-32.1;1.8
62928;39.9;-32.9;1.7
62930;39.7;-32.2;1.8
62932;39.2;-32.5;1.7
62934;38.4;-33.2;1.6
62936;37.7;-33.4;2.2
62938;38.1;-32.6;1.5
62940;39.7;-32.7;1.4
62942;39.9;-32.4;2.2
62944;39.1;-33.1;1.7
62946;37.1;-33.1;1.6
62948;35.9;-32.7;2.3
62950;37.1;-32.4;1.4
62952;38.8;-32.4;1.7
62954;40.3;-32.7;2.3
62956;38.7;-32.3;1.1
62958;38.3;-33;1.7
62960;37.4;-32.5;2
62962;39.2;-32.5;1
62964;42.5;-32.6;1.8
62966;41.3;-32.7;2.1
62968;40.2;-32.8;1.5
62970;38.2;-32.1;1.8
62972;40.4;-32.6;2.3
62974;41.9;-32.6;1.3
62976;41.5;-32.8;2.1
62978;39;-33.2;1.8
62980;37;-33;1.5
62982;37.3;-32.4;2.3
62984;41.2;-33;1.8
62986;43;-33.3;1.8
62988;40;-32.7;2.1
62990;38;-32.8;1.4
62992;38.2;-32.4;1.5
62994;39.9;-32.6;2.3
62996;41.8;-32.9;1.5
62998;40.4;-32.8;1.5
63000;38.8;-33;2.2
63002;37.8;-32.3;1.8
63004;40.5;-32.1;1.7
63006;42.1;-33.2;1.6
63008;40.1;-32.6;1.4
63010;39.6;-33.4;1.9
63012;40.8;-33.3;1.9
63014;42.2;-32.8;1.6
63016;43.3;-33.3;1.9
63018;41.9;-33.5;2
63020;39.2;-32.6;1.2
63022;41.7;-33;1.5
63024;43.8;-33;2.4
63026;43.3;-32.8;1.6
63028;41;-32.5;1.7
63030;41.4;-33;2.4
63032;41.9;-32.3;1.1
63034;43.9;-32.6;1.4
63036;41.8;-33.2;2.5
63038;38.9;-32.9;1.4
63040;39.7;-32.9;1.8
63042;41.6;-32.7;1.7
63044;41.6;-32.5;0.9
63046;39.7;-32.8;2.2
63048;40.6;-32.6;1.9
63050;42.7;-32.8;0.9
63052;43.7;-32.7;2.1
63054;41.9;-32.4;1.7
63056;42.2;-33.2;1.1
63058;41.8;-32.8;2.3
63060;42.1;-32.1;1.5
63062;41.6;-32.5;1.3
63064;40.3;-33.2;2.2
63066;40.8;-32.3;1.5
63068;43;-32.7;1.5
63070;43.1;-33;2.5
63072;41.1;-32.5;1.5
63074;41.5;-32.9;1.6
63076;43.5;-33.2;2.1
63078;43.9;-33.3;1
63080;40.8;-32.5;2.1
63082;40.5;-32.6;1.8
63084;41.8;-32.3;1.3
63086;44.4;-33.2;2.4
63088;42.7;-33.3;1.8
63090;41.1;-33;1.2
63092;42.6;-32.9;2.5
63094;44;-33;0.9
63096;41.4;-32.4;1.9
63098;41.4;-32.7;2.5
63100;43.5;-32.8;1
63102;45.5;-33.3;2.2
63104;42;-32.9;2.2
63106;41.8;-33.1;1.1
63108;42.5;-33;1.9
63110;43.9;-32.4;1.8
63112;41.7;-32.8;1.3
63114;39.7;-32.6;2.2
63116;42.3;-33.2;1.3
63118;45;-33.2;1.6
63120;42.7;-32.3;1.9
63122;42.9;-33.1;1.4
63124;44.5;-33;1.8
63126;45.5;-32.7;1.5
63128;44.7;-32.8;1.7
63130;43.3;-33.3;2.2
63132;43.4;-32.6;1.6
63134;45.9;-32.7;1.9
63136;43.9;-33.2;2.2
63138;42.5;-33;1.2
63140;42;-32.7;2
63142;44.9;-33.3;2.2
63144;43.1;-33.2;1.6
63146;42.4;-33.5;2.1
63148;43.8;-33.3;1.5
63150;44.4;-33.4;1.4
63152;41.8;-32.9;2.3
63154;41.7;-32.8;1.9
63156;44.4;-33.2;1.1
63158;43.3;-32.9;2.1
63160;41.3;-32.6;1
63162;41.7;-32.6;1.8
63164;43.4;-32.7;2.3
63166;43.4;-32.6;0.8
63168;43.8;-33;2.4
63170;43;-32.1;1.7
63172;44.5;-32.2;1.2
63174;43.4;-32.5;2.8
63176;43.5;-33.1;1.2
63178;43.4;-32.6;1.7
63180;44.3;-33.1;2.2
63182;41.2;-32.6;1.2
63184;41.6;-32.8;1.9
63186;44;-33;2.1
63188;44.7;-33.4;1.4
63190;42.8;-32.9;2
63192;43.2;-32.4;1.7
63194;44.1;-32.6;1.2
63196;42.6;-32.8;2.4
63198;44;-33.2;1.2
63200;45.4;-33.2;1.8
63202;43.6;-32.7;2.7
63204;40.8;-32.6;0.9
63206;42.5;-33.1;2.6
63208;44.6;-33.2;1.5
63210;43.6;-33;1
63212;41.8;-32.8;2.7
63214;42.8;-32.3;0.8
63216;45.8;-33.2;2.5
63218;42.2;-32.6;1.8
63220;43.2;-32.8;0.8
63222;43.9;-32.8;2.2
63224;43.7;-32.8;1.7
63226;41.6;-32.8;1.5
63228;44;-33.3;2
63230;44.4;-32.8;1.2
63232;44.2;-33.4;1.8
63234;43.5;-33.3;1.8
63236;45.4;-33.3;1.5
63238;44.3;-32.8;1.9
63240;42.8;-33.3;1.8
63242;42.2;-32.9;1.5
63244;44.4;-32.8;2.2
63246;43.7;-33.5;1.3
63248;41.5;-32.6;1.6
63250;43.7;-32.9;2
63252;44.4;-32.9;1.3
63254;43.2;-33.2;2
63256;44;-33.4;1.6
63258;46.2;-33.3;1.5
63260;43.7;-32.7;1.3
63262;42.2;-32.6;2
63264;43.3;-32.4;1.8
63266;45;-33.3;1.4
63268;42.5;-32.7;1.9
63270;42.9;-33.3;1.6
63272;43.2;-32.7;1.1
63274;41.3;-32.6;2.4
63276;42;-32.9;1.7
63278;43.4;-32.4;1.2
63280;43.3;-32.8;2.1
63282;41.7;-32.9;1.5
63284;42.7;-33;1.2
63286;43.3;-33.1;2.2
63288;41.9;-33;1.3
63290;42.2;-33;1.8
63292;43.4;-32.9;2.3
63294;43.9;-33;1.6
63296;43.3;-33.6;1.6
63298;44.9;-33.3;1.8
63300;45.4;-33.7;1.7
63302;42.1;-32.9;1.8
63304;43.8;-33;1.4
63306;45.3;-33.2;1.3
63308;42.4;-32.5;2.2
63310;44.4;-33.2;1.5
63312;45.4;-32.7;1.6
63314;44.7;-32.8;1.8
63316;43.7;-33;1.3
63318;44.9;-32.6;1.9
63320;45.1;-32.6;1.8
63322;44.3;-33.2;1.8
63324;44.4;-33.4;1.3
63326;45.4;-33;1.9
63328;43.3;-33.6;1.6
63330;42;-33.3;1.2
63332;44.1;-33.6;1.8
63334;44.3;-32.9;1.8
63336;42.4;-33;1.2
63338;43.7;-33;1.9
63340;44.5;-32.5;1.8
63342;43.3;-33.3;1
63344;43.3;-33.1;1.6
63346;44.3;-32.5;1.7
63348;44.5;-33.3;1.4
63350;42.7;-33.3;1.4
63352;44.2;-33.1;2.1
63354;44.9;-33.4;1.8
63356;42.8;-32.9;1.5
63358;41.6;-32.7;2.1
63360;43.5;-32.7;1.6
63362;42.4;-32.9;1.5
63364;43.4;-33.2;1.7
63366;44.1;-32.4;1.7
63368;42.5;-32.3;1.8
63370;41.7;-32.6;1.3
63372;42.1;-32.5;1.4
63374;43.1;-32.6;2.1
63376;43.4;-33.4;1.7
63378;43.4;-33.1;1.4
63380;45.3;-33.5;1.8
63382;43.9;-33.5;2.1
63384;43.2;-33.5;1
63386;43.5;-33.4;1.6
63388;42.9;-33.6;2.2
63390;40.3;-33.2;1.1
63392;41.3;-32.9;2
63394;42.6;-32.7;1.7
63396;43.3;-33.2;1.1
63398;43.9;-33.1;1.8
63400;45;-33;1.8
63402;42.1;-32.9;1.4
63404;41.6;-32.3;1.9
63406;44.6;-33.4;1.8
63408;43.2;-33.3;1.4
63410;40.6;-33;1.8
63412;42.3;-33.3;1.8
63414;42.9;-33.1;1.6
63416;40.7;-32.6;1.7
63418;43.8;-33.3;2
63420;46;-33.4;1.6
63422;42.5;-32.8;1.3
63424;43.4;-32.7;1.9
63426;45.6;-32.8;1.6
63428;43.1;-32.7;1.8
63430;43;-33.4;2
63432;43.5;-32.6;1.7
63434;44.5;-32.6;1.7
63436;42;-32.5;1.9
63438;44.2;-32.9;1.6
63440;45.9;-32.7;1.3
63442;42.4;-32.8;1.6
63444;43.1;-33.4;2
63446;44.6;-33.4;1.8
63448;43.8;-33.5;1.7
63450;41.9;-33.2;1.5
63452;42.9;-33.1;1.4
63454;46;-33.6;1.7
63456;44.6;-33.8;1.8
63458;43.8;-33.3;1.7
63460;45.4;-32.9;1.7
63462;43.4;-32.7;1.8
63464;44.5;-33.4;1.5
63466;44.6;-32.8;1.3
63468;44.9;-33.3;1.9
63470;43;-33;1.6
63472;42.6;-32.5;1.8
63474;42.3;-32.4;2
63476;42.8;-33.5;1.3
63478;42.9;-32.9;1.8
63480;44;-32.9;1.9
63482;43;-33.1;1.5
63484;42.1;-32.7;2
63486;43.5;-33.1;1.8
63488;42.4;-33.1;1.3
63490;42;-33.1;2.3
63492;43.1;-33;1.2
63494;43.4;-32.4;1.4
63496;42.3;-32.9;1.9
63498;44.2;-33.3;1.1
63500;44.5;-32.8;2.2
63502;42.6;-32.9;2.1
63504;44;-33.4;0.8
63506;45.6;-33.6;2.2
63508;44.7;-33.3;1.7
63510;43.7;-33.4;1.1
63512;43.6;-32.6;2
63514;43.1;-32.7;1.6
63516;42.8;-33.4;1.2
63518;44.7;-33;2
63520;46.6;-33.5;1.7
63522;42.5;-32.5;1.2
63524;42.6;-32.7;2
63526;45.8;-33.2;1.6
63528;44.4;-33.3;1.5
63530;41.4;-32.9;1.9
63532;42.9;-32.7;1.8
63534;44.5;-32.8;1.2
63536;44.6;-33.3;2
63538;44.3;-32.7;1.8
63540;48;-33.5;1.4
63542;44.6;-32.4;1.9
63544;45.5;-33.3;1.8
63546;46.3;-32.8;1.7
63548;45.7;-33.4;2
63550;44.8;-33.2;1.4
63552;45.6;-33.4;1.5
63554;45.5;-33;1.9
63556;44.8;-33.2;1.6
63558;44;-32.9;1.8
63560;45.8;-33;1.6
63562;43.6;-32.9;1.4
63564;44.1;-32.8;1.9
63566;46.5;-33.3;1.8
63568;43.9;-32.8;1.5
63570;42.6;-32.8;1.8
63572;44.2;-33.1;1.4
63574;45.4;-33.4;1.7
63576;44.3;-33.7;2.2
63578;44.9;-33.6;1.5
63580;45.3;-33.1;1.6
63582;44.9;-33.1;1.8
63584;44.6;-33.4;1.8
63586;44.3;-33;1.6
63588;43.9;-33.4;1.8
63590;42.2;-33.3;1.3
63592;43.5;-32.8;1.8
63594;44.5;-32.5;2.2
63596;44.9;-33.4;1.7
63598;45.5;-33;1.6
63600;47;-33.3;1.7
63602;44;-32.6;1.7
63604;43.3;-32.5;1.4
63606;45.6;-33;1.8
63608;44.8;-32.9;1.7
63610;42.1;-32.6;1.5
63612;43.2;-32.6;2.1
63614;44;-32.9;1.6
63616;43.8;-33.6;1.7
63618;44.9;-33.3;2.3
63620;44.9;-32.9;1.6
63622;44.2;-32.6;1.3
63624;45.3;-33.3;1.8
63626;46.9;-33.1;1.8
63628;44.6;-32.8;1.7
63630;43.2;-33.2;1.9
63632;43.8;-32.7;1.9
63634;43.8;-32.8;1.2
63636;42.4;-32.5;1.8
63638;43.8;-33.5;1.9
63640;44.3;-32.6;1.7
63642;44.2;-33.4;1.7
63644;41.6;-32.7;2.1
63646;44.3;-33.1;1.7
63648;44.2;-33.5;1.7
63650;43.1;-33.5;1.8
63652;43.8;-32.9;1.2
63654;44.9;-33;1.9
63656;43.6;-33.1;1.5
63658;45.3;-33.6;1.5
63660;46.3;-32.9;2
63662;46.1;-33.5;1.2
63664;45.5;-33.4;1.5
63666;46;-33.2;1.9
63668;43.8;-32.5;1.4
63670;43.8;-33.3;1.6
63672;43.9;-32.8;2.4
63674;43.4;-32.5;1.4
63676;44.5;-33.3;1.2
63678;43.5;-32.5;2
63680;46.1;-32.6;1.2
63682;44.3;-32.6;1.2
63684;45.8;-33.1;2.2
63686;46.2;-33.3;1.6
63688;43.6;-32.8;1.7
63690;43;-33;2
63692;44.2;-33;1.4
63694;44.6;-33.2;1.2
63696;43.9;-33.2;2
63698;43.9;-32.7;1.9
63700;46.4;-33.6;1.2
63702;44.8;-33.6;2
63704;43;-32.7;1.7
63706;46;-33.4;1.2
63708;45.4;-33.5;2.2
63710;42.8;-32.9;1.5
63712;43.8;-32.4;1.3
63714;44.2;-32.6;2.2
63716;43.9;-33;1.8
63718;46.2;-33.2;1.2
63720;46.5;-32.8;2.1
63722;44.9;-33.2;1.8
63724;43.6;-32.6;1.3
63726;46.2;-33.4;2.1
63728;45.1;-33.5;1.3
63730;43.3;-33.6;1.6
63732;43.3;-32.7;2.1
63734;44.9;-33.3;0.7
63736;44.9;-33.6;2.2
63738;46.1;-33.7;1.8
63740;46.5;-32.9;0.8
63742;46.3;-33.5;2.8
63744;45.3;-33.1;1.1
63746;46.9;-32.6;1.2
63748;46.7;-33;2.7
63750;43.4;-32.7;0.4
63752;44.7;-32.7;2.3
63754;46.8;-33.2;1.8
63756;43.9;-32.7;0.9
63758;45.4;-33.3;2.8
63760;47.1;-33.5;1
63762;45.5;-33.4;1.8
63764;43.7;-33;2.7
63766;47.1;-33.6;0.9
63768;46.5;-33.9;2.1
63770;44;-33.3;1.6
63772;44.2;-32.6;1.3
63774;45.5;-32.8;2.1
63776;44.7;-32.9;1.3
63778;45.6;-32.4;1.6
63780;47.6;-33.2;2.5
63782;44.6;-32.4;1.4
63784;45.8;-33.2;1.5
63786;46.3;-33.1;1.9
63788;43.9;-32.9;1.2
63790;43.3;-33;1.8
63792;45.2;-33.1;2
63794;46;-32.9;1.1
63796;46.4;-33.6;2.4
63798;47.7;-33.8;1.6
63800;48.5;-33.9;1.3
63802;46.7;-33.5;2.4
63804;47;-33.4;1.6
63806;47.9;-33.1;1.3
63808;44.9;-32.2;2.3
63810;43.4;-32.7;1
63812;45.6;-33;1.6
63814;45.5;-33.3;2.2
63816;44.5;-33;1.2
63818;45;-32.6;1.9
63820;47.2;-33.2;1.6
63822;45;-32.9;1.1
63824;45.2;-32.7;2.2
63826;47.4;-33.2;1.8
63828;46.9;-33.7;1.4
63830;44.3;-33.1;1.8
63832;47.2;-33.7;1.6
63834;48.3;-33.7;0.8
63836;46.7;-33.4;2.4
63838;46.7;-33.1;1.8
63840;47.6;-32.7;1.3
63842;44.7;-32.5;2.3
63844;45.9;-33.3;1.4
63846;48;-33.6;1.4
63848;46.6;-33.6;1.8
63850;45.3;-33.6;1.7
63852;45.8;-32.6;1.4
63854;48.4;-33.3;2.1
63856;47.5;-33.8;1.9
63858;47.7;-33.6;1
63860;49.3;-33.6;2
63862;46.3;-33;1.6
63864;44.9;-32.8;1.4
63866;48.1;-33.7;2
63868;46.1;-33;1.9
63870;45.5;-33.6;1.3
63872;44.7;-33.1;2
63874;45.8;-33;1.7
63876;45.6;-33.5;1.6
63878;45.6;-32.7;1.8
63880;47.9;-33.2;1.5
63882;47.5;-33.5;1.2
63884;45.7;-32.9;1.8
63886;47.9;-33.4;1.8
63888;46.8;-33.3;1.2
63890;45.9;-33.4;1.9
63892;46.3;-32.8;1.7
63894;46.8;-32.6;1.3
63896;45.8;-33;1.7
63898;46.8;-32.7;1.6
63900;48.9;-33.3;1.7
63902;46.5;-32.9;1.8
63904;46.2;-33.5;1.7
63906;48.9;-33.7;1.8
63908;46.3;-33.3;1.3
63910;45;-33.1;1.5
63912;46.9;-33.2;1.9
63914;47.5;-33.7;1.3
63916;46.1;-33.3;1.8
63918;48.5;-33.4;1.9
63920;48.7;-33.1;1.5
63922;46.7;-32.7;1.8
63924;45.8;-32.9;1.9
63926;48.7;-32.9;0.8
63928;46;-32.7;1.9
63930;44.6;-32.8;2
63932;46.7;-32.8;1.3
63934;47.7;-33;2.1
63936;47.7;-33.4;2
63938;48.9;-32.9;1
63940;49.1;-32.9;2.2
63942;48.6;-33.5;1.8
63944;47.9;-33.8;1.3
63946;48.5;-33.2;1.8
63948;47.6;-33.2;1.3
63950;44.7;-33;1.4
63952;46.7;-32.9;1.8
63954;48.7;-33.5;1.5
63956;46.4;-33.1;1.4
63958;47.6;-33.3;1.8
63960;49.5;-33.6;1.5
63962;45.6;-32.9;1.6
63964;46.7;-33.1;2.3
63966;48;-33.1;1.2
63968;46.8;-33;1.7
63970;46;-32.9;2.2
63972;46.3;-32.8;1
63974;47.1;-32.9;2.1
63976;47.3;-33.7;1.5
63978;47.4;-33;1
63980;49.7;-33.6;2.7
63982;47;-32.8;0.6
63984;47;-33.2;1.9
63986;47.9;-33.3;2
63988;46.8;-33.4;1
63990;45;-32.7;2.3
63992;47.9;-33.3;1.3
63994;49.4;-33.5;1.5
63996;47.2;-32.5;2.3
63998;48.3;-32.9;1.4
64000;49.3;-32.9;1.6
64002;46.7;-32.6;1.8
64004;47.2;-32.6;1.5
64006;49.3;-33;1.7
64008;48.4;-33.3;1.8
64010;47.1;-33.5;1.5
64012;47;-32.8;1.8
64014;49.1;-33.7;1.2
64016;46.6;-33.4;1.5
64018;48.2;-33.3;2.1
64020;49.9;-33.1;1.5
64022;49;-33.4;1.2
64024;48.2;-33;1.9
64026;51;-33.5;1.7
64028;48;-32.6;1.3
64030;46.6;-32.7;1.8
64032;48;-32.7;1.7
64034;49.4;-32.8;1.6
64036;47.2;-32.3;1.8
64038;50.2;-33.3;1.8
64040;50.6;-32.9;1.3
64042;49.6;-33.3;1.8
64044;48.8;-33.4;1.8
64046;49.6;-33.2;1.8
64048;48.8;-33.5;1.5
64050;47.5;-33.1;1.8
64052;48.5;-32.9;1.9
64054;50.1;-33.4;1.3
64056;49.8;-34.1;1.8
64058;49.9;-33.4;1.7
64060;51.6;-33.7;1.6
64062;48.8;-32.7;1.6
64064;47;-32.7;1.8
64066;50.2;-33.3;1.7
64068;49.3;-33.3;1.3
64070;47;-33.3;1.9
64072;46.5;-32.6;1.5
64074;47.3;-32.7;1.3
64076;48.6;-33.4;2.2
64078;48.3;-32.9;1.2
64080;51.6;-33.4;1.2
64082;48.6;-32.7;1.9
64084;48.3;-32.9;1.7
64086;50.2;-32.9;1.7
64088;48.1;-32.9;1.5
64090;48;-33.1;1.6
64092;50.2;-33.6;2.2
64094;49.1;-33;0.8
64096;49.4;-33.2;2
64098;49.9;-33.2;2
64100;50.2;-33.2;0.9
64102;49.1;-33.2;2.4
64104;49.9;-33.8;1.5
64106;50.7;-33.6;1.5
64108;49.8;-33.7;1.8
64110;49.3;-33.2;1.7
64112;49.3;-32.9;1.8
64114;50.1;-33.8;1.9
64116;48.2;-33;1.4
64118;48.9;-32.6;1.8
64120;50.1;-32.4;1.5
64122;49;-32.8;1.8
64124;48.6;-33.1;1.8
64126;50.7;-32.8;1.5
64128;47.6;-32.7;2
64130;47.1;-32.9;2
64132;48.3;-32.9;1.4
64134;49.1;-32.9;1.9
64136;49.7;-34.1;1.9
64138;50.8;-33.5;1.2
64140;52.3;-33.5;2.4
64142;49.9;-33.1;1.6
64144;50.5;-33.8;1.3
64146;52.3;-33.6;2.2
64148;51.2;-33.7;1.5
64150;49.1;-33.4;1.3
64152;49.8;-32.9;2.2
64154;51;-32.9;1.4
64156;49.8;-33.3;1.3
64158;50.1;-33.1;1.9
64160;49.4;-32.4;1.8
64162;48;-32.8;1.8
64164;48.4;-33.1;1.6
64166;50.7;-33.4;1.5
64168;50.2;-33.7;1.9
64170;47.6;-33.2;1.7
64172;49.4;-33.7;1.6
64174;49.8;-33.3;1.5
64176;50;-33;1.8
64178;48.9;-32.9;1.8
64180;51.6;-33.7;1.4
64182;50.1;-33.3;1.7
64184;48.1;-32.4;1.6
64186;49.4;-32.8;1.3
64188;48.9;-33.5;1.8
64190;47;-33;2.4
64192;48.8;-33.2;0.9
64194;50.8;-33.1;1.7
64196;48.6;-33.2;2.1
64198;49.6;-33.2;0.8
64200;50.5;-32.9;1.9
64202;47.9;-33.1;1.8
64204;48.4;-32.9;1.3
64206;51.5;-33.8;1.9
64208;47.9;-32.8;1.6
64210;46.8;-32.8;1.8
64212;49.9;-33.5;2.3
64214;49.2;-33.2;0.9
64216;47.9;-33;2.2
64218;50.2;-33.8;2.3
64220;50.2;-33;0.5
64222;48.5;-32.7;2.4
64224;50.6;-33.7;1.3
64226;52.2;-33.5;1.3
64228;49.1;-32.9;2.7
64230;47.5;-32.5;0.7
64232;49;-33;1.6
64234;50.1;-32.8;2.1
64236;48.3;-33;0.9
64238;48.6;-32.8;2
64240;50.8;-33.3;1.6
64242;47.9;-32.7;1.6
64244;47.6;-33.4;2.4
64246;50.2;-33.5;1.5
64248;50.4;-33.8;1.2
64250;49.5;-33.8;2.4
64252;51.2;-33.7;1
64254;52.3;-33.7;2.1
64256;51.3;-33.7;1.5
64258;50.4;-33.4;1.2
64260;51.5;-32.6;2.5
64262;50.4;-32.8;1.2
64264;50.2;-33;2
64266;52.5;-33.6;2.1
64268;51.5;-33.4;0.8
64270;49.6;-33.4;1.9
64272;49.1;-32.9;1.7
64274;50.3;-33.1;1.1
64276;49.8;-33.5;2.2
64278;51.3;-33.5;1.6
64280;51.8;-33;1.1
64282;50.1;-32.9;2.3
64284;49.6;-33.4;1
64286;51;-33.2;1.8
64288;50.7;-33.8;2
64290;48.6;-33.4;0.8
64292;49.9;-33.5;2.3
64294;50;-33;1.7
64296;50.6;-33.8;1.1
64298;49.9;-33.2;2.7
64300;51.7;-33.4;1.4
64302;49.5;-32.9;1.6
64304;48.8;-32.6;2
64306;51.8;-33.1;1
64308;51;-32.9;2
64310;49.1;-32.6;1.8
64312;50;-32.5;1.5
64314;51;-33.1;2.2
64316;50.5;-33.7;1.5
64318;51.2;-33.7;1.8
64320;53.3;-34;2
64322;50.6;-33.7;1.1
64324;49.9;-33.3;1.8
64326;51.2;-32.8;1.7
64328;49.6;-32.7;0.9
64330;48.1;-32.7;2.5
64332;49.9;-32.5;1.7
64334;50.5;-32.4;1
64336;51;-33.6;2.4
64338;52.4;-33.1;1
64340;54.3;-34;1.8
64342;51.9;-33.9;2.3
64344;49.3;-33.2;0.5
64346;51.4;-33.2;2.5
64348;52;-34;1.8
64350;49;-33.4;0.9
64352;51.3;-33.4;2.7
64354;51.1;-33.3;0.6
64356;49.4;-32.8;1.9
64358;50.8;-33.2;2.5
64360;52;-33.4;0.4
64362;51.1;-33.7;2.4
64364;48.8;-33.2;1.3
64366;51.1;-33.1;0.9
64368;51.8;-34;2.7
64370;47.9;-33;0.9
64372;49.3;-33.1;2.2
64374;50.3;-33.3;1.8
64376;49.4;-33.2;1.1
64378;51.2;-33.8;2.3
64380;52.3;-33.5;1.3
64382;51.3;-33.4;1.7
64384;50.4;-33.2;1.5
64386;51.1;-33;1.3
64388;50.1;-33.3;1.8
64390;47.4;-32.5;1.8
64392;50.2;-32.8;1.5
64394;51;-33.1;1.6
64396;49.9;-33;1.9
64398;52.7;-33.6;1.1
64400;53.6;-33.8;1.8
64402;49.3;-33.1;1.8
64404;49.9;-33;1.1
64406;52.8;-33.8;2
64408;51.1;-33.6;1.8
64410;50.2;-33.5;1.3
64412;50.4;-32.8;2
64414;50.4;-32.7;1.8
64416;50.6;-33.3;1.1
64418;50.2;-32.7;1.9
64420;52.2;-32.9;1.7
64422;51.7;-33.3;0.9
64424;50.9;-33;2.2
64426;53;-33.4;2.2
64428;51.5;-34;1
64430;48.6;-33.4;1.8
64432;49.8;-33.1;2.1
64434;50.6;-33;0.8
64436;50.7;-33.8;2
64438;51.9;-33.6;1.8
64440;52.3;-33.1;1.1
64442;49.8;-32.8;2.3
64444;50.7;-33.4;1.6
64446;52.5;-33.4;1.3
64448;49.2;-32.9;2
64450;50.2;-33.6;1.2
64452;50.8;-33.2;1.8
64454;51.8;-33;2.2
64456;51.8;-33.8;1.5
64458;51.5;-33.5;1.7
64460;52.3;-32.7;2.3
64462;49.8;-32.8;1.1
64464;51.1;-33.1;1.9
64466;51.2;-33.2;2.3
64468;51.6;-33.6;0.7
64470;48.7;-33.2;2.4
64472;49.3;-32.9;1.4
64474;50.8;-33.2;0.9
64476;49.9;-33.3;2.6
64478;49.9;-33.1;1.2
64480;52.6;-33.1;1.7
64482;51.2;-33.8;2
64484;51.1;-33.3;1.2
64486;51.6;-33.4;2.2
64488;52;-33.9;1.3
64490;51.1;-33.6;1.6
64492;50.7;-33;1.8
64494;50.6;-32.9;1.6
64496;51.3;-33.6;1.5
64498;52.6;-33.3;1.8
64500;52.3;-32.8;1.6
64502;50.4;-32.8;1
64504;50.9;-33.2;2
64506;53.6;-33.4;1.5
64508;51.5;-32.6;0.9
64510;51.8;-33.6;2.3
64512;53.6;-33.5;1.6
64514;51.2;-32.7;1.4
64516;51.1;-33.5;2.3
64518;53.3;-33.6;1.3
64520;53.1;-33;1.9
64522;50.4;-33.3;2.1
64524;49.8;-32.9;1.1
64526;53.3;-33.7;1.8
64528;49.7;-33.3;2
64530;49.6;-34.1;1.1
64532;50.1;-33.1;1.6
64534;52.1;-33.4;2
64536;51.2;-33.7;1.4
64538;51.7;-32.9;1.8
64540;52.5;-32.7;1.9
64542;52.2;-33.8;1.1
64544;50.2;-33.4;1.9
64546;51.8;-32.6;1.8
64548;51.1;-32.7;1.3
64550;50.3;-32.6;1.8
64552;49.3;-32.9;1.8
64554;52.4;-33.7;1.5
64556;50;-33.7;1.7
64558;51;-33.3;1.8
64560;52.8;-33.6;1.8
64562;50;-33.4;1.8
64564;50.8;-33.7;1.8
64566;52.6;-33.5;1.2
64568;50.1;-32.7;1.8
64570;50.5;-33.6;2.3
64572;50.3;-33.2;1.2
64574;51.1;-33.1;1.7
64576;51.4;-33.7;2.4
64578;50.8;-33.5;0.9
64580;50.8;-32.9;2.5
64582;49.5;-33;1.7
64584;49.8;-33.4;1
64586;51.7;-33.8;2.4
64588;50.2;-33.7;1.2
64590;47;-32.7;1.4
64592;50;-33.2;2.4
64594;50.6;-33.4;1.5
64596;49.3;-33;1.7
64598;51.5;-33.7;2.5
64600;52.6;-33.6;0.7
64602;49.6;-33.2;1.8
64604;49.4;-32.8;1.8
64606;51.5;-33.1;0.8
64608;50.5;-33.6;1.8
64610;47.6;-32.6;1.9
64612;50;-33.3;1.2
64614;50.1;-33;2.1
64616;48.8;-32.8;1.3
64618;51.7;-33;1.6
64620;53.3;-33.4;2.4
64622;50.1;-32.8;1.1
64624;50.5;-32.5;1.7
64626;52.9;-33.1;1.9
64628;51.5;-33.2;1.2
64630;49.6;-32.9;1.6
64632;50.7;-32.7;1.8
64634;52.1;-32.9;1.4
64636;51.2;-33.3;1.7
64638;51.4;-33.8;1.9
64640;54;-33.7;1.4
64642;52.9;-33.8;1.5
64644;51.8;-33.8;2
64646;52.9;-33.6;1.3
64648;50.2;-33.2;1.2
64650;50.6;-33.2;2.2
64652;51.5;-33.1;1.8
64654;51.8;-32.8;1.5
64656;50.6;-32.6;1.6
64658;50.7;-33.1;1.8
64660;52.2;-32.5;1.7
64662;52.3;-33.2;1.7
64664;51.8;-33.4;1.9
64666;53.2;-33;1.6
64668;52.2;-33.5;1.1
64670;50.6;-33.7;2.2
64672;49.8;-33.2;1.4
64674;50.8;-33;1.2
64676;51.3;-33.6;2.2
64678;51.2;-33.8;1.7
64680;52.1;-32.8;0.9
64682;52.2;-33.6;2.2
64684;50.9;-33.4;1.8
64686;52.1;-33.2;0.9
64688;50.2;-32.9;2.3
64690;50.3;-33.2;1.5
64692;51.5;-32.9;1.2
64694;51.8;-33.1;2.4
64696;51.9;-33.5;0.6
64698;53;-33.5;1.5
64700;53.4;-33.5;1.8
64702;49.7;-33.1;1
64704;50.1;-32.6;1.8
64706;53.9;-33.5;2.2
64708;52.6;-33.4;1.4
64710;50.6;-33.2;2
64712;52.4;-33.5;1.8
64714;52.1;-33.2;1.2
64716;51;-33.3;1.4
64718;51.4;-32.7;1.8
64720;53.3;-33;1
64722;51.2;-33.2;1.8
64724;50.4;-32.8;2
64726;52.5;-33.3;1.1
64728;51.8;-33.6;1.7
64730;50.3;-33.7;2.3
64732;50.9;-32.9;0.9
64734;51.9;-32.9;1.8
64736;51;-33.1;1.8
64738;53.9;-33.9;1
64740;53.8;-33;2.2
64742;53.3;-33.6;1.7
64744;53;-33.6;1.5
64746;54.1;-33.3;2.2
64748;53.6;-33.3;1.1
64750;52;-33.9;1.2
64752;53.2;-34;2.5
64754;51.7;-33.1;1.3
64756;51.1;-33.3;1.7
64758;52.6;-33.8;2.6
64760;52.3;-32.9;0.8
64762;50.7;-32.6;1.8
64764;53;-33.2;1.9
64766;54.2;-33.3;0.9
64768;53.5;-33.7;2
64770;51.7;-33.9;1.8
64772;51.2;-32.9;0.9
64774;53.7;-33.4;1.8
64776;52.4;-33.6;1.6
64778;52.7;-33.7;1
64780;54.2;-33.5;2
64782;52.3;-33.7;2
64784;51.9;-33.3;1.1
64786;50.6;-33.2;1.8
64788;49.8;-33.2;1.7
64790;48.9;-33.5;1
64792;51;-33.4;2
64794;52.7;-33.4;1.6
64796;50.5;-33.1;1.3
64798;53.1;-34;1.8
64800;52.6;-33.3;1.7
64802;50.2;-33;1
64804;50.3;-33.3;2
64806;53.1;-33.5;1.2
64808;50.3;-33;1.8
64810;48.8;-32.7;2.7
64812;50.9;-32.7;0.6
64814;51.1;-32.9;1.7
64816;51.2;-33.5;2.4
64818;52.5;-33.6;0.9
64820;53.9;-33.3;2.1
64822;51.5;-32.6;1.2
64824;50.8;-32.9;1.3
64826;54;-33.4;2.1
64828;52.2;-33.2;1.2
64830;50.5;-33.5;2
64832;51.9;-33.6;2
64834;51.4;-33.2;0.8
64836;51.6;-34;2.1
64838;50.9;-33.2;2
64840;52.4;-33.1;0.8
64842;49.9;-33.1;2.1
64844;50.6;-33.2;2.3
64846;51.6;-33;1.3
64848;51.6;-33.7;2.2
64850;49.1;-33.5;1.6
64852;52.7;-33.4;1.1
64854;52.1;-32.6;2.2
64856;50.4;-33;1.8
64858;52.3;-33.5;1.4
64860;54;-33.2;1.8
64862;51.9;-33.9;1.4
64864;51.5;-33.5;1.7
64866;53.2;-33.6;2.3
64868;51.1;-33.4;1
64870;51.5;-33.7;1.4
64872;50.6;-32.8;2.5
64874;50.8;-32.9;0.8
64876;51.4;-33.1;2
64878;51;-32.9;2.3
64880;53;-32.8;0.6
64882;51.4;-32.6;2.4
64884;53.2;-33.8;1.6
64886;53.2;-33.9;0.9
64888;52.6;-33.4;2.8
64890;51.4;-33.8;0.6
64892;51.8;-33.5;1.8
64894;51.7;-33.1;1.9
64896;51.8;-33.3;0.9
64898;51.4;-32.6;2.3
64900;54.1;-33.2;1.6
64902;52.4;-33.5;1.2
64904;51.5;-32.4;1.8
64906;53.7;-33.1;1.1
64908;53;-33;1.3
64910;50.9;-33.1;2
64912;52.1;-33.1;1.4
64914;52.9;-33.2;1.6
64916;52.7;-33.9;2.3
64918;54.3;-34;0.8
64920;53.4;-33.3;2.1
64922;52.6;-33.8;2.1
64924;51.9;-33.3;0.8
64926;54.4;-33.5;2.2
64928;52.4;-33.4;1.6
64930;49;-32.9;1.1
64932;51.4;-32.7;1.9
64934;52.6;-32.8;1.5
64936;51.6;-33.2;1.6
64938;53.9;-33.8;2
64940;53.6;-33.1;1.1
64942;52.3;-33.6;1.8
64944;51.4;-33.5;2.1
64946;54.4;-33.8;1.3
64948;53.5;-34.2;1.8
64950;50.6;-33.6;1.9
64952;53.2;-33.8;1.5
64954;53.9;-33.1;1.3
64956;51;-32.5;1.7
64958;52.2;-33.5;1.1
64960;52.5;-33.1;1.4
64962;52.3;-33.7;2.2
64964;50.6;-33.2;1.6
64966;54.3;-33.7;1
64968;52.7;-33.7;1.9
64970;50.3;-33.5;1.5
64972;52.5;-34;0.9
64974;52.4;-33.4;2.6
64976;51.2;-32.9;1.7
64978;51.9;-33.1;1.1
64980;53.8;-33;2
64982;52.4;-32.8;1.5
64984;51.8;-33.2;1.2
64986;52.6;-32.9;1.9
64988;50.1;-32.7;1.3
64990;49.3;-32.7;1.6
64992;53.4;-33.4;2.5
64994;54.1;-33.6;1.2
64996;51.7;-33.4;1.3
64998;54.1;-33.6;2.1
65000;53.6;-33.2;1.2
65002;50.7;-33.2;1.2
65004;51.3;-33.1;2.4
65006;54.3;-33.9;1.2
65008;52.4;-33.9;1.6
65010;49.6;-33.2;2.1
65012;51.4;-33.3;1.1
65014;52.9;-33.5;2.3
65016;50.3;-33.3;1.9
65018;51.5;-32.5;0.9
65020;52.9;-32.9;2.1
65022;51.3;-32.9;1.3
65024;51.8;-33.3;1.1
65026;54.8;-33.2;2
65028;53.1;-33.5;1.3
65030;50.7;-32.9;1.5
65032;51.8;-33.2;2.1
65034;54.9;-34.1;1.1
65036;51.7;-33.4;1.6
65038;53.4;-34.2;2
65040;53.7;-33.5;0.9
65042;50.8;-33.4;2.2
65044;52;-33.4;2
65046;51.4;-33.4;1.2
65048;50.9;-32.9;2
65050;51.6;-33.6;1.4
65052;52.5;-33.1;1.2
65054;53.6;-32.8;2.6
65056;53.3;-33.3;1.2
65058;53.1;-33.2;1.9
65060;55;-33.6;1.7
65062;52.1;-33.1;1.3
65064;51.8;-33.2;2.2
65066;54.1;-34;1.1
65068;53.3;-33.9;1.3
65070;49.9;-33.3;2.2
65072;50.7;-33.1;1.1
65074;50.9;-33.3;2.2
65076;52.1;-34;1.8
65078;51.7;-33.3;0.9
65080;52.6;-32.7;2.5
65082;52.4;-32.9;1.3
65084;51.4;-32.9;1.7
65086;53.5;-33.5;2.3
65088;50.7;-33.1;1
65090;51.9;-33.7;1.8
65092;51.5;-33.1;2.1
65094;53.3;-33.9;0.5
65096;52.3;-33.6;2.1
65098;52.4;-33.9;2.1
65100;54.4;-33.8;0.9
65102;51.1;-33.2;2
65104;53;-33.9;2.2
65106;54.4;-33.4;0.5
65108;52.1;-33.3;2.1
65110;51.1;-33;1.5
65112;52.5;-32.7;1
65114;52.6;-32.7;2
65116;51.8;-32.7;1.3
65118;55.4;-33.4;1.4
65120;54;-32.8;2
65122;54.2;-33.4;1.1
65124;53.8;-33.5;2
65126;53.7;-33;1.3
65128;52.9;-33.8;1.4
65130;50.1;-33.8;2.1
65132;52.5;-33.1;1.8
65134;53.2;-33;1.3
65136;52.7;-33.6;1.8
65138;54.8;-34;2
65140;56.5;-34;1.3
65142;53.2;-33.4;1.5
65144;51.4;-33.1;1.9
65146;53.7;-33.5;1
65148;53.6;-33.8;2
65150;51.2;-33.1;1.7
65152;52.4;-32.7;1.5
65154;52.8;-32.9;2.1
65156;51.2;-33.2;1.1
65158;53;-33.8;1.8
65160;54.2;-33.9;1.8
65162;52.5;-34;1.2
65164;53.4;-34;1.7
65166;53.5;-33.6;1.8
65168;51.8;-33.3;1
65170;52.4;-34;1.9
65172;53.4;-33.7;2
65174;52.2;-32.9;1.1
65176;51.9;-33.2;2.1
65178;54.1;-33.6;1.6
65180;53.2;-33.1;0.9
65182;52.3;-33;2
65184;51.3;-32.7;1.5
65186;54.1;-33.7;1.5
65188;51.3;-33.3;1.7
65190;49.2;-32.6;1.7
65192;53.4;-33.4;1.6
65194;53.9;-33.4;1.8
65196;51;-32.9;1.8
65198;53.2;-33.2;1.4
65200;55.3;-33.8;1.6
65202;53.6;-33.9;1.8
65204;52.8;-33.4;1.2
65206;54.9;-33.7;1.8
65208;52.1;-33.9;2.3
65210;50.8;-33.2;0.9
65212;52.3;-33.2;1.5
65214;54.4;-33.7;1.8
65216;53;-33.4;1.2
65218;53.1;-33;2.2
65220;54.6;-33.2;1.2
65222;53.6;-33.2;1.4
65224;53.9;-33.3;2.4
65226;54.9;-32.8;1.2
65228;53.7;-33.1;1.5
65230;51.7;-33.1;2.1
65232;52.5;-32.9;1.5
65234;54.6;-33.3;1.1
65236;52.7;-32.9;2.3
65238;55.4;-33.5;1.2
65240;56.6;-33.6;1.8
65242;53.1;-33.4;2.3
65244;52.3;-33.7;1.2
65246;55.4;-33.8;1.8
65248;54.1;-33.8;1.8
65250;53.1;-34;1
65252;52.8;-33;2.1
65254;54.7;-33.6;2.1
65256;53.9;-34.1;1
65258;54.3;-33.9;2.7
65260;55.9;-33.8;1.5
65262;53.3;-33.3;1.3
65264;52.3;-33.3;2.6
65266;54.9;-33.5;0.7
65268;53.5;-33.9;2.2
65270;52.5;-34;2.3
65272;50.8;-33.1;0.9
65274;53.8;-34;2.1
65276;53.5;-34;1.7
65278;52.8;-33.2;1.1
65280;54.1;-33.4;2.4
65282;54.2;-33.8;1
65284;53.1;-33.3;1.7
65286;53.9;-33.2;1.9
65288;52.6;-33.2;0.8
65290;53;-33.5;2.2
65292;54;-33.3;1.8
65294;53.7;-33;0.8
65296;54.3;-33.5;2.9
65298;55.1;-33.6;1.1
65300;53.8;-33;1.2
65302;53.6;-33.2;2.4
65304;53.8;-33.7;0.5
65306;55.5;-33.8;2
65308;53.1;-33.7;2
65310;51;-33.3;0.9
65312;54.7;-33.6;2.6
65314;54.9;-33.7;1.6
65316;52.6;-33.8;1.1
65318;53.1;-33.2;2.7
65320;53.9;-33.1;0.7
65322;52.2;-33.2;2
65324;54.1;-33.4;1.7
65326;54.5;-33.4;1.1
65328;53.8;-33.3;2
65330;50.4;-33.6;1.5
65332;52.5;-33.4;1.5
65334;53.8;-33.3;2.1
65336;52.8;-33.5;1.5
65338;54.3;-33.8;1.3
65340;55.3;-32.9;1.8
65342;53.5;-33;1.4
65344;54.3;-33.6;1.6
65346;54.9;-33.2;1.9
65348;55.5;-33.9;1
65350;53.1;-33.6;2.2
65352;55.4;-34;1.4
65354;56.1;-33.7;1.2
65356;52;-32.9;2.1
65358;54.3;-33.5;1.2
65360;54.7;-33.6;1.2
65362;54.4;-33.9;1.9
65364;54.4;-33.7;1.6
65366;54;-33.2;1.7
65368;54.7;-33.9;2.3
65370;53.2;-34.2;1.8
65372;54.2;-34;1.1
65374;55.2;-33.9;2.2
65376;53.2;-33.3;1.4
65378;54;-33.3;1.3
65380;56;-33.7;2.2
65382;54.5;-33.9;0.9
65384;52.1;-32.7;1.3
65386;54.1;-33.4;2.5
65388;52.3;-33.4;0.8
65390;49.8;-33.1;2
65392;54.1;-33.7;1.8
65394;53.4;-33.4;0.8
65396;53.5;-33.6;2.5
65398;55;-33.8;1.1
65400;55.7;-34.1;1.1
65402;52.4;-33.7;2.1
65404;53.1;-33.5;0.9
65406;55.5;-34;1.7
65408;51.9;-33.5;1.7
65410;50.7;-33.5;1.5
65412;54;-33.8;1.6
65414;52.6;-32.7;1.7
65416;51.8;-33.2;1.5
65418;52.7;-32.5;1.6
65420;54.9;-33.1;1.7
65422;52.4;-32.8;1.8
65424;54.9;-33.7;1.6
65426;56.2;-33.5;1.6
65428;54.5;-33.8;1.8
65430;51.8;-33.5;1.7
65432;53.6;-33.7;1.5
65434;55.7;-34.2;1.7
65436;52.6;-33.8;1.8
65438;53.1;-33.4;1.6
65440;55.9;-33.8;1.9
65442;51.7;-32.8;1.8
65444;52;-33.1;1.5
65446;53.5;-33;1.7
65448;53.9;-33.6;1.8
65450;52.5;-33.7;1.7
65452;53.4;-33.1;1.5
65454;54;-33.2;1.6
65456;54.1;-34.3;1.6
65458;54.4;-34.2;1.6
65460;55.1;-33.5;1.9
65462;53.8;-33.6;1.7
65464;54.2;-33.9;1.3
65466;54.4;-33.4;1.9
65468;53.3;-33;1.7
65470;52.6;-33.5;1.1
65472;51.8;-33;2.3
65474;53.1;-32.7;1.4
65476;53.1;-33.6;1.4
65478;53.7;-33.5;2.3
65480;54.3;-33.2;1.1
65482;53.6;-33.8;1.8
65484;52.4;-33.4;1.9
65486;53.9;-33.9;1
65488;52.5;-33.4;2.2
65490;51.5;-33.4;1.1
65492;52.9;-33.2;1.5
65494;52.7;-32.9;2.3
65496;52.7;-33.7;1.3
65498;52.5;-32.7;2
65500;54.9;-33.7;1.5
65502;53.3;-33.1;1.2
65504;51.7;-33;2.1
65506;55.2;-33.4;1.3
65508;53.8;-33.6;1.8
65510;51.6;-33;2
65512;55;-33.8;1.2
65514;54.2;-33.6;1.3
65516;52.8;-33.6;1.8
65518;54.9;-34;0.9
65520;53.6;-33.1;1.8
65522;52.2;-33;2.3
65524;52.6;-33.2;1.1
65526;54;-33.4;1.8
65528;51.7;-33;1.8
65530;51.7;-33.6;1
65532;52.2;-32.8;2.3
65534;53.3;-32.8;1.6
65536;52.9;-33.2;1
65538;55.7;-33.6;2.1
65540;56.1;-33.4;1
65542;55.2;-34;1.4
65544;54.1;-34.2;2
65546;56.3;-34.3;1.2
65548;53.9;-33.8;1.8
65550;53.1;-34.1;2.3
65552;52.7;-33.4;1.2
65554;52.5;-32.7;1.6
65556;52.3;-33.3;2
65558;51.2;-32.9;0.8
65560;53.1;-32.7;2.1
65562;52.1;-32.6;1
65564;52;-33.1;1.2
65566;54.7;-33.8;2.6
65568;53.3;-33.3;1
65570;53.1;-34.2;1.7
65572;53.7;-33.8;1.8
65574;54.6;-33.8;1.1
65576;53.9;-33.9;2.1
65578;54.4;-33.8;1.7
65580;54.4;-33.3;1
65582;52.5;-32.8;2
65584;54.1;-33.3;1.8
65586;54.4;-33.2;1.2
65588;53.2;-33.3;1.9
65590;51.5;-33.1;1.8
65592;52.8;-33.1;1.2
65594;55.5;-33.6;1.8
65596;53.7;-33.4;1.7
65598;55.7;-33.9;0.9
65600;56.2;-34;2.4
65602;54.4;-34.4;1.9
65604;54.9;-33.7;0.9
65606;55;-33.6;2.6
65608;52.2;-33.4;0.9
65610;50.9;-32.8;1.7
65612;53.1;-33.1;2.5
65614;52.5;-33;0.7
65616;53;-33.4;2.3
65618;54.7;-33.5;1.5
65620;56.3;-33.6;1.1
65622;54.8;-33.8;2.4
65624;52.5;-33;1.4
65626;56.5;-33.8;1.1
65628;54.5;-33.6;2.1
65630;51.7;-33.1;1.5
65632;53.6;-33.3;1.8
65634;56.4;-34.1;1.9
65636;53.5;-33.5;1
65638;55.2;-34;2.5
65640;55.4;-33.5;1.3
65642;52.2;-33.4;1.4
65644;53.9;-33.8;2
65646;53.9;-33.4;1.1
65648;52.5;-33.2;1.8
65650;51.6;-33.1;1.8
65652;53.2;-33;1
65654;54.4;-32.9;1.9
65656;53.6;-33.4;1.7
65658;54.7;-33.4;1.1
65660;55.2;-33.1;2.4
65662;55.2;-33.3;1.5
65664;54.5;-33.5;1.7
65666;55;-33.2;2.4
65668;54.6;-33.3;0.8
65670;52.2;-33.8;2
65672;52.1;-33.5;1.7
65674;52.5;-33.2;0.9
65676;53.8;-33.7;1.8
65678;53.8;-33.2;1.6
65680;54.2;-32.8;0.8
65682;55.4;-33.7;2.4
65684;53.8;-32.8;0.8
65686;55.4;-33.2;1.8
65688;54;-33.8;2.2
65690;53.5;-33.9;0.8
65692;53.5;-33.6;1.8
65694;53.8;-33.6;1.7
65696;53.9;-34;1.4
65698;54;-33.5;1.9
65700;55.7;-34;0.6
65702;52.4;-33.1;1.9
65704;52.4;-32.5;1.8
65706;55.8;-33.1;0.7
65708;54.2;-32.9;2.3
65710;55.1;-33.2;1.8
65712;54.3;-32.7;1.2
65714;55.2;-32.9;2.2
65716;54.1;-33.7;1.4
65718;56.7;-33.9;1.5
65720;55.7;-33.4;2
65722;53.6;-33.3;1.6
65724;54.4;-33.9;1.6
65726;56.8;-34.1;1.7
65728;55;-33.8;1.6
65730;51.8;-33.2;1.8
65732;53.8;-32.8;1.7
65734;55;-33;1.8
65736;54.2;-33.2;1.5
65738;55.4;-32.7;1.7
65740;56.7;-33.2;1.9
65742;54.8;-33.2;1.6
65744;55.2;-33.4;1.4
65746;55.9;-33.2;2
65748;55.8;-33.8;1.3
65750;51.6;-33.2;1.7
65752;54.2;-33.1;2
65754;56;-34.2;1.1
65756;53;-33.7;1.9
65758;54.8;-34.2;1.8
65760;54.9;-33.9;1
65762;54.8;-33.7;2
65764;54.6;-33.9;1.8
65766;55.4;-33.1;0.8
65768;53.7;-32.7;2
65770;52.9;-32.6;2.1
65772;53.9;-32.8;0.7
65774;54.3;-32.9;2.5
65776;54.6;-33.2;1.3
65778;56.2;-33.7;0.9
65780;56.9;-33.3;2.7
65782;54.1;-33.4;1.2
65784;54.4;-33.8;1.4
65786;55;-33.7;2.3
65788;53.8;-34;1.4
65790;51.8;-33.5;1.3
65792;52.9;-33.2;2.2
65794;54.6;-33.9;1.2
65796;53.1;-33.1;1.7
65798;54.9;-33.1;2.2
65800;56.1;-33.3;1.6
65802;55.4;-33.7;1.7
65804;55.8;-33.5;2.2
65806;55.8;-33;1
65808;54.9;-33.8;1.9
65810;52.1;-33;1.9
65812;53.9;-33.5;1
65814;54.4;-33.4;2
65816;54.2;-34.3;1.8
65818;55.9;-34.1;1.3
65820;57.6;-34;2.4
65822;54.1;-33;1.4
65824;54.3;-32.8;1.5
65826;57.9;-33.5;2.5
65828;53.7;-32.7;1
65830;53.4;-32.8;1.9
65832;55.2;-32.8;1.8
65834;56;-33.1;0.8
65836;55.5;-33.8;2.4
65838;56.7;-34;1.8
65840;58.2;-33.9;1
65842;53.4;-33.2;1.7
65844;52.7;-33.4;1.8
65846;55.1;-33.5;1.2
65848;55.2;-34.3;2.2
65850;52.6;-33.9;1.3
65852;54.2;-32.6;1.5
65854;57.3;-33.8;2.2
65856;55.6;-33.4;1.8
65858;53.8;-32.6;1.5
65860;57.1;-33.3;1.6
65862;53.8;-33.4;1.6
65864;55;-33.5;1.7
65866;55.4;-33.4;1.6
65868;53.7;-33.2;1.5
65870;53.1;-33.8;2
65872;53;-33.2;1.6
65874;53.2;-33.4;1.2
65876;54.4;-34.1;2.3
65878;53.1;-33;1.1
65880;55.2;-33.5;1.3
65882;55.1;-33.6;2.2
65884;53.4;-33.4;1.4
65886;54.4;-33;1.7
65888;53.3;-33.2;2.2
65890;53.6;-33.4;1.2
65892;54.6;-33.3;1.3
65894;54.1;-33;1.9
65896;54.9;-34;1.4
65898;55.5;-33.6;1.7
65900;56.8;-33.6;2.2
65902;54.7;-33.1;1.2
65904;53.1;-32.7;2
65906;56.9;-33;2
65908;55.7;-33.8;1.1
65910;53.1;-33.2;1.9
65912;55.7;-33.5;2
65914;55.4;-33.5;0.8
65916;53.8;-33.5;2.1
65918;54.5;-33.1;1.5
65920;56.7;-33.6;1.1
65922;54;-33.3;2.4
65924;53.5;-33.4;1.4
65926;56;-33.4;1.1
65928;54.9;-33.9;2.3
65930;53.6;-33.8;0.5
65932;54.3;-33.4;2.2
65934;55.1;-32.9;1.8
65936;54;-32.8;1
65938;57.2;-33.7;2.3
65940;58;-33.2;1.7
65942;55.1;-32.8;1.3
65944;55.2;-33.2;1.7
65946;58.5;-33.8;1.8
65948;55.4;-33.5;1.4
65950;54.8;-33.3;1.4
65952;56.8;-34.1;2.2
65954;56.1;-33.3;1.4
65956;54.6;-33.6;1.8
65958;54.4;-33.2;2.1
65960;56.3;-33.5;0.8
65962;54.8;-33.4;2.1
65964;56.1;-33.2;1.9
65966;57.4;-33.6;0.8
65968;54.6;-32.8;2.2
65970;54;-33;1.7
65972;55.3;-33.3;1.7
65974;56.6;-33.6;2.2
65976;54.8;-33.3;1.2
65978;54.9;-33.2;1.6
65980;57.3;-33.9;2.1
65982;53.8;-33.2;1
65984;55.6;-34.3;2.4
65986;56.2;-34;1.1
65988;53.6;-33.8;1.2
65990;51.8;-33.4;2
65992;54.8;-33.5;1.1
65994;56.1;-33.9;1.9
65996;55.6;-34;1.8
65998;54.8;-33.2;1.3
66000;55.2;-32.9;2.3
66002;55.5;-33.7;0.8
66004;56.5;-33.7;1.8
66006;55.4;-32.7;2
66008;55.6;-33.6;1.2
66010;52.6;-32.7;2
66012;54.1;-32.8;1.9
66014;55.7;-33.7;1.3
66016;54.8;-34;2
66018;55.2;-33.8;1.8
66020;57.5;-34;1.5
66022;55.9;-34.1;1.9
66024;56.4;-34.2;1.5
66026;58.2;-34.2;1.7
66028;54.5;-33.7;1.9
66030;52.8;-33.7;1.5
66032;54.7;-33.2;1.8
66034;55;-33.3;1.9
66036;54.2;-33.4;1.5
66038;54.4;-32.8;1.3
66040;54.8;-32.4;2.2
66042;53.6;-32.9;1.4
66044;52.2;-32.9;1.8
66046;55.2;-33.1;1.9
66048;54.8;-33.7;1.2
66050;52.1;-32.9;2.2
66052;55.2;-33.5;1.4
66054;56.1;-33.5;1.8
66056;54.6;-33.7;1.9
66058;55.3;-33.8;1.3
66060;56.7;-33.4;2
66062;56;-33.7;2
66064;55.3;-34;1.8
66066;56.7;-33.5;1.8
66068;56.3;-33.5;1.8
66070;54.6;-33.5;1.5
66072;53.3;-32.7;1.5
66074;54.6;-32.9;1.8
66076;55.6;-33.4;1.8
66078;55.4;-33.6;1.8
66080;56.4;-33.3;1.9
66082;56.1;-33.8;1.5
66084;54.9;-33.6;1.3
66086;56.6;-34.1;1.8
66088;53.2;-33.6;0.9
66090;52.9;-33.7;1.7
66092;54.2;-33.7;2
66094;53.4;-33.1;1.4
66096;53.2;-33;2
66098;54;-32.5;1.5
66100;55.6;-33;1.2
66102;52.9;-33.7;2.2
66104;52.3;-33.4;1.8
66106;54.9;-33.6;1.2
66108;54.6;-34.3;1.8
66110;52.6;-33.7;1.8
66112;54.4;-33.5;1.5
66114;54.7;-34;1.7
66116;53.8;-33.8;1.8
66118;56.5;-33.9;1.4
66120;55.2;-32.9;1.7
66122;54.9;-33.7;1.6
66124;53.3;-32.7;1.8
66126;55.8;-33.2;1.4
66128;54.4;-33.7;1.4
66130;51.2;-33.1;1.6
66132;53.7;-33.3;1.8
66134;54.1;-33.2;1.8
66136;53.6;-33.4;1.5
66138;56.4;-34.2;1.2
66140;56;-33.4;1.8
66142;54.3;-33.7;1.3
66144;53.8;-33.7;1.5
66146;56.5;-33.8;1.6
66148;55.9;-34;1.8
66150;53.8;-33.8;1.8
66152;52.7;-32.9;1.2
66154;56.1;-34;1.9
66156;52.4;-33.2;1.8
66158;54.5;-33.7;1.4
66160;54.7;-33.3;1.8
66162;53.6;-33.4;2.1
66164;53.2;-33.1;1.5
66166;56;-33.4;1.2
66168;56.2;-33.9;1.9
66170;54.7;-34.3;1.6
66172;55.4;-34.4;1.3
66174;54.8;-34.2;1.9
66176;54.1;-33.2;2.1
66178;54.8;-33.7;1.3
66180;55.6;-33.4;1.8
66182;53.8;-32.9;2.1
66184;55.2;-33.6;1.4
66186;55.7;-33.5;1.7
66188;53;-32.6;1.5
66190;51.6;-32.9;1.6
66192;53.1;-32.9;1.5
66194;56.4;-33.6;1.8
66196;53.6;-33.3;1.5
66198;57;-34.4;1.6
66200;56.7;-34.4;1.9
66202;53.7;-33.7;1.4
66204;56.2;-34.3;1.1
66206;55.6;-33.3;2.2
66208;55.4;-33.9;1.7
66210;54.3;-33.9;1.2
66212;54.3;-32.8;2.5
66214;56.3;-33.1;1.5
66216;53.9;-33;1.4
66218;54.4;-32.8;2
66220;56.6;-33.2;1.1
66222;54.3;-33;1.9
66224;54.4;-33.3;1.9
66226;56.7;-33.9;1
66228;55.7;-34;2.3
66230;51.8;-33.7;1.7
66232;54.2;-33.1;1.2
66234;57.2;-34;2.5
66236;53.8;-33.2;1.2
66238;55.8;-33.4;1.6
66240;55.6;-32.8;2.2
66242;53.3;-32.8;0.8
66244;53.1;-33.1;2
66246;54.9;-33.1;1.8
66248;53;-33.4;0.9
66250;53.1;-33.8;3.1
66252;56.1;-34.3;1
66254;55.4;-33.7;1.6
66256;55.2;-34.1;2.6
66258;56;-34.3;0.2
66260;57.5;-34;2.4
66262;55.7;-32.9;1.8
66264;55.1;-33.6;1.2
66266;56.6;-33.4;2.6
66268;54.1;-33;0.9
66270;53.6;-33.6;1.8
66272;52.5;-33.4;1.8
66274;53;-33.4;1.1
66276;53.7;-33.9;2.2
66278;52.5;-33.4;1.4
66280;54.9;-33.6;1.4
66282;54.4;-33.7;2.1
66284;53.6;-33.4;0.9
66286;54.7;-33.4;1.8
66288;52.9;-33.4;1.7
66290;54;-33.7;1.4
66292;53.6;-33;2.1
66294;54.8;-33.5;1.3
66296;54.9;-33.7;1.8
66298;54.9;-33.1;2.1
66300;55.7;-33.4;1.2
66302;54.1;-33.5;2
66304;55.5;-33.9;1.8
66306;56.6;-33.7;1.4
66308;54.1;-33;1.8
66310;54.1;-33.7;1.8
66312;55.4;-33.6;1.6
66314;56;-33.3;1.8
66316;55.1;-33.4;1.6
66318;57.6;-33.7;1.8
66320;57.1;-32.9;1.8
66322;54.3;-32.8;1.3
66324;56.2;-33.4;1.8
66326;56.9;-33.2;1.6
66328;55.6;-33.1;1.4
66330;52.3;-33.1;1.9
66332;55.8;-34.1;1.7
66334;55;-33.4;1.3
66336;55.8;-34.1;1.9
66338;56.4;-33.2;2
66340;57.9;-33.8;1.6
66342;55.7;-33.4;1.4
66344;54.9;-33.2;1.8
66346;57.1;-33.3;2.1
66348;55.3;-33.3;1.6
66350;54.8;-33;1.2
66352;53.7;-32.7;1.8
66354;55.4;-32.8;1.8
66356;54.3;-33.4;1.4
66358;54.8;-33.6;1.8
66360;55.3;-33.4;2.1
66362;52.9;-33.2;1.5
66364;55.6;-34.2;1.6
66366;55;-33.5;1.8
66368;54.6;-33.4;1.2
66370;54.6;-34.2;1.5
66372;56;-34;2
66374;54.6;-33.4;1.2
66376;56.2;-33.8;1.9
66378;56.7;-33.7;1.6
66380;56.1;-32.8;1.2
66382;56.1;-33.4;2.3
66384;55.5;-33.8;1.6
66386;56.3;-33.9;1.3
66388;53.5;-33.6;2.2
66390;51.5;-33.4;1.3
66392;55.3;-34.3;1.5
66394;54.3;-33.6;1.9
66396;55.5;-34.1;1.1
66398;56.5;-34;1.7
66400;57.2;-33.5;2
66402;54.3;-33;1.3
66404;56;-33.4;1.9
66406;56.1;-33;1.6
66408;53.8;-33;0.9
66410;52.5;-32.7;1.9
66412;54;-32.9;1.9
66414;54.7;-33.2;1
66416;54.7;-34;2
66418;56.2;-34.1;1.7
66420;56.3;-34.4;1.6
66422;54.1;-33.6;1.8
66424;55.6;-33.7;1.7
66426;56.9;-33.5;1.4
66428;54;-33.2;1.7
66430;52.6;-33.2;1.4
66432;54.5;-33;1.4
66434;55.3;-32.7;1.7
66436;54.6;-33.3;1.4
66438;56.6;-33.6;1.7
66440;57.5;-33;1.9
66442;54.5;-33;0.9
66444;55;-33.6;2
66446;56.6;-33.8;2.4
66448;55;-33.6;1.2
66450;54.5;-34;1.7
66452;55;-33.5;1.7
66454;55.6;-33.2;1.3
66456;55.7;-34.1;2.2
66458;54.1;-33;1.6
66460;57.4;-34;0.8
66462;56.3;-34;2.5
66464;54.2;-33.4;1.6
66466;56;-33.6;1.6
66468;55.5;-34.2;1.9
66470;53.2;-33.7;1.9
66472;53.6;-33.1;1.4
66474;53;-33.5;2.3
66476;54.5;-33.9;1.6
66478;53;-33.1;1.4
66480;54.6;-33;1.8
66482;54.1;-33.1;1.6
66484;53.5;-33.3;1.5
66486;54.3;-32.9;2.3
66488;53.4;-33.2;1.3
66490;53.7;-33;1.2
66492;56.2;-33.6;2.7
66494;54.3;-33.3;0.8
66496;55.2;-33.4;1.2
66498;55.6;-33.3;2.3
66500;56;-33.2;1.4
66502;53.8;-33.1;1.9
66504;55;-33.9;1.9
66506;56.7;-34;1.3
66508;55.4;-33.5;1.8
66510;52.3;-33.4;1.6
66512;56.1;-34.2;1.3
66514;55.9;-34;1.5
66516;53.3;-33.4;1.8
66518;54.3;-33.4;1.7
66520;55.2;-32.7;1.7
66522;53.2;-32.7;1.6
66524;53.4;-32.8;1.4
66526;54.6;-32.8;1.8
66528;54.6;-33.6;1.3
66530;51.2;-33;1.5
66532;55.1;-34;2
66534;55.8;-34.4;1.3
66536;55.4;-34.3;1.4
66538;55.6;-33.5;1.9
66540;56.8;-33.4;1.4
66542;54.6;-33.4;1.6
66544;54.4;-33.2;2
66546;56.8;-33.4;1.4
66548;56.3;-33.5;1.7
66550;54.4;-33.5;1.9
66552;54.4;-33.2;0.9
66554;54.7;-33.2;1.6
66556;53.9;-33.5;2
66558;55.2;-33.9;0.9
66560;54.3;-33.6;2.3
66562;52.2;-33.7;1.8
66564;53.3;-34.1;1
66566;55.3;-33.7;2.2
66568;55.6;-34;1.1
66570;54.2;-33.8;1.3
66572;53.6;-33.3;2.2
66574;53.8;-33;1
66576;53.1;-32.5;1.8
66578;54.3;-33.5;2.2
66580;56.8;-33.7;1.1
66582;54.9;-33.9;1.7
66584;52.3;-33.5;1.9
66586;55;-34.3;0.8
66588;53.5;-34.3;2.5
66590;51.6;-34;1.6
66592;53;-34.3;1.1
66594;55.1;-33.9;2.1
66596;54.7;-34;1.5
66598;55.7;-33.6;1.7
66600;55.2;-33.2;1.9
66602;54.7;-32.9;1.5
66604;53.9;-32.9;1.4
66606;56.1;-33.7;1.9
66608;52.4;-33.5;1
66610;52.5;-33.7;1.5
66612;52.9;-33.3;2.1
66614;54.8;-34.1;1.4
66616;53.6;-34.3;1.3
66618;54;-33.5;2.2
66620;54.3;-33.3;1.7
66622;52.7;-33.1;1.6
66624;55.1;-33.6;1.9
66626;56.8;-33.5;2
66628;52.3;-32.5;1.6
66630;51.1;-32.9;1.5
66632;53.5;-32.9;1.7
66634;53.6;-32.7;1.8
66636;53;-33.3;1.1
66638;53.4;-33.5;1.8
66640;55.3;-33.6;1.9
66642;52.2;-33.4;1.4
66644;51.8;-33.4;1.5
66646;54.4;-33.7;1.8
66648;54.3;-34.2;1.6
66650;53.4;-34;1.8
66652;55;-33.7;1.5
66654;56.3;-33.9;1.7
66656;54.7;-33.7;2.2
66658;55.7;-33.7;1.1
66660;56.1;-33.1;1.4
66662;54.5;-33.2;2
66664;53;-32.9;1
66666;55;-33.5;2
66668;55.3;-34.2;1.7
66670;52.3;-33.9;1.4
66672;53.4;-33.7;2
66674;53.4;-33.5;1.2
66676;53.4;-33.8;1.5
66678;53.6;-33.2;2.2
66680;54.5;-33.4;1.2
66682;53.3;-33.2;1.5
66684;52.9;-33.1;1.6
66686;54.6;-33.2;1.5
66688;54.3;-33.7;1.7
66690;53.5;-33.7;1.8
66692;53.1;-33;1.2
66694;53;-33;1.6
66696;52.5;-33.7;2
66698;55;-34;1.2
66700;55.5;-34;1.5
66702;52.4;-33.8;1.8
66704;52;-33.5;1.1
66706;55.5;-33.8;1.6
66708;52.1;-32.9;1.5
66710;51.6;-33.3;1.5
66712;54;-33.3;1.8
66714;54.3;-32.7;1.2
66716;54;-33.3;1.7
66718;54.2;-33;1.9
66720;54.4;-32.5;0.8
66722;53.4;-33.3;1.7
66724;53.3;-33.4;2.1
66726;55.6;-33.5;1.2
66728;52.6;-33.5;1.5
66730;50.9;-33.4;1.7
66732;52.9;-33.4;1.3
66734;54.3;-33.5;1.5
66736;54.7;-34.4;2
66738;56;-33.7;1.2
66740;56.4;-33.6;1.5
66742;55.2;-33.7;2.7
66744;54.7;-33.6;1.2
66746;56.4;-33.2;1
66748;54.2;-33.1;1.9
66750;52.3;-33.3;1.5
66752;52.7;-33.3;1.6
66754;54.2;-33.4;2.2
66756;51.9;-33.2;1.1
66758;52.7;-33.8;1.4
66760;54;-33.4;2.1
66762;52.1;-33.5;1.2
66764;52.6;-33.4;1.5
66766;55.4;-33.8;1.9
66768;55.2;-34.2;1.9
66770;52;-33.4;1.3
66772;53.5;-33.1;1.8
66774;54.3;-33.4;1.8
66776;54.8;-33.9;1.4
66778;54.4;-33.5;2
66780;56.1;-33.7;1.3
66782;53.1;-32.6;1.3
66784;53.5;-33.3;2.2
66786;54.8;-33.5;1.2
66788;54.2;-33.5;1.4
66790;53.4;-33.5;2.3
66792;55.6;-33.8;1.3
66794;55.1;-33.5;1
66796;54.2;-33.4;2.3
66798;56.8;-33.8;1.4
66800;57.7;-33.8;1.3
66802;55.5;-33.8;2.3
66804;56.3;-34;1.3
66806;56.3;-33.8;1.7
66808;55;-33.8;2.1
66810;53;-33.4;1.1
66812;54.4;-33.4;1.6
66814;53.9;-32.9;1.7
66816;52.9;-33.2;1.4
66818;54.6;-33.5;1.6
66820;57.1;-34.2;1.7
66822;55.6;-34.3;1.4
66824;55.1;-33.5;1.8
66826;57.6;-34.3;1.8
66828;55.3;-34.2;1.2
66830;51.5;-33.2;1.7
66832;54.3;-33.2;1.6
66834;56.8;-33.7;1.3
66836;54.3;-33.8;1.7
66838;56.1;-33.8;2
66840;56.6;-33.4;1.4
66842;53.6;-33.3;1.3
66844;54.3;-33.5;2.2
66846;55.7;-33.8;1.5
66848;53;-32.8;1.3
66850;52.3;-33.3;2.5
66852;55.7;-33.5;0.9
66854;55.2;-32.9;1.5
66856;55.6;-34;2.4
66858;54.7;-33.5;0.8
66860;55.1;-33.3;2.3
66862;55.6;-34.4;1.2
66864;54.8;-34.3;0.9
66866;55.5;-34;2.4
66868;55.3;-34.1;1.6
66870;52.4;-33.4;1.2
66872;52.6;-32.8;2.3
66874;55.4;-33.6;1.3
66876;53.2;-33.2;1
66878;54.2;-33;2.3
66880;54.9;-32.9;1
66882;54.3;-33.2;1.4
66884;54.4;-33.5;2.3
66886;55.6;-34.1;0.8
66888;55.2;-34.3;1.5
66890;53.3;-34.1;2.2
66892;53.3;-33.1;1.1
66894;54.2;-34;1.7
66896;53.5;-33.3;1.8
66898;54.6;-33;0.9
66900;56.6;-33.8;2.2
66902;52.9;-32.8;1.3
66904;53.9;-32.8;1.4
66906;55.4;-33.2;2.2
66908;54.4;-33.7;1.3
66910;55;-34.1;1.9
66912;54.6;-33.4;2
66914;55.4;-33.9;0.7
66916;54.2;-33.5;2.1
66918;56.9;-33.8;1.8
66920;56.2;-33.1;1
66922;54.4;-32.6;2.2
66924;54.4;-32.8;1.4
66926;57.4;-33.4;1.5
66928;53.7;-33.3;1.8
66930;51.8;-33;1.5
66932;54;-33.4;1.7
66934;54.7;-33.2;1.9
66936;55.3;-33.8;1.6
66938;54.7;-33.5;1.8
66940;56.3;-33.4;1.5
66942;56.2;-33.9;1.5
66944;55.2;-33.9;1.4
66946;56.7;-33.4;1.8
66948;55.8;-33.8;1.7
66950;54.1;-33.7;1.2
66952;54.1;-33.1;1.6
66954;56.3;-33.7;1.8
66956;54.9;-33.6;1.3
66958;52.8;-33.1;1.8
66960;55.2;-34.3;1.9
66962;54.3;-34;1
66964;53.6;-33.9;1.8
66966;55.8;-34.1;1.5
66968;54;-33.1;1.3
66970;52.6;-33.2;1.8
66972;53.4;-33.1;1.2
66974;54.5;-33.1;1.6
66976;54.4;-33.6;2.3
66978;55.3;-33.7;1
66980;55;-33.1;1.6
66982;55;-33.8;1.9
66984;54.6;-33.9;1.2
66986;55.2;-33.7;2.1
66988;53.6;-34.1;1.3
66990;51.3;-33.7;1
66992;53.3;-33.6;2.3
66994;54;-33.7;1.1
66996;52.9;-33.6;1.8
66998;55.7;-34;2.2
67000;55.9;-34;1.2
67002;52.2;-32.9;1.9
67004;53.3;-33.4;1.8
67006;54.8;-33;0.9
67008;53.8;-33.5;2.2
67010;52.9;-33.6;1.3
67012;53.1;-32.5;1.1
67014;53.2;-32.9;2.1
67016;53.5;-33.4;0.9
67018;55.6;-34.4;1.8
67020;57.4;-34.4;2
67022;53.9;-33.5;1
67024;54.2;-33.4;2.2
67026;58.1;-34;1.7
67028;53.8;-33.1;1.3
67030;53.2;-33.3;1.9
67032;54.9;-33.5;1.6
67034;55.2;-33.1;1.6
67036;53.3;-32.7;1.9
67038;55.2;-33.4;1.5
67040;55.5;-32.9;1.6
67042;55;-33.5;1.7
67044;54.5;-33.8;1.3
67046;56.4;-34.1;1.8
67048;54.7;-34.1;1.8
67050;52.2;-33.8;1.8
67052;54;-33.5;1.9
67054;56.7;-34.4;1.3
67056;55.2;-33.9;1.5
67058;54.7;-33.5;1.7
67060;55.4;-32.9;1.1
67062;54.5;-33;1.8
67064;55.1;-33.9;1.6
67066;54.7;-33.3;1.4
67068;55;-33.8;1.9
67070;53.4;-33.5;1.8
67072;52.4;-32.7;1.5
67074;52.9;-32.8;1.7
67076;54.1;-33.9;1.8
67078;55.7;-34;1.5
67080;54.8;-33.4;1.8
67082;55.8;-34.3;1.8
67084;53.6;-33.6;1.6
67086;55;-33.8;1.4
67088;55.1;-34.2;1.4
67090;53.4;-33.9;1.4
67092;54;-33.2;1.8
67094;55;-33.4;1.8
67096;54.7;-33.8;1.5
67098;55.2;-33.6;1.8
67100;55.5;-33;1.4
67102;52.6;-33.2;1.8
67104;53;-33.1;1.8
67106;56.5;-33.9;1.2
67108;55;-33.7;1.8
67110;54.3;-33.8;1.8
67112;54.2;-33.2;1.1
67114;54.9;-33.1;1.5
67116;53.8;-33.8;2
67118;53.9;-33.2;1.6
67120;55.8;-33.7;1.6
67122;53.6;-33.7;2
67124;53.5;-33.4;1.3
67126;55.7;-33.6;1.7
67128;54.3;-33.5;2.2
67130;53.1;-33.5;1.4
67132;53.1;-32.8;1.8
67134;54.4;-32.5;2
67136;53.6;-33.2;1.7
67138;56.2;-33.9;1.5
67140;56.1;-33.4;1.7
67142;55;-33.7;1.7
67144;55.4;-34.3;1.7
67146;57.1;-34.4;1.4
67148;53.9;-33.3;1.6
67150;54.5;-34.1;2
67152;55.5;-33.9;1.4
67154;54.7;-33.1;1.4
67156;54.8;-33.4;1.6
67158;55.3;-33.5;1.7
67160;54.3;-32.7;1.8
67162;52.8;-32.9;1.5
67164;55.4;-33.4;1.9
67166;56.2;-33.8;1.8
67168;54.3;-33.7;1.5
67170;52.7;-33.9;1.8
67172;54.1;-33.8;1.7
67174;56.1;-34.2;1.3
67176;55.4;-33.7;2.1
67178;53.9;-33.1;1.7
67180;56.4;-33.2;1.3
67182;53.9;-33.5;2.5
67184;52.7;-32.8;1
67186;54.8;-33.4;1.3
67188;52.7;-33.7;2.4
67190;52.2;-33.7;0.9
67192;54.8;-33.9;2.2
67194;55.4;-34.3;1.8
67196;54.2;-33.9;1.5
67198;54.3;-33.6;1.9
67200;57;-34;1.3
67202;53.4;-33.5;1.3
67204;55.4;-34;2.4
67206;55.1;-33.1;1.1
67208;54.6;-33.7;1.3
67210;54.3;-33.8;2.1
67212;55.3;-33.4;1.2
67214;53.8;-33.1;1.7
67216;54.5;-33.8;2.1
67218;54.5;-33.7;1.5
67220;57.2;-33.9;1.4
67222;54.3;-33.1;1.8
67224;53.7;-33.6;1.8
67226;57.7;-34.3;1.3
67228;55.3;-34.2;1.7
67230;53.9;-34.4;2.3
67232;54.4;-33.8;1.4
67234;55.2;-33.5;1.7
67236;54.3;-33.9;1.8
67238;53.7;-33;1
67240;56.7;-33.2;1.8
67242;53.7;-33.1;1.7
67244;52.2;-32.8;1.3
67246;56.2;-34.1;2.4
67248;53.5;-33.2;1.5
67250;52.5;-34.2;1.4
67252;56.1;-34.3;2.4
67254;55.8;-33.8;1.4
67256;55.6;-34.1;1.7
67258;56;-34.1;1.9
67260;56.7;-33.5;1.3
67262;55.3;-33.3;1.5
67264;55.9;-33.8;1.9
67266;55.9;-33.1;1.6
67268;53.8;-32.6;1.7
67270;54.4;-33.2;2.2
67272;53.5;-32.8;1
67274;54.2;-33;1.8
67276;54.8;-33.9;2.3
67278;55.2;-33.5;1
67280;55.7;-33.6;1.7
67282;54.3;-33.7;1.8
67284;53.7;-33.2;0.8
67286;55.6;-33.6;2.4
67288;54.9;-33.5;1.6
67290;52.6;-32.9;0.9
67292;53.8;-32.7;2.1
67294;55.3;-33;1.6
67296;52.9;-32.8;1.6
67298;54.5;-32.9;2.2
67300;54.8;-34;1
67302;54.4;-34.3;1.3
67304;53.8;-33.6;2.4
67306;56.1;-34;1.1
67308;55.4;-34.4;1.7
67310;53.3;-33.5;2.4
67312;54.5;-33.3;1.1
67314;56.4;-34;1.9
67316;54.7;-34;1.8
67318;56.9;-33.6;1.1
67320;55.7;-32.8;1.9
67322;54.4;-33.6;1.5
67324;54.1;-33;1
67326;55.7;-33.3;2.1
67328;53;-32.8;1.3
67330;51.9;-33.5;1.5
67332;53.7;-33.3;2
67334;55.7;-33.8;0.8
67336;55.1;-34.1;2
67338;56.6;-33.6;1.8
67340;56.4;-33.3;0.9
67342;56.1;-34;2.6
67344;55.6;-33.5;1
67346;57.7;-34;1
67348;56.1;-33.8;2.5
67350;53;-32.9;1.4
67352;53.4;-32.8;1.3
67354;53.5;-32.6;1.7
67356;53.6;-33.3;1
67358;52.9;-33.5;1.6
67360;54.9;-33.7;2
67362;53.3;-34.1;1.3
67364;52.8;-33.4;1.7
67366;56.2;-33.9;1.9
67368;55.7;-34.2;1.1
67370;54;-33.3;2.2
67372;53.4;-33.3;1.8
67374;56.2;-33.7;1.3
67376;55.1;-33.6;2.3
67378;56;-33.3;1.4
67380;57.2;-33.6;0.7
67382;53.9;-33;2.2
67384;55.6;-34.1;1.6
67386;55.3;-34;1.2
67388;52.5;-33.6;2.2
67390;52.5;-33.8;1.4
67392;55.4;-34.3;1.3
67394;54;-33.3;1.8
67396;53.4;-33;1.5
67398;55.8;-33.5;1.2
67400;56;-32.8;2
67402;55.3;-33.6;1.6
67404;55.5;-33.6;1.5
67406;55.1;-32.8;1.9
67408;54.8;-33.9;1.7
67410;51.6;-33.3;1.5
67412;53.7;-33.3;1.8
67414;55.4;-34.2;1.8
67416;53.4;-33.9;1.4
67418;54.6;-33.7;1.8
67420;55.5;-33.5;1.6
67422;54.1;-33.4;1
67424;54;-33;1.7
67426;56;-33.2;1.8
67428;55.6;-33.8;1.3
67430;54.1;-33.7;1.8
67432;55.4;-33.2;2.4
67434;54.9;-32.8;0.8
67436;55.6;-33.7;2.2
67438;54.7;-33.4;1.8
67440;55.2;-33.1;0.9
67442;53.8;-33.5;2.1
67444;52.3;-33.4;1.4
67446;54.9;-33.6;1.5
67448;53.4;-34.2;2.4
67450;54.5;-34.1;1.1
67452;56.1;-34.2;1.4
67454;55.6;-33.1;2.1
67456;55.9;-34.2;1.3
67458;56.1;-33.9;1.3
67460;56.1;-33.4;1.9
67462;54.9;-33.6;1.4
67464;55.4;-33.8;1.5
67466;56.7;-33.7;2.1
67468;55.4;-33.9;0.9
67470;53.9;-33.7;1.9
67472;53.6;-33.4;2
67474;52.8;-32.7;0.8
67476;53.8;-33.9;2.5
67478;53.9;-33.3;0.9
67480;54.7;-33;1.3
67482;54.3;-33.8;3
67484;55.5;-33.7;0.5
67486;55.4;-33.6;2.2
67488;52.9;-33.3;2
67490;54.1;-34.4;0.9
67492;54;-33.5;2.3
67494;55.4;-34.3;1.3
67496;54.6;-34.1;1.1
67498;54.7;-33.9;2.3
67500;55.5;-33.5;1.4
67502;53.7;-33.4;1.3
67504;53.3;-32.6;2.7
67506;56.7;-33.1;1.2
67508;53.9;-33;1.5
67510;53.3;-33.6;2.4
67512;55;-33.5;1.1
67514;55.5;-33.5;1.8
67516;55.7;-34.1;1.9
67518;56;-33.9;1.4
67520;59.2;-34.4;1.9
67522;55;-33.6;1.8
67524;56.3;-34.4;1.1
67526;57.5;-33.9;1.9
67528;56.1;-33.8;1.9
67530;51.8;-32.8;1.3
67532;54.3;-32.7;1.8
67534;55.1;-32.8;1.8
67536;54.5;-33.7;1.4
67538;56.2;-33.1;1.9
67540;57.4;-33.5;1.8
67542;56.5;-33.9;1.2
67544;53.8;-33.5;1.8
67546;57;-33.9;1.8
67548;56.5;-34.4;1.2
67550;54.9;-34.2;1.8
67552;55.7;-34;1.7
67554;55.2;-33.4;1.3
67556;55;-33.4;2.1
67558;55.5;-33.8;1.8
67560;55.3;-33.1;0.9
67562;54.4;-33.3;2.1
67564;53.6;-33.4;1.7
67566;56.9;-33.9;1.2
67568;53.8;-33.1;2.4
67570;52.7;-33.5;1.3
67572;53.4;-33.5;1.4
67574;54.3;-33.8;2.1
67576;55;-34.4;1.2
67578;55.9;-34.1;0.9
67580;55.4;-33.3;2.5
67582;55.1;-33.9;1.7
67584;54.8;-33.6;1.2
67586;55.4;-33.7;2
67588;53.5;-33.7;1.6
67590;51.5;-33.1;1.1
67592;53.3;-33.5;1.7
67594;54.1;-32.9;1.6
67596;55;-33.9;2.1
67598;55.1;-33.9;1.8
67600;55.9;-34.1;0.8
67602;55;-34.4;2.3
67604;55.8;-34.6;1.7
67606;55;-33.8;0.7
67608;53.9;-34;2.7
67610;53.7;-33;1
67612;55.3;-33.2;1.4
67614;55.7;-33.5;2.1
67616;54.2;-33.6;1.2
67618;55.8;-33.8;1.9
67620;57.4;-33.5;1.9
67622;54.2;-33.3;1.5
67624;55;-33.5;2
67626;56.6;-33.7;1.4
67628;53.5;-33.3;1.7
67630;51.7;-33.5;2.1
67632;54.3;-33.2;0.9
67634;54.6;-33;1.8
67636;54;-33.8;2.2
67638;56.1;-33.9;1.4
67640;56.7;-33.6;2.1
67642;53.2;-32.8;1.6
67644;53.4;-33.2;1.1
67646;55;-33.2;2.6
67648;54.2;-33.4;1
67650;54.1;-33.8;1.8
67652;54.3;-33.4;2
67654;55.7;-33.4;0.7
67656;55.6;-34.2;2.1
67658;55.6;-34.4;1.9
67660;57.2;-34.2;0.9
67662;56;-34.3;2.7
67664;54.2;-33.7;1
67666;55.6;-33.8;1.5
67668;55.3;-33.8;2.7
67670;52.5;-33.3;0.9
67672;53.7;-33;1.7
67674;53.1;-32.7;1.9
67676;53.5;-33.5;1
67678;55.7;-33.6;2
67680;57.6;-34.3;1.8
67682;55;-33.6;1.2
67684;53.9;-33.8;1.9
67686;55.4;-33.9;1.6
67688;53;-33.3;1.2
67690;53.5;-33.5;2.1
67692;56.5;-34.2;1.9
67694;54.3;-33.2;1
67696;54.8;-33.4;2.2
67698;56.1;-33.5;1.8
67700;57.2;-33.3;1.2
67702;54.1;-33;1.8
67704;55.6;-33.9;1.4
67706;57.3;-33.9;1.3
67708;54.9;-33.2;2.3
67710;53.8;-33.8;1.4
67712;55.8;-34.2;1.3
67714;56.9;-34.2;2.1
67716;54.5;-34.1;1.1
67718;55.2;-33.5;1.5
67720;56;-33.1;2.1
67722;55.7;-33.8;1
67724;54.1;-32.9;1.8
67726;56.5;-33;1.9
67728;53.5;-32.9;0.9
67730;52.6;-33.3;2.4
67732;54.3;-33.1;1.4
67734;55.7;-33.3;1.5
67736;55.7;-33.9;2.2
67738;57.2;-34.1;1
67740;57.2;-33.6;1.2
67742;54.9;-33.7;1.8
67744;55.9;-34.3;1.4
67746;57.7;-34.1;1.5
67748;57.5;-34.2;2.1
67750;55.6;-34;1.7
67752;55.3;-33;1.2
67754;55.7;-32.8;2
67756;54.5;-33;1.6
67758;55.8;-33.5;1
67760;55.1;-32.8;2.1
67762;53.3;-33.3;1.5
67764;54.7;-33.3;1.5
67766;55.9;-33.8;2.5
67768;55.8;-34.4;0.7
67770;54.2;-34.1;2
67772;54;-33.9;2.1
67774;53.9;-33.2;0.9
67776;54.9;-33.8;2.7
67778;54.2;-33.2;1.5
67780;55;-33;1.4
67782;55.1;-33.7;2.3
67784;52.8;-33.3;1
67786;55;-33.9;1.5
67788;53.2;-33.8;2
67790;52.3;-34.1;1.7
67792;54.9;-34.4;1.7
67794;54.6;-33.8;1.9
67796;54.1;-34;1.8
67798;56.6;-34.2;1.6
67800;55.6;-33.4;1.6
67802;55.2;-33.8;1.7
67804;56.1;-33.7;1.6
67806;55.7;-33.2;1.6
67808;53.8;-33.3;2
67810;52.4;-33;1.6
67812;54.2;-33.4;1.3
67814;54.8;-33.6;1.7
67816;54.1;-34.2;1.3
67818;56;-34.3;1.5
67820;56.2;-33.7;1.7
67822;54.7;-33.5;1.8
67824;54.9;-33.8;1
67826;57.5;-34.2;1.8
67828;55.3;-34.1;2.2
67830;52.3;-33.6;1.1
67832;54.5;-33.2;1.8
67834;54.9;-32.9;2
67836;53.2;-32.7;0.7
67838;53.3;-32.8;2.4
67840;55.8;-33.6;1.6
67842;52.2;-33.2;1
67844;51.7;-33.3;2.3
67846;53.6;-33.2;0.9
67848;54.7;-34.4;1.7
67850;51.7;-33.5;2
67852;54.2;-33.5;0.8
67854;55.9;-33.6;1.9
67856;55.4;-34.3;1.8
67858;55.6;-33.9;0.9
67860;57.6;-33.6;2.4
67862;54.7;-32.8;1
67864;55.7;-33.8;1.1
67866;56.2;-33.5;2.5
67868;55.8;-33.8;0.7
67870;53.6;-33.9;1.8
67872;53.7;-33.3;1.8
67874;56;-33.9;0.8
67876;54.4;-33.9;2.6
67878;54.7;-33.3;1.2
67880;56.2;-33.7;1.3
67882;56.5;-34.1;2.4
67884;55.8;-34.1;1
67886;55.5;-33.7;1.4
67888;54.5;-33.9;2
67890;52.6;-33.5;1
67892;54.4;-33.8;1.8
67894;53.7;-33.2;1.8
67896;54.5;-34.1;1.5
67898;55.3;-34;1.8
67900;55.8;-34.3;1.6
67902;53.1;-33.5;1.8
67904;52.9;-33.4;1.8
67906;56.1;-34;0.8
67908;53.7;-33.5;1.8
67910;52.3;-33.3;1.8
67912;55.8;-33.8;0.9
67914;55.8;-34;2.5
67916;54.3;-33.9;1.7
67918;54.6;-33.2;1.1
67920;55.4;-33.4;2
67922;54.3;-33.6;1
67924;53.6;-33.6;2.1
67926;54.6;-33.4;2
67928;52.1;-33.2;1.1
67930;52.8;-34.3;2
67932;53.8;-33.6;1.8
67934;54.4;-33.6;0.9
67936;54.3;-33.6;2.3
67938;55.7;-33.1;1.6
67940;57.7;-33.7;1
67942;55;-33.4;2.3
67944;54.4;-33.2;1.3
67946;57.4;-34.3;1.5
67948;56.5;-34;2.2
67950;52.3;-33.4;1
67952;54.2;-33.7;1.7
67954;54.9;-33.8;1.9
67956;52.2;-33.2;1
67958;53.6;-33.2;2.3
67960;54.3;-33.1;1.7
67962;52.5;-33.4;0.7
67964;53.4;-34;2.3
67966;55.1;-33.5;1.5
67968;55.8;-34.1;0.9
67970;52.4;-33.3;2.4
67972;53.3;-33.7;1.2
67974;54.4;-33.5;1.6
67976;55.4;-34.5;2.7
67978;55.9;-34.2;0.7
67980;56.6;-34.1;1.7
67982;53.7;-33.5;1.8
67984;53.8;-33.3;1.5
67986;53.9;-33.4;2.1
67988;51.9;-33.5;1.7
67990;51.7;-33;1.1
67992;54;-33.9;2.2
67994;53.8;-32.9;1.5
67996;55.5;-33.8;1
67998;56.4;-34;2.9
68000;55.6;-33.2;1.1
68002;53.5;-33.2;1.8
68004;54.2;-33.3;2.7
68006;57.1;-33.8;0.3
68008;54.6;-34.3;2.3
68010;52.4;-33.7;2
68012;54.2;-34;0.7
68014;53.7;-33.7;2.4
68016;54.2;-34.1;0.7
68018;55.5;-33.6;1.5
68020;57.6;-33.9;2.3
68022;55.9;-33.4;0.3
68024;56;-33.4;2.5
68026;57.3;-33.5;1.9
68028;55.4;-33.8;1.5
68030;54;-33.8;2.4
68032;54.8;-33.4;1.2
68034;55.7;-33.6;1.2
68036;55.1;-34.2;2.3
68038;53.6;-33.5;1.3
68040;56.6;-34.5;1.3
68042;53.2;-33.6;2.1
68044;52.3;-33.3;1.2
68046;55.1;-33.4;1.8
68048;53.6;-33.3;1.7
68050;54.4;-33.7;1.2
68052;56.5;-33.6;2
68054;55.7;-32.7;1.1
68056;55.2;-33.8;1.6
68058;55.9;-33.6;2.2
68060;55.5;-33.2;1.5
68062;54.1;-33;1.6
68064;54.3;-34.3;2.2
68066;56.4;-34.3;1.5
68068;55.7;-34.3;1.2
68070;52.6;-33.7;1.9
68072;53.3;-33.5;1.6
68074;53.2;-33.1;1
68076;53.9;-33.6;2.2
68078;55.7;-33.6;1.8
68080;57.1;-33.5;1.7
68082;54.2;-33;2.2
68084;54.5;-33.6;1.3
68086;54.3;-33.4;1.7
68088;52.8;-34.1;1.7
68090;52.5;-33.8;1.5
68092;53.8;-33.7;1.7
68094;53.9;-33.7;1.8
68096;55.4;-34.2;1.3
68098;54.6;-33.3;1.4
68100;57;-33.8;1.8
68102;54.2;-33.7;1.1
68104;55.9;-33.1;2
68106;56.7;-33.2;1.8
68108;56.1;-33.7;1
68110;53.3;-32.8;1.9
68112;56.3;-33.3;1.9
68114;55.8;-33.5;0.8
68116;55.1;-33.8;2
68118;57.6;-34.3;1.8
68120;56.7;-33.8;1.1
68122;54.6;-33.4;2.3
68124;54.7;-33.1;1.4
68126;57.7;-34.3;1.5
68128;54.1;-33.9;1.8
68130;52.2;-33;1.6
68132;54.9;-33.5;1.6
68134;55.8;-33.2;1.8
68136;54.5;-33.1;1.5
68138;55.7;-33;1.5
68140;56.9;-33;1.8
68142;55.7;-33.4;2
68144;56.1;-34;1.6
68146;57.7;-34.6;1.4
68148;56.6;-34;1.8
68150;53.8;-33.8;1.5
68152;54.2;-33.6;1.4
68154;55.2;-33.7;2
68156;54.2;-33.7;1.1
68158;55.3;-33.9;1.7
68160;54.3;-32.8;1.7
68162;53.8;-33.2;1.2
68164;54.1;-33.2;1.8
68166;55.6;-32.9;1.9
68168;54.8;-33.4;1.1
68170;55.3;-34.3;1.8
68172;55;-33.3;2.1
68174;55.5;-33.6;1.3
68176;55.7;-34.3;1.6
68178;56.8;-34.4;2.2
68180;57.1;-34.4;1.1
68182;54.7;-34.1;1.6
68184;55.2;-34;2.3
68186;56;-34.1;1.1
68188;53.9;-33.9;1.7
68190;51.7;-33.2;2.1
68192;54.1;-33.1;1.1
68194;53.6;-32.9;2.2
68196;53.5;-33.4;1.8
68198;53.6;-33;1.3
68200;54.5;-33.3;1.8
68202;53.4;-33.7;1.3
68204;55.3;-34.2;1.4
68206;54.3;-33.4;1.7
68208;54.5;-34.4;1.6
68210;53.5;-34.2;1.7
68212;54.2;-33.7;1.7
68214;54.3;-33.6;1.5
68216;54.2;-33.8;1.8
68218;55;-33;1.9
68220;57.6;-33.4;1.2
68222;54.4;-32.7;2
68224;54.9;-32.9;2.1
68226;58.8;-34;1
68228;54.3;-33.6;2.3
68230;53.6;-34.1;1.8
68232;56.4;-34.4;1.1
68234;56;-33.7;2
68236;55.7;-34.4;1.7
68238;54.2;-33.3;0.9
68240;57.5;-33.9;2.2
68242;53.7;-32.9;1.3
68244;53.5;-33;1.4
68246;55.6;-33.2;2.4
68248;53.6;-33.9;1.7
68250;54.1;-33.9;1.5
68252;55.5;-34;1.8
68254;56;-33.6;1.6
68256;54.5;-33.9;1.9
68258;54.4;-33.2;1.8
68260;55.8;-33.1;1.5
68262;54.3;-33.4;1.5
68264;54.4;-33.1;1.9
68266;55.4;-33;1.8
68268;55.6;-33.7;1
68270;53.5;-33.4;2
68272;53.2;-33.4;2
68274;52.5;-33;1.1
68276;53.7;-34;2.1
68278;52.8;-33.1;1.6
68280;56.7;-34.3;1.4
68282;54.1;-33.8;2.3
68284;53.6;-33.8;1.4
68286;55.2;-33.8;1.4
68288;52.9;-33;1.8
68290;53.5;-33.7;1.3
68292;53.9;-32.9;1.8
68294;53.8;-32.7;2
68296;54.5;-33.6;1.2
68298;54.5;-33.4;1.8
68300;54.4;-32.9;2
68302;52.3;-33;1.2
68304;54.5;-34.2;1.4
68306;55;-33.7;1.9
68308;54.9;-34.3;1.7
68310;54.1;-34.1;1.4
68312;53.7;-33.7;1.4
68314;54.5;-33.8;1.8
68316;53;-33.6;1.4
68318;54.4;-33;1.5
68320;57.6;-34;1.8
68322;53.6;-33.5;1.1
68324;53.4;-33.2;1.7
68326;55.9;-33.2;2.1
68328;53;-33.3;1.5
68330;51.6;-33.4;1.9
68332;53.7;-33.5;1.8
68334;56.6;-34.2;1
68336;53.7;-33.5;2.5
68338;55;-33.6;1.4
68340;57.4;-34;0.8
68342;55.4;-33.8;2.8
68344;53.8;-33.1;0.7
68346;58.1;-34;1.9
68348;57.1;-33.9;2.4
68350;55.4;-33.7;0.1
68352;55.1;-33.1;2.3
68354;55.3;-33.1;1.7
68356;56.2;-33.6;0.9
68358;54.7;-33.3;2.4
68360;56.7;-33.7;1.5
68362;54.3;-33.2;1.5
68364;56.4;-34.2;2.5
68366;57.6;-34.2;1
68368;55.3;-34.2;1.8
68370;53.6;-33.6;1.7
68372;55.4;-34.1;1
68374;55.4;-33.7;2.1
68376;55.9;-34.3;1
68378;56.5;-34.2;1.4
68380;56.1;-33.6;2.3
68382;55;-33.7;0.8
68384;55.2;-33.8;1.8
68386;54.4;-32.8;2
68388;54.8;-33.8;0.9
68390;52;-33;2.4
68392;55.8;-33.8;1.2
68394;56.7;-33.9;1.2
68396;54.9;-33.7;2.2
68398;57.2;-34.2;0.9
68400;58.2;-34.3;1.8
68402;56.2;-34.4;2.4
68404;55.7;-33.7;1.1
68406;56.4;-34.1;1.8
68408;55.5;-34.2;1.9
68410;53.4;-33.6;0.9
68412;54.8;-33.8;2.6
68414;54.5;-33.2;1.8
68416;54.5;-33.7;0.6
68418;56.4;-33.8;2.5
68420;56.2;-32.9;1.2
68422;56.3;-33.4;1.2
68424;56.5;-33.5;2.5
68426;56.6;-33;1.4
68428;56;-33.7;1.5
68430;52.3;-33.5;2
68432;55.2;-34.4;1.3
68434;57.2;-34.4;1.6
68436;53.6;-33.5;1.5
68438;53.8;-33.2;1.6
68440;55.9;-33.2;1.3
68442;55.2;-33.7;1.9
68444;51.7;-32.9;1.9
68446;54.2;-33.2;1.4
68448;54.5;-33.6;1.7
68450;52.3;-33.3;2.3
68452;56.1;-33.9;1.4
68454;56.1;-33.8;1.7
68456;54;-33.4;1.9
68458;54.5;-33.5;1.2
68460;56.6;-33.4;1.6
68462;56.3;-33.8;2.2
68464;56.2;-34.4;1
68466;56.2;-33.6;1.8
68468;54;-33;2.4
68470;54.9;-33.7;0.8
68472;53.5;-32.8;2
68474;54.2;-33.2;1.8
68476;55.6;-33.6;1.2
68478;55.4;-33.5;1.7
68480;57.2;-33.7;2
68482;55.1;-33.2;1.6
68484;55.4;-33.7;1.7
68486;57.2;-34.4;1.8
68488;54.7;-33.7;1.5
68490;54.9;-33.8;1.6
68492;55.6;-33.5;1.6
68494;54.9;-33.3;1.7
68496;55.8;-33.6;2.1
68498;55.7;-33.3;1.8
68500;56.4;-33.7;1.2
68502;55.2;-33.1;1.6
68504;53.4;-32.7;2.1
68506;57;-33.7;1.4
68508;56;-33.6;1.3
68510;53.2;-33.1;1.8
68512;55.3;-33.4;1.6
68514;57;-33.7;1.5
68516;55.2;-34;1.8
68518;57.4;-34.3;1.6
68520;58.2;-34.6;1.5
68522;54.3;-33.8;2
68524;53.4;-33.4;1.5
68526;56.5;-33.8;1.1
68528;53.4;-32.9;2.2
68530;52.8;-33.3;1.1
68532;54.2;-33.2;1.6
68534;54.5;-32.7;1.9
68536;55.6;-33.6;1.8
68538;56.5;-33.6;1.6
68540;56.8;-33.5;1.8
68542;56.4;-34.3;1.9
68544;55.5;-34.5;1.5
68546;56.7;-34.2;1.5
68548;56.3;-34.3;1.7
68550;54.1;-34.3;1.5
68552;54.2;-33.3;1.4
68554;55;-33.5;1.7
68556;54.4;-33.5;1.4
68558;52.6;-32.8;1.7
68560;55;-32.7;1.9
68562;53.4;-33.2;1.4
68564;53.3;-33.3;1.5
68566;55.7;-33.9;2.2
68568;53.8;-33.9;1.2
68570;53;-33.9;1.3
68572;53.3;-33.9;2
68574;55.6;-34.4;1.2
68576;53.5;-34.4;1.7
68578;54.4;-33.6;2.3
68580;55.3;-33.7;1
68582;53.5;-33;1.8
68584;53.8;-33.5;2.2
68586;54.3;-33.3;0.8
68588;52.3;-32.9;1.9
68590;52.7;-33.8;1.8
68592;54.1;-33.2;1
68594;55;-34;2
68596;54.4;-34.2;1.6
68598;56.5;-34.4;1.5
68600;57.2;-34.3;2.3
68602;55.1;-34.3;1.3
68604;54.2;-33.9;1.7
68606;56;-33.8;1.7
68608;54.5;-33.9;1.5
68610;53.3;-33.7;1.6
68612;53.8;-32.9;1.9
68614;55.3;-33.7;1.1
68616;54.1;-33.8;1.7
68618;55.7;-33.5;2
68620;56.2;-33.4;1.1
68622;53.9;-33.4;1.9
68624;56.3;-34.5;1.8
68626;58;-34.7;1.1
68628;56.1;-34.4;2.1
68630;54.7;-34.4;1.3
68632;55.2;-33.2;1.2
68634;55.8;-33;2
68636;55.6;-33.4;1.2
68638;54.8;-33.4;1.4
68640;58;-33.7;1.9
68642;54.1;-33.3;1.8
68644;52.8;-33.4;1.8
68646;55.1;-33.7;1.4
68648;53.3;-33.5;1.6
68650;54.4;-34.4;1.4
68652;55.2;-33.8;1.3
68654;56.3;-33.2;2
68656;54.6;-34.4;1.8
68658;55;-33.4;1.1
68660;55.9;-33.3;1.9
68662;55.2;-33.5;1.8
68664;55.6;-33.8;1.2
68666;56.9;-34.1;1.7
68668;55.9;-33.9;1.6
68670;53.9;-33.7;1.8
68672;53.8;-33.3;1.5
68674;54.4;-33.5;1.4
68676;54.2;-33.4;1.9
68678;54.8;-33.6;1.4
68680;57.7;-34.2;1.2
68682;54.8;-33.6;1.9
68684;54.3;-33.9;1.4
68686;56.1;-34.4;1.1
68688;53.6;-33.7;2
68690;54.5;-34.3;1.4
68692;55;-33.3;1.3
68694;54.8;-33.4;2
68696;53.6;-33.3;1.6
68698;55.3;-33.1;1.8
68700;55.5;-32.8;1.5
68702;54.3;-33.2;1.5
68704;53.9;-33.2;1.7
68706;57.4;-33.4;1.6
68708;54.7;-33;1.7
68710;54.3;-33.6;1.6
68712;55.6;-33.3;1.7
68714;56.1;-33.4;1.2
68716;54.6;-33.8;1.7
68718;58;-34.5;1.8
68720;57.2;-33.7;1.2
68722;54.5;-33.4;1.8
68724;56;-33.9;2.1
68726;55.9;-32.8;1.1
68728;54;-33;1.7
68730;52.2;-33;1.9
68732;54.1;-32.9;1.3
68734;55.3;-33.3;1.3
68736;55.6;-33.6;1.8
68738;57.2;-34;1.3
68740;56.9;-33.4;1.7
68742;57.4;-34.4;2.2
68744;54.2;-33.9;1.2
68746;58.2;-34.3;1.8
68748;57;-34;1.8
68750;54.9;-34;1
68752;53.9;-33.5;1.6
68754;54.7;-33;1.7
68756;55.2;-33.3;1.4
68758;54.5;-33.2;1.8
68760;55.8;-32.7;1.7
68762;53.8;-33.1;1.3
68764;54.5;-32.8;1.4
68766;56.9;-33.6;1.8
68768;54.9;-33.8;1.5
68770;53.4;-33.4;1.3
68772;56.4;-34.4;1.8
68774;55.7;-33.9;1.8
68776;56.2;-34;1.3
68778;56.8;-33.8;1.6
68780;58;-34;1.8
68782;55.2;-33.1;1.5
68784;54.6;-33.2;1.8
68786;56.3;-33.6;1.7
68788;52.3;-32.7;1.8
68790;53.2;-33.5;1.8
68792;54.7;-33.5;1.7
68794;56.2;-34.1;1.5
68796;56.1;-34.5;1.8
68798;54.6;-33.8;1.6
68800;54.9;-33.8;1.3
68802;53.6;-33.7;2.4
68804;56.3;-34;1.2
68806;56.2;-33.3;1.9
68808;54.8;-33.4;2.3
68810;52.6;-32.7;0.7
68812;54.7;-33;1.8
68814;55.9;-33.3;1.9
68816;54;-33.5;0.9
68818;56.4;-33.8;2.1
68820;57.9;-34.2;1.7
68822;55;-33.2;1.3
68824;55.8;-33.8;1.8
68826;57.2;-34.1;1.7
68828;56.2;-34.3;1.6
68830;52.8;-33.5;1.4
68832;54.7;-33.5;1.7
68834;55.1;-33.4;1.5
68836;54.1;-33.5;1.4
68838;56;-33.4;2
68840;57.4;-33.4;1.1
68842;53;-32.7;1.5
68844;54.2;-33.9;2
68846;55.4;-33.8;1.5
68848;54.7;-33.9;1.1
68850;53.5;-34.3;2.2
68852;54.4;-33.8;1.8
68854;55.2;-33.4;1.3
68856;55.6;-34.3;2.2
68858;54.8;-33.6;1.6
68860;58;-33.9;1.4
68862;56.3;-33.7;1.7
68864;53.6;-32.7;1.9
68866;56.7;-33.3;1.4
68868;55.9;-33.9;1.7
68870;54.5;-34.2;1.7
68872;54.1;-33.6;1.3
68874;53.2;-33.6;1.8
68876;53.6;-34;1.8
68878;54.4;-33.4;1.5
68880;56.7;-34.1;1.9
68882;54.9;-33.7;1.7
68884;55.8;-33.6;1.9
68886;56.4;-33.4;1.9
68888;53.3;-32.8;1.4
68890;52.7;-32.5;1.5
68892;54.6;-33.1;1.5
68894;55.9;-33.5;1.2
68896;54;-33.8;1.8
68898;55.8;-34.2;1.6
68900;54.5;-33.7;1
68902;52.6;-33.7;2
68904;54.4;-34.6;1.5
68906;55.8;-34.3;1.5
68908;54.6;-34.2;2
68910;54.1;-33.8;1.2
68912;55;-33.3;1.7
68914;53.5;-33;2
68916;53.9;-33.4;1.3
68918;54.4;-33.1;1.6
68920;55.5;-33.2;1.6
68922;52.8;-33.3;1.5
68924;52.9;-33.3;1.5
68926;54.4;-33.6;1.4
68928;54.1;-34.4;1.5
68930;52.6;-34.1;1.8
68932;53.8;-33.5;1.3
68934;54.6;-33.9;1.3
68936;53.5;-33.3;2
68938;55.8;-33.2;1.3
68940;57.2;-32.9;1.9
68942;55.1;-33.2;2.1
68944;54.6;-33.4;0.8
68946;55.8;-33.3;2
68948;56.6;-34.1;2
68950;54.4;-34;1.3
68952;54.6;-34.2;2.1
68954;54.5;-33.3;1.7
68956;54.1;-33.8;1.3
68958;54.2;-33.9;1.9
68960;55.6;-33.7;1.7
68962;53.3;-33.2;1.4
68964;53.6;-33;2.1
68966;57.1;-33.9;1.2
68968;54.6;-33.3;1.7
68970;53.5;-33.6;2.1
68972;55.1;-33;1.3
68974;55;-32.9;1.4
68976;55.8;-33.8;1.8
68978;54.4;-33.1;1.8
68980;56.3;-33.9;1.6
68982;55.3;-34;1.6
68984;53.8;-33.3;2
68986;53.7;-33.8;1.5
68988;53.7;-34.2;1.6
68990;52.6;-34.2;1.9
68992;54.6;-34;1.4
68994;54.5;-33.4;1.7
68996;52.7;-32.8;1.8
68998;55.9;-33.7;1.3
69000;54.6;-32.9;1.8
69002;54.6;-33.6;1.7
69004;54.1;-33.3;1.3
69006;54.7;-33.2;1.7
69008;52.9;-33;1.8
69010;52.5;-33.7;1.4
69012;54.1;-33.1;1.9
69014;55.7;-34;1.8
69016;54.1;-34;0.8
69018;55.8;-34.2;2
69020;55.5;-33.5;1.7
69022;54.6;-33.8;1.1
69024;56.1;-34.5;2.2
69026;57;-34;1.4
69028;55.7;-34.1;1.6
69030;53.2;-33.5;2.3
69032;55.4;-33.2;1.4
69034;56.7;-33.6;1.4
69036;53.7;-33.2;1.8
69038;54.6;-33.4;1.7
69040;56.8;-33.6;1.3
69042;53.9;-33.5;1.6
69044;52.7;-33.7;1.5
69046;55.1;-34;1.4
69048;53.6;-33.9;1.8
69050;54.2;-34.6;1.8
69052;54.9;-33.8;1.5
69054;57.2;-34.4;1.6
69056;54.3;-33.3;1.7
69058;56;-33.9;1.6
69060;56.6;-33.1;1.8
69062;55.3;-33.3;1.4
69064;54.7;-33.1;1.2
69066;56.8;-33.4;1.7
69068;53.3;-33;1.8
69070;53.5;-33.6;1.4
69072;53.5;-33.2;1.5
69074;54.5;-33.5;1.8
69076;53.8;-34;1.5
69078;56.1;-34.3;1.6
69080;56.1;-33.2;2.1
69082;53.7;-33.2;1.1
69084;53.3;-33;1.7
69086;56.5;-33.7;2.3
69088;54.7;-33.8;1
69090;52.8;-33.3;1.9
69092;53.4;-32.8;2
69094;54.2;-33.1;1
69096;54.4;-34;1.8
69098;54.8;-33.4;1.9
69100;56.4;-34.3;1.6
69102;54.6;-34.1;1.8
69104;53.4;-33.7;1.8
69106;56.2;-34.1;1.8
69108;55.8;-34.3;1.6
69110;53.6;-33.4;1.3
69112;54.3;-33;1.8
69114;56.6;-33.8;1.9
69116;54.9;-33.6;1.6
69118;55;-32.9;1.8
69120;55.7;-33.1;1.5
69122;54.2;-33.7;1.4
69124;55.1;-33.8;1.9
69126;55.7;-33.2;1.1
69128;52.2;-32.6;1.6
69130;51.3;-32.9;2.2
69132;53.3;-33.4;1.3
69134;54.2;-33;1.9
69136;53.3;-33.5;1.8
69138;56;-34;0.8
69140;56.8;-34.1;1.8
69142;55.7;-34.2;1.3
69144;55.4;-34.4;1.6
69146;55.9;-33.7;2.1
69148;56.2;-34.2;1
69150;53.4;-33.7;1.6
69152;53.2;-32.7;2.1
69154;54.9;-32.8;0.8
69156;53.8;-33.5;1.8
69158;53.1;-33.6;2
69160;53.7;-33.5;1.7
69162;54.7;-34.4;1.9
69164;53.9;-34.6;1.6
69166;55.2;-34;1.7
69168;54.9;-34.4;1.8
69170;54.1;-34.2;1.2
69172;53.5;-33.2;1.8
69174;55.4;-33.8;2
69176;53.6;-33.2;1.2
69178;54.4;-33.1;1.8
69180;56.4;-33.8;1.9
69182;53.7;-33.2;0.6
69184;53.1;-33.1;1.9
69186;55.8;-34;1.7
69188;53.2;-33.9;0.9
69190;53.7;-34.5;2.2
69192;55.1;-34.4;1.7
69194;55.5;-33.9;1
69196;54.9;-33.8;2.3
69198;54.2;-32.8;1.4
69200;55.7;-33.1;1.6
69202;55.1;-33.5;1.9
69204;55.5;-33.7;1.5
69206;55;-33.3;1.8
69208;54.6;-33.9;1.9
69210;51.4;-33;1.2
69212;53.6;-33.5;1.8
69214;55;-34.4;1.8
69216;54;-34.4;1.4
69218;53.7;-33.3;1.8
69220;55.1;-33.4;1.7
69222;53.8;-33.3;1.3
69224;55.9;-33.9;1.8
69226;56.4;-33.5;1.8
69228;54.4;-33.2;1.4
69230;52.9;-32.9;2.1
69232;54.9;-32.9;1.4
69234;57.1;-33.7;1.6
69236;55.6;-33.8;1.8
69238;56.1;-33.5;1.4
69240;57.3;-33.9;1.7
69242;54;-33.8;1.8
69244;52.5;-33.3;1.2
69246;54.4;-33.5;1.7
69248;53.1;-33.7;2
69250;52.5;-33.7;0.9
69252;56.7;-34;1.8
69254;56.4;-33.5;1.5
69256;55.5;-33.2;0.9
69258;56.5;-33.6;1.8
69260;56.1;-32.6;1.7
69262;54.7;-32.8;1.5
69264;55.6;-33.4;1.5
69266;56.4;-34;1
69268;55.9;-34.2;1.7
69270;53.8;-34.2;1.8
69272;53;-33.9;1.3
69274;54.2;-33.5;1.9
69276;54.5;-34;1.2
69278;54.1;-33.4;1.2
69280;55.1;-33.2;2
69282;53.7;-33;1.3
69284;53.5;-32.5;1.7
69286;55.6;-33.2;2.2
69288;53.4;-33.1;1.1
69290;52.6;-33.5;1.4
69292;54;-33.7;1.8
69294;54.4;-33.9;1.1
69296;54.9;-34.5;1.8
69298;55;-33.7;1.8
69300;56.6;-34;1
69302;53;-32.8;2.5
69304;53.2;-32.7;1.1
69306;55.7;-33.2;1.1
69308;54.9;-33.1;2.4
69310;53;-32.8;0.9
69312;55.1;-33;1.9
69314;55.1;-33.5;2.2
69316;55.1;-34.1;0.8
69318;57.3;-34.4;1.9
69320;56.2;-33.7;1.8
69322;54.5;-33.6;1.1
69324;54.6;-33.6;1.9
69326;57.3;-34;1.9
69328;53.7;-32.7;0.9
69330;52.6;-33.2;1.9
69332;54.8;-33.2;1.8
69334;56.6;-33.1;1.4
69336;55.7;-34.1;2
69338;55.9;-33.7;2
69340;57.4;-33.9;1.3
69342;55.1;-33.6;1.7
69344;54.4;-33.9;1.8
69346;57.5;-34.3;1.6
69348;56.3;-33.9;2.1
69350;52.7;-33.2;1.5
69352;53.8;-33.2;1.5
69354;56.4;-33.5;2.2
69356;53.4;-33;1.1
69358;53.8;-32.9;1.4
69360;54.6;-33;2.1
69362;52.5;-33;1.7
69364;54.3;-33.9;1.4
69366;55;-33.5;1.9
69368;54.2;-34.4;1.7
69370;52.5;-33.4;1.6
69372;54;-33.7;2
69374;54.6;-33.5;1.6
69376;55.4;-34.1;1.4
69378;55.9;-34.1;1.9
69380;54.7;-33.4;1.6
69382;53.2;-32.6;1.9
69384;53.6;-33;1.8
69386;56;-33.6;0.8
69388;52.6;-32.9;2
69390;51.3;-33;1.4
69392;53.8;-33.4;1.2
69394;56;-34.3;1.8
69396;53.5;-33.5;1.6
69398;54.8;-33.8;1.1
69400;55.9;-34.2;2.1
69402;55.3;-34.4;1.8
69404;54.3;-33.3;0.9
69406;56.3;-33.8;1.8
69408;54.2;-33.4;2.1
69410;53.8;-33.6;1.2
69412;54.6;-33.1;1.9
69414;54.3;-33.1;1.8
69416;54.6;-33.3;1
69418;56.1;-33.3;2
69420;57.4;-33.8;1.8
69422;56.5;-34.3;1.7
69424;56.6;-33.9;1.9
69426;57.9;-34.3;1.5
69428;53.9;-33.3;1.6
69430;52.5;-33.4;2
69432;56.4;-34;1.6
69434;54.9;-33;1.8
69436;55.3;-33.8;2.4
69438;56;-33.6;1.4
69440;57.1;-33.2;1.4
69442;54.3;-32.9;2.1
69444;55;-33.8;1.6
69446;55.4;-33.6;1.4
69448;55;-33.3;1.8
69450;54.1;-34.3;1.6
69452;54.2;-33.6;1.8
69454;57.3;-34.1;1.9
69456;54.5;-33.8;1.2
69458;54.1;-33.5;1.8
69460;56.6;-33.9;1.8
69462;54.2;-33.1;1.7
69464;53.9;-33.1;1.7
69466;55.6;-33.1;1.3
69468;55.7;-33.4;1.5
69470;53.4;-33.7;1.8
69472;53.9;-32.8;1.4
69474;53.6;-33.4;1.9
69476;54.2;-33.8;1.9
69478;54.5;-33.7;1
69480;55.5;-33.6;2.1
69482;53.9;-33.3;1.7
69484;55.8;-34.3;1
69486;54.6;-33.8;2
69488;54.9;-34;1.7
69490;53.5;-33.5;1
69492;53.8;-32.9;2.3
69494;54.2;-33.7;1.4
69496;53;-32.7;1.5
69498;55.3;-33.5;2
69500;54.8;-33.3;1.3
69502;52.3;-33.6;1.3
69504;53.8;-33.9;2
69506;56.5;-34.4;1.1
69508;55.1;-34.7;1.6
69510;53.3;-33.8;2.2
69512;54.6;-33.6;0.8
69514;53.7;-33.3;1.9
69516;54.7;-33.9;2.2
69518;54.2;-32.7;1.1
69520;57.6;-33.5;2.2
69522;53.5;-33;1.6
69524;52.8;-32.5;1.2
69526;55.3;-33.3;2
69528;54.7;-33.9;1.5
69530;51.1;-33.6;1.7
69532;53.7;-34.4;2.3
69534;55.8;-34.5;1.1
69536;53.8;-33.5;1.7
69538;55.4;-33.8;2.1
69540;57.5;-33.7;1.4
69542;54.8;-33.6;1.4
69544;55.1;-33.8;1.8
69546;55.6;-33.1;1.7
69548;55.1;-33.4;1.8
69550;52.3;-32.8;1.6
69552;54.4;-33.4;1.3
69554;55.7;-33.7;1.7
69556;54.1;-33.6;1.9
69558;55.6;-34.1;1.4
69560;55.5;-33.8;1.5
69562;53.7;-34.1;2
69564;55.7;-34.4;1.7
69566;55.4;-33.7;1.8
69568;55.4;-33.7;2
69570;54.5;-33.4;1.6
69572;53.9;-32.8;1.5
69574;54.4;-32.4;1.8
69576;54.9;-33.5;1.5
69578;54.6;-32.9;1.2
69580;54.4;-33.1;2
69582;53.2;-33.3;2
69584;53;-33.7;1
69586;54.4;-34;1.9
69588;54.1;-34.3;2
69590;52.2;-34;1
69592;54.9;-33.8;2.4
69594;55.2;-33.9;1.4
69596;55.2;-33.8;1.7
69598;55.9;-33.7;2.1
69600;56.5;-33.5;0.8
69602;52.7;-33.1;1.6
69604;53.4;-33.4;2.1
69606;55.2;-33.5;1.2
69608;53.6;-33.8;1.4
69610;52.2;-33.9;1.9
69612;55.3;-34.6;1.5
69614;55.6;-34.3;1.7
69616;54.8;-34.3;2
69618;56;-34;1.8
69620;57.4;-33.8;1.6
69622;55.8;-33.7;1.8
69624;56.1;-33.6;1.5
69626;57.5;-33.8;1.3
69628;54.8;-33.3;2
69630;51.8;-33.1;1.6
69632;54.3;-33.4;1.7
69634;54.7;-33.4;1.5
69636;54.4;-34.2;1.5
69638;56.1;-34.3;1.6
69640;55.6;-33.5;1.4
69642;54.5;-33.9;1.8
69644;52;-33.1;1.4
69646;54.7;-33.2;1.8
69648;54.6;-33.6;1.8
69650;53.8;-33.6;1.8
69652;55.1;-32.9;1.4
69654;57.5;-34.1;1.5
69656;54.5;-33.8;1.7
69658;56.3;-34.4;1.8
69660;58.1;-34.4;1.8
69662;55.9;-33.8;1.8
69664;55.9;-34.2;1.4
69666;56.8;-33.9;1.8
69668;54.1;-33;1.7
69670;54.4;-33.9;0.8
69672;52.8;-32.7;1.8
69674;53.4;-32.9;1.9
69676;53.4;-33.2;1.1
69678;55.6;-34;2.2
69680;55.3;-33.3;1.4
69682;53.9;-33.5;1.4
69684;54.3;-33.9;2.3
69686;54.7;-33.9;0.9
69688;54.8;-33.9;1.8
69690;52.7;-33.8;1.7
69692;53.6;-33.5;1.2
69694;54.4;-33.4;1.8
69696;53;-33;1
69698;55.6;-33.6;1.8
69700;56.2;-33.6;1.9
69702;54.6;-33.8;1.4
69704;53.5;-33.2;2.2
69706;56.1;-33.8;1.1
69708;55.3;-34.2;1.3
69710;53;-33.9;2
69712;54.6;-33.9;1
69714;55.1;-33.9;1.4
69716;54.5;-34.2;1.8
69718;57;-34.1;1.4
69720;58.1;-33.5;1.4
69722;54.3;-33.2;2.2
69724;53.2;-32.7;1.3
69726;56.9;-33.6;1.5
69728;52.9;-33.4;2.1
69730;53.2;-34.2;1.2
69732;54.1;-33.8;1.5
69734;55;-34;1.6
69736;55.1;-34.5;1.2
69738;56.4;-34.4;2
69740;57.3;-34;1.8
69742;55.9;-34.2;1.1
69744;55.1;-33.8;2.1
69746;57.5;-33.8;1.2
69748;54.8;-33.1;1.3
69750;54.2;-33.6;2.5
69752;53.9;-33.9;1.4
69754;54.6;-33.3;1.5
69756;54;-33.9;2.6
69758;52.1;-33.6;0.8
69760;53.9;-33.8;1.4
69762;54.2;-34.3;2.2
69764;53.3;-33.6;0.8
69766;55.8;-34.3;1.7
69768;54.9;-33.7;1.8
69770;52.6;-33.5;1.2
69772;53.8;-33.6;2.3
69774;55.7;-33.9;1.5
69776;53.7;-33.5;1
69778;53.9;-32.8;1.9
69780;54.8;-32.9;1.6
69782;54.3;-33.4;1.7
69784;55.2;-34;1.8
69786;54.5;-33.5;1.6
69788;54.2;-34;1.7
69790;52.6;-33.1;1.7
69792;54.1;-33.7;1.6
69794;54.9;-33.9;1.1
69796;55.7;-34.2;2
69798;55.8;-33.9;1.6
69800;55.9;-33.4;1.2
69802;55.3;-34.2;2.4
69804;56.3;-33.9;1.2
69806;56.3;-33.3;1.6
69808;54.9;-33.3;1.8
69810;53.6;-33.6;1.6
69812;54.5;-33.3;2.1
69814;55.5;-33.9;1.4
69816;54.1;-34.2;1.8
69818;53.8;-33.4;1.9
69820;56.9;-34.2;1
69822;53.9;-34.4;1.8
69824;53.4;-33.5;2
69826;55.5;-33.6;1.2
69828;54.9;-34.2;1.7
69830;53.6;-34;1.7
69832;56.1;-34.1;1.3
69834;56.8;-33.8;1.8
69836;54;-33.6;1.8
69838;55.3;-33.9;1.6
69840;56.6;-33.7;1.7
69842;53.3;-33.9;1.9
69844;52.5;-33.7;1.9
69846;54.3;-33.5;1.6
69848;52.7;-33.8;1.5
69850;53.5;-34.4;1.5
69852;55.6;-34.5;1.5
69854;55.1;-33.5;2.2
69856;55.4;-34.2;1
69858;54.5;-33.4;1.5
69860;55.3;-33.1;1.9
69862;53.6;-32.9;1.2
69864;54.6;-33.3;1.9
69866;56.5;-33.7;2.2
69868;55.4;-34.1;0.7
69870;53.6;-34.3;2.1
69872;53.1;-33.8;1.7
69874;55.1;-34.5;0.8
69876;53.6;-34;1.8
69878;53.2;-33.5;1.8
69880;55.2;-33.5;1.2
69882;54.1;-33.3;2
69884;54.2;-33.5;1.3
69886;55.1;-33.4;0.9
69888;53;-33;1.8
69890;53.7;-33.9;1.8
69892;53.9;-33.4;1.2
69894;54.5;-33.8;1.7
69896;53.6;-34.4;1.7
69898;56.4;-34.6;1.4
69900;56.5;-34.4;1.8
69902;53;-33.2;1.9
69904;54;-33.4;1.1
69906;56.3;-33.4;2.1
69908;55.7;-33.8;1.6
69910;54.1;-33.2;1.4
69912;55.1;-33.2;2.3
69914;54.6;-33.3;1
69916;54.1;-33.4;1.5
69918;57.3;-33.9;2.3
69920;56.2;-33.1;0.7
69922;53.9;-33.2;2.1
69924;55.9;-34.1;1.9
69926;56.8;-34;0.6
69928;55.4;-34.1;2.5
69930;53.8;-34.2;1.4
69932;54.1;-33.3;0.8
69934;55.2;-33.8;2.8
69936;55.8;-34.4;0.7
69938;55.7;-33.6;2.1
69940;58.8;-34.2;2.1
69942;56.6;-34.3;0.7
69944;53.7;-33.3;2.2
69946;57.9;-34;1.7
69948;56.8;-34.2;1.1
69950;53.7;-33.3;2.2
69952;54.8;-33.6;1.1
69954;56.6;-33.9;1.5
69956;54.8;-33.8;1.9
69958;54;-33.2;1.3
69960;55.3;-33.2;1.6
69962;52.8;-33;1.8
69964;54.1;-33.4;1.6
69966;55.5;-34;1.6
69968;53.8;-33.6;1.6
69970;52.9;-33.9;1.7
69972;53.5;-33.5;1.6
69974;54.5;-33.7;1.4
69976;54.8;-34;1.7
69978;55.8;-33.8;1.7
69980;55.2;-33.3;1.5
69982;53.2;-32.7;1.7
69984;54.5;-33.8;1.7
69986;54.3;-33.3;1.7
69988;53;-33.8;1.8
69990;50.6;-33.6;1.9
69992;53.5;-33.8;1.6
69994;53.6;-33.8;1.8
69996;53.8;-33.9;1.9
69998;54.4;-34.4;1.5
70000;56.7;-34.3;1.5
70002;54.8;-34.3;1.9
70004;53.6;-33.1;1
70006;56.8;-34;1.3
70008;52.6;-32.7;2.2
70010;52.1;-33;1.5
70012;53.8;-32.9;1.1
70014;55.1;-33.6;2.2
70016;53.4;-33.6;1.6
70018;54.4;-33.8;1.2
70020;57.4;-34.4;2
70022;56;-34.5;1.2
70024;56.7;-34.6;1.9
70026;56;-33.6;1.9
70028;54.7;-33.4;0.9
70030;53.5;-33.7;2
70032;56.6;-33.8;1.8
70034;57.5;-33.6;1.2
70036;54;-33.3;2
70038;56.1;-33.4;1.8
70040;55.6;-33.2;0.9
70042;53.2;-33.4;2.2
70044;54.2;-34.1;1.4
70046;54.4;-33.9;1.4
70048;53.7;-34.4;2.5
70050;53.4;-34.3;1.3
70052;53.7;-33.3;1.5
70054;56.7;-33.2;1.7
70056;54.6;-33.9;0.8
70058;54;-32.8;2.3
70060;56.2;-33.2;1.3
70062;56.1;-33.8;1.5
70064;54.4;-33.1;2.4
70066;56.4;-33.8;0.8
70068;55.2;-34;2
70070;53.6;-34.1;1.8
70072;52.7;-33.5;1.3
70074;54;-34;2.2
70076;54.8;-34.5;0.8
70078;53.5;-33.5;2
70080;55.9;-34.2;1.8
70082;55.5;-33.7;0.9
70084;55.9;-34.1;2
70086;55.8;-33.6;1.8
70088;53.5;-32.7;1.1
70090;54.1;-33.4;1.9
70092;54.5;-33;1.6
70094;55.4;-33.2;1
70096;53.9;-33.2;2.1
70098;56.5;-34.2;1.1
70100;57.2;-34.2;1.3
70102;53.9;-33.9;2
70104;55.2;-34.2;0.7
70106;56.2;-34.2;2.2
70108;55.2;-34.6;1.7
70110;52.2;-33.3;1
70112;55.8;-33.7;2.5
70114;54;-32.9;1.2
70116;54;-33.2;1.6
70118;55.2;-33.1;2.3
70120;55.9;-33;1.4
70122;53.6;-33.4;1.6
70124;53.5;-33.8;1.9
70126;55.5;-34;1.5
70128;54.7;-34.2;2
70130;51.9;-33.8;1.8
70132;54;-34;1.4
70134;54.7;-33.8;2.2
70136;53.7;-33.1;1.6
70138;56.3;-33.9;1.6
70140;56.3;-32.8;2.1
70142;54.6;-33;1.3
70144;54.4;-33.2;1.3
70146;57.9;-33.4;2.3
70148;55.3;-33.3;1.4
70150;54.8;-34.1;1.3
70152;53.4;-33.9;2
70154;55.3;-33.9;2.1
70156;54.2;-34.2;1.1
70158;55;-34.4;1.7
70160;55.3;-33.9;2.1
70162;53.2;-34;1.3
70164;52.6;-33.3;1.8
70166;56.2;-33.6;2.1
70168;55.3;-33.5;0.9
70170;54.2;-33.7;2
70172;53;-33;1.8
70174;54;-33.1;1.1
70176;54.9;-33.9;2.2
70178;53.9;-33.4;1.8
70180;54.6;-33.9;0.8
70182;54;-34;2.3
70184;54.9;-34.4;1.4
70186;54.1;-33.8;1.3
70188;53.5;-34.2;2.6
70190;51.3;-33.4;1.2
70192;53;-33.1;1.9
70194;55;-33.8;2.1
70196;54;-33.2;1.2
70198;56;-33.7;2
70200;56.7;-34;1.8
70202;53.3;-33.6;1.2
70204;54.1;-33.4;1.9
70206;55.6;-33.9;1.3
70208;52.8;-33.6;1.2
70210;53.5;-34.3;1.9
70212;54.6;-34.1;1.6
70214;53.5;-33.7;1.7
70216;53.3;-34;1.9
70218;55.4;-34;1.8
70220;55.6;-33.2;1.3
70222;53.2;-32.9;1.6
70224;53.9;-33.1;2.1
70226;57;-33.6;0.9
70228;55;-33.8;1.8
70230;53.2;-34.1;2
70232;53;-33.8;1
70234;56;-34.4;2.1
70236;52.4;-33.7;1.7
70238;55;-34.7;0.8
70240;54.9;-33.8;2.3
70242;54.5;-34.2;1.6
70244;52.2;-33.6;1.3
70246;54.1;-33.6;1.8
70248;54.5;-33.8;1.3
70250;53.8;-34;1.6
70252;55.5;-33.6;2
70254;56.9;-33.6;0.9
70256;54.3;-33.3;2
70258;54.8;-33.3;2.1
70260;57.9;-33.9;1.3
70262;55;-33.7;1.8
70264;54.7;-33.8;1.7
70266;56.6;-34.2;1.7
70268;53.4;-33.5;1.8
70270;54.5;-34.4;1.6
70272;55.1;-34;1.5
70274;54;-33.1;1.8
70276;55;-33.9;1.6
70278;53.7;-33.1;1.6
70280;56.8;-33.7;1.8
70282;56.3;-32.8;1.6
70284;55.9;-33.2;1.6
70286;55.9;-33.8;1.6
70288;55.1;-34.1;1.7
70290;54;-34.3;1.7
70292;55.4;-34.3;1.7
70294;54;-34;1
70296;54.4;-34.6;1.9
70298;53.5;-33.5;1.8
70300;55;-33.4;1.2
70302;52.5;-33.1;2.2
70304;53.1;-33.1;1.7
70306;55.3;-33.6;1.5
70308;54.9;-33.5;2.1
70310;52.8;-33.2;0.9
70312;54.3;-33.3;1.6
70314;56.1;-34;2
70316;53.6;-34;1
70318;54.9;-33.8;2.1
70320;55.4;-33.7;2
70322;54.4;-34;0.8
70324;53.9;-33.5;2.4
70326;55.6;-33.4;1.1
70328;53.4;-32.9;1.8
70330;51.7;-33;2.4
70332;53.3;-32.8;0.7
70334;55;-33.2;2
70336;53.8;-33.5;2.1
70338;56.3;-34;0.9
70340;57.3;-34.1;2.3
70342;55.7;-34.4;1.8
70344;54.8;-34.4;1.4
70346;56.8;-34.5;2.3
70348;55.5;-34.4;1.2
70350;54;-34.4;1.3
70352;53.3;-33.2;2.3
70354;54.5;-33.2;0.8
70356;52.9;-33;2.2
70358;52.3;-32.8;1.9
70360;54.7;-33;0.9
70362;53.2;-33.1;2
70364;52.9;-33.4;1.8
70366;55.6;-33.9;0.9
70368;55.3;-34.4;1.8
70370;52.1;-33.6;1.6
70372;53.4;-33.7;1.1
70374;55.9;-34.4;2.2
70376;52.9;-33.9;1.3
70378;54.6;-33.4;1.6
70380;55.3;-33.3;1.8
70382;54.6;-33.2;1.5
70384;55.3;-33.7;2.1
70386;53.9;-32.7;1.6
70388;52.2;-33.1;1.5
70390;52.8;-33.6;1.9
70392;55.3;-33.8;1.1
70394;53.6;-33.7;1.6
70396;55.7;-34.7;1.7
70398;56.3;-34.3;1.6
70400;54.9;-33.8;1.7
70402;54.6;-34.2;1.9
70404;55;-34.1;1.7
70406;55.7;-33.4;1.6
70408;54;-33.5;1.8
70410;53.4;-33.3;1.6
70412;54.6;-33.3;1.3
70414;53.9;-33.1;1.8
70416;54.1;-34.4;1.3
70418;54.7;-34.1;1.5
70420;57.4;-34.7;2.3
70422;55.6;-34.4;1.1
70424;54.6;-33.9;1.8
70426;56.9;-33.8;2.1
70428;55.5;-34;1.3
70430;51.7;-33.1;2
70432;54.1;-33;2
70434;55.1;-32.9;0.9
70436;53.9;-33.4;2.2
70438;54;-33.8;1.8
70440;54.6;-33.5;1.4
70442;54.7;-34.4;2.2
70444;53.2;-34.3;1.5
70446;55.1;-34.2;1.5
70448;52.9;-33.9;1.8
70450;53.6;-34.1;1.6
70452;53.9;-33.3;1.8
70454;56.8;-33.8;1.9
70456;55.4;-33.6;1.2
70458;56.1;-33.7;1.8
70460;55.5;-32.8;2.4
70462;54.4;-33;0.6
70464;55.2;-33.9;1.8
70466;56.5;-34.4;2.1
70468;54.2;-34.4;0.8
70470;52.3;-34.1;2
70472;53.1;-33.8;1.8
70474;52.6;-33.5;0.7
70476;52.9;-33.6;2.8
70478;53.4;-33.3;1
70480;55.1;-32.9;1.3
70482;53.3;-32.6;2.7
70484;53.6;-33.2;0.8
70486;54.7;-33.5;2
70488;52.2;-33.6;2.1
70490;52.7;-34;0.7
70492;53.2;-33.9;2.2
70494;52.8;-33.7;1.3
70496;53.7;-34.5;1.3
70498;55.3;-34.4;2.3
70500;55.9;-34.3;1.5
70502;53.1;-33.4;1.6
70504;52.8;-33.2;2.2
70506;55.9;-33.6;1.4
70508;53.6;-32.8;1.8
70510;53.5;-33.1;2
70512;54.5;-33.4;1.1
70514;57.1;-33.5;1.8
70516;54.1;-33.9;1.7
70518;56.9;-34;1
70520;55.9;-33.5;1.9
70522;55.4;-34.3;1.6
70524;54.5;-33.9;1.2
70526;56;-33.9;2.2
70528;54.7;-34.2;1.3
70530;51.6;-33.1;1.2
70532;54.7;-33.5;2.1
70534;54.7;-33;1.5
70536;54.8;-33.6;1.6
70538;55.9;-33.4;2.2
70540;57.5;-33.2;1.3
70542;56.2;-33.8;1.2
70544;54.5;-34.2;2.1
70546;55.6;-34;1.2
70548;56.1;-34.5;1.6
70550;54.2;-34.1;2
70552;53.1;-33.7;1.4
70554;53.7;-33.4;1.7
70556;54.1;-33.9;1.1
70558;54.3;-33.6;1.5
70560;54.7;-33.2;2.1
70562;53.2;-33.2;1.3
70564;52.7;-32.9;1.9
70566;55.3;-33.4;1.8
70568;55.8;-34.1;0.8
70570;53.1;-33.8;2.1
70572;54.2;-33.6;2
70574;54.6;-33.7;0.9
70576;55.5;-34.6;2.1
70578;55.9;-34.3;1.4
70580;57;-34.1;1.4
70582;53;-32.8;2.5
70584;53.4;-33.2;1.3
70586;54.8;-33.7;1.5
70588;53.4;-33.6;1.8
70590;50;-32.9;1.8
70592;52.6;-33.5;1.3
70594;55.1;-34.4;1.6
70596;54.5;-34.5;2
70598;53.6;-33.7;1.4
70600;55;-33.4;1.5
70602;53.2;-33.8;1.8
70604;53.9;-33.2;1.4
70606;55.6;-33.5;1.8
70608;54.4;-33.2;2.2
70610;51.6;-32.9;1
70612;53.9;-33;1.7
70614;54.7;-33.4;2.6
70616;53.9;-33.9;0.8
70618;55.5;-34.2;2
70620;57.1;-34.1;1.9
70622;54;-33.4;1.1
70624;56;-34.4;2.5
70626;56.8;-34.2;1.4
70628;54.4;-34;1.1
70630;52;-33.8;2.2
70632;53.6;-33.4;1.2
70634;56.5;-33.4;1.6
70636;52.5;-33.3;2.3
70638;55.7;-33.7;1.4
70640;57.3;-33.8;1.8
70642;53.1;-33;2
70644;52.8;-33.3;0.9
70646;54.4;-33.4;1.7
70648;55.1;-34.2;1.8
70650;53.6;-33.9;1.3
70652;54.4;-33.7;2.7
70654;57;-34.1;1.3
70656;54.8;-33.8;1.3
70658;53.8;-33.9;2.4
70660;57.2;-34.1;0.9
70662;55.7;-34;1.4
70664;53.8;-33.3;2.5
70666;56;-34;0.7
70668;54.9;-33.7;2.1
70670;53.1;-33.8;1.8
70672;52.2;-33;0.6
70674;53.5;-33.3;2.5
70676;53.8;-33.8;1.4
70678;54.8;-34.2;1.3
70680;56.6;-34.6;2.6
70682;54;-34;0.8
70684;53.6;-34.1;1.8
70686;55.6;-34.6;2.2
70688;52.4;-33.6;0.9
70690;52.4;-33.4;1.8
70692;53.5;-33;2.1
70694;53.7;-33;1.2
70696;54.5;-33.4;1.8
70698;55.2;-33.6;2.2
70700;55.8;-34;0.8
70702;54.3;-34.3;1.8
70704;54.6;-34.4;2.1
70706;56.5;-34.3;1
70708;54;-33.8;2.2
70710;52;-33.8;1.8
70712;54.2;-33.9;1.1
70714;54.7;-33.8;2.7
70716;53;-33.8;1
70718;53.5;-33.2;1.2
70720;54.8;-32.8;2.5
70722;54.6;-33;0.9
70724;53;-32.8;1.5
70726;54.5;-33.2;2.4
70728;53.7;-33.9;1
70730;50.4;-33.1;1.8
70732;52.8;-33.5;1.8
70734;55.4;-34.2;1.8
70736;54.5;-34.2;2.2
70738;54;-33.5;1.3
70740;56;-33.5;1.6
70742;53.6;-33.6;1.8
70744;55.1;-34.2;1.5
70746;55.8;-33.5;1.9
70748;55.9;-33.6;1.8
70750;54.6;-33.6;1.8
70752;54.4;-32.9;2
70754;54.9;-33;1.5
70756;53.6;-33;1.5
70758;55;-34.3;1.8
70760;54.7;-33.5;2
70762;52.7;-33.7;1.2
70764;53.8;-33.8;1.9
70766;55.5;-34;2
70768;55.9;-34.4;0.8
70770;53.9;-33.7;2.5
70772;54;-33.3;1.4
70774;53.9;-32.8;1.2
70776;55;-33.7;2.7
70778;54.5;-33.1;0.7
70780;54.6;-32.8;1.9
70782;55;-33.8;1.9
70784;52.7;-33.6;0.8
70786;55.8;-34.3;1.8
70788;53.1;-34.3;1.8
70790;52.1;-34.5;1.8
70792;52.3;-33.9;1.9
70794;53.6;-33.3;1.8
70796;55;-34;1.6
70798;56.1;-33.8;1.8
70800;56.8;-34;1.5
70802;53.3;-33.3;1.4
70804;53.1;-33.1;1.7
70806;55.6;-33.8;1.4
70808;52.1;-33.2;1.8
70810;53.1;-34.4;1.8
70812;52.9;-33.8;0.9
70814;54.9;-34.4;1.9
70816;52.4;-34;2
70818;55.3;-34.3;1.2
70820;54.5;-33.1;1.4
70822;54.8;-33.9;1.8
70824;55.6;-33.8;1.7
70826;56.6;-33.5;1.4
70828;53.4;-33.3;1.8
70830;50.7;-32.8;1.4
70832;53.6;-33;1.6
70834;54.4;-33.2;1.9
70836;51.8;-33.4;1.4
70838;52.9;-33.8;1.5
70840;55;-34.2;2.1
70842;52.5;-33.7;1.2
70844;50.8;-33.7;1.5
70846;54.8;-34;2.4
70848;53.4;-33.8;1.2
70850;52.7;-33.6;1.4
70852;53.7;-33.4;1.9
70854;55.9;-33.8;0.9
70856;54.6;-33.7;2.4
70858;55.3;-34;1.9
70860;57.2;-34;0.8
70862;53.8;-33.4;1.9
70864;53.8;-33.8;1.5
70866;55.1;-34;1.3
70868;55.4;-34.6;2
70870;51.9;-33.9;1.3
70872;53.9;-33.6;1.3
70874;55.4;-33.8;1.8
70876;53;-33;1.8
70878;55.6;-33.7;1.6
70880;55.8;-33;1.3
70882;56.1;-33.3;1.4
70884;55;-33.8;1.9
70886;55.8;-34;1.5
70888;53.2;-34.1;1.1
70890;53.4;-34.2;2.3
70892;54.1;-33.9;1.3
70894;53.8;-33.9;1.5
70896;54.8;-34.4;1.9
70898;55.4;-34.4;1.3
70900;55.9;-33.9;1.5
70902;51.8;-32.7;1.8
70904;52.2;-33;1.2
70906;55.8;-33.8;1.7
70908;54.2;-33.8;2.1
70910;54.1;-34.3;1.5
70912;55.7;-34;1.8
70914;55.8;-34.2;2
70916;53;-33.7;1.5
70918;56.2;-34.1;1.3
70920;57.1;-34.4;1.8
70922;52.9;-33.7;1.1
70924;52.4;-33.6;1.6
70926;55.5;-34;1.8
70928;51.9;-33.2;1.4
70930;50.3;-33.1;1.8
70932;53.1;-34;2.1
70934;53.2;-32.8;1.2
70936;54;-33.9;1.7
70938;55.5;-33.7;1.7
70940;55.8;-33;1.1
70942;55.2;-33.9;1.8
70944;54;-33.7;2.1
70946;55.3;-33.6;1.2
70948;54.7;-34.3;1.9
70950;53;-34.6;1.8
70952;52.2;-33.7;1.1
70954;55;-34.5;1.8
70956;52.8;-34.1;1.7
70958;51.1;-33.1;1.6
70960;52.7;-33;1.7
70962;51.9;-33.2;1.6
70964;54;-33.2;1.5
70966;53.9;-33.2;1.3
70968;53.1;-33.5;1.5
70970;51.5;-33.2;1.5
70972;52.2;-33.3;1.6
70974;53.4;-33.9;2
70976;53.9;-34.4;1.3
70978;54.5;-34.4;1.7
70980;55.4;-34.4;1.9
70982;52.4;-33;1.2
70984;52.7;-33.4;1.4
70986;52.5;-33;1.6
70988;51.7;-32.9;1.6
70990;51;-33.1;2.2
70992;53.2;-33.1;1.9
70994;53.3;-33.3;1.2
70996;54.6;-34.3;1.8
70998;54.8;-33.9;1.7
71000;56.2;-34.4;1.4
71002;54;-34.3;1.8
71004;53.4;-33.8;1.8
71006;55.5;-34.2;1.7
71008;53.4;-34.2;1.7
71010;51.4;-33.2;1.5
71012;53.9;-33.7;1.4
71014;52.7;-33;1.3
71016;52.6;-33.2;2.2
71018;52.8;-32.7;1.3
71020;56.5;-33.9;1.6
71022;52.8;-33.1;2.4
71024;54.5;-33.9;1.2
71026;56.1;-34.1;1.4
71028;55;-34.5;2.6
71030;52.3;-34;1.5
71032;54.1;-33.2;1.5
71034;54.9;-33.2;2
71036;54.4;-33.8;1.1
71038;53.3;-33.2;1.5
71040;55.5;-33.5;1.7
71042;51.7;-33.2;1.7
71044;51.7;-32.9;1.8
71046;55.5;-34.3;1.5
71048;54;-34.4;1.7
71050;52.4;-34;2.2
71052;54.4;-34.3;1.8
71054;56.2;-34.5;1.3
71056;54.5;-34.3;1.8
71058;55.3;-34.4;2
71060;55.6;-33.7;1
71062;54.7;-33.4;2.4
71064;53.6;-33.3;1.2
71066;55.4;-33.4;0.9
71068;55;-33.7;2.9
71070;52.2;-33.5;0.9
71072;52.1;-33.1;1.8
71074;55.3;-34.2;2.1
71076;52.5;-33.8;0.8
71078;54.8;-34.5;2.8
71080;56.3;-34.6;1.2
71082;55.2;-34.2;1
71084;52.5;-33.3;2.5
71086;53.7;-33.7;1.1
71088;53.4;-33.7;1.5
71090;52.4;-33.6;2.4
71092;52.7;-32.7;0.8
71094;53;-32.6;1.9
71096;52.8;-33.6;2.2
71098;54.3;-34.4;0.8
71100;55.6;-34.2;1.5
71102;52.5;-34;1.8
71104;52.2;-33.8;1.1
71106;55.8;-34.6;1.9
71108;55;-33.9;1.8
71110;53.5;-33.4;1
71112;54.4;-33.3;2.3
71114;54.3;-33.3;1.4
71116;53.8;-33.2;1.2
71118;55.8;-33.5;2.5
71120;55.2;-33.2;1.3
71122;52.5;-33.6;1.8
71124;52;-33.5;2
71126;55.3;-34.4;1.4
71128;53.6;-34.6;1.9
71130;51.7;-34.4;1.9
71132;52.3;-33.5;1.5
71134;53.2;-33.1;1.9
71136;53.3;-33.5;1.5
71138;53.7;-32.7;1.4
71140;55.7;-33;1.9
71142;55;-33.6;1.8
71144;53;-33.6;1.3
71146;55.6;-33.7;2
71148;55;-34.2;1.7
71150;52.1;-33.9;1.2
71152;53.2;-34.3;1.9
71154;53.9;-34;1.5
71156;53.4;-34.2;1.6
71158;52.7;-33.4;2.2
71160;54.7;-33.2;1.8
71162;51.9;-32.7;1.4
71164;53.2;-33;1.7
71166;55.1;-33.3;1.9
71168;53.6;-33.3;1.2
71170;52;-33.5;1.5
71172;53;-33.7;2.5
71174;55.5;-34.4;1.4
71176;55.1;-34.6;1.3
71178;55.5;-34.6;2.3
71180;54.1;-33.2;1
71182;53;-33.3;1.9
71184;54.2;-33.6;1.9
71186;53.5;-33;1.2
71188;52.6;-33.2;2.1
71190;50.7;-33.2;1.6
71192;51.7;-33.3;1.1
71194;51.7;-33.5;1.8
71196;52.7;-34.4;1.9
71198;53;-34;1.1
71200;55;-34.6;1.8
71202;51.2;-33.5;1.8
71204;52.7;-33.9;1.4
71206;54.2;-33.5;1.8
71208;53;-33.9;1.6
71210;50.7;-33;1.3
71212;52.3;-33.1;1.5
71214;54.2;-33.6;1.8
71216;52.7;-33.8;1.5
71218;52.9;-33.7;1.6
71220;55.1;-33.7;1.7
71222;54.6;-33.8;1.5
71224;54;-33.8;2.2
71226;56.1;-34.2;1
71228;54.9;-34.3;1.6
71230;51.8;-33.6;2.1
71232;53.1;-33.2;1.1
71234;54.4;-33.2;1.6
71236;53.5;-33.7;1.8
71238;52.3;-33.1;1.3
71240;55.4;-33.4;1.4
71242;51.7;-33.2;1.8
71244;51.8;-33.6;1.5
71246;54.8;-34.5;1.6
71248;51.5;-33.6;2.2
71250;52.7;-34.4;1.8
71252;52.8;-33.4;1.4
71254;53.9;-33.6;1.5
71256;52.8;-33.7;1.6
71258;53.4;-33.4;1.5
71260;56;-33.8;1.5
71262;53.1;-32.8;2
71264;53.8;-33.7;1.7
71266;53.9;-33.3;1.2
71268;54.1;-34;1.7
71270;51.4;-33.9;1.7
71272;53.6;-34.5;1.8
71274;52.9;-34.6;1.4
71276;52.8;-34.5;1.7
71278;52;-33.6;1.5
71280;53.6;-33.7;1.6
71282;52.9;-33.5;1.8
71284;54;-33.8;1.8
71286;52.8;-33;1.5
71288;52.8;-33.4;1.9
71290;51.2;-33.3;1.3
71292;53.9;-33.8;1.1
71294;53.8;-34;1.8
71296;53.5;-34.4;1.8
71298;53.1;-34;1.6
71300;53.3;-34;1.6
71302;51.2;-33.9;1.7
71304;52.1;-33.9;1.3
71306;54;-34;1.6
71308;53.6;-33.9;1.8
71310;51.7;-33.1;1.1
71312;53.2;-33.2;1.8
71314;52.3;-33.2;1.9
71316;51.8;-33.3;1.3
71318;53.1;-33.3;1.9
71320;53.7;-33.7;1.8
71322;52.1;-33.7;1
71324;52.6;-33.5;1.9
71326;53.5;-33.9;2.3
71328;53;-34.1;1
71330;50;-33.3;2.1
71332;52.5;-33.4;1.6
71334;53.3;-33;1.2
71336;53.4;-33.8;1.9
71338;53.8;-33.4;1.2
71340;54.8;-32.9;1.5
71342;52.7;-33;2.2
71344;53.7;-34.1;0.9
71346;54.6;-34;1.8
71348;53.8;-34.6;2
71350;52;-34.3;1.5
71352;53.9;-34;1.8
71354;52.8;-33.4;1.7
71356;52.1;-33.4;1.2
71358;53.4;-33.8;2.1
71360;55;-33.2;1.4
71362;51.1;-32.8;1.2
71364;51.3;-33;2.6
71366;55.2;-34;1.2
71368;54.1;-34.2;1.5
71370;51;-33.4;2.2
71372;52;-33.7;1.2
71374;53.1;-33.5;2.3
71376;53.5;-34.4;1.5
71378;52.2;-33.7;1.6
71380;53.5;-33.3;1.8
71382;53.8;-33.9;1.3
71384;52.1;-33.1;1.2
71386;51.8;-32.7;2
71388;52;-33.7;1.1
71390;50.9;-33.8;1.2
71392;51.1;-33.5;2
71394;53.6;-34.1;1
71396;53.4;-34.2;1.8
71398;54.4;-34.4;2
71400;53.6;-33.6;1
71402;52.5;-34.2;1.8
71404;53.9;-34.1;1.9
71406;53.8;-33.4;0.9
71408;51.3;-33.3;2.1
71410;50.4;-32.9;1.6
71412;53.6;-33.5;1
71414;53.6;-33.5;2.1
71416;51.7;-33.5;0.9
71418;52.3;-33.8;1.5
71420;55.1;-34.1;1.9
71422;53.4;-34.5;1
71424;53.8;-34.6;2.2
71426;53.6;-33.8;1.5
71428;53.5;-34.4;1.3
71430;49.6;-33.1;2.4
71432;52.6;-33.3;1.3
71434;54.6;-33.9;1.3
71436;51.6;-33.2;1.7
71438;52.5;-33.2;1.5
71440;54.1;-33.1;1.8
71442;51.7;-33.2;1.9
71444;51;-33.1;1.5
71446;53.6;-33.9;1.7
71448;52.2;-34;1.8
71450;51.5;-34.3;1.6
71452;53;-33.8;1.5
71454;55.1;-34.3;1.8
71456;53.4;-34.5;1.6
71458;53.7;-34.3;1.6
71460;55.5;-34.1;1.9
71462;52.2;-33.2;1.6
71464;53.3;-33.6;1.6
71466;53.8;-33.3;2.5
71468;51.5;-32.8;1
71470;51.1;-33.3;1.2
71472;50.5;-33.2;2.4
71474;51.5;-33.7;0.8
71476;51;-33.6;1.8
71478;53.8;-34.4;2.3
71480;52.9;-33.7;0.5
71482;52.5;-34;2
71484;52.1;-34.2;1.4
71486;53.6;-33.8;0.8
71488;50.6;-32.9;2.4
71490;51.4;-33.3;1.5
71492;51.6;-32.6;1.4
71494;51.6;-32.9;2.8
71496;50.7;-32.9;0.2
71498;52.2;-33.6;2.4
71500;54.1;-34.3;1.8
71502;50.3;-33.8;0.9
71504;50.8;-33.7;2.8
71506;52.9;-33.8;0.9
71508;52.7;-34.1;1.7
71510;49.7;-33.2;2
71512;51.4;-33.2;0.9
71514;54;-33.6;2.7
71516;51.1;-33;1.1
71518;52.8;-33.4;1.6
71520;54;-33.2;2.8
71522;51.5;-33.5;0.8
71524;52.9;-33.9;1.8
71526;53.5;-33.5;2.1
71528;51.2;-33.7;0.8
71530;49.8;-33.8;1.9
71532;51.7;-33.4;1.5
71534;53;-33.9;1.6
71536;51.8;-33.4;2.5
71538;54.7;-33.8;1.2
71540;54.6;-33.1;1.7
71542;54.4;-33.5;2.5
71544;53.5;-33.6;1
71546;53.8;-33.1;1.8
71548;53.7;-33.9;1.8
71550;52;-33.9;0.9
71552;50.8;-33.2;2.3
71554;52.6;-33.9;1.5
71556;51;-34.2;1.3
71558;52.3;-34.6;2
71560;52.6;-33.6;1.3
71562;50.4;-33.3;1.8
71564;51.4;-33.1;2
71566;53;-33.2;1.7
71568;53.2;-33.7;1.3
71570;52.1;-34.1;1.7
71572;51;-33.3;1.7
71574;52.2;-33.5;1.4
71576;51.3;-33.7;1.8
71578;52;-33.9;1.7
71580;53;-34.4;1.2
71582;51.1;-33.4;1.7
71584;50.7;-33;1.8
71586;53.5;-33.9;1.5
71588;49.9;-32.8;1.5
71590;50.3;-33.2;1.5
71592;51.6;-33.2;1.6
71594;52.6;-33.3;1.9
71596;53;-33.4;1
71598;54.3;-33.8;1.6
71600;53.6;-33.8;1.9
71602;52.9;-34.6;0.9
71604;51.7;-34;1.8
71606;54.3;-34.4;1.9
71608;50.3;-34.1;0.9
71610;50.5;-33.8;2.1
71612;52.3;-33.6;1.6
71614;52.9;-33.2;1.3
71616;51.8;-33.3;1.9
71618;51.8;-33;1
71620;55.1;-33.9;1.6
71622;51.6;-33.1;2.3
71624;52.8;-33.9;1.1
71626;54.3;-34.1;1.8
71628;52.3;-34;1.8
71630;50;-33.9;0.9
71632;51.7;-33.5;1.8
71634;52.1;-33;1.7
71636;50.5;-33.1;1.6
71638;52.3;-33.2;1.8
71640;53.1;-33.2;1.6
71642;50.7;-33.1;1.6
71644;52.1;-33.8;1.8
71646;52.2;-33.6;1.9
71648;52.8;-34.3;1.6
71650;52;-34.5;1.3
71652;53.3;-34;2.1
71654;53.7;-33.6;1.5
71656;54;-34.2;1.3
71658;54;-33.9;2.1
71660;54.6;-32.8;1.5
71662;53.5;-33.3;2
71664;52.7;-33.4;2.3
71666;54.3;-33.7;1.4
71668;52.1;-33.8;1.8
71670;50.9;-33.9;1.9
71672;52.4;-34.5;1.4
71674;53.1;-34.6;1.7
71676;50.1;-33.8;2
71678;53.7;-34.3;1.6
71680;55.5;-34.1;1.8
71682;52.5;-33.3;1.7
71684;52;-33.1;1.2
71686;53.4;-33.2;1.7
71688;52.9;-33.5;2.1
71690;50.4;-32.9;1.6
71692;51.7;-33.4;1.6
71694;52.1;-33.9;1.6
71696;51.8;-34.6;1.5
71698;54.2;-34.6;1.8
71700;54.3;-34.2;1.6
71702;52.2;-33.5;1.2
71704;53.6;-33.9;2.1
71706;55.1;-33.7;1.4
71708;51.9;-32.7;1.7
71710;52.5;-33.2;2
71712;55.6;-33.7;0.9
71714;53.3;-33.4;1.9
71716;54.2;-34.4;2.2
71718;53.9;-33.7;1.5
71720;54.8;-34;1.6
71722;52.8;-34.2;1.6
71724;52.7;-34.1;1.8
71726;54.5;-34.3;1.7
71728;51.1;-33.6;1.3
71730;50.8;-33.9;1.9
71732;52;-33.2;1.8
71734;54.1;-33.8;1.4
71736;52.9;-33.7;1.7
71738;52.5;-33;1.8
71740;54;-33.1;1.1
71742;52.5;-34.1;1.8
71744;51.8;-34;2
71746;53.1;-33.9;0.9
71748;53.8;-34.7;1.6
71750;50.7;-34.1;1.8
71752;53.1;-33.7;1
71754;53.8;-34;1.6
71756;51.3;-33.7;1.9
71758;50.1;-32.8;0.8
71760;52.3;-33;1.8
71762;50.7;-33.2;1.9
71764;50.6;-32.9;0.9
71766;53.4;-33.4;1.9
71768;53.3;-34.2;2.2
71770;50;-33.5;1.1
71772;51.5;-34.1;2.1
71774;52;-33.8;1.6
71776;53.1;-34.4;1.3
71778;53.7;-34.2;1.8
71780;53.1;-33.7;1.2
71782;51.9;-33.3;1.5
71784;51.4;-32.9;1.8
71786;52.1;-33.1;1.3
71788;49.4;-33.2;1.8
71790;49.6;-33.4;1.9
71792;50.9;-33.4;1.4
71794;51.5;-33.4;1.6
71796;51.8;-34.4;1.7
71798;52.1;-34.1;1.2
71800;53.4;-34.4;1.6
71802;51.7;-33.9;1.8
71804;50.7;-32.9;1.5
71806;52.8;-33.3;1.2
71808;51.3;-33.5;2.1
71810;49;-33.3;1.8
71812;50.3;-33.3;1
71814;50.7;-33.2;1.8
71816;49.7;-33.7;1.8
71818;52.9;-34.3;1.1
71820;53.3;-34.1;2.2
71822;51.9;-33.8;1.5
71824;53.1;-34.3;1.3
71826;55;-33.8;2.1
71828;51;-33.1;1
71830;49.9;-33.3;1.9
71832;51.8;-32.8;2.2
71834;53.4;-33.1;0.6
71836;50.7;-33.2;2.1
71838;53.4;-33.9;1.8
71840;53.2;-33.6;1
71842;51.4;-33.7;2.1
71844;51.8;-34.7;1
71846;53.4;-34.5;1.8
71848;52.3;-34.2;2.3
71850;49.9;-33.3;0.6
71852;52.2;-32.9;2.4
71854;52.9;-32.8;1.7
71856;52.7;-33.3;1.3
71858;53.5;-33.7;2.6
71860;54.7;-33.6;0.6
71862;52.7;-33.8;1.8
71864;51.8;-33.9;1.9
71866;52.8;-34;1
71868;53.2;-34.8;2.3
71870;50.7;-34.4;1.7
71872;50.1;-33.4;1.1
71874;53.3;-34.2;1.9
71876;51.8;-33.7;1.4
71878;52.9;-33.5;1.7
71880;52.2;-32.8;1.9
71882;51.9;-33.6;1.6
71884;50.8;-33.2;1.8
71886;52.6;-33.8;2
71888;51.7;-34.3;1.5
71890;49.7;-33.7;1.6
71892;51;-34;1.5
71894;51;-33.7;1.6
71896;50.5;-33.6;1.9
71898;52.6;-34.1;1.8
71900;53.5;-33.8;1.4
71902;50.3;-32.9;1.6
71904;51.8;-33.4;2.1
71906;53.9;-33.6;1
71908;51.1;-33.2;1.6
71910;51.4;-34.2;2
71912;51.7;-34;1.1
71914;51;-33.8;2.1
71916;51.5;-34.5;1.9
71918;53.4;-34.3;1.3
71920;54.4;-34.3;2.1
71922;51.8;-33.8;1.7
71924;49.6;-32.6;1.5
71926;53.4;-33.4;2
71928;49.8;-33.1;1.1
71930;48;-33.1;1.3
71932;50.5;-33.4;2.1
71934;51.7;-33.6;1.3
71936;50.5;-33.6;1.6
71938;51.7;-33.6;2.3
71940;54.5;-34.3;1.4
71942;53.2;-34.3;1.6
71944;51.9;-34;2.6
71946;53.9;-33.8;1.3
71948;52.8;-33;1.7
71950;51.8;-33.4;2
71952;53.1;-33.1;1.6
71954;54;-33.5;1.9
71956;51.6;-33.5;1.7
71958;51.2;-33.7;1.2
71960;52.7;-34;2.1
71962;50.9;-33.6;1.3
71964;50.3;-33.7;1.4
71966;53.3;-34.4;2.5
71968;52.8;-34.4;0.9
71970;49.4;-33.5;1.2
71972;51.2;-33.3;2.4
71974;51.3;-32.8;0.9
71976;52.1;-33.6;1.7
71978;51.1;-33;2.1
71980;52.6;-33.6;0.6
71982;52.4;-33.8;2.4
71984;51;-33.7;1.7
71986;52.1;-34.3;0.6
71988;50.2;-34.2;2.7
71990;48.7;-33.7;1.3
71992;49.6;-33.5;1.3
71994;52.6;-34;2.1
71996;51.9;-33.7;1.4
71998;52.3;-33.4;1.6
72000;53.9;-33.5;2.1
72002;50.4;-33;1.3
72004;51.4;-33.4;1.9
72006;51.9;-33;1.8
72008;51.7;-33.6;1
72010;50.7;-34.4;2.2
72012;50.3;-34;1.5
72014;51.8;-34.1;1.6
72016;50.9;-34.3;1.8
72018;51.5;-33.5;1.4
72020;53.1;-33.4;1.2
72022;51.9;-33.6;1.8
72024;53.2;-33.7;1.8
72026;52.4;-32.7;1.2
72028;52.7;-33.8;1.7
72030;49.6;-33.7;1.9
72032;52.8;-33.8;1.5
72034;53.3;-34;2
72036;50.6;-33.9;1.7
72038;50.5;-33.6;1.1
72040;53.9;-34.6;2.1
72042;49.6;-33.4;1.8
72044;49.7;-33.2;0.9
72046;52.6;-33.9;2.1
72048;51.5;-33.8;1.8
72050;49;-33.1;1.2
72052;50.8;-32.7;2
72054;53.8;-33.6;1.4
72056;52.1;-33.8;1.1
72058;52.7;-33.4;2.2
72060;54.4;-34.4;1.1
72062;52;-34.2;1.3
72064;50.7;-33.7;2
72066;53.7;-34.4;1.4
72068;50.4;-33.8;1.2
72070;50.6;-34.2;1.8
72072;50.6;-33.2;1.6
72074;50.2;-32.8;1.2
72076;49.7;-32.8;1.4
72078;52.1;-33.5;1.8
72080;52;-33.3;1.7
72082;52.5;-34;1.5
72084;52.1;-33.7;1.6
72086;52.3;-34;1.4
72088;52.2;-34.4;1.4
72090;50.3;-34.2;1.7
72092;51.2;-33.8;1.4
72094;51.9;-33.8;1.5
72096;50.3;-33.4;2
72098;52.7;-34;1.4
72100;53.1;-33.7;1.8
72102;49.7;-32.9;2.1
72104;49.5;-33.1;1.3
72106;53.2;-33.9;2
72108;51.7;-34;1.6
72110;50.2;-33.6;1.6
72112;51.1;-33.9;2.2
72114;50.4;-33.6;1.3
72116;51.5;-34.4;1.4
72118;50.8;-33.8;2
72120;52.8;-33.3;1.8
72122;50.6;-33.3;1.1
72124;49.7;-33.5;1.8
72126;52.6;-33.5;1.8
72128;49.5;-33.2;1.4
72130;48.3;-32.9;1.8
72132;51.6;-33.8;1.7
72134;51.5;-33.9;1.3
72136;51.7;-34.2;1.8
72138;53.1;-33.8;1.9
72140;54.5;-34.3;1.8
72142;52.8;-34.3;1.8
72144;51.1;-34.2;1.5
72146;54.5;-34.4;1.9
72148;52.9;-34.2;1.4
72150;51.1;-34.1;1.6
72152;50.2;-33.4;2.6
72154;52;-33.2;1.1
72156;50.7;-33.4;1.8
72158;49.4;-33.3;1.8
72160;51.5;-33.5;0.8
72162;51.2;-34.3;2.5
72164;50.5;-34.1;1.4
72166;52.1;-34;0.9
72168;52.1;-34.4;2.4
72170;49;-33.6;1.5
72172;49.7;-33.5;1.3
72174;52.6;-33.9;2.1
72176;51.8;-33.6;1.1
72178;52.5;-33.6;1.6
72180;52.3;-32.9;1.8
72182;50.2;-32.9;1.1
72184;50.6;-33.5;2
72186;51.7;-33.9;1.5
72188;50.1;-33.8;1.4
72190;48.9;-34;2.3
72192;52.1;-33.9;1.4
72194;50.2;-33.9;1
72196;52.4;-34.2;2.4
72198;52.5;-34.2;0.8
72200;53.6;-33.9;1.7
72202;50.5;-33.8;2.2
72204;50.8;-32.8;0.9
72206;53.1;-33.8;2.4
72208;51.3;-33.8;1.6
72210;50.1;-33.8;1
72212;50.9;-34;2.7
72214;50.2;-33.6;0.5
72216;50.3;-34.9;1.8
72218;50.1;-33.7;2.2
72220;53.6;-34.6;0.3
72222;51.2;-34.7;2.7
72224;51.1;-34.1;1.7
72226;53.2;-33.4;0.8
72228;50.8;-33;2.8
72230;48.1;-32.8;0.9
72232;50.9;-33.1;2
72234;51.1;-33.3;2.1
72236;51.8;-34.1;0.8
72238;52.4;-34.2;2.1
72240;52;-33.6;1.9
72242;49.4;-33.8;1
72244;49.6;-34;1.4
72246;50.5;-33.5;1.8
72248;49.6;-33.4;1.3
72250;50.5;-34;2
72252;52.7;-33.5;1.8
72254;52.3;-32.8;1.7
72256;52.4;-33.7;1.7
72258;52.6;-33.8;1.2
72260;52.2;-33.4;2
72262;50.7;-33.7;1.8
72264;51.7;-34.6;1.4
72266;52.3;-34.2;2.3
72268;51.6;-34.3;1.7
72270;47.9;-33.6;1.1
72272;49.7;-33.5;2
72274;51.2;-33.8;2
72276;48.7;-33.1;1.3
72278;49.1;-32.9;1.8
72280;53;-33.7;2
72282;50.5;-33.4;1.4
72284;49.5;-33.2;1.4
72286;51.1;-33.9;1.5
72288;50.8;-34.5;1.7
72290;49.8;-34.3;1.6
72292;50.2;-33.7;1.8
72294;51;-33.4;1.7
72296;50.5;-33.5;1.4
72298;52.7;-33.9;1.8
72300;53.4;-33.6;1.6
72302;49.9;-33;1.5
72304;50;-33.2;1.8
72306;53;-33.7;1.8
72308;52.4;-34.2;1.4
72310;50.9;-34.4;1.8
72312;53.4;-34.4;1.6
72314;52.1;-33.9;1.6
72316;52.2;-34.5;1.3
72318;54;-34.6;1.2
72320;54.1;-33.8;2.4
72322;51.8;-33.5;1.1
72324;51.4;-32.9;1.5
72326;54.6;-33.7;2
72328;52.2;-33.5;1
72330;50.6;-33.6;1.9
72332;51.4;-33.7;1.7
72334;51.7;-33.6;1.3
72336;51.1;-33.7;2.3
72338;51.7;-33.7;1
72340;55.3;-34.4;1.6
72342;53.1;-34.5;2.2
72344;50.3;-33.4;0.9
72346;54;-34;2
72348;53.1;-33.9;1.9
72350;51.3;-33.9;1.1
72352;52.1;-33.6;2.1
72354;51.6;-32.9;1.1
72356;51;-33.5;1.3
72358;50.1;-33;2.3
72360;51.5;-33.7;0.9
72362;50.2;-33.7;1.8
72364;50.4;-33.9;2.2
72366;52.5;-34.1;1
72368;50.7;-33.7;1.8
72370;49.1;-33.7;1.7
72372;50.5;-33.6;0.8
72374;51.6;-33.5;2.1
72376;52.1;-33.9;1.6
72378;52.8;-33.7;1.3
72380;52;-33.1;2.5
72382;50.9;-33;1
72384;50.8;-33.3;1.3
72386;51.7;-33.5;2.1
72388;50.4;-34.2;1.1
72390;47;-33.5;1.8
72392;49;-33.9;1.8
72394;51;-34.1;0.9
72396;49.8;-34.1;2.5
72398;50.3;-33.8;1.4
72400;51.9;-33.9;1.3
72402;49.7;-33.3;2.9
72404;50.5;-33.2;0.7
72406;51.7;-32.9;1.5
72408;51.4;-33.6;2.7
72410;49;-32.9;0.5
72412;50.9;-33.1;2.3
72414;52.6;-33.7;1.7
72416;50.1;-33.9;0.9
72418;53.1;-34.5;2.6
72420;54.9;-34.7;0.8
72422;51.6;-34;1.4
72424;52.1;-34.2;2.2
72426;53.7;-33.9;1.1
72428;52.8;-34;1.7
72430;49.8;-34.2;1.9
72432;51.7;-33.3;1.4
72434;51.7;-33.1;1.3
72436;51;-33.5;1.8
72438;52.1;-33.6;2
72440;52.8;-33.6;1.1
72442;50.4;-33.5;1.6
72444;49.3;-33.7;2.1
72446;52.2;-34.4;1.2
72448;51.5;-34.7;1.7
72450;50.6;-34.6;2.4
72452;50.9;-33.9;1.4
72454;53.6;-34.2;1.7
72456;51.8;-34;1.1
72458;51.2;-33.2;1.3
72460;53.1;-33;2.4
72462;52.7;-33.4;1.4
72464;50.7;-32.8;1.5
72466;53.2;-34;2.3
72468;51.9;-34.1;0.8
72470;50.7;-34.6;1.5
72472;50.1;-34.2;2.1
72474;52.4;-34.9;1.3
72476;51.3;-34.6;1.5
72478;52.1;-34.1;1.7
72480;51.6;-33.2;1.4
72482;52.4;-33.4;1.9
72484;52;-33.5;1.8
72486;52.4;-33.1;1.4
72488;50;-33.3;1.6
72490;50.2;-33.8;1.4
72492;51.1;-34;2.1
72494;51;-34.2;1.3
72496;50.3;-34.2;1.8
72498;52.6;-34.6;1.8
72500;52.9;-33.7;1.2
72502;50.1;-33.3;1.8
72504;49.2;-33.3;1.9
72506;52.8;-33.4;0.8
72508;51.6;-33.6;1.5
72510;48.6;-32.7;1.8
72512;50.9;-33.7;1.3
72514;50.3;-33.3;1.9
72516;49.8;-34;1.6
72518;50.9;-34;1.3
72520;51.6;-33.8;1.9
72522;49.3;-33.4;1.8
72524;49.1;-33.4;1.6
72526;52.2;-33.7;1.9
72528;50;-33.6;1.5
72530;47.5;-33;1.6
72532;50.8;-34.1;1.9
72534;51.8;-33.4;1.5
72536;50.8;-33.4;1.8
72538;52.1;-34.2;1.7
72540;52.9;-33.8;1.5
72542;50.8;-33.9;1.6
72544;50.5;-34;1.9
72546;52.3;-33.9;1.4
72548;52.6;-34;1.6
72550;50.2;-33.7;1.8
72552;51.1;-33.2;0.9
72554;51.9;-33.1;1.7
72556;50.8;-33.5;2.3
72558;50.4;-32.8;0.9
72560;52.2;-33.8;2
72562;49.7;-33.2;1.8
72564;49.7;-33.3;1
72566;53.5;-34.6;2.1
72568;50.3;-33.8;1.7
72570;48.9;-33.9;1.1
72572;49.6;-33.8;2
72574;52;-33.8;1.7
72576;51.1;-33.9;1.3
72578;49.8;-33;2.1
72580;51.6;-33.1;1.7
72582;51.4;-33.9;1.3
72584;49.7;-33.3;1.9
72586;51.6;-34;1.5
72588;48.9;-33.9;1.5
72590;49.2;-34.6;1.8
72592;48.8;-33.6;1.6
72594;51.9;-34.5;1.6
72596;51.5;-34.5;1.9
72598;50.9;-34;1.2
72600;53;-34.5;1.9
72602;51.3;-34.2;1.8
72604;52;-34;1.1
72606;51.5;-33.1;1.9
72608;49.3;-32.5;1.4
72610;47.8;-32.6;0.9
72612;49.6;-33;1.8
72614;50.3;-33.2;1.5
72616;49.2;-34.4;1.3
72618;51;-34.1;2
72620;51.3;-34;1.8
72622;50.3;-33.5;1.4
72624;50.5;-34.3;1.7
72626;53.2;-34.3;1.7
72628;51.5;-34.1;1.2
72630;49.8;-33.8;1.4
72632;49.6;-33.1;1.8
72634;51.5;-33.2;1.4
72636;50.2;-33.4;1.5
72638;51.4;-33.3;1.7
72640;51.5;-33.4;1.7
72642;48.5;-33.1;1.6
72644;48.2;-33.8;1.7
72646;52;-34.6;1.5
72648;50.5;-34.5;1.3
72650;48;-34;1.8
72652;49.7;-33.5;1.6
72654;50.6;-33.6;1.3
72656;49.6;-33.4;1.8
72658;51.4;-33.9;1.8
72660;52.6;-33.4;1.2
72662;50;-32.9;1.4
72664;50;-33.1;2
72666;51.7;-33.5;1.7
72668;50.2;-33.8;1.2
72670;48;-33.9;1.8
72672;50.9;-34.9;1.7
72674;49.3;-33.6;1.1
72676;48.7;-34;1.6
72678;51.6;-34.2;1.8
72680;51.5;-33.4;1.2
72682;52;-33.9;1.5
72684;51.5;-33.6;1.9
72686;52.2;-33.8;1.8
72688;50.7;-33.8;1.7
72690;49;-33.5;1.8
72692;49.8;-33.3;1.3
72694;51.5;-34.4;1.5
72696;48.7;-33.5;1.9
72698;50.8;-34.6;1.6
72700;52;-34.5;1.3
72702;49.2;-34;2.2
72704;49.5;-33.8;1.6
72706;52.2;-33.9;1.4
72708;50;-33.5;2
72710;48.6;-33;1.4
72712;50.4;-33;1.6
72714;52.4;-33.8;1.8
72716;51;-33.7;1.6
72718;52.7;-34.3;1.3
72720;54.2;-34.2;1.6
72722;50.1;-34.1;2.3
72724;49.7;-33.7;1
72726;51.6;-33.9;1.9
72728;49.6;-33.5;1.8
72730;48.4;-33.5;0.9
72732;50.2;-33;2.1
72734;51.5;-32.9;1.3
72736;51.9;-33.5;1.1
72738;52.5;-33.4;2.3
72740;52.5;-33.1;1.8
72742;52.2;-34.1;1.7
72744;51.4;-34.3;2
72746;51.9;-34;1.1
72748;51.5;-34.6;1.4
72750;49.9;-34.3;2.1
72752;49.2;-33.6;1.4
72754;50.6;-34.1;0.8
72756;48.4;-33.4;2.4
72758;49.3;-33.4;1.7
72760;52.3;-33.7;1.5
72762;49.4;-33;1.9
72764;48.8;-32.9;1.5
72766;52.6;-33.5;1.7
72768;50;-33.3;1.9
72770;48.4;-33.6;1.2
72772;49.4;-33.9;1.5
72774;51.5;-34.7;1.7
72776;50.7;-34.4;2
72778;50.6;-33.7;1.4
72780;51.6;-33.6;1.7
72782;50.4;-33.2;1.8
72784;49.3;-32.9;1.4
72786;51.9;-33.6;1.3
72788;49;-33.3;1.9
72790;49;-33.6;1.4
72792;51.4;-33.9;1.7
72794;49.9;-33.4;1.8
72796;51.4;-34.4;1.7
72798;52.3;-34.5;1.6
72800;50.7;-33.6;1.4
72802;48.6;-33.9;1.5
72804;51.1;-34.2;1.4
72806;51.6;-33.8;1.7
72808;50.2;-33.8;1.8
72810;47.3;-32.6;1.6
72812;49.2;-33.1;1.5
72814;50.4;-33.6;2
72816;49.6;-34.1;1.9
72818;50.9;-34.1;1.1
72820;50.9;-33.8;1.8
72822;50.8;-34.6;1.8
72824;50.1;-34;1
72826;51.4;-33.9;2.2
72828;51.2;-34.2;1.5
72830;49.4;-33.9;1.1
72832;50.7;-33.4;2.2
72834;51.8;-33.4;1.5
72836;50.9;-33.4;1.2
72838;50.4;-33.6;2.4
72840;51.9;-33.4;1
72842;49.6;-33.3;1.7
72844;48.1;-33.5;2.2
72846;52.1;-34.5;0.8
72848;50.6;-34.7;1.8
72850;49.5;-34.6;1.8
72852;51.5;-33.7;1.3
72854;51.2;-33.5;2.2
72856;49.7;-33.5;1.6
72858;51.2;-33.6;1
72860;51.3;-33;2.2
72862;49.5;-32.7;1.6
72864;51.4;-33.9;1.7
72866;52.2;-33.9;1.9
72868;50.2;-34.2;1.8
72870;49.1;-34;1.3
72872;49.3;-34.4;1.8
72874;49.2;-33.7;1.6
72876;50.4;-34.2;0.9
72878;49.9;-33.1;2.3
72880;53;-33.8;1
72882;51.9;-33.9;1.8
72884;49.1;-33.1;2
72886;50.9;-33.4;1.3
72888;50.5;-34;2.2
72890;49.7;-34.2;2
72892;49.5;-34.4;0.9
72894;50.9;-34.4;2.2
72896;49.3;-34.4;1.7
72898;49.8;-33.7;1.5
72900;50;-33.3;1.8
72902;48.5;-33.6;1.8
72904;49.6;-32.9;1.1
72906;52.1;-33.3;1.6
72908;50.5;-32.7;2
72910;49.8;-32.8;1.4
72912;50.9;-33.1;1.1
72914;51.1;-33.3;1.8
72916;49.5;-34.1;1.6
72918;52.1;-34.6;2
72920;52.2;-34;1.9
72922;49.5;-33.7;1.3
72924;50.4;-34.3;2
72926;52.2;-34;1.7
72928;50.4;-33.8;1.1
72930;49.1;-33.6;1.9
72932;49.3;-32.7;1.6
72934;50.8;-33.4;1.2
72936;50.5;-33.8;2.2
72938;52.6;-33.4;1.7
72940;52.6;-33.4;0.9
72942;52.5;-34.5;2.3
72944;49.7;-33.7;1.3
72946;51.5;-33.4;1.3
72948;51.1;-33.7;2.5
72950;48.1;-33;0.9
72952;50.1;-32.6;1.8
72954;49.9;-33;1.8
72956;49.7;-33.5;1.2
72958;50.9;-34.1;1.8
72960;49.8;-33.8;1.7
72962;49.4;-34.1;1.8
72964;49.2;-34.8;1.9
72966;51.2;-34.2;1.7
72968;51.3;-34.3;1.4
72970;48.7;-33.6;1.8
72972;49.4;-33.2;1.3
72974;50.6;-33.2;1
72976;51.3;-33.7;1.8
72978;50.9;-33.5;1.6
72980;52.7;-33.5;1
72982;49.3;-33.7;2.2
72984;48.8;-33.5;1.8
72986;51.4;-34.5;1.4
72988;48.6;-33.8;1.8
72990;47.7;-33.8;1.8
72992;49.8;-34.1;1.4
72994;49.3;-33.4;1.5
72996;50.6;-34.2;1.4
72998;49.1;-33.1;1.7
73000;52.4;-33.8;1.8
73002;50.6;-33.7;1.4
73004;48.8;-33;1.2
73006;51.6;-33.4;2.2
73008;50.1;-33.8;1.4
73010;47.6;-33.5;1.2
73012;49.4;-34.1;2.6
73014;51.2;-34.5;1.8
73016;48.6;-33.8;1.3
73018;49.5;-33.5;2.1
73020;51.9;-33.8;1.3
73022;51;-33.7;1.4
73024;51.8;-33.6;1.9
73026;52.1;-32.9;0.8
73028;51;-33.4;2
73030;47.7;-32.8;1.8
73032;50.2;-33.2;0.8
73034;51.5;-33.4;2
73036;50.4;-34.4;1.8
73038;50.7;-33.9;1
73040;52;-34.3;2.5
73042;51;-33.8;0.8
73044;50.2;-33.8;1.7
73046;50.8;-33.2;2.6
73048;51;-33.8;0.5
73050;49.8;-33.5;2.2
73052;49.8;-32.6;1.8
73054;51.1;-33;0.9
73056;50.8;-33.9;2.8
73058;50.7;-33.6;1
73060;53.3;-33.8;1.2
73062;51.8;-34.5;2.1
73064;49;-33.6;0.9
73066;51.4;-34.1;1.9
73068;50.6;-34.3;1.4
73070;49.3;-33.9;1
73072;49.1;-33.6;1.9
73074;49.2;-33.3;1.5
73076;50;-33.6;1.2
73078;49.4;-33.4;2.2
73080;53.1;-33.8;1
73082;49.1;-33.2;1.6
73084;49.8;-33.5;1.8
73086;50.3;-33.9;1
73088;48.4;-33.6;2.1
73090;48.3;-34.2;1.2
73092;51.6;-34.7;1.6
73094;50.3;-33.6;2
73096;48.7;-33.2;1.1
73098;51.3;-33.9;1.6
73100;52.4;-33.5;1.9
73102;50.2;-32.8;1.7
73104;49.3;-33.1;1.8
73106;52.2;-34.1;1.6
73108;49.4;-33.8;1.2
73110;48.7;-34;1.8
73112;49.9;-34.1;1.1
73114;49.6;-33.5;1.4
73116;49.5;-34.1;2
73118;50;-33.5;1
73120;51.3;-33.3;1.5
73122;49.4;-33.4;1.7
73124;50.5;-33.6;1.3
73126;51.4;-33;1.8
73128;49.5;-33.4;1.6
73130;47.2;-33.3;1
73132;48.8;-33.8;2.4
73134;51.5;-34.1;1.3
73136;49.5;-34.1;1.8
73138;51.1;-34.2;2.4
73140;52.8;-34.1;0.8
73142;50.4;-33.6;1.8
73144;51.3;-33.9;2.1
73146;51.8;-33.2;0.6
73148;52.4;-33.7;2.4
73150;50.3;-33.4;1.9
73152;50.7;-33.5;0.9
73154;50.6;-33.3;2
73156;49.7;-33.5;1
73158;51.4;-34.3;1.5
73160;50.7;-33.8;2.7
73162;48.9;-34.1;0.6
73164;49;-34;2.2
73166;52.3;-34;1.9
73168;52.2;-34.3;0.7
73170;50.3;-33.9;2.9
73172;49.9;-33.2;0.9
73174;50.9;-32.5;1.6
73176;50.9;-33.5;2.7
73178;50.7;-33.7;0.5
73180;52.7;-33.7;2.1
73182;51.1;-33.9;1.8
73184;49.6;-33.9;1.1
73186;51;-34.2;2
73188;50;-34.5;1.5
73190;48.8;-34.3;1.7
73192;49.2;-33.8;2
73194;49.7;-33.5;1.3
73196;50;-33.4;1.6
73198;52.1;-33.7;2.2
73200;53.1;-33.8;0.9
73202;49.3;-33;1.9
73204;49.3;-33;1.9
73206;51.9;-33.4;1
73208;48.6;-33.2;1.9
73210;47.8;-33.2;1.7
73212;49.1;-33.7;0.8
73214;49.2;-33.7;1.8
73216;49.5;-34.2;1.7
73218;50.6;-34.3;1.2
73220;52.4;-34.3;2.2
73222;51;-34.4;1
73224;51.2;-34.4;1
73226;51.6;-33.6;2.1
73228;50.2;-33.6;1.3
73230;48.5;-33.6;1.5
73232;50.2;-33.1;2.6
73234;52.3;-33.5;0.8
73236;49;-32.9;1.7
73238;50.2;-33.6;2.1
73240;51.5;-33.7;0.8
73242;47.7;-33.3;1.9
73244;49.1;-34.2;1.7
73246;50;-34.2;1.2
73248;49.4;-34.4;2.1
73250;47.3;-34;1.5
73252;49;-33.6;0.9
73254;51.9;-34.4;2.2
73256;50.4;-33.8;1.3
73258;49.7;-32.9;1.6
73260;52.4;-33.2;2
73262;49.7;-33.2;1
73264;48.5;-32.9;1.8
73266;51.1;-33.4;1.9
73268;49.6;-33.7;1.5
73270;48.4;-33.9;1.7
73272;48.7;-34;1.7
73274;48.8;-33.7;1.2
73276;48.5;-34.1;1.9
73278;50.3;-33.9;1.7
73280;51.5;-33.8;0.8
73282;49.3;-32.8;1.9
73284;48.9;-33.2;1.9
73286;51.5;-33.5;1.2
73288;49.9;-33.5;1.9
73290;48.2;-32.9;1.2
73292;49.8;-33.3;1.2
73294;50.6;-34.2;2
73296;49.1;-33.8;1.5
73298;51;-34.5;1.6
73300;51.9;-34.4;2
73302;50.1;-34.4;1.2
73304;48.5;-33.3;1.8
73306;51.3;-33.8;1.9
73308;50.8;-33.7;0.9
73310;49.1;-33.1;1.4
73312;49.9;-33.1;1.5
73314;50.6;-32.8;1.5
73316;50.4;-33.8;1.6
73318;51.7;-33.4;2
73320;51.7;-33.8;1.8
73322;48.9;-33.8;1.1
73324;48.5;-33.9;1.8
73326;51.3;-34.3;1.8
73328;48.2;-33.4;1
73330;46.7;-33.1;1.7
73332;49.7;-33.7;1.7
73334;50.2;-33.2;1.2
73336;50.2;-33.8;1.8
73338;51.4;-33.7;2
73340;52.1;-33.3;1.3
73342;51;-34;1.7
73344;50.4;-34.2;1.7
73346;52.5;-34.7;1.7
73348;51;-34.6;1.8
73350;49;-34.7;1.1
73352;48.1;-34;1.7
73354;50.8;-34.1;1.8
73356;47.6;-33.3;1.2
73358;47.8;-32.9;1.5
73360;48.7;-32.8;1.8
73362;47.1;-32.9;1.1
73364;47.3;-33.3;1.9
73366;50.5;-33.8;1.5
73368;50.4;-34;1.5
73370;47.1;-33.8;2.1
73372;48.1;-33.6;1
73374;49.6;-33.9;1.8
73376;50.1;-34.5;2.4
73378;49.5;-34.4;0.9
73380;51.3;-33.6;2.3
73382;48.6;-33.1;2
73384;48.6;-33.1;1.1
73386;48.2;-32.7;2
73388;47.8;-32.7;1.6
73390;46.6;-33.3;1.2
73392;49.5;-33.8;2.3
73394;49;-33.6;1.6
73396;50.1;-34.6;1.3
73398;50.8;-34.4;2.3
73400;50.7;-34;1.8
73402;47.8;-33.7;1.2
73404;50.4;-33.8;1.9
73406;50.9;-34.1;1.8
73408;49.4;-34;1.7
73410;48.5;-33.7;1.5
73412;49.4;-33.4;1.8
73414;48.9;-33;2
73416;48.9;-34;1.2
73418;48.6;-33.4;1.6
73420;52.1;-34.3;2
73422;49.3;-34;0.9
73424;48.8;-33.6;1.7
73426;52.3;-34.4;2.1
73428;49.7;-34;0.8
73430;46.6;-33.3;2.3
73432;51.1;-33.9;2.1
73434;50.6;-33.2;0.7
73436;49.2;-33.2;2.4
73438;50.5;-33.5;1.8
73440;50.4;-33;1.2
73442;49.9;-33.9;2.1
73444;48.5;-34;1.2
73446;49.4;-33.8;1.2
73448;50;-34.7;1.8
73450;48.7;-34.5;1.5
73452;50.9;-34.3;1.2
73454;50.6;-33.4;2
73456;50.1;-34.2;1.8
73458;50.7;-33.7;1.1
73460;50.6;-32.8;1.9
73462;48.9;-32.8;1.8
73464;48.5;-32.8;1.2
73466;51.3;-33.8;1.5
73468;50.8;-34.2;1.7
73470;48.3;-34.1;1.3
73472;48.6;-34.2;1.8
73474;50.6;-34.6;1.6
73476;48.5;-34.3;1.4
73478;48.5;-33.8;1.8
73480;49.8;-33.2;1.6
73482;48.8;-33.1;1.7
73484;48.9;-33;1.7
73486;49.9;-33.4;1.8
73488;49.3;-33.7;1.5
73490;47.2;-32.9;1.7
73492;50.1;-34.1;1.6
73494;50.2;-34.2;1.6
73496;49.5;-34.4;1.1
73498;48.9;-33.7;1.8
73500;50.8;-34.3;1.9
73502;49.6;-34.4;0.9
73504;50;-34.1;1.9
73506;50.7;-33.4;1.8
73508;50.9;-33.6;0.9
73510;49;-32.9;2.8
73512;49.7;-33;1.3
73514;50.4;-33.4;1.2
73516;49.6;-33.9;2.8
73518;52.1;-34.7;0.5
73520;50.7;-34;1.8
73522;49.5;-34.4;2.3
73524;48.9;-33.8;0.3
73526;51.7;-34.2;2.3
73528;49.4;-34.1;1.8
73530;47.5;-33.7;1
73532;47.9;-33;2.6
73534;49.4;-32.8;0.7
73536;48.9;-33.6;1.8
73538;51.2;-33.8;2.2
73540;51.5;-33.7;0.8
73542;50.3;-34.3;2.2
73544;48.1;-33.9;1.2
73546;51.2;-34.6;1.5
73548;50.5;-34.5;2.4
73550;46.6;-33.6;1
73552;50.1;-34.4;1.7
73554;50.8;-33.6;1.8
73556;49.2;-33.8;1.3
73558;48.2;-33;1.6
73560;49.3;-33.2;1.7
73562;48.4;-33.6;1.3
73564;49.3;-34;1.9
73566;50.3;-33.5;1.1
73568;48.9;-33.3;1.1
73570;47.3;-33.4;2.1
73572;48.2;-33.3;1
73574;49.4;-33.8;1.7
73576;48.9;-33.9;1.7
73578;49.3;-34;1.4
73580;49.5;-33.5;2.1
73582;48.2;-33.4;0.9
73584;48.5;-34.2;1.7
73586;49.1;-34.1;1.9
73588;47.7;-33.6;1.2
73590;46.3;-33.4;1.8
73592;48;-33.3;1.7
73594;47.7;-32.8;1.1
73596;48.3;-33.5;2.2
73598;48.9;-32.9;1.4
73600;50.6;-34;1.2
73602;49.3;-34;2.3
73604;48.2;-33.6;1
73606;50.4;-34;1.8
73608;48.7;-34.5;1.8
73610;47;-34.2;1.1
73612;48.1;-33.7;1.9
73614;49.7;-34.3;1.7
73616;47.5;-33.7;1.1
73618;50.4;-33.9;2.2
73620;50.4;-33.2;1.2
73622;50.4;-33.3;1.6
73624;50.2;-32.9;2.3
73626;52.5;-33.5;1.1
73628;51.1;-34;1.4
73630;48.6;-33.9;2.6
73632;50.1;-34;0.6
73634;50.8;-33.9;1.6
73636;47.6;-33.6;2.6
73638;49.3;-34.1;1.2
73640;50.5;-33.5;1.8
73642;47.6;-33;1.8
73644;46.8;-32.7;1.2
73646;50.6;-33.6;2.3
73648;49.2;-33.7;1.2
73650;48.4;-33.8;1.4
73652;49.3;-33.6;2.4
73654;50.1;-33.8;1.4
73656;50.5;-34.7;1.4
73658;49;-33.8;1.6
73660;52.6;-34.3;1
73662;49.2;-33.9;2
73664;50;-33.9;1.8
73666;50.2;-33.4;1.1
73668;50.4;-33.7;2.1
73670;48.5;-33.7;2
73672;48.2;-33.1;1.3
73674;49.8;-33.4;1.9
73676;48.6;-34.1;1.8
73678;47.7;-33.3;0.8
73680;50.1;-33.9;1.9
73682;49.1;-34;1.4
73684;49.8;-34.3;1.5
73686;49.3;-34;1.6
73688;47.6;-33.4;1.7
73690;47.5;-33.5;1.7
73692;49.9;-33.7;1.6
73694;49.9;-33.8;2.1
73696;48;-32.9;1.8
73698;49;-33.2;1.3
73700;48.9;-33.4;1.8
73702;47.4;-33.7;1.5
73704;48;-34.2;1.7
73706;49.3;-34.1;1.8
73708;47.9;-34;1.4
73710;48.4;-33.8;1.8
73712;48.1;-33.8;1.8
73714;50.3;-34.3;1.5
73716;47.6;-33.3;1.4
73718;50.6;-33.7;1.7
73720;49.6;-32.7;1.6
73722;47.9;-33.2;1.8
73724;47.2;-33.1;1.6
73726;50.2;-33.3;1.7
73728;49;-34;1.5
73730;46.1;-33.9;1.8
73732;49.1;-34.4;1.7
73734;49.3;-33.5;1.2
73736;48.2;-33.8;1.8
73738;51.1;-34.4;2.2
73740;53.1;-34.4;1
73742;49.3;-33.5;1.8
73744;48.2;-33.6;1.6
73746;51.5;-33.7;1.4
73748;49.1;-33.4;1.7
73750;49.5;-33.8;1.8
73752;50.3;-33.7;1.7
73754;50.3;-33.4;1.7
73756;48.6;-33.4;1.4
73758;47.6;-33;1.4
73760;50;-33.8;2
73762;47.4;-33.7;0.9
73764;49.6;-34.4;1.6
73766;51;-34.4;1.9
73768;48.3;-33.5;1.3
73770;47.4;-34.1;1.9
73772;48.9;-34;1.8
73774;49.2;-34.2;1.3
73776;49.5;-34;1.7
73778;48.3;-33.1;1.8
73780;49.9;-32.8;1.6
73782;48.2;-32.8;1.7
73784;48.1;-33.3;1.6
73786;49.2;-34;1
73788;48.1;-34.3;1.7
73790;46.2;-34.8;1.9
73792;47.1;-33.9;1.3
73794;49.8;-34;2
73796;48.5;-34.1;1.7
73798;50.1;-33.8;1.2
73800;51.2;-33.8;1.8
73802;47.8;-33.1;1.9
73804;47.8;-32.9;1.4
73806;49.5;-32.8;1.9
73808;49.1;-33.7;1.3
73810;48.5;-34;1.3
73812;48.2;-33.4;1.9
73814;48.9;-33.6;1.9
73816;48.6;-34.8;1.3
73818;48.8;-34.1;1.5
73820;49.9;-33.8;1.4
73822;47.9;-33.6;1.4
73824;48.3;-33.1;1.8
73826;51.6;-33.8;1.7
73828;49.8;-33.5;1.3
73830;47.1;-33.6;1.6
73832;47.6;-33.1;2.1
73834;48.1;-33.3;0.9
73836;46.7;-33.5;1.8
73838;47.9;-34;1.9
73840;48.8;-33.9;1.3
73842;48.1;-34.4;1.9
73844;46.9;-33.9;1.8
73846;49.8;-34.2;1.4
73848;48.3;-33.3;1.4
73850;46.3;-33.2;1.8
73852;48.3;-32.5;1.5
73854;49.5;-32.9;1.2
73856;48.2;-33.3;1.4
73858;50.1;-34.1;1.2
73860;51;-33.8;1.7
73862;50.7;-34.6;1.7
73864;47.8;-33.8;1.5
73866;50.9;-34.6;1.6
73868;49.1;-33.7;1.5
73870;48.7;-34.1;1.8
73872;49.4;-33.9;1.8
73874;47.9;-32.8;1.5
73876;48.7;-33.5;1.8
73878;47.7;-32.7;2.1
73880;50.9;-33.6;1.6
73882;48;-33.4;1.4
73884;47.7;-33.7;1.5
73886;50.5;-34.8;1.8
73888;49.4;-34.6;1
73890;48.2;-34.2;2
73892;48.4;-33.3;1.8
73894;49.7;-33.6;0.9
73896;47.5;-32.9;1.9
73898;49.7;-33.8;1.7
73900;50.4;-33.8;1.5
73902;47.2;-33.2;1.8
73904;47.1;-33.2;1.6
73906;48.8;-33.4;1.5
73908;48.6;-34.5;2.1
73910;47.6;-34.2;1
73912;50.2;-34.4;1.7
73914;50.4;-34.1;1.8
73916;47.7;-33.8;0.7
73918;50.3;-33.9;2.2
73920;49.4;-32.9;1.6
73922;48.9;-33.4;1.4
73924;47.1;-32.7;2.2
73926;50.1;-33.4;1
73928;48.8;-33.3;1.7
73930;45.4;-33.2;2.2
73932;48.1;-33.8;1
73934;48.9;-34.2;2
73936;49;-34.6;1.8
73938;49.6;-34;0.9
73940;50.9;-33.9;1.8
73942;49.9;-34;1.8
73944;48.2;-33.6;0.7
73946;50;-33.2;1.9
73948;49.6;-33.5;1.3
73950;47.8;-33.4;1.1
73952;46.9;-33.2;2.7
73954;49.1;-33.8;1.1
73956;46.7;-33.7;1.3
73958;48.8;-34.5;2.8
73960;50.7;-34.5;0.9
73962;47.3;-33.7;1.5
73964;48.9;-34.6;2.4
73966;49.5;-34;0.7
73968;47.6;-33.2;2
73970;47;-33.2;1.8
73972;47.2;-32.8;0.9
73974;47.9;-32.8;2.1
73976;47.4;-33.2;2
73978;49.2;-33.8;0.9
73980;49.2;-33.5;2.3
73982;47.3;-33.6;1.7
73984;48.6;-34.4;1.1
73986;49;-34.2;2.2
73988;46;-33.9;1.5
73990;46;-34;1.4
73992;49.2;-34.1;1.9
73994;50.1;-34.2;1.1
73996;49.7;-33.9;1.9
73998;49.2;-33.3;2
74000;50.2;-33.2;0.8
74002;47.9;-33.1;2.1
74004;49.8;-33.7;1.8
74006;51;-33.9;1.1
74008;49.1;-33.9;2
74010;46.4;-33.4;1.8
74012;49.3;-34.3;1.1
74014;49.9;-34.4;1.8
74016;48.2;-34.6;1.8
74018;48.1;-33.6;1.4
74020;50.2;-33.6;1.9
74022;48.4;-33.7;1.7
74024;48.4;-33.6;0.9
74026;50.4;-33.5;2.1
74028;49.8;-34.3;1.6
74030;47.9;-34.1;1.5
74032;50.2;-34.3;2.2
74034;49.7;-33.8;1.4
74036;47.6;-33.7;1.6
74038;49.7;-34.2;2.6
74040;49.6;-33.6;0.9
74042;46.9;-33.5;1.3
74044;46.4;-33.1;2.3
74046;49.1;-33.4;1.1
74048;48.8;-34;1.7
74050;48.2;-34.2;2
74052;48.6;-33.4;1
74054;49.3;-33.3;1.5
74056;49.4;-33.9;2
74058;50.1;-33.9;1.4
74060;51.6;-33.9;1.7
74062;50;-33.7;1.8
74064;49.2;-33.8;1.2
74066;50.2;-34;2.1
74068;49.4;-34.3;1.1
74070;45.5;-33.2;1.6
74072;47.1;-33.6;2.2
74074;48.4;-33.7;0.4
74076;46.8;-33.5;2.1
74078;47.4;-33.3;1.8
74080;49.7;-33.8;0.9
74082;47.5;-33.5;1.8
74084;47.5;-33.6;1.3
74086;48.8;-33.9;1.7
74088;48.4;-34.5;1.8
74090;47.3;-33.9;1.6
74092;49.3;-34.2;1.7
74094;49.5;-34.2;2.1
74096;48.7;-34.1;1.6
74098;49.8;-34.1;1.4
74100;50.6;-33.4;2.2
74102;48;-32.8;1.2
74104;49.3;-33.8;1.5
74106;50.4;-33.6;1.9
74108;50.2;-34.1;1.4
74110;48.3;-33.6;1.8
74112;49.2;-33.7;1.8
74114;51.8;-34.5;1.4
74116;49.2;-34.2;1.8
74118;49.2;-33.9;1.6
74120;51.8;-34.2;1.5
74122;48.5;-33.6;1.7
74124;48;-33;1.4
74126;51.7;-33.8;1.6
74128;49;-33.8;2
74130;45.6;-32.8;1.1
74132;49.1;-33.5;2
74134;48.6;-33;1.8
74136;49.1;-34;1.2
74138;48.6;-33.2;1.3
74140;50.4;-33.7;2
74142;49.9;-33.7;1.8
74144;49.3;-33.9;1.3
74146;49.2;-33.6;1.9
74148;49.2;-34;1.4
74150;48.1;-33.6;1.6
74152;47;-33.2;2.2
74154;48.8;-33.2;0.7
74156;48.7;-33.6;2.2
74158;49.2;-33.7;2.1
74160;48.5;-32.9;0.8
74162;47.8;-33.7;2.5
74164;49.3;-34.3;1.2
74166;49.6;-34;1.7
74168;47.8;-33.7;2.2
74170;46.9;-34.2;0.5
74172;48.3;-33.9;1.9
74174;48.7;-33.7;2
74176;49.3;-34.1;1
74178;48.7;-33.1;2.1
74180;50.7;-33.6;1.3
74182;49.4;-33.4;1.8
74184;48.7;-33.4;2.6
74186;48.8;-33.7;0.8
74188;48;-34.2;2
74190;44.4;-33.6;1.4
74192;47.1;-34;0.9
74194;47.7;-34.4;2.1
74196;47.9;-34.6;0.9
74198;48.7;-33.7;1.2
74200;49.8;-34;2.4
74202;48;-33.8;0.8
74204;46.1;-33.2;2.2
74206;48.8;-33.1;1.6
74208;47.4;-33.2;1.1
74210;45.5;-33.7;2
74212;46.6;-33.9;1.6
74214;48;-34.4;1.3
74216;46.5;-34.8;2
74218;47.9;-34;1.5
74220;49;-33.6;0.8
74222;48.2;-33.3;2
74224;49.8;-33.9;1.6
74226;50.3;-33.2;1
74228;47;-32.6;2.1
74230;47.7;-33.6;1.2
74232;48.3;-33.3;1.9
74234;48.8;-33.5;1.9
74236;46.6;-33.7;0.7
74238;47.7;-34.4;1.8
74240;49.8;-34.4;1.8
74242;46.2;-33.8;1.2
74244;45.8;-33.5;1.9
74246;47.9;-33.4;1.4
74248;47.9;-33.9;1.3
74250;46.4;-33.5;2.2
74252;47.4;-33.1;1.4
74254;48.5;-33.2;1.6
74256;48.6;-33.9;1.7
74258;48.1;-33.6;1.4
74260;51.4;-34.2;1.8
74262;48.1;-33.6;1.3
74264;49.3;-34.5;1.2
74266;50.2;-34.5;1.8
74268;49.6;-34.4;1.4
74270;47.7;-34;1.1
74272;47.2;-33.2;1.9
74274;47.4;-32.9;1.7
74276;48.2;-33.5;1
74278;49.1;-33.5;1.8
74280;49.3;-33.4;1.8
74282;48.4;-33.6;1.4
74284;46.5;-33.2;1.9
74286;48.7;-34.5;1.1
74288;47.3;-34.2;1.3
74290;47.1;-33.9;2.2
74292;48.3;-34.4;1.1
74294;48.7;-34.4;1.8
74296;46.3;-33.2;2
74298;48.8;-33.8;0.9
74300;49.6;-33.5;2.1
74302;47.8;-33.7;1.7
74304;46.3;-32.8;1
74306;49.9;-33.9;2
74308;47.7;-33.7;1.6
74310;46.4;-33.7;1
74312;48.4;-34.6;2
74314;48.2;-33.8;1.4
74316;47.2;-34;1.1
74318;50.1;-33.8;2.5
74320;50;-33.4;1.3
74322;47;-33.2;1.3
74324;47.5;-33.3;2.3
74326;49.5;-33.4;1
74328;48.1;-33.1;1.7
74330;45;-33;2.2
74332;47;-32.9;0.9
74334;49.5;-34.2;1.7
74336;48.4;-34.8;1.9
74338;50.1;-34.4;1.1
74340;49.6;-34;1.8
74342;47.7;-33.3;1.8
74344;47.8;-33.6;1.3
74346;49.8;-33.8;1.8
74348;48.6;-33.2;1.5
74350;47.7;-33.4;1.5
74352;49.1;-33.7;1.8
74354;48.5;-33.6;1.5
74356;48.2;-34.1;1.7
74358;47.5;-33.8;1.6
74360;49.7;-34.4;1.7
74362;47;-33.9;1.4
74364;49.2;-34.4;1.4
74366;50.4;-34.5;1.7
74368;49.6;-34.1;1.2
74370;46.7;-33.5;1.3
74372;48.5;-33.4;1.7
74374;48.6;-32.8;1.5
74376;47.5;-33.3;1.5
74378;48.5;-33.2;1.8
74380;50.5;-33.4;1.1
74382;46.9;-33.6;2
74384;46.8;-33.8;1.6
74386;48.9;-34.3;1.2
74388;47.3;-34.3;2
74390;44.6;-33.6;1.5
74392;46.8;-33.7;1.8
74394;48.5;-34;1.8
74396;48.1;-33.7;1
74398;47.6;-32.6;2.1
74400;48;-33;1.8
74402;46.2;-33;1
74404;47.8;-33.3;2.3
74406;49.3;-33.8;1.2
74408;47.2;-34;1
74410;46.2;-34;2.4
74412;47.9;-33.8;1.3
74414;49.4;-34.3;1.2
74416;48.2;-33.3;2.3
74418;47.8;-33.2;0.9
74420;50.4;-33.2;1.8
74422;47.4;-32.8;1.5
74424;49.4;-33.8;1.3
74426;50.1;-33.9;2
74428;48.8;-34;1.5
74430;44.7;-33.7;1.3
74432;48.9;-34.5;2.1
74434;48.3;-34.3;1.4
74436;45.4;-33.4;1.1
74438;48.3;-34.3;2
74440;47.6;-32.9;1.8
74442;47.4;-33.7;1.3
74444;46.5;-33.6;1.5
74446;47.4;-32.9;2
74448;47;-33.6;0.9
74450;45.4;-33.4;1.9
74452;46.6;-33.5;1.7
74454;49.7;-34.4;0.9
74456;47.7;-34.3;2.1
74458;47.8;-34.1;1.7
74460;50.6;-34;1.2
74462;47.8;-33.3;2.5
74464;48.6;-33.8;1.6
74466;48.9;-33.3;0.8
74468;48.8;-33.1;3
74470;46.9;-33;1.1
74472;46.3;-33.2;1.1
74474;47.5;-33.5;2.9
74476;46.9;-34;0.5
74478;48.3;-34.5;1.8
74480;48.7;-34.1;2
74482;46.9;-33.6;0.8
74484;46.2;-33.4;2
74486;48.7;-34.2;1.7
74488;47.7;-33.8;1
74490;44.9;-33.1;2.3
74492;46.6;-32.9;1.5
74494;48.4;-33.3;0.8
74496;47;-33.7;1.9
74498;47.5;-33.3;1.4
74500;49.5;-34.4;1.8
74502;47.4;-33.9;2
74504;45.7;-33.8;0.9
74506;48.2;-34;1.6
74508;47.1;-33.9;2.1
74510;47.4;-33.5;1.4
74512;48.6;-33.9;1.6
74514;48.5;-33.5;1.7
74516;46.4;-32.9;1.4
74518;49.4;-33.7;1.4
74520;50.6;-33.9;1.3
74522;48.1;-33.9;1.9
74524;48;-34;1.7
74526;48.8;-34.2;1.5
74528;45.9;-33.8;1.8
74530;45.3;-34.5;1.4
74532;47.9;-34.3;1.8
74534;48.6;-34.1;2.2
74536;47.4;-33.9;1.1
74538;47.1;-32.7;1.6
74540;49.5;-33;2.1
74542;47.2;-33.1;1.4
74544;47.9;-33.9;1.4
74546;49.5;-34.1;1.8
74548;49.1;-34.4;1.7
74550;46.8;-34.2;1.2
74552;46.7;-34.1;2
74554;47.7;-33.9;1.3
74556;45.4;-33.6;1.2
74558;45.2;-33.3;2.1
74560;46.7;-32.9;1.4
74562;46;-33;1.5
74564;46.1;-33;2.1
74566;47.5;-32.8;0.7
74568;48.2;-33.9;1.5
74570;44.9;-33.2;2.2
74572;46.1;-33.6;1.1
74574;47;-34.3;1.8
74576;47.9;-34.5;1.8
74578;48.9;-34.9;1.2
74580;49.7;-34.3;1.8
74582;47.2;-33.3;1.6
74584;45.9;-32.9;1.1
74586;46.7;-32.8;1.5
74588;46.6;-33.4;1.8
74590;45.6;-33.5;1.3
74592;47;-33.4;1.4
74594;47.8;-33.4;1.8
74596;48;-34.4;1.5
74598;49;-34.5;1.4
74600;50;-34.4;1.7
74602;47;-34.3;1.7
74604;46.7;-34.2;1.6
74606;50.2;-34.6;1.5
74608;46.7;-33.5;1.7
74610;46.7;-33.9;2.1
74612;47.4;-33.5;1
74614;47.2;-33.2;1.3
74616;46.9;-33.9;2.2
74618;46.7;-32.8;0.9
74620;49.3;-33.6;1.6
74622;48.7;-34.2;2.5
74624;47.5;-33.9;0.4
74626;50.5;-34.4;2
74628;48.8;-34.5;2.4
74630;45.4;-33.8;0.7
74632;48.2;-33.7;2.4
74634;49.5;-33.7;1.7
74636;46.9;-33.1;0.8
74638;48.4;-33.4;2.5
74640;48.5;-33.3;1.1
74642;45.4;-33.2;1
74644;45.6;-34.2;2.8
74646;48.3;-34.4;0.8
74648;46.2;-34.6;1.6
74650;46.7;-34.1;2.2
74652;47;-33.5;0.9
74654;48;-33.8;2.1
74656;46.9;-33.5;1.6
74658;48.3;-33.6;1
74660;48.5;-32.9;2.5
74662;47.1;-33;1
74664;48.1;-33.7;1.4
74666;48;-33.6;2.1
74668;48.1;-34;0.5
74670;45.4;-34.4;1.9
74672;45.4;-33.9;1.9
74674;45.6;-33.7;1.2
74676;45.3;-33.9;1.9
74678;45.9;-33.6;1.5
74680;48.1;-33.1;1.2
74682;46;-32.8;2
74684;46.4;-32.7;1.4
74686;47.7;-33.1;0.8
74688;47.2;-33.8;2.4
74690;46.5;-33.7;1.4
74692;46.9;-33.7;1.2
74694;48.5;-33.9;2
74696;47.3;-34.6;0.9
74698;48.2;-34.3;1.8
74700;49.4;-34.4;1.8
74702;47.4;-34.4;0.9
74704;45.8;-33.2;2.2
74706;49.5;-33.8;1.8
74708;47.4;-33.2;1.2
74710;47.7;-33.4;2.5
74712;48.5;-32.9;1.1
74714;48.6;-33.3;1.5
74716;48.2;-34.1;2
74718;48.2;-34;0.8
74720;49.6;-33.9;1.9
74722;46.7;-33.9;1.8
74724;48.2;-34.6;0.8
74726;49;-34.1;2.3
74728;46.4;-34.1;1
74730;44.9;-33.7;1.5
74732;46.9;-33.2;2
74734;48;-33.3;0.8
74736;47;-33.3;2.1
74738;48.2;-33.3;1.8
74740;50.1;-33.2;1.4
74742;48.9;-34.2;2.3
74744;48.1;-34.4;0.9
74746;50;-34.5;1.8
74748;48.5;-34.3;2.3
74750;46.2;-33.7;0.9
74752;47;-33.8;1.7
74754;49.2;-34.2;1.7
74756;46.6;-33.6;0.8
74758;48;-33.7;2.3
74760;49.5;-33.7;1.7
74762;46.6;-33;1
74764;46.7;-33.7;2.6
74766;49.1;-33.8;0.9
74768;46.9;-33.8;1.8
74770;45.9;-34.1;2.2
74772;46.8;-34.1;0.9
74774;48;-33.9;1.9
74776;48.2;-34.3;1.8
74778;49.3;-34.2;1.3
74780;49.1;-33.9;1.8
74782;47.5;-33.2;1.7
74784;46;-32.7;1.5
74786;48.2;-33.4;1.8
74788;46.4;-33.5;1.4
74790;44.8;-33.4;1.5
74792;45.7;-33.6;1.8
74794;47.5;-33.8;1
74796;46.9;-34.2;1.8
74798;47.3;-33.9;1.9
74800;49.4;-34.2;1.2
74802;48.1;-33.7;2.1
74804;47.1;-33.5;1.4
74806;49.1;-33.6;1.3
74808;47.8;-33.5;2.5
74810;45.4;-32.8;1
74812;46.8;-33.1;1.3
74814;47.6;-33.6;2.4
74816;46.2;-33.7;1
74818;48.6;-34.5;1.8
74820;50.9;-34.8;1.8
74822;48;-34.4;1.1
74824;48.2;-34;2
74826;50.5;-34;1.4
74828;47.9;-33.4;1.5
74830;46.4;-33.7;2
74832;48.6;-32.9;1.5
74834;48.8;-33.2;1.2
74836;47.6;-33.5;2.2
74838;49.3;-34.2;0.9
74840;49.8;-34.1;1.5
74842;48.6;-34.6;2.1
74844;47.7;-34.6;0.8
74846;49.3;-34.4;2.3
74848;47.5;-34.3;1.9
74850;44.7;-33.2;1
74852;46.6;-33;2.2
74854;47.6;-33.2;1.3
74856;47.6;-33.8;1.2
74858;46.2;-33.2;2.2
74860;48.9;-33.2;0.7
74862;47.9;-33.5;2.2
74864;46;-33.4;1.9
74866;49.4;-34.6;0.6
74868;48.1;-34.8;2.8
74870;47;-34.6;1.4
74872;46;-33.8;1.4
74874;46.4;-33.6;2.3
74876;47.6;-33.8;0.9
74878;46.4;-32.8;2
74880;48.8;-33;2.2
74882;48.7;-33.3;0.9
74884;46.5;-32.9;1.6
74886;48.1;-33.5;1.4
74888;48.3;-34.6;0.5
74890;46.9;-34.3;2.7
74892;47.3;-34.2;1.3
74894;47.3;-34;1.3
74896;47.2;-33.9;2.5
74898;48.7;-33.8;0.2
74900;47.8;-33.3;1.9
74902;47.2;-33.5;2.1
74904;47.6;-33.7;0.9
74906;49.1;-33.5;2.4
74908;47.9;-34.2;1.6
74910;47.3;-34.2;1
74912;46.4;-33.8;2.7
74914;46.7;-33.9;1
74916;47.1;-34.5;1.5
74918;47.4;-33.9;2.2
74920;48.8;-33.6;0.4
74922;46.3;-33.3;2.7
74924;46;-33;1.4
74926;48.2;-33.3;0.7
74928;47.7;-33.7;3.2
74930;44.9;-33.4;0.8
74932;46.6;-33.4;1.8
74934;47.9;-33.8;2.1
74936;46.6;-33.8;0.1
74938;47.4;-33.7;2.8
74940;49.3;-33.8;0.8
74942;48.8;-34.4;0.9
74944;48;-34;2.8
74946;48;-32.8;0.9
74948;48.8;-33.7;1.8
74950;47.3;-33.7;2.1
74952;48.5;-33.5;0.4
74954;46.9;-32.8;2.7
74956;46.9;-33.5;1.6
74958;47.9;-34.2;0.8
74960;48.2;-34;2.8
74962;47.9;-34.4;0.5
74964;48;-34.7;1.8
74966;49.8;-34.3;2.2
74968;48.5;-34.4;0.6
74970;45.3;-33.4;2.7
74972;47.6;-33.7;1.1
74974;47.1;-32.7;1.7
74976;46.8;-33;2
74978;47;-32.6;0.6
74980;48;-33.4;2.4
74982;46.3;-33.6;1.5
74984;46.7;-33.9;1.1
74986;47.3;-33.7;2.1
74988;46.7;-34.1;0.9
74990;44.4;-33.7;2
74992;47;-33.8;2
74994;47.8;-33.8;0.8
74996;45.5;-33;2.5
74998;47.9;-33.5;1.3
75000;48.8;-33.8;1.4
75002;45.5;-33.3;2.6
75004;46.5;-33.7;0.7
75006;47.7;-33.8;1.9
75008;45.6;-33.7;1.8
75010;45;-33.9;0.9
75012;46.5;-33.7;2.1
75014;46.9;-33.5;1
75016;47.3;-34.2;1.8
75018;48.1;-33.5;2.4
75020;49.1;-33;0.7
75022;46.6;-32.9;2.1
75024;48.7;-33.8;2.1
75026;49.5;-33.7;0.6
75028;47.1;-33.9;2.5
75030;46.6;-34.3;1.7
75032;48.1;-34.4;0.9
75034;49.3;-34.6;2.2
75036;45.4;-33.8;1.3
75038;45.7;-33.8;1.7
75040;47.8;-33.3;2
75042;46.9;-33.8;0.9
75044;44.1;-32.7;1.8
75046;46.9;-33.1;1.8
75048;46.8;-33.4;1.1
75050;45.6;-33.7;2.1
75052;46.5;-33.5;1.7
75054;47.9;-33.4;1.3
75056;46.3;-34.3;2.2
75058;47.1;-34.5;1.5
75060;49.1;-34;1.3
75062;46.8;-33.4;2.6
75064;46.4;-33.6;0.8
75066;48.6;-33.2;1.3
75068;48.1;-33;2.2
75070;47.4;-33.2;1.2
75072;48.3;-33.6;1.8
75074;47.8;-33.4;1.8
75076;47.8;-33.9;0.9
75078;47.5;-34;2.2
75080;49;-34.3;1.7
75082;47.3;-34;0.8
75084;48.4;-34.4;2.4
75086;48.6;-34;1.4
75088;46;-33;1.4
75090;45.7;-33.1;2
75092;46.6;-32.9;1.3
75094;48.4;-34;1.5
75096;46.5;-33.7;2.2
75098;46.1;-32.9;1.1
75100;48.7;-34.1;2.1
75102;46.9;-34;1.5
75104;45.5;-34.2;1.2
75106;47.8;-34.3;1.5
75108;47.6;-34.6;1.8
75110;45.8;-33.8;1.7
75112;48.6;-34;1.1
75114;47.6;-33.6;1.8
75116;46;-33.1;1.9
75118;48.5;-33.6;1.3
75120;48.8;-33.1;1.6
75122;46.1;-33.4;1.8
75124;46;-33.3;1.5
75126;48.5;-34.2;1.7
75128;47.7;-34.6;1.7
75130;44.4;-33.6;1.2
75132;46;-33.7;1.1
75134;47.1;-33.6;1.8
75136;47.3;-33.9;1.8
75138;48.3;-33.9;1.6
75140;49.1;-32.9;1.8
75142;46.8;-33.2;1.9
75144;47.2;-33.7;1.3
75146;49;-33.9;1.5
75148;47.9;-34.2;2.1
75150;45.6;-33.9;0.9
75152;45.2;-33.5;1.8
75154;48.4;-34.5;2.3
75156;45;-33.9;1.1
75158;44.9;-33.2;1.9
75160;48.7;-33.7;1.6
75162;45;-32.8;1.1
75164;45.8;-33.1;2.2
75166;47.6;-33.1;1.4
75168;46.9;-33.5;1.1
75170;44.6;-33.5;2.2
75172;45.2;-33.8;1.2
75174;46.6;-34.3;1.5
75176;45.8;-34.3;2
75178;46.6;-34.6;1.4
75180;48;-33.9;1.8
75182;46.5;-33.1;1.8
75184;45.5;-33;1.3
75186;48.7;-33.9;2
75188;47.3;-33.8;2
75190;45.4;-33.5;1
75192;45.8;-33.3;1.9
75194;46.5;-32.9;1.7
75196;48.7;-34.2;1
75198;48.2;-33.9;2.2
75200;49.3;-34.6;1.6
75202;47.4;-33.7;1.1
75204;49.2;-34.5;2.2
75206;50.1;-34.5;1.6
75208;47.3;-33.8;1.1
75210;45.4;-33.2;2
75212;48.8;-33.9;1.3
75214;47.7;-33.5;1.1
75216;47.2;-34.1;2.4
75218;47.1;-33.2;1.4
75220;48.1;-33;1.5
75222;47;-33.5;1.8
75224;47.1;-33.7;1.9
75226;48.2;-33.4;1.6
75228;48;-34.2;1.8
75230;44.6;-33.7;1.6
75232;47;-33.8;1.6
75234;49;-34.3;2
75236;46.1;-33.9;1.8
75238;46.4;-33.7;1.4
75240;47.9;-33.4;2
75242;45.5;-33.4;1.6
75244;46.7;-33.5;1.3
75246;48.2;-33.3;1.8
75248;46;-33.1;1.3
75250;45.9;-33.2;1.6
75252;48.7;-33.9;1.8
75254;49.6;-34.4;1.6
75256;47.4;-34.6;1.9
75258;48;-34.6;1.8
75260;49.6;-34.7;1.6
75262;47.1;-33.7;1.9
75264;47.2;-33.8;1.8
75266;48.5;-33.8;1.4
75268;47.6;-33.5;1.6
75270;44.7;-32.8;1.7
75272;45.5;-33.5;1.8
75274;45.9;-33.5;1.8
75276;46.4;-34.4;1.3
75278;45.6;-33.9;1.8
75280;47.3;-33.9;1.9
75282;48;-34.7;0.8
75284;45.6;-33.4;2
75286;48.2;-33.9;1.9
75288;46.9;-33.6;1
75290;46.1;-33.8;2.4
75292;46.1;-33.5;1.3
75294;46;-32.9;1.5
75296;45.3;-33.5;2.5
75298;47.5;-33.8;0.6
75300;48.4;-34.2;1.7
75302;45.5;-34.1;2.5
75304;45.9;-33.9;0.7
75306;48.5;-34.4;2.2
75308;45.6;-33.7;1.7
75310;44.5;-33.1;1.1
75312;46.9;-33.3;2.4
75314;46.1;-32.6;1.1
75316;47;-33.4;1.4
75318;46.8;-33.3;2.5
75320;47.5;-33.1;0.9
75322;45.2;-34;1.5
75324;45.7;-33.9;1.6
75326;47.5;-34;0.9
75328;45.3;-34.6;2.3
75330;45.5;-34.4;1.2
75332;45.8;-33;0.8
75334;46.6;-32.9;2.6
75336;47.1;-33.7;1
75338;48.5;-33.4;1.6
75340;48.4;-32.8;2.8
75342;48.1;-33.7;0.7
75344;46.2;-33.5;2.6
75346;48.9;-33.8;1.6
75348;47.7;-34.3;0.7
75350;46.6;-34.4;2.8
75352;46.4;-33.7;0.6
75354;48.7;-34.2;1.8
75356;46.2;-34.1;2.3
75358;46.3;-33.5;0.5
75360;48.8;-33.8;2.7
75362;46.6;-33.4;1.7
75364;45.7;-32.9;0.9
75366;48.4;-33.6;2.5
75368;46.5;-33.2;0.9
75370;45.2;-33.7;1.8
75372;47.7;-34.3;1.7
75374;47;-33.8;1
75376;47.3;-34.4;2.1
75378;46.9;-34;1.7
75380;48.1;-34;1.8
75382;47.5;-34.1;2.3
75384;46.2;-34.1;0.9
75386;47.9;-33.8;1.9
75388;46.3;-33.4;1.7
75390;44.6;-33.3;1
75392;44.7;-32.9;2.3
75394;46;-33.1;1
75396;46.9;-34;1.8
75398;47.6;-33.5;2.3
75400;47.4;-33.9;1
75402;45;-33.5;1.7
75404;46.1;-33.5;2
75406;48.4;-34.1;0.7
75408;46.6;-34.4;2.3
75410;44.2;-33.3;1.7
75412;45.7;-33.4;0.8
75414;46.9;-33.4;1.8
75416;44.4;-33.2;1.5
75418;46.9;-33.5;1.3
75420;48.7;-33.4;1.8
75422;45.8;-33.5;1.3
75424;46.7;-33.6;1.8
75426;48.9;-34.3;1.8
75428;45.8;-33.8;1.4
75430;44.2;-33.6;1.8
75432;46.7;-33.7;1.8
75434;47.5;-33.2;1.5
75436;47.3;-33.3;1.3
75438;47.4;-33.3;1.8
75440;48.7;-33;1.5
75442;47.3;-33.5;1.8
75444;46.4;-34;2.1
75446;48;-34.2;1
75448;46.3;-34.3;1.8
75450;44.2;-34.4;1.7
75452;46.6;-34.5;0.9
75454;48.2;-34.2;1.9
75456;46.1;-33.6;1.9
75458;46.9;-33.5;1.3
75460;48.9;-33.9;1.9
75462;47.5;-33.8;1.6
75464;45.8;-33.2;1.4
75466;47.3;-33.7;1.7
75468;47;-34.2;1.3
75470;45.4;-34.6;1.3
75472;44.5;-33.9;1.8
75474;47.3;-34.4;1.4
75476;45.9;-34.2;2.1
75478;44.9;-33.1;1.8
75480;47.7;-33.4;1
75482;46.4;-33.3;1.8
75484;45.7;-33;1.9
75486;46.7;-33.1;1.1
75488;46.7;-34;1.8
75490;44.6;-33.2;2.3
75492;47.6;-34.2;0.7
75494;46.3;-33.8;1.8
75496;46.5;-34.3;2.1
75498;46.5;-34.6;0.8
75500;47.3;-34;1.8
75502;46.4;-34.4;1.8
75504;45.6;-33.7;1.4
75506;48.1;-33.9;1.8
75508;45.1;-32.8;1.4
75510;45.3;-33.2;1.5
75512;47.4;-33.5;1.7
75514;47.7;-33.4;1.2
75516;45.5;-34;1.4
75518;45.6;-33.5;1.6
75520;47.5;-33.8;1.7
75522;44.9;-33.6;1.7
75524;46.8;-34.3;1.5
75526;47;-33.5;1.3
75528;46.5;-33.8;1.3
75530;44;-33;2
75532;47.2;-33.4;1
75534;47.7;-33.4;1.5
75536;47.3;-33.7;1.9
75538;49;-34.1;1
75540;50.7;-34.1;1.9
75542;46.8;-33.5;1.8
75544;48;-34.2;1
75546;48.3;-33.9;2.1
75548;48;-33.7;1.6
75550;45.5;-33.4;1.2
75552;48.4;-33.8;2.5
75554;49.5;-33.4;1.1
75556;45.8;-32.8;1.3
75558;47.6;-33.5;2.6
75560;47.3;-32.9;0.9
75562;45.8;-33.3;1.8
75564;48;-33.8;1.8
75566;49;-34.3;1.1
75568;48.5;-34.6;1.8
75570;45.3;-33.6;1.7
75572;48.2;-34.3;1.3
75574;47.5;-33.4;1.9
75576;47.4;-33.5;1.4
75578;46.7;-33;1.4
75580;49.7;-33.4;2
75582;47.9;-33.8;1.7
75584;45.4;-33;1.6
75586;48.1;-34;2.1
75588;45.7;-33.8;1.3
75590;44.1;-34.1;1.6
75592;45.3;-33.8;1.7
75594;46;-33.8;1.1
75596;48;-34.3;1.6
75598;48.4;-33.9;1.8
75600;49.3;-33.6;1
75602;46.3;-33.4;2.2
75604;46.2;-33.2;2
75606;47.9;-33.1;0.8
75608;45;-33.5;2.2
75610;44.3;-33.7;1.5
75612;45.7;-34;1.1
75614;45.9;-34;2.3
75616;45.7;-34.4;1
75618;47.3;-34.5;1.7
75620;47.2;-33.5;1.8
75622;45.2;-32.9;1.3
75624;47.5;-33.9;1.8
75626;48.9;-33.6;2
75628;47;-33.6;1.1
75630;44.1;-33.4;2.1
75632;46.1;-33.5;1.9
75634;47.2;-34.1;0.8
75636;45;-33.7;2.3
75638;47.3;-34.6;1.2
75640;47.2;-33.8;1.2
75642;45.6;-33.8;2.8
75644;44.7;-33.3;0.7
75646;47.1;-33.2;2.2
75648;46.5;-33.3;1.8
75650;44.2;-33.1;1
75652;45.8;-33;2
75654;48.3;-34;1.9
75656;46.1;-34;1.3
75658;47.2;-34.7;1.9
75660;48.8;-34.6;1.7
75662;46;-33.8;1.2
75664;45.7;-33.9;1.9
75666;47.5;-33.8;1.3
75668;47.2;-33.9;1.8
75670;44.6;-33.2;1.6
75672;46.5;-33.1;1.3
75674;45.7;-32.9;2.3
75676;45.7;-33.5;1.1
75678;46.3;-33.4;1.3
75680;47.2;-33.3;2.2
75682;46.5;-33.7;1
75684;46.6;-33.8;1.4
75686;47.3;-34.2;1.7
75688;47.1;-34;1.5
75690;44.4;-33.4;1.8
75692;46.5;-33.7;1.7
75694;46.5;-33.9;0.9
75696;45.9;-33.3;2
75698;45.5;-32.8;1.7
75700;48.2;-33.9;1.3
75702;46.2;-33.8;1.6
75704;44.9;-33.7;1.8
75706;47.6;-34.1;1.9
75708;45.3;-34.5;1.4
75710;44.4;-34.1;1.7
75712;45.3;-33.6;1.8
75714;45.6;-33.5;1.4
75716;46.2;-34.4;1.7
75718;48;-33.4;1.9
75720;47.3;-32.5;1.1
75722;46.1;-32.8;2.1
75724;45.3;-32.8;1.9
75726;48;-33.3;0.9
75728;45;-33.4;2.3
75730;43.4;-33.1;1.2
75732;45.4;-33.8;1.4
75734;48.3;-34.7;2.5
75736;47.2;-34.7;0.8
75738;48.5;-34.4;1.6
75740;48.3;-33.7;1.9
75742;47.8;-34.1;0.8
75744;46.5;-33.4;2.2
75746;47.6;-33;1.6
75748;48.3;-33.5;1.4
75750;46.1;-33.5;2
75752;45.3;-33.1;1.5
75754;47;-33.5;1.2
75756;46.9;-34.2;1.9
75758;46.7;-34.4;1.6
75760;46.9;-34.2;1.3
75762;46.7;-34;1.6
75764;46.6;-34.3;1.5
75766;47.3;-33.3;1.8
75768;45.9;-33.5;1.8
75770;44.5;-32.9;1
75772;45.1;-32.5;2.1
75774;46.7;-33.1;1.3
75776;46;-33.8;1.1
75778;47.8;-34.4;2.2
75780;48.7;-34.9;1.5
75782;45.7;-34.3;1.3
75784;45.4;-34;1.8
75786;47.4;-34.1;0.8
75788;46.6;-33.9;1.6
75790;44;-32.7;1.9
75792;46.4;-33;1.1
75794;47.4;-33.3;2
75796;46.7;-33.4;1.4
75798;48.4;-34.1;1.3
75800;48.1;-34.4;2.2
75802;46.1;-33.9;1.2
75804;45.5;-33.7;1.8
75806;49;-34.7;1.6
75808;45.5;-33.5;0.8
75810;44.5;-33.8;2.4
75812;47;-33.6;1.7
75814;46.5;-33.2;0.9
75816;45.8;-33.5;2.9
75818;46.4;-33.1;1.1
75820;48;-33.4;1
75822;46.5;-33.3;2.2
75824;46.4;-33.6;0.9
75826;49.5;-34.5;1.8
75828;45.5;-33.7;1.9
75830;45.1;-34.3;0.9
75832;48.2;-34.3;2.3
75834;48.8;-34.4;1.2
75836;46.7;-33.9;1.1
75838;45.5;-33.2;2.6
75840;49;-33.7;0.7
75842;45.7;-33.1;1.8
75844;46.3;-33.9;2
75846;47.9;-34;0.9
75848;45;-33.2;2.1
75850;44.6;-33.8;1.3
75852;46.8;-33.7;1.2
75854;47.8;-33.9;1.9
75856;47;-34.6;1.1
75858;46.6;-33.8;1.7
75860;47.2;-33.2;1.7
75862;45.6;-32.8;1.3
75864;44.9;-32.9;2
75866;48.1;-33.5;1.5
75868;47.2;-33.5;0.9
75870;44.1;-33.4;2.4
75872;44.3;-33.5;0.8
75874;44.7;-34;2.1
75876;44.5;-34.2;1.9
75878;44.5;-33.8;0.4
75880;46.2;-33.3;2.4
75882;47.4;-34.2;1.1
75884;45.2;-32.8;1.8
75886;45.9;-32.6;2.5
75888;45.8;-33.2;0.6
75890;45.5;-33.7;2
75892;45.1;-33.1;1.5
75894;45.6;-33.4;0.9
75896;46.3;-34.3;2.1
75898;45.9;-34.2;1.5
75900;47.7;-34.5;1
75902;44.7;-34;2.3
75904;46.4;-33.7;1
75906;47.8;-33.8;1.6
75908;45.2;-33.3;2.1
75910;47;-33.9;1.1
75912;48.3;-33.5;1.8
75914;46.8;-32.9;1.8
75916;46.9;-33.7;1
75918;48.6;-33.8;2.3
75920;47.7;-33.2;1.7
75922;45.7;-33.6;1.4
75924;47.1;-34.7;2.7
75926;48.5;-34.4;1.1
75928;46.9;-34.6;2.1
75930;43.6;-33.8;1.6
75932;45.6;-33.9;0.8
75934;47;-33.3;2.5
75936;46.8;-33.6;1.3
75938;47;-32.5;1.6
75940;48.8;-33.1;2
75942;48.4;-33.8;0.6
75944;47.5;-34.3;1.9
75946;47.8;-33.6;1.6
75948;48.6;-34.9;0.8
75950;45.2;-34.1;3.2
75952;45.2;-33.8;0.7
75954;48.3;-34.2;1.8
75956;46.8;-34;2.4
75958;46.9;-33.8;0.6
75960;48.5;-33.8;2.5
75962;45.3;-32.9;1.6
75964;46.9;-33.9;0.7
75966;47.4;-33.5;2.4
75968;46.2;-33.2;0.9
75970;45;-33.8;1.8
75972;45.8;-33.6;2.4
75974;47.9;-34.6;0.2
75976;45.5;-33.8;2.5
75978;46.7;-34;1.9
75980;48.4;-34.2;1.3
75982;45.8;-33.3;2.8
75984;46.6;-34.1;0.7
75986;47.3;-33.6;1.8
75988;45.5;-33.6;2.2
75990;43.9;-33.4;0.5
75992;44.4;-33.4;2.4
75994;45.6;-33.5;1.5
75996;46.2;-34.8;0.8
75998;47.3;-34.6;2.3
76000;47.9;-34.5;1
76002;46.3;-34.5;1.6
76004;45.3;-33.4;2
76006;47.5;-33.8;0.9
76008;46.1;-33.8;1.9
76010;43.5;-33.1;1.7
76012;45.6;-33.2;1
76014;45.2;-33;1.7
76016;43.8;-32.8;1.1
76018;46.9;-34.2;1.7
76020;48.7;-34.4;2.4
76022;45.6;-34;0.9
76024;47.9;-34.8;1.2
76026;49;-34.2;2.1
76028;46.2;-33.6;0.9
76030;44.8;-33.2;1.9
76032;47.8;-33.7;1.8
76034;47.6;-33.1;0.9
76036;46.1;-33.2;2.7
76038;47.6;-33.9;0.9
76040;48.3;-33.4;1.6
76042;46.8;-34.3;2.3
76044;45.8;-34.4;1.1
76046;47.9;-34.6;2
76048;46.3;-34.6;1
76050;44.9;-34.5;1.8
76052;46.1;-34;2.3
76054;48.4;-34;1
76056;46.9;-33.8;2.1
76058;45.7;-32.9;1.3
76060;47.8;-32.8;1.5
76062;45.6;-33.2;1.6
76064;46.3;-33.9;1.5
76066;46.3;-33.5;2.1
76068;46.5;-34.5;1.5
76070;44.5;-34.7;1.6
76072;43.8;-33.8;1.8
76074;45.6;-34.1;1.6
76076;44.2;-33.7;1.4
76078;46.3;-33.3;2
76080;46.1;-32.8;1.6
76082;46.3;-33.5;1.4
76084;44.9;-32.9;1.9
76086;46.7;-33;1.1
76088;46.8;-34.3;1.5
76090;44.5;-33.7;2.1
76092;45.7;-34;0.9
76094;46.7;-34.1;1.4
76096;46.2;-34.4;2
76098;46.9;-34.2;1.3
76100;47.3;-33.5;1.9
76102;45;-33.2;1.5
76104;45.3;-33.1;1.4
76106;47.7;-33.8;1.8
76108;46.1;-33.6;2.1
76110;45.2;-33.8;0.9
76112;45.7;-33.5;1.7
76114;45.5;-33.7;1.8
76116;45.4;-34.4;1.4
76118;45.4;-34;2.2
76120;48.3;-34.3;1.6
76122;46;-34;1.1
76124;44.5;-33.7;2.1
76126;47.3;-33.6;1.1
76128;46;-33;1.4
76130;44.4;-33.7;2.2
76132;45;-32.7;1.1
76134;45.7;-33;1.7
76136;44.6;-33.2;1.8
76138;48;-34.3;1.4
76140;48.1;-34;1.8
76142;47.7;-34.6;1.5
76144;47.3;-34.6;1.1
76146;48;-33.6;2.3
76148;48;-34;1.4
76150;45;-33.3;1.5
76152;47;-33.1;2.5
76154;46.2;-32.8;1.2
76156;45.9;-33.5;1.5
76158;45.5;-33.6;1.9
76160;48;-33.9;1.3
76162;45.3;-33.9;1.5
76164;45.3;-34.1;2
76166;47.9;-34.8;1.2
76168;45.9;-34.1;1.5
76170;44.4;-33.5;2.2
76172;46.4;-33.7;0.9
76174;45.9;-33.1;1.5
76176;46.6;-33.5;2
76178;46.2;-33.1;1
76180;46.5;-32.9;2
76182;45;-33.3;1.8
76184;45.3;-33.8;0.8
76186;45.8;-34.1;2.3
76188;45;-34.4;1.8
76190;43.2;-34;0.8
76192;45.3;-34.2;2.3
76194;45.8;-33.8;1.3
76196;45.4;-33.6;1.1
76198;46.7;-33.5;2.1
76200;47.2;-33.2;1.2
76202;46.1;-33.6;1.3
76204;46.9;-33.8;2.2
76206;46.3;-33.3;1.2
76208;46.1;-34.1;1.8
76210;43;-33.9;1.6
76212;44.7;-34.2;1.2
76214;45.6;-34.3;2
76216;45.3;-34.6;1.9
76218;46;-34.6;1.1
76220;47.9;-34.1;2
76222;46.3;-33.4;1.4
76224;46.5;-33.3;1.5
76226;48.4;-33.6;1.9
76228;46.4;-33.6;0.9
76230;43.6;-33.2;1.8
76232;45.7;-34.1;1.8
76234;46.3;-34;1
76236;45.1;-34.6;1.9
76238;45;-34.2;1.6
76240;46.7;-34.1;1.4
76242;45.5;-34.2;1.9
76244;43.4;-33.2;1.6
76246;47.3;-33.9;1.3
76248;45.9;-33.6;2.1
76250;43.2;-32.7;1.6
76252;46.9;-33.8;1.5
76254;48.3;-34.1;2.4
76256;46.2;-34.2;1.4
76258;45.6;-34;1.4
76260;47.7;-34.2;2.2
76262;45.3;-33.7;1.2
76264;46.3;-34.5;1.4
76266;46.8;-33.8;2.1
76268;45.5;-33.1;1
76270;44.9;-33.7;1.5
76272;44.7;-33.1;2.3
76274;44.5;-32.8;1
76276;45.3;-33.8;1.7
76278;46.5;-34.3;1.9
76280;46.4;-33.6;1.6
76282;45.2;-33.9;1.9
76284;45.3;-33.9;1.6
76286;46.9;-34.2;1.2
76288;45.8;-34.2;1.7
76290;43.8;-33.7;1.6
76292;45.8;-34;1.7
76294;45;-33.1;1.5
76296;43.8;-32.9;1.7
76298;45.1;-33.2;2.1
76300;47.1;-33.8;1.4
76302;43.3;-33;1.7
76304;44.5;-33.4;1.7
76306;47;-34.2;1.8
76308;45.9;-34.7;1.8
76310;43.5;-33.9;1.8
76312;45.6;-34;1.1
76314;45.2;-33.7;1.3
76316;45.4;-34.1;2.3
76318;46.5;-33.8;1.8
76320;47.4;-33.3;1.2
76322;45.1;-33.2;1.9
76324;44.2;-33.2;1.2
76326;48.1;-34;2
76328;44.8;-33.7;1.8
76330;43.9;-34.2;0.9
76332;45.9;-34.6;2.1
76334;45.7;-34.2;1.3
76336;44.8;-34.2;0.9
76338;46.2;-33.8;2.2
76340;47.3;-33.1;0.9
76342;45.5;-33.1;1.7
76344;45.9;-33.6;2.4
76346;47;-33.4;1.2
76348;46.5;-34;1.7
76350;44.4;-34.2;2.3
76352;44.2;-33.7;0.8
76354;44.6;-33.9;1.7
76356;44.1;-34.4;2.4
76358;43.2;-34;1
76360;44.8;-33.4;1.8
76362;44.1;-33.9;1.6
76364;43.7;-33.2;1.1
76366;46.6;-33.1;2.4
76368;44.9;-33.7;1.3
76370;43.9;-33.4;1.1
76372;43.9;-32.8;2.6
76374;45.7;-33.5;1.4
76376;45.4;-34.6;1.4
76378;44.6;-33.8;2
76380;45.6;-33.5;0.8
76382;44.6;-33.9;1.9
76384;45.8;-34.3;1.8
76386;45.7;-33.9;0.7
76388;43.4;-33.1;2.6
76390;43.8;-33.6;1.3
76392;46.2;-33.8;1.2
76394;46;-33.6;2.4
76396;45.5;-33.4;0.9
76398;46.9;-34.1;2.1
76400;46.8;-33.8;1.9
76402;44.2;-34.3;1.1
76404;44.3;-34.2;1.9
76406;46.6;-34.3;1.4
76408;44.2;-33.8;1.5
76410;42.6;-33;1.8
76412;43.9;-32.8;1.6
76414;46.1;-33.6;1.5
76416;43.5;-33;1.4
76418;45.7;-33.6;1.8
76420;47.6;-33.7;1.4
76422;46;-33.9;1.1
76424;45.4;-34.1;2
76426;47.5;-34;1.4
76428;46;-34.7;1.1
76430;42.8;-34.2;1.9
76432;44;-33.6;1.3
76434;45.1;-33.4;1.3
76436;45.3;-33.8;2.2
76438;46;-33.6;1.1
76440;45.8;-32.7;1.4
76442;45.3;-33.6;2.5
76444;43.6;-33.4;1.4
76446;46.2;-33.9;1.7
76448;44;-33.7;2.2
76450;43.7;-34.3;1.5
76452;44.8;-34.6;1.6
76454;45.6;-33.6;1.7
76456;45.3;-34.1;1.3
76458;45.6;-33.9;2.5
76460;47;-33.5;1.4
76462;45.9;-33.6;1
76464;45;-33.3;2.2
76466;45.3;-33.1;1
76468;45.4;-33.8;1.3
76470;42.6;-33.7;2.1
76472;43.4;-34.4;1.6
76474;44.1;-34.2;1.4
76476;42.8;-33.9;2
76478;43;-33.9;1.8
76480;44.7;-33.6;1.1
76482;43.8;-34.2;2.1
76484;42.8;-33.1;1.8
76486;45.2;-33.5;0.8
76488;43.4;-33.7;1.8
76490;43.5;-33.6;1.7
76492;43.5;-33.5;0.9
76494;45;-34.1;2.5
76496;43.8;-34.5;1.2
76498;45.4;-34.8;1.4
76500;46.8;-34.7;2.1
76502;44.7;-34;0.8
76504;43.4;-33.2;2
76506;46.4;-33.8;1.7
76508;44.8;-33.3;1.2
76510;43;-32.6;2.5
76512;45.4;-33.3;1
76514;46.3;-33.5;1.7
76516;43.9;-33.5;2.2
76518;46.4;-34;1.1
76520;46.1;-33.8;2
76522;43.4;-33.7;1.6
76524;44.1;-34.1;1.1
76526;47;-34.4;2.4
76528;45.6;-34.1;0.8
76530;42.6;-33.3;2.1
76532;45.3;-33.6;1.7
76534;47.1;-33.6;1.1
76536;45.4;-33.1;2.4
76538;46.9;-33.3;0.7
76540;47.2;-33.1;1.7
76542;46.4;-33.8;2.1
76544;44.7;-33.8;0.7
76546;46.2;-34.4;1.4
76548;44.7;-34.4;1.9
76550;42.7;-34.3;1
76552;44.8;-34.4;1.7
76554;45.5;-34;1.7
76556;42.4;-33.3;1.2
76558;44.1;-33.5;1.9
76560;45.8;-33.7;1.9
76562;42.5;-33.2;1.2
76564;43.6;-33.5;1.6
76566;45.3;-33.8;1.6
76568;43.7;-33.8;1.4
76570;43.3;-33.7;1.5
76572;44;-34.1;1.6
76574;44.7;-33.5;1.4
76576;45.3;-34.3;1.8
76578;45.7;-34;1.8
76580;47;-33.2;1.7
76582;45.2;-33.6;1.6
76584;45;-33.3;1.6
76586;45.8;-33.5;1.8
76588;43.1;-33.7;1.6
76590;42.2;-34.1;1.8
76592;43.6;-34.2;1.8
76594;45.7;-34.8;1.8
76596;43.6;-33.9;1.5
76598;44.4;-33.9;1.9
76600;46.8;-34.3;1.5
76602;43.2;-32.9;1.4
76604;44.2;-32.9;2.4
76606;45.9;-33;1.3
76608;43.7;-33;1.5
76610;42.9;-33.6;1.8
76612;43.4;-33.5;1.1
76614;43.9;-33.7;1.5
76616;44;-34.7;2
76618;44.3;-34.1;1.3
76620;46;-34;1.5
76622;44.8;-33.8;1.8
76624;44.5;-32.9;1.4
76626;46.6;-33.4;1.6
76628;44.9;-33;2.1
76630;43.3;-33.2;1.3
76632;45.2;-33.1;0.9
76634;45.9;-33.8;2.3
76636;43.9;-33.9;1.2
76638;46.1;-34.9;1
76640;47.5;-34.4;2.4
76642;43.2;-33.8;1.1
76644;44.3;-34.3;1.4
76646;44.9;-33.3;1.8
76648;45;-33.8;1.7
76650;41.8;-32.7;1.8
76652;43.9;-33.1;1.4
76654;45.6;-33.2;1.5
76656;45.1;-34.1;1.8
76658;44.6;-33.3;1.2
76660;47.5;-34.2;1.6
76662;46;-34.5;1.5
76664;43.6;-33.9;1.5
76666;46.7;-34.4;1.9
76668;45.8;-33.8;1.7
76670;44.3;-34.1;1.1
76672;43;-33.5;2.4
76674;44.4;-33;0.8
76676;44.9;-33.8;1.4
76678;44.7;-33.1;2.6
76680;45.9;-33.2;0.8
76682;45.1;-33.5;1.8
76684;43.8;-33.1;1.9
76686;46.5;-33.9;0.9
76688;45.5;-34.4;2.2
76690;43.8;-34.2;1.8
76692;45.4;-34.7;1.1
76694;44.1;-33.9;2.5
76696;44.8;-34.4;1.1
76698;45.3;-33.9;1.2
76700;44.9;-33;2.6
76702;43.4;-33.1;0.9
76704;44.9;-33.5;2
76706;46.9;-33.7;2.1
76708;45.3;-34;0.7
76710;42.3;-33.6;2.5
76712;45.1;-34.5;1.4
76714;46;-34.7;1.4
76716;43.7;-34.1;2.1
76718;43.7;-33.7;0.7
76720;45.4;-33.1;2.1
76722;43.5;-33.4;1.7
76724;43.2;-33.3;1
76726;45.1;-33.2;2.2
76728;43.9;-33.5;1.1
76730;41;-33;1.4
76732;43.1;-33;2.5
76734;45.4;-34.3;0.6
76736;44.4;-34.1;2
76738;45.5;-34.4;2
76740;47.7;-34.4;0.7
76742;44.5;-33.2;2.3
76744;44.9;-33.5;1.3
76746;45.5;-33;1.2
76748;46;-33.5;2.5
76750;44.2;-33.5;0.6
76752;45.5;-33.7;2.4
76754;44.7;-33.3;1.6
76756;43.5;-33.8;1
76758;44.9;-34.6;2.6
76760;44.9;-34;1
76762;43.5;-33.6;1.6
76764;45;-34.5;2.6
76766;47;-34.2;0.8
76768;44.7;-33.8;2
76770;44;-33.8;1.9
76772;43.6;-32.9;0.8
76774;45;-32.9;2.5
76776;44.7;-33.9;1.5
76778;44.5;-33.5;1.8
76780;46.6;-34.2;1.8
76782;45.1;-33.9;1.4
76784;42.8;-33.8;1.7
76786;45.6;-34.6;1.8
76788;43;-33.7;1.5
76790;43.1;-34.1;1.6
76792;44.7;-33.8;2.4
76794;43.3;-32.4;1.3
76796;44.3;-33.6;1.4
76798;45.1;-33.8;1.8
76800;46.2;-34;1.2
76802;42.5;-33.7;1.3
76804;43.3;-33.7;1.8
76806;46.1;-34;1.8
76808;42.7;-33.6;1.2
76810;42;-33.9;1.9
76812;43.9;-33.7;1.9
76814;43.5;-32.7;1.3
76816;43.8;-33.5;1.5
76818;43.6;-32.8;1.5
76820;45.8;-33.1;1.6
76822;44.3;-33.3;1.6
76824;45.5;-34.1;1.7
76826;47.2;-34.3;1.8
76828;45.4;-34.6;1.5
76830;41.5;-33.5;1.2
76832;44.3;-33.8;1.5
76834;45;-33.4;1.6
76836;43.7;-33.7;1.7
76838;43.1;-33;1.6
76840;45.7;-33;1.2
76842;42.5;-32.5;1.6
76844;43.6;-33.2;1.8
76846;44.6;-33.2;1.4
76848;44.1;-33.8;1.7
76850;42.1;-33.7;1.9
76852;43.7;-33.5;1.2
76854;45.4;-34;1.5
76856;45;-34.5;2.2
76858;44.9;-34.2;1.3
76860;47.5;-34.2;1.7
76862;43.9;-32.9;2.1
76864;44.1;-33.1;1.2
76866;45.8;-33.3;1.1
76868;45.6;-33.7;2.1
76870;43.1;-33.8;1.4
76872;43;-33.6;1.4
76874;44.3;-34.1;1.7
76876;43.7;-34.3;1.4
76878;44.1;-33.9;1.5
76880;44.8;-33.5;1.7
76882;43.6;-33.1;1.7
76884;43.3;-33;1.2
76886;45.8;-33.2;1.7
76888;44.7;-33.3;1.8
76890;42.4;-32.6;1.4
76892;43.9;-33.2;1.8
76894;44.5;-33.4;2
76896;44.6;-34.6;1.2
76898;44.2;-34.2;1.8
76900;46.2;-34.6;2.3
76902;44.4;-34.3;1.1
76904;42.5;-33.4;2
76906;46.6;-33.6;2
76908;43.1;-32.7;1.1
76910;43.4;-33.3;2
76912;44.6;-33.2;1.5
76914;44.4;-33.1;1.3
76916;44.2;-34.1;2.3
76918;45.9;-34.6;1.5
76920;45.5;-34;1.2
76922;44.2;-34.3;2.2
76924;44.6;-34.4;1.4
76926;45.5;-34;1.4
76928;42.8;-32.7;1.9
76930;41.1;-32.8;1.4
76932;42.7;-32.6;1.4
76934;45.4;-33;1.8
76936;44.1;-33.9;1.1
76938;44.5;-33.7;1.8
76940;46.3;-34.2;1.9
76942;44.8;-34.5;1.1
76944;44.5;-34.4;1.7
76946;44.7;-33.5;2
76948;45.8;-34.1;1.4
76950;43;-33.7;1.9
76952;43.1;-32.9;1.7
76954;45.9;-33.6;1.2
76956;42.3;-32.9;2.2
76958;43.2;-32.7;1.4
76960;44.9;-33.7;1.3
76962;44.6;-34.1;2.6
76964;43.1;-34.1;1
76966;45.6;-34.6;1.8
76968;45.1;-34.7;2
76970;42.4;-34;0.9
76972;43.2;-33.7;2.2
76974;44.2;-33.9;2.1
76976;43.1;-33.1;0.7
76978;45;-33.7;2.5
76980;44.5;-32.8;1.2
76982;44;-33;0.8
76984;43.5;-33.4;2.7
76986;45.6;-34.2;1
76988;42.4;-33.8;1.9
76990;41.1;-33.8;1.8
76992;42.6;-33.7;1
76994;43.6;-33.5;1.9
76996;43.1;-33.7;1.1
76998;45.6;-34.3;1.8
77000;46.4;-33.4;1.7
77002;44.7;-33.5;0.7
77004;44.4;-33.4;2.2
77006;45.7;-33.2;1.6
77008;43.3;-33.8;0.9
77010;41.9;-33.2;2.3
77012;43.1;-33.9;1.5
77014;43.3;-33.5;1.1
77016;43.3;-34.4;1.9
77018;43.8;-33.9;1.8
77020;46.5;-34.4;1.3
77022;44.8;-34.2;2.2
77024;43;-33;1.4
77026;46.5;-33.7;1.6
77028;45.2;-33.1;1.8
77030;42.1;-33;1
77032;43.7;-33.1;1.9
77034;45.7;-34;1.8
77036;44.3;-34.2;1.4
77038;44.9;-34.4;1.9
77040;44.9;-33.9;1.6
77042;42.2;-33.8;0.9
77044;42.9;-34;2.4
77046;43.9;-34.4;1.9
77048;43.9;-33.8;1.1
77050;42.9;-33.6;2.1
77052;43.5;-33;0.9
77054;44.8;-32.5;1.3
77056;44.8;-33.8;2.3
77058;44.3;-33.2;1
77060;46.2;-33.3;1.7
77062;43.9;-33.9;2.4
77064;43.4;-33.5;0.7
77066;45.9;-34.2;1.9
77068;45.3;-34.5;1.5
77070;42.5;-33.8;1.4
77072;43.4;-33.7;2.3
77074;43.7;-33.4;1.1
77076;43.6;-33.7;1.8
77078;43.4;-33.2;2.2
77080;44.1;-33.2;1.2
77082;43.2;-33.4;2.2
77084;43.1;-33.7;1.9
77086;45;-33.6;0.6
77088;44.1;-34.3;2.6
77090;42.9;-34.4;1.4
77092;42.4;-33.8;1.1
77094;43.3;-33.8;2.8
77096;43.8;-34.4;0.5
77098;43.8;-34.3;2.4
77100;45.2;-33.9;2.1
77102;42.6;-33.4;0.2
77104;43.4;-33;3
77106;44.7;-32.7;0.9
77108;43.1;-32.5;1.5
77110;44.4;-34;2.4
77112;44.9;-33.1;0.5
77114;44.6;-33.8;2.4
77116;43.3;-34.3;1.5
77118;44.4;-34.7;1.4
77120;45.2;-33.7;2.1
77122;43.9;-33.8;0.9
77124;43.5;-33.7;1.8
77126;46.5;-33.8;2.1
77128;43.2;-33.2;0.8
77130;41.7;-33;2.6
77132;43;-32.4;1.4
77134;44;-33.1;0.9
77136;44.4;-34.3;2.3
77138;45.8;-34.1;1.2
77140;46.8;-34.5;1.2
77142;45;-34.4;1.8
77144;44.4;-34.4;1.5
77146;45.6;-33.8;1.3
77148;45.5;-33.9;2.2
77150;41.6;-33.4;1.4
77152;42.6;-33.2;1.8
77154;45.7;-33.6;2.1
77156;44;-33.7;1.1
77158;44.3;-34;2.1
77160;45.8;-34.2;1.8
77162;42.6;-33.8;0.8
77164;42.6;-34;2
77166;44.6;-34;1.4
77168;45;-34.1;1.5
77170;43.8;-34.2;2.4
77172;43.2;-34;1.3
77174;43.8;-32.8;1.5
77176;44.6;-33.8;1.9
77178;44.2;-33;1.1
77180;45.4;-32.8;1.7
77182;43;-32.9;2.1
77184;43.4;-33.4;1.3
77186;45.3;-34.6;1.8
77188;43.6;-34.7;1.9
77190;40.9;-34;1.2
77192;42.3;-33.8;2
77194;43.8;-33.1;2.1
77196;43;-33.6;1.1
77198;44.6;-33.6;1.5
77200;46;-33.6;1.8
77202;44.1;-33.2;1.3
77204;42.7;-32.9;1.8
77206;45.6;-33.6;1.6
77208;44.2;-34;1.4
77210;43.3;-34.4;2.2
77212;43.4;-33.8;1.2
77214;44;-33.6;1.5
77216;44;-34;1.8
77218;43.4;-33.4;1.1
77220;47.3;-34;1.4
77222;44.5;-33.2;2.3
77224;45.5;-33.6;1.4
77226;46.3;-33.2;1.4
77228;43.9;-33;2.3
77230;41.9;-33.4;1.2
77232;44.5;-33.8;1.8
77234;44.2;-34;1.8
77236;42.8;-34.2;1.1
77238;45.2;-34.5;1.8
77240;45.4;-33.9;1.7
77242;44.9;-34.4;0.8
77244;44.3;-33.9;2
77246;45.6;-33.7;1.4
77248;43.8;-33;1.1
77250;43.3;-33.4;2.2
77252;43.5;-32.9;1.3
77254;47;-34.2;1.8
77256;44;-33.9;2.5
77258;44.2;-34.4;0.8
77260;46;-34;1.8
77262;44.2;-33.9;2.1
77264;43.5;-34.1;0.9
77266;45;-34.1;2
77268;44.9;-33.8;1.2
77270;42.3;-33.3;1.7
77272;42.9;-33;1.9
77274;43.6;-33.6;1.1
77276;43;-33.5;1.5
77278;43.4;-33.5;2
77280;44.1;-33.6;0.9
77282;44.2;-34.2;1.7
77284;43.2;-33.8;2.2
77286;44.6;-33.8;0.8
77288;43.2;-33.5;2.1
77290;43.1;-33.7;1.8
77292;44.1;-33.5;1.1
77294;44.6;-32.9;1.7
77296;43.8;-33.2;1.4
77298;45.1;-33.4;1.6
77300;46.4;-33.4;2
77302;44.3;-33.7;1.7
77304;43.4;-33.5;1.5
77306;45.9;-34.4;1.6
77308;44.6;-34.3;1.6
77310;44;-34.4;1.4
77312;43.9;-33.9;1.8
77314;43.4;-33.6;1.7
77316;43.9;-34.3;1.3
77318;43.1;-33.2;1.5
77320;45.3;-33.5;1.5
77322;42.3;-33;2
77324;43;-32.8;1.7
77326;44.9;-33.2;1.6
77328;43.7;-33.9;1.8
77330;40.7;-33.3;1.5
77332;42.5;-33.7;1.6
77334;43.4;-33.3;1.4
77336;42.7;-34.1;1.7
77338;44.2;-34.1;1.3
77340;46.3;-34;1.7
77342;44.3;-34.4;2
77344;45;-34.4;1.4
77346;46.2;-33.7;1.5
77348;45;-33.5;1.9
77350;44.2;-33.8;1.6
77352;44.1;-33.2;1.4
77354;45.4;-33.1;2.1
77356;43.2;-33.3;1.2
77358;45;-34;1.3
77360;46.5;-34.3;2
77362;42.4;-34.1;1.7
77364;44.6;-34.5;1.7
77366;44.9;-34.4;1.8
77368;44.8;-34.6;1.6
77370;42.1;-33.9;1.7
77372;43.6;-33.8;1.6
77374;44.2;-33.1;1.7
77376;44.4;-33.6;1.8
77378;43.4;-33.1;1.6
77380;46;-33.2;0.8
77382;44.6;-33.7;1.4
77384;42.9;-33.6;2
77386;44.1;-34.6;0.8
77388;43;-34;1.8
77390;41.7;-34.4;1.8
77392;41.9;-34;0.8
77394;42.5;-33.5;1.9
77396;42.6;-33.3;1.6
77398;44.8;-33.9;1.4
77400;45.9;-33.8;1.8
77402;42;-33;1.5
77404;42.8;-33.2;1.5
77406;44.9;-33.4;1.9
77408;43.9;-34;1.6
77410;41.6;-33.7;1.2
77412;44.3;-34.4;2
77414;43.2;-34;1.4
77416;43.2;-34.8;0.9
77418;44.7;-34.4;2.4
77420;44.5;-33.3;0.6
77422;42.9;-33;1.4
77424;43.6;-33;2.1
77426;46.4;-33.6;0.7
77428;43.6;-33;2.3
77430;42.6;-33.8;2
77432;43.3;-34;1.1
77434;43.4;-33.8;2.2
77436;41.9;-34.3;1.4
77438;43.9;-34.4;1.4
77440;44.5;-33.8;1.9
77442;41.9;-33.5;1.3
77444;41.1;-33.2;1.8
77446;43.6;-33.3;2
77448;42.5;-33.4;1
77450;41.2;-33.3;2.1
77452;44.4;-34.2;1.6
77454;45.7;-34.4;0.9
77456;44;-34.8;2.2
77458;44.5;-34.7;1.4
77460;46.1;-34.8;1
77462;44.8;-34.3;2.3
77464;43.2;-33.2;1
77466;45.1;-33.3;1.5
77468;42.9;-33;2.3
77470;42.9;-33.6;0.6
77472;43.7;-33.7;2.4
77474;44.6;-34.3;1.4
77476;42.3;-33.9;0.8
77478;44.4;-34.8;2.9
77480;44.6;-34.2;0.8
77482;43.1;-33.8;1.7
77484;44.2;-34.4;2.8
77486;45;-33.7;0.3
77488;42.7;-33.3;2.3
77490;41.9;-33.3;1.1
77492;43.5;-33.6;1.1
77494;43.3;-33.1;2.5
77496;41.6;-33;0.8
77498;43;-33.7;2
77500;44.9;-34.2;1.8
77502;41.6;-33.6;0.9
77504;42.3;-34;2.4
77506;43.9;-34.4;1.4
77508;43.8;-34.6;1.3
77510;41.2;-33.8;2
77512;42.4;-33.3;1.2
77514;45;-33.6;1.5
77516;42.2;-33.2;2.1
77518;44.8;-33.6;0.8
77520;45.1;-33.3;1.9
77522;43.1;-33.8;1.7
77524;42.3;-33.6;1.2
77526;44.4;-34.1;1.5
77528;43.7;-34.6;1.2
77530;40.8;-34;1.6
77532;42.4;-33.2;1.8
77534;43.9;-33.5;1.3
77536;43.7;-33.6;1.8
77538;43.7;-33;1.6
77540;44.9;-32.6;1.4
77542;44.5;-33.8;1.4
77544;44.1;-34.1;1.7
77546;45.2;-34.3;1.8
77548;44.1;-34.4;0.9
77550;42.4;-34.4;1.9
77552;43.1;-34.2;2.3
77554;45.4;-34.3;1.3
77556;41.6;-33.5;1.4
77558;42.3;-33.6;2
77560;45.3;-33.9;1.1
77562;43.9;-33.8;1.3
77564;42.6;-32.8;2.5
77566;44.2;-33.1;1.1
77568;44.4;-33.9;1.6
77570;41.4;-33.1;2.2
77572;43.6;-34.2;1
77574;44.5;-34.2;1.8
77576;42.6;-34.4;1.6
77578;43.5;-34;1.3
77580;44.8;-33.9;1.9
77582;43.4;-33.7;2
77584;44;-33.9;0.9
77586;44.7;-33.3;1.9
77588;41.7;-32.9;1.7
77590;41.5;-33.2;1.1
77592;43.1;-33.7;2.8
77594;45.3;-34.3;1.1
77596;42.9;-34.2;1.1
77598;44.8;-34.8;2.3
77600;44.9;-33.8;0.8
77602;43;-34.1;1.8
77604;42.8;-33.4;2.3
77606;44.6;-33.7;0.9
77608;43.7;-33.8;1.8
77610;41.1;-33;1.8
77612;42.1;-33;1
77614;42.5;-33;1.8
77616;41.5;-33.5;1.2
77618;42.3;-33.3;0.9
77620;44.5;-33.8;2
77622;42.6;-33.9;2
77624;42.6;-33.8;1
77626;44.8;-33.9;1.9
77628;43.6;-34.1;1.8
77630;41.6;-32.8;0.8
77632;43.2;-33.7;2.1
77634;44.1;-33;1.5
77636;42.6;-33.4;1.6
77638;43.7;-33.8;2.1
77640;43.9;-33.8;0.8
77642;41.7;-34;1.9
77644;41.4;-34.7;2.1
77646;43.2;-34.2;0.8
77648;43.5;-34.2;1.9
77650;40.2;-33.2;1.2
77652;43.6;-33.9;1.2
77654;45;-33.8;1.8
77656;42.3;-33.1;1.4
77658;43.4;-33.7;1.6
77660;45.2;-33.7;1.8
77662;44.1;-33.5;1.5
77664;43;-34;1.7
77666;44.3;-34.1;1.6
77668;43.8;-34.2;1.9
77670;41.8;-34.4;1.8
77672;40.4;-33.8;2
77674;42.1;-33.9;1.7
77676;42;-33.9;1.4
77678;41.5;-33.4;1.4
77680;43.4;-33.1;1.7
77682;44.2;-33.6;1.7
77684;42;-32.9;1.5
77686;43;-33.3;1.8
77688;42.4;-33.4;1.8
77690;42.3;-34.3;1.4
77692;41.5;-33.8;2
77694;42.7;-34.2;1.4
77696;42.6;-34.6;1.4
77698;41.7;-34.3;1.8
77700;42.4;-33.4;1.4
77702;42.3;-33.9;1.3
77704;41.1;-32.8;2
77706;43;-33.1;1.2
77708;42.1;-32.6;1.6
77710;40.4;-32.8;2.5
77712;41.8;-33.6;1
77714;44.2;-34;1.5
77716;42.5;-34;2.1
77718;42.4;-34.4;1
77720;44;-34.1;1.7
77722;43.4;-33.5;1.8
77724;42.1;-33.4;0.9
77726;42.9;-33.4;2.3
77728;45.1;-33;1.3
77730;41;-32.7;1.3
77732;40.4;-33.2;2.3
77734;42.2;-33.5;0.8
77736;43.2;-34;1.8
77738;42.6;-34.6;1.9
77740;42.3;-33.9;1.4
77742;45.5;-34.1;2.4
77744;41.5;-33.6;0.9
77746;42.3;-34.1;1.8
77748;44.5;-33.8;2
77750;43.6;-33.9;1.5
77752;40.3;-32.7;1.8
77754;41.1;-33.2;1.6
77756;42.6;-33.3;1.1
77758;41.8;-33.9;2.2
77760;41.2;-34;1.3
77762;41.3;-33.2;1.1
77764;42.8;-34.3;2.8
77766;40.1;-33.9;0.9
77768;42.5;-34.6;1.7
77770;43.8;-34.7;2.2
77772;42.3;-34.2;0.8
77774;40.2;-33.4;2.4
77776;43.2;-33.7;1.5
77778;43.3;-33.7;1.1
77780;41.5;-32.8;2.3
77782;43.1;-34;1
77784;44.5;-34.2;1.7
77786;42.8;-34.2;1.9
77788;41.7;-34.6;0.8
77790;41;-33.9;1.6
77792;39.9;-33.6;1.8
77794;39.1;-33.8;1.2
77796;39;-33.5;1.8
77798;40.7;-32.9;1.6
77800;42.3;-33.6;1.1
77802;41.7;-33.5;1.8
77804;40.9;-32.8;1.1
77806;43.4;-33.7;1.5
77808;41.9;-34.2;2
77810;40.6;-33.9;0.8
77812;42.2;-34.2;1.8
77814;40.6;-33.8;1.9
77816;38.4;-34;1.3
77818;39.5;-33.6;2.2
77820;42;-33.8;1.8
77822;40.2;-33.3;1.1
77824;38.7;-32.6;1.8
77826;41.6;-33.3;1.4
77828;42;-32.8;1.8
77830;40.4;-33.2;2
77832;41;-33.2;1.7
77834;41.8;-33.6;1.4
77836;42.7;-34.2;1.8
77838;41.2;-34.7;1.8
77840;41;-34.3;1.3
77842;41.6;-33.7;1.5
77844;42.5;-33.6;1.7
77846;41.8;-33.7;1.3
77848;40.7;-33.1;1.7
77850;42;-32.7;1.8
77852;42.1;-33.7;1.7
77854;40.3;-33.8;1.7
77856;40.4;-34.2;1.3
77858;42.3;-34.4;1.4
77860;40.5;-34.4;1.8
77862;39.7;-34.4;1.6
77864;40.4;-34;2.2
77866;43.3;-34.2;1.7
77868;42;-33.9;1.5
77870;40.7;-33.7;1.9
77872;41.2;-33.3;1.4
77874;42;-32.7;1.5
77876;41.9;-33.8;1.8
77878;39.4;-33.4;1.5
77880;40.5;-33.7;1.5
77882;41.7;-34.4;2
77884;39.6;-34.1;1.3
77886;39;-34.1;1.6
77888;39.2;-33.4;2.2
77890;40.7;-33.7;0.9
77892;40.3;-33.9;1.9
77894;38.8;-33;1.9
77896;41.2;-33.6;0.8
77898;41.5;-33.1;2.2
77900;39.2;-32.9;1.3
77902;39.3;-33.8;1.8
77904;41;-33.6;2
77906;41.3;-34.2;0.9
77908;39.7;-34.3;2
77910;38.2;-33.6;2.2
77912;40.5;-34.4;0.8
77914;40.3;-33.5;2
77916;39.8;-34;1.7
77918;38;-33.2;1.3
77920;39.6;-33.3;2
77922;41.5;-33.6;1.3
77924;38.9;-33.3;1.4
77926;38;-33.6;2.1
77928;38.5;-32.9;1.3
77930;40.7;-33.9;1.8
77932;39.5;-33.9;1.9
77934;37.4;-33.5;1.2
77936;39;-34.4;1.7
77938;40.9;-34.2;1.8
77940;39.7;-33.3;1.3
77942;38.1;-33.4;1.7
77944;38.1;-33.5;1.6
77946;39.9;-32.8;1.5
77948;41.5;-32.9;1.9
77950;39.7;-32.8;1.6
77952;38.3;-33.4;1.1
77954;38.3;-33.1;2
77956;40.7;-33.8;1.4
77958;40.3;-34.4;1.2
77960;36.9;-34;2.3
77962;37.4;-34.5;0.9
77964;39.7;-33.7;1.5
77966;41.6;-34.1;2.2
77968;40.5;-33.6;0.9
77970;38.4;-33.2;1.5
77972;39.4;-33.1;1.8
77974;42.1;-33.1;0.8
77976;42.8;-33.9;2.5
77978;40;-34;1.5
77980;39.5;-34.3;0.8
77982;41;-34.4;2.3
77984;42;-33.9;1
77986;42.1;-34.3;1.8
77988;39.6;-33.8;1.9
77990;37.5;-33.5;0.9
77992;38.8;-33.2;2
77994;40.8;-33.1;1.6
77996;40;-33.3;0.9
77998;37.6;-32.7;2
78000;37.4;-33.2;1.5
78002;38.3;-33.2;1.6
78004;41.3;-34.6;2.3
78006;38.9;-34.2;1.4
78008;37;-33.8;1.5
78010;38.2;-33.8;1.8
78012;40.1;-34.2;1
78014;40.8;-33.1;2.7
78016;40.5;-33.7;1.3
78018;38.2;-33.5;1.8
78020;36.8;-33.2;1.6
78022;37.9;-32.8;0.9
78024;40.1;-33.9;2.1
78026;39.2;-34.2;1.6
78028;38.4;-34.4;1.5
78030;37.2;-34;2.2
78032;38;-34;1.2
78034;39.5;-33.9;1.6
78036;38.8;-34.1;1.8
78038;37.8;-34.1;1.6
78040;36.5;-33.7;1.4
78042;36;-32.9;1.5
78044;37.9;-32.9;1.6
78046;37.2;-32.8;1.8
78048;36.8;-33.6;1.8
78050;34.5;-33.6;1.5
78052;35.4;-34.2;1.3
78054;37.8;-34.4;1.8
78056;38.4;-34.1;1.4
78058;39.1;-34.6;1
78060;37;-33.9;1.8
78062;36.6;-33.5;1.6
78064;37.2;-33.7;0.9
78066;37.1;-32.8;2.1
78068;38.8;-33;1.2
78070;37.1;-33;1
78072;35.9;-33.5;1.9
78074;34.9;-33.4;1.5
78076;36.9;-34.2;1.4
78078;39;-34.6;2
78080;38.4;-34;1.3
78082;36.4;-33.3;1.3
78084;34.1;-33.2;2
78086;34.1;-34;1.3
78088;34.2;-33.7;1.6
78090;35.8;-33.2;1.9
78092;37.2;-33.1;0.8
78094;36.5;-33.1;2.2
78096;35.4;-34.2;2
78098;33.2;-33.9;0.6
78100;34.1;-34.4;2.5
78102;35.3;-34.1;1.3
78104;37;-34.6;0.9
78106;37.9;-34.2;2.8
78108;36.7;-33.7;0.3
78110;35.3;-33.4;2.1
78112;33.4;-33.1;2
78114;34.2;-33.5;0.6
78116;36.4;-33.4;2.8
78118;38.3;-33.7;1.1
78120;37;-33.3;1.1
78122;35.8;-34;2.8
78124;33.7;-34;0.7
78126;31.5;-34.2;1.9
78128;31.1;-34.1;1.8
78130;32.7;-33.8;0.8
78132;35.2;-33.7;1.9
78134;36.7;-33.4;1.6
78136;37.7;-33.8;1.2
78138;35.4;-33.6;2
78140;31.9;-33;1.6
78142;30.8;-33.5;1.1
78144;32.1;-33.9;2.1
78146;33.8;-34.4;1.2
78148;36.1;-34.4;1.3
78150;37.3;-34.5;2.2
78152;35.6;-33.6;1.3
78154;33.8;-33.5;1.6
78156;31.6;-33.8;2.2
78158;30.8;-33.2;0.9
78160;30.1;-33;1.5
78162;32.2;-33.5;1.8
78164;33.2;-33.1;1.3
78166;35.3;-33.1;1.8
78168;36.7;-34.3;1.5
78170;35.5;-34.7;1.6
78172;32.9;-34.2;2.1
78174;30.1;-33.8;1.1
78176;29.3;-33.7;1.7
78178;30.1;-33.2;1.9
78180;31.2;-33;0.9
78182;33.2;-33.2;2
78184;34.7;-32.6;2
78186;36.7;-33.6;1.2
78188;36.6;-34;2
78190;34.5;-34.2;1.5
78192;31.5;-34;0.7
78194;29.7;-34;2.2
78196;29.6;-33.8;1.8
78198;30.9;-34.2;1.3
78200;32.1;-33.7;2.2
78202;33.8;-33.7;1.1
78204;34.3;-32.8;1.8
78206;36.1;-33.6;2.4
78208;36.2;-33.8;1.4
78210;34.3;-33.6;1.8
78212;32.6;-33.8;1.8
78214;29.9;-33.8;1.3
78216;29.1;-34.2;1.8
78218;29.1;-33.7;1.8
78220;30.1;-33.6;1
78222;31.4;-33.8;1.8
78224;32.4;-33.4;1.7
78226;33.9;-33.5;1.1
78228;34.6;-33.2;2.3
78230;34;-33.1;1.5
78232;32.8;-33.3;1.3
78234;31.3;-33.7;1.9
78236;30.4;-34.5;1.4
78238;28.3;-34.1;1.5
78240;27.7;-34.4;1.8
78242;27.5;-33.9;1.5
78244;28;-33.5;1
78246;29.9;-33.8;1.9
78248;29.8;-32.6;1.5
78250;31.8;-33;0.9
78252;32.6;-33.4;2
78254;33;-33.3;1.6
78256;33.1;-34.3;1.2
78258;31.7;-33.8;1.6
78260;30.3;-33.6;1.8
78262;29.2;-33.7;1.5
78264;28.3;-34;1.6
78266;27.8;-33.9;1.8
78268;27.8;-34.1;1.6
78270;27.9;-33.5;1.6
78272;28.3;-32.8;2.2
78274;29;-32.9;1.4
78276;29.9;-32.9;1.7
78278;30.4;-32.9;2
78280;32.2;-33.8;1.5
78282;31.9;-33.6;2
78284;32.1;-33.5;1.8
78286;32.2;-33.5;1
78288;32.5;-34.2;1.6
78290;31;-34;1.7
78292;30.4;-33.8;1.3
78294;30.1;-34.3;1.6
78296;28.9;-34;1.8
78298;28;-33.6;1.3
78300;27.1;-33.3;1.1
78302;27.1;-32.6;1.7
78304;27.2;-33.1;1.6
78306;27.7;-33.4;1.7
78308;27.9;-33.1;1.8
78310;28;-33.5;1.3
78312;28.7;-33.6;1.9
78314;29.5;-34.1;1.8
78316;29.9;-34.3;0.8
78318;30.5;-33.9;2.3
78320;30.1;-33.5;1.3
78322;30.2;-33;0.7
78324;30;-32.8;2.8
78326;29.9;-33.6;0.9
78328;29.1;-33.4;1.4
78330;28.7;-33.6;1.9
78332;27.1;-33.2;0.9
78334;25.8;-33.5;1.9
78336;25.9;-34.3;1.9
78338;25.6;-34.1;0.6
78340;25.1;-34.3;2.1
78342;24.9;-33.9;1.7
78344;24.8;-33;1
78346;25.2;-33.5;2.4
78348;25.3;-33.5;0.9
78350;25.3;-33;1.6
78352;25.5;-33.5;2
78354;25.6;-33.2;1.1
78356;26.5;-34.4;1.9
78358;27.4;-34.6;1.9
78360;27.2;-34.3;1
78362;27.6;-33.9;1.9
78364;28.7;-34.3;1.8
78366;28.1;-33.8;1
78368;29;-33.6;1.8
78370;28.4;-33;1.8
78372;28.9;-33.2;1
78374;28.9;-32.9;2
78376;28.5;-33.4;1.7
78378;28.8;-34.2;1.4
78380;28;-33.6;1.9
78382;28.2;-34.2;1.2
78384;27.8;-34.5;1.5
78386;27.2;-34.5;1.7
78388;26.5;-33.5;1.4
78390;25.7;-33.3;1.8
78392;24.9;-33.2;1.4
78394;24.2;-32.8;1.6
78396;24;-33.1;2
78398;24;-33.8;1.3
78400;23.9;-33.9;1.2
78402;23.5;-33.4;2
78404;23.4;-33.9;1.3
78406;23.7;-34.2;1.3
78408;23.9;-34.6;2.5
78410;23.6;-33.9;1.3
78412;23.5;-33.2;1.4
78414;23.6;-32.9;2.2
78416;24.3;-33.6;1.2
78418;24.4;-33.7;1.6
78420;24.6;-33.4;2
78422;24.7;-33.6;1.5
78424;24.8;-33.3;1.1
78426;24.7;-34;1.8
78428;24.7;-33.4;1.2
78430;25.2;-34;1.4
78432;25.4;-34.9;2.4
78434;25;-33.8;1.1
78436;25.5;-34.4;1.6
78438;25.4;-33.5;2.4
78440;26;-33.9;1
78442;26.2;-33.6;2.1
78444;26.1;-33.6;2
78446;26.4;-33.6;0.5
78448;26.2;-33.3;2.4
78450;26;-33.1;1
78452;26.1;-33.8;1.3
78454;26.6;-34.2;2.2
78456;27.1;-34.7;1
78458;27.1;-34.5;1.8
78460;27.3;-34.2;1.8
78462;26.7;-33.6;1.1
78464;26.7;-33.4;2.1
78466;26.9;-33.2;1.9
78468;27.5;-33.5;0.8
78470;27.4;-33.5;2.3
78472;27;-33.3;1.5
78474;27;-33.2;1.2
78476;27.4;-34.4;2.6
78478;27.3;-34.6;1.3
78480;26.6;-33.7;1
78482;27.3;-33.9;2.2
78484;27.1;-34.2;1.7
78486;26.9;-34;0.9
78488;26.6;-33.1;2
78490;26.5;-33;1.4
78492;26.7;-33.8;0.8
78494;26.1;-32.9;1.7
78496;26.6;-33.6;1.3
78498;26.1;-33.8;1.6
78500;26.6;-34.4;2.2
78502;26.3;-34.7;1
78504;26.2;-34.5;1.8
78506;26.1;-34.7;2.3
78508;25.4;-33.8;0.9
78510;25.7;-33.8;2
78512;25.8;-33.1;1.5
78514;25.2;-32.5;0.7
78516;25.5;-33;2.1
78518;25.3;-32.8;1.5
78520;25.1;-34;1.3
78522;25.3;-33.8;2
78524;24.8;-33.8;0.8
78526;25.3;-34.3;1.8
78528;24.7;-34;1.9
78530;24.7;-33.9;1
78532;24.8;-34.5;2.3
78534;24.8;-33.7;1.2
78536;24.6;-33.7;1.3
78538;24.8;-33.4;2.1
78540;24.4;-33.1;0.9
78542;24.8;-33.8;2.6
78544;24.4;-33.7;1.8
78546;24.6;-34.5;0.7
78548;24.6;-34.4;2.6
78550;24;-33.8;1
78552;24.4;-34.1;1.8
78554;24;-33.6;1.8
78556;24.2;-33.6;0.8
78558;24;-33.7;2.4
78560;24.1;-33.1;1.7
78562;23.9;-33.4;1.1
78564;24.1;-33.2;2.2
78566;24.4;-33.7;1.6
78568;24.2;-34;1.2
78570;23.9;-34.2;2.3
78572;23.5;-33.5;1
78574;24.1;-34.5;1.2
78576;23.6;-33.9;2.3
78578;23.6;-33.6;1.3
78580;24.2;-34.5;1.4
78582;24;-34.4;1.8
78584;24;-33.4;1.3
78586;23.7;-33.2;2.1
78588;23.9;-33.5;1.2
78590;23.7;-33.2;1.4
78592;23.7;-33.2;1.9
78594;23.7;-33;1.3
78596;23.7;-33.9;1.6
78598;23.7;-34.3;1.8
78600;23.9;-34.7;1.6
78602;23.6;-33.8;1.5
78604;23.6;-34;2
78606;23.7;-33.4;1.7
78608;23.7;-32.7;1.4
78610;23.9;-33.6;1.9
78612;23.7;-32.9;1.7
78614;23.6;-32.8;1.3
78616;23.8;-34.1;2.4
78618;24.1;-34;1.9
78620;24.2;-34.5;1.8
78622;23.8;-34.2;2.3
78624;23.7;-34.1;2.1
78626;24.3;-34.7;2.5
78628;23.7;-33.5;2.4
78630;23.8;-33.6;2.3
78632;24;-33.3;2.5
78634;24.1;-32.8;2.5
78636;24.1;-32.9;2.4
78638;24;-32.9;2.8
78640;24.4;-33.6;2.5
78642;24.5;-34;2.8
78644;24;-33.7;2.7
78646;24.5;-34.4;2.7
78648;24;-34.2;2.8
78650;24.2;-33.8;2.8
78652;24.3;-33.8;2.8
78654;24.3;-33.4;3.1
78656;24.5;-33.8;3
78658;24.3;-33.1;2.8
78660;24;-32.9;2.8
78662;24.2;-32.9;2.9
78664;24.8;-33.6;2.3
78666;24.5;-33.7;3
78668;24.1;-34;2.8
78670;24.7;-34.6;2.4
78672;24.3;-33.8;2.8
78674;24.7;-33.9;2.7
78676;24.4;-34;2.9
78678;24.7;-34.1;2.8
78680;24.3;-32.9;2.5
78682;24.3;-32.7;3.2
78684;24.2;-32.5;2.8
78686;24.6;-33.4;2.8
78688;24.7;-33.3;2.8
78690;24.5;-33.5;2.7
78692;24.7;-34.2;2.3
78694;24.6;-33.8;2.6
78696;24.7;-34.3;2.4
78698;24.9;-34.2;2.8
78700;24.7;-33.9;2.5
78702;24.6;-33;2.4
78704;24.3;-32.4;2.8
78706;24.8;-33.1;2.2
78708;24.3;-32.8;2.6
78710;24;-32.4;2.1
78712;23.4;-32.3;2.8
78714;23.3;-32.2;2.6
78716;23.5;-33.3;2.8
78718;23.2;-33.3;2.4
78720;23;-33.2;2.5
78722;22.4;-32.8;2.5
78724;22.1;-31.9;2
78726;22.6;-32.4;2.4
78728;22.4;-31.4;2.3
78730;22.7;-31.3;2.3
78732;22.5;-30.7;2.4
78734;22.9;-31;2
78736;23.2;-31;2.4
78738;23.4;-31;1.9
78740;23.3;-30.4;2.3
78742;23.5;-30.7;2.2
78744;23.9;-30.7;2.1
78746;24;-30.6;2.1
78748;24;-30;1.8
78750;23.6;-29.3;2.1
78752;23.8;-28.9;1.7
78754;23.8;-28.6;2.2
78756;24.7;-29.1;1.8
78758;24.5;-28.2;2
78760;24.7;-28.4;2.1
78762;24.6;-27.6;1.7
78764;25.3;-28.2;1.9
78766;25;-27.2;1.7
78768;25.9;-28;2
78770;26.1;-27.3;1.7
78772;26.3;-27.8;1.7
78774;26.3;-27.5;1.3
78776;26.6;-27.4;1.4
78778;26.7;-27.2;1
78780;26.9;-27.4;1.2
78782;27.2;-27.2;1.7
78784;27.7;-27.3;1
78786;27.2;-26.3;1.4
78788;28.1;-27.3;0.8
78790;27.6;-26.7;1.5
78792;28.5;-26.6;0.7
78794;27.8;-26.3;1
78796;28.1;-26.6;0.6
78798;28.6;-26.9;0.9
78800;27.9;-25.8;0.8
78802;27.8;-26.1;0.7
78804;27.4;-25.9;1.2
78806;27.8;-26.4;0.6
78808;27.5;-26.3;0.5
78810;26.2;-25.8;0.7
78812;25.7;-26;0.6
78814;24.5;-25.6;0.2
78816;24.8;-26.2;0.4
78818;24.1;-26;0.4
78820;23.8;-25.7;0.7
78822;22.8;-25.2;0
78824;23;-25.1;0.6
78826;23.9;-25.9;0
78828;23.9;-25.5;0.8
78830;24.2;-25.5;0.1
78832;24.2;-24.9;0.4
78834;24.1;-25;0.4
78836;25.5;-25.2;0.1
78838;25.6;-25;0.3
78840;26.1;-25;0.3
78842;26.2;-24.5;0
78844;26.7;-24.1;0.2
78846;27.5;-24.8;0
78848;28.2;-24.5;0.1
78850;28.5;-24.5;0.2
78852;29.3;-24.7;0
78854;29.6;-24.2;0.5
78856;29.7;-24.1;0
78858;30.4;-24.5;0.7
78860;29.7;-23.7;-0.2
78862;30.4;-24;0.1
78864;29.2;-23.8;0.2
78866;29.1;-24;0
78868;27.6;-23.7;0.4
78870;27.3;-23.9;0
78872;25.5;-23.4;0.5
78874;24.4;-23.4;0.1
78876;25;-23.4;0.5
78878;24.8;-23.3;0.4
78880;24.8;-22.8;0.8
78882;25.7;-23;0.4
78884;26.5;-22.6;1.1
78886;27.6;-23;0.4
78888;28.7;-22.6;0.9
78890;30.1;-22.9;0.6
78892;29.9;-21.9;1.3
78894;30.2;-21.9;0.9
78896;32;-22.5;1.3
78898;32.3;-22.3;1.6
78900;32.3;-21.9;1.3
78902;31.4;-21.5;1.8
78904;30.8;-21.3;1.4
78906;29.9;-21.2;1.8
78908;28.6;-21.4;1.5
78910;26.9;-20.8;2.3
78912;25.8;-20.7;1.5
78914;25.8;-20.8;2.2
78916;26.1;-20.7;2.4
78918;27.2;-20.5;3
78920;27.3;-19.9;2.5
78922;28.5;-20.2;3.1
78924;29.5;-20.1;3.1
78926;31.1;-20.2;3.5
78928;31.9;-20.4;2.6
78930;31.8;-19.8;3.7
78932;31.6;-19.5;3.2
78934;31;-19;3.7
78936;30.9;-19.6;3.6
78938;28.8;-18.8;3.9
78940;27.6;-18.9;4
78942;26.4;-19.2;4.2
78944;26.2;-19.2;4.3
78946;26;-18.7;4.8
78948;27;-18.8;4.3
78950;28.3;-18.7;4.8
78952;29.1;-18;4.9
78954;30.6;-18;4.8
78956;32.1;-18.2;5.6
78958;33.2;-18;4.7
78960;32.4;-17.5;5.4
78962;32;-17.8;5.2
78964;30.7;-17.7;5.1
78966;29.8;-17.6;5.4
78968;28.4;-17;5.3
78970;28;-17.3;5.5
78972;29.1;-17.2;4.9
78974;29.3;-17;5.6
78976;31.3;-17.2;5.2
78978;33.3;-17.1;5.2
78980;33.4;-16.3;5.1
78982;34.5;-16.1;5.7
78984;34.5;-16.1;4.1
78986;33.6;-15.9;5.3
78988;31.2;-15.7;4.4
78990;29.5;-15.4;4.8
78992;29.1;-15.1;4.7
78994;28.5;-15.1;3.3
78996;30.5;-14.7;4
78998;32.1;-14.8;3.1
79000;34;-14.7;3.7
79002;35.8;-14.4;3
79004;35.1;-13.9;2.5
79006;35.3;-13.9;3.2
79008;33.7;-14.2;1.6
79010;30.5;-13.3;2.3
79012;28.6;-13.3;2.1
79014;27.8;-12.8;0.9
79016;29.8;-12.8;1.8
79018;31.9;-12;-0.1
79020;33.8;-11.5;1.7
79022;34.3;-11;-0.1
79024;35.5;-10.7;0.7
79026;35;-10.1;-0.1
79028;32.8;-9.7;0.5
79030;29.5;-9.7;0
79032;28.9;-8.8;0
79034;29.2;-8.3;0.3
79036;31.2;-8.5;-0.3
79038;34.4;-7.4;0.5
79040;35.2;-7.3;-1
79042;35.6;-7.1;0.9
79044;34.9;-6.4;-0.6
79046;32.6;-6;0.9
79048;31.7;-6.7;-0.6
79050;31.7;-5.6;1.6
79052;32.5;-5.6;-0.8
79054;33.8;-6.2;1.6
79056;36;-5.6;-0.5
79058;37.1;-6.7;2.6
79060;35.5;-6.2;0.4
79062;34;-6.8;3.1
79064;31.4;-7.6;0.5
79066;31.5;-7.3;3.5
79068;32.5;-8.6;1.2
79070;34.4;-8.1;3.6
79072;35.5;-9.1;1.9
79074;35.7;-8.3;3
79076;35.8;-8.5;4.5
79078;32.9;-7.7;2.8
79080;32.4;-7.8;4.9
79082;32.6;-6.7;2.6
79084;34.1;-6.1;5.9
79086;35.9;-4.9;2.8
79088;36.2;-4.3;5.4
79090;35.7;-2.8;4.3
79092;34.4;-2.4;4.3
79094;33.9;-0.2;5.7
79096;33.7;-0.3;3.7
79098;34.7;1.3;6.3
79100;35.4;2.1;3.2
79102;35.8;1.7;4.7
79104;35.9;2.7;5.1
79106;34.3;2.8;3.3
79108;33.2;3.3;4.8
79110;33;2.9;3.1
79112;34.4;2.3;2.6
79114;35.3;2.4;3.6
79116;37.5;1;1.4
79118;36.6;0.4;1.4
79120;34.6;0.5;2.8
79122;33.4;0.3;0
79124;33.8;0.3;1.6
79126;35.1;1.1;-0.1
79128;38.4;2.1;0.4
79130;37.4;2.5;0.5
79132;36.2;3.2;-0.2
79134;33.8;2.7;-0.4
79136;34;5.2;1.2
79138;36.3;9.1;-1
79140;37.2;6.3;0.4
79142;37.6;6.5;0.6
79144;35.6;8.3;0
79146;33.4;8.3;-0.1
79148;32.5;7.5;2.3
79150;34;8.9;0
79152;35;6.4;1.8
79154;37.2;6.1;1.9
79156;36.8;6;2.2
79158;34.7;5.8;1.6
79160;33.5;7.5;4.7
79162;34.1;7.6;1.9
79164;35.7;10.4;4
79166;38.8;10.4;3.9
79168;39.2;12.9;4.9
79170;37.7;13.4;3
79172;34.6;14.7;5.1
79174;35;15.3;4.7
79176;37.4;16.3;5.3
79178;37.9;14.2;4.2
79180;38.2;14.8;5.6
79182;36.7;11.1;5.7
79184;32.8;12;3.4
79186;33.6;10.7;5.7
79188;36.3;13;4.7
79190;38.9;13.8;4.9
79192;39.3;15.6;2.4
79194;37.3;17.9;4.5
79196;34.7;19.1;2.6
79198;34.8;20.2;3.2
79200;36.8;20.5;0.5
79202;38.3;20.8;1.7
79204;38.2;19.8;2.3
79206;36.5;17.9;-0.7
79208;33.5;18.4;0.9
79210;34.3;16.2;-0.2
79212;35.9;17.5;1.1
79214;38.4;18.5;-0.1
79216;38.5;20.5;-1
79218;36.1;23;0.4
79220;33.6;22.8;1.2
79222;34.8;24;0.2
79224;37.6;24.1;0.2
79226;39.6;22;0.6
79228;39.3;20.5;1.5
79230;36;18.7;3.1
79232;35;19.7;1.3
79234;35.5;19.5;2.2
79236;37.7;21.7;3.2
79238;39;24;3.7
79240;36.9;25.8;4
79242;35.5;27.5;2.9
79244;34.9;28.5;4.7
79246;37.4;25.8;5.7
79248;38;24.2;5
79250;38.2;22.9;6
79252;35.4;23;3.7
79254;34.3;26;5.3
79256;34.9;29.1;5.6
79258;35.5;31.1;5.3
79260;37.2;33.4;5.2
79262;35.7;34.9;2.9
79264;34.9;34.8;4.2
79266;35;32.9;3.2
79268;35.2;29.8;3.3
79270;38;32.9;3.3
79272;39.4;35.6;1.3
79274;36.4;37.5;0.4
79276;36.3;39.4;0.2
79278;36.5;42.8;0.9
79280;37.1;41.9;0.6
79282;38.5;39.2;0.1
79284;36.1;37.8;-0.3
79286;35.9;37.7;-1.5
79288;33.9;37.9;0.1
79290;35.6;41.8;-0.4
79292;36.6;45.5;0.7
79294;37;45.6;0.5
79296;35.2;46;-0.5
79298;35;43.8;0.8
79300;35.7;41.7;0.6
79302;37.6;42.7;2.1
79304;37.3;41.9;2.8
79306;37.4;45.7;1.5
79308;35.1;48.3;3.3
79310;35.1;50.4;1.6
79312;36;47.2;3.3
79314;38.7;44.4;4.5
79316;39.2;44.9;4
79318;37.7;47.2;5.2
79320;36.6;48.3;4.1
79322;35.5;49.3;4.3
79324;38;52.5;4
79326;38.9;51.1;4.7
79328;37.7;47;4.4
79330;36;46;4.9
79332;33.8;47.1;4.3
79334;35.3;50.7;2.5
79336;37.8;52.2;3.6
79338;39.7;54.6;0.5
79340;36.9;50.2;2
79342;35.8;49.9;0.5
79344;35.6;48.7;1.5
79346;36.7;51;0.1
79348;39.1;54;1.3
79350;39.1;55;-0.5
79352;36.3;54.6;-0.5
79354;34.4;51.8;0
79356;34;53;-0.7
79358;36.9;52.3;0
79360;38.2;53.4;1.2
79362;37.7;55.9;0.4
79364;35.5;55.1;2.2
79366;34.5;51;0.9
79368;35.8;51.2;1.7
79370;36.6;53.1;0.9
79372;38.6;52.3;2.9
79374;38.8;56.3;3.4
79376;36.9;57.4;4.4
79378;35.6;53.3;5.3
79380;36.3;50.2;3.8
79382;38;53;5.2
79384;40.8;57.7;3.9
79386;38.5;58.2;4.7
79388;36.3;59.2;4.4
79390;33.5;54.3;5.9
79392;33.9;51.3;4.1
79394;35.6;55.2;5.5
79396;38.1;59.7;4.9
79398;36.5;59;3.2
79400;35.2;58.4;4.7
79402;34.4;55.1;1.4
79404;34.3;54;2.5
79406;37.1;59.4;-0.3
79408;36.9;59.9;1.5
79410;35.8;59.7;0.1
79412;34.1;53.8;0.8
79414;35;54.6;0.7
79416;36.3;56.4;0.4
79418;37.4;58.7;0.8
79420;38.5;62.1;0.1
79422;37.1;59.9;0
79424;34.4;54.2;-0.1
79426;34;57.3;1.7
79428;34.9;61.4;0.5
79430;35.9;62.2;2.4
79432;37;60.9;2.9
79434;37.7;57.2;3.1
79436;35.5;53.5;4.3
79438;33.9;59.4;3.1
79440;34.4;62.9;3.7
79442;35.7;62.2;3.7
79444;36.6;57.2;4.4
79446;36.6;54.3;5.3
79448;35.7;58;5.1
79450;34.4;64.3;6.6
79452;34.3;65.5;5.1
79454;33.9;58;6.3
79456;36;56;4
79458;35.7;56.7;5.1
79460;34;61;2.8
79462;33.1;66.5;4.5
79464;32.4;58.6;1.5
79466;33.2;56.4;3.1
79468;35.6;60.4;1.3
79470;37.3;62.8;1.7
79472;36.4;64.4;1.5
79474;34.4;60.1;0.9
79476;33.6;55.4;0.7
79478;33.2;59.6;-1.4
79480;34.2;63.4;0.2
79482;35.9;64;-1.4
79484;37;63.1;0
79486;35.8;58.8;0
79488;33.2;60.4;0
79490;33.4;66.2;1.7
79492;34.2;65.3;1
79494;35.3;62.8;1.8
79496;36.1;59.1;0.4
79498;36;60.6;2.3
79500;35.4;66.2;1.6
79502;32.1;61.2;2.9
79504;32;59.9;4
79506;31.8;61;4
79508;32.9;61.3;5.7
79510;34.6;65.9;3.5
79512;37.1;61.1;5.6
79514;35.9;58.1;2.6
79516;34.2;64.2;5.5
79518;32.7;65.1;3.8
79520;31.5;65.3;5.1
79522;32.8;60.8;4.9
79524;34.7;61.3;3.9
79526;36.9;66.8;5
79528;36.7;65.5;3
79530;35.5;62.3;2.8
79532;34.1;58.8;0.7
79534;33.1;61.4;2.1
79536;32.1;65.8;-0.8
79538;34;67.3;1.2
79540;36.6;62.5;0.2
79542;37.7;63.1;0.3
79544;37.1;66.2;0.9
79546;34.1;67.1;-0.5
79548;32.9;64.7;0.4
79550;30;56.7;-0.6
79552;30.3;61.7;0.2
79554;33;66.1;1.2
79556;34.7;65.6;1.2
79558;37.2;61.2;3.2
79560;36.4;57.2;0.4
79562;36.1;65.9;3.2
79564;32.6;67.9;1.1
79566;31;65;3.4
79568;30.2;58.5;3.8
79570;30.7;60.6;4.4
79572;32.4;67.9;4.9
79574;34.3;67.4;4.4
79576;37;62.3;4.9
79578;36.4;59.1;3.9
79580;35;65.8;5.6
79582;32.4;72.1;5.1
79584;30.3;66;5.7
79586;29.6;58;5.3
79588;30.2;61.8;4.2
79590;31.6;65;4.5
79592;33.3;69.9;2.3
79594;35.5;63.8;2.9
79596;35;58.6;3
79598;34.4;66.9;2.1
79600;31.5;69.3;2.7
79602;29.4;69.6;0.2
79604;28.3;57.4;0.7
79606;28.9;60.4;-0.4
79608;30.4;67.4;0.9
79610;31.8;67.2;0
79612;33.3;61.9;0.9
79614;34.5;58.3;0
79616;35;62.6;-0.2
79618;34.6;68.5;0.8
79620;32.2;65.3;0.6
79622;30.1;61.7;2.3
79624;28.9;62;1.8
79626;29;67.2;1.2
79628;28.9;67.6;2.2
79630;30.3;61.9;2.9
79632;32.7;63;3.3
79634;33.4;64.4;4.7
79636;34.5;67.4;2.5
79638;34.7;64.4;4.5
79640;34;60.4;4
79642;31.5;62.9;5.4
79644;30.8;67.3;5.7
79646;29.4;68.4;4.4
79648;28.3;64;5.5
79650;28.6;62.6;4.5
79652;29.3;66.4;5.9
79654;31.2;67.9;5.5
79656;31.8;63.2;3.8
79658;33;62.5;4.7
79660;33.2;63.3;3.6
79662;32;66.1;4.2
79664;31.5;65.3;3.6
79666;30.1;59;0.9
79668;29.4;63.4;2.1
79670;27.3;64.8;0.3
79672;27.2;68.7;1.8
79674;27.1;66;0.8
79676;26.9;59.1;-1.1
79678;27.7;65;0.1
79680;28.6;67.2;0.1
79682;29.5;66.3;0.4
79684;29.9;61.9;-0.7
79686;30.6;59.6;-0.8
79688;31.7;67.3;0.2
79690;30.7;67.7;0.4
79692;30.8;64.6;-0.4
79694;28.9;59.1;0
79696;28.8;59.6;1.8
79698;27;65.3;0.2
79700;26;69.3;1.4
79702;25.8;62.7;1.2
79704;26.1;60.4;2.6
79706;27.3;63.3;2.9
79708;27.9;68.7;1.7
79710;28.8;71.1;3.6
79712;29.1;60.1;4.2
79714;29.8;57.3;2.9
79716;30.9;63.6;3
79718;30.4;65.6;5.2
79720;30.9;67.6;3.6
79722;30.8;59.8;4.7
79724;30.3;57.5;3.5
79726;29.8;64.5;5.4
79728;29.2;67.7;4.3
79730;27.5;68.6;3.6
79732;26.6;61.7;4.9
79734;26.2;57.5;4.2
79736;25.9;62.4;3.2
79738;26.1;66.6;2.7
79740;26.2;67;4.7
79742;26.7;62.3;0.7
79744;27.2;59.3;2.6
79746;27.3;62.1;1.8
79748;27.9;67.1;1.5
79750;28.5;66.7;-0.3
79752;27.9;58.6;2.2
79754;28.7;57.5;-1.2
79756;29.2;58.8;0.6
79758;29.5;63.7;0.2
79760;29.1;66.6;-0.2
79762;29;61.8;-1.4
79764;29.1;58.2;1.7
79766;28.3;62.6;-1.8
79768;27.2;63.1;0.1
79770;26.3;64.1;0.6
79772;25.3;63.8;-0.3
79774;25;58.6;0
79776;24.6;60;1.7
79778;24.1;62.1;-0.4
79780;24.6;64.5;2
79782;23.9;62.9;1
79784;24.1;60.2;0.8
79786;24;57.8;3
79788;24.7;61.3;1.7
79790;24.6;65.2;2.7
79792;24.6;62.8;3.2
79794;25.1;60.5;2.8
79796;25.3;60.8;4.5
79798;25.6;59.5;2.8
79800;26.3;60.2;3.8
79802;27;64.6;5.4
79804;27.3;63.1;3.2
79806;27;56.9;5.9
79808;27.5;59.8;4
79810;27.4;60.5;5.6
79812;27.6;59.7;4.9
79814;27.9;62.1;4.1
79816;28.5;63;6.5
79818;27.9;55.6;2.9
79820;28.4;56.5;6.7
79822;27.6;58.3;3.6
79824;27.4;60.8;5.5
79826;27;62.8;4.1
79828;26.5;61.6;3.3
79830;26.4;59.1;5.1
79832;25;55.9;1.1
79834;24.7;59;5.4
79836;24.3;63.4;0.1
79838;23.5;62.1;4.7
79840;23.5;62.1;-0.5
79842;23.2;57.4;3.2
79844;22.6;56.3;-0.5
79846;23;57.4;2.1
79848;22.8;59.5;-0.7
79850;23.4;62.7;0.7
79852;23.2;63.7;0.9
79854;22.6;58.7;-0.2
79856;22.6;54.6;0.3
79858;22.6;53.5;-0.6
79860;22.8;56;0.5
79862;22.8;57.1;-0.1
79864;23.3;62.3;0
79866;23.2;62;-0.2
79868;23.8;60.9;0.4
79870;23.5;55.1;0.8
79872;23.2;52.1;-0.2
79874;23.3;54.3;1.2
79876;23.7;57.3;-0.6
79878;24.2;59.5;1.6
79880;23.9;59.6;0.2
79882;23.7;59.4;1.1
79884;23.8;57;0.7
79886;24.4;52.6;1.7
79888;24.7;52.6;1.8
79890;24.2;54.1;1.6
79892;24.6;56.2;2.5
79894;24.5;57.5;1.5
79896;24.8;58.8;3
79898;25.1;58.9;2.8
79900;25.4;55.9;3
79902;25.5;54.5;3.8
79904;25;49.1;2.9
79906;25.5;50.4;4
79908;25.6;54.1;3.7
79910;25.3;54.2;3.5
79912;25.4;57.8;4.4
79914;25.7;59.2;4
79916;26.1;58.2;4.5
79918;26.3;56.7;4.6
79920;25.5;52.6;4.2
79922;26.1;53.9;4.9
79924;25.7;51.8;4.5
79926;25.9;52.4;4.5
79928;25.7;54.2;5.5
79930;26.3;57.5;5.1
79932;25.6;57.4;4.9
79934;25.8;59.9;5.1
79936;26;56.8;4.7
79938;26.4;53.1;4.9
79940;25.9;51;5.3
79942;25.8;49.7;4.5
79944;25.9;50.8;5.1
79946;26.2;52;5
79948;26;50.3;4.8
79950;26.5;53.6;4.8
79952;26.3;55.8;4.9
79954;26.2;55.2;5.4
79956;25.7;56.4;4.1
79958;25.9;55.2;5.1
79960;25.4;50.7;3.6
79962;25.9;50.4;4.8
79964;25.7;47.7;3.7
79966;25.8;49.1;4.1
79968;26;49;3.8
79970;25.5;50.9;3.4
79972;25.5;50;3.2
79974;25.6;51;3.1
79976;25.7;53.4;2.9
79978;25.7;52.5;2.8
79980;25;53.2;2.4
79982;25.1;53.5;2.8
79984;25.4;54.1;2.3
79986;24.9;49.7;2
79988;25.2;48.5;1.9
79990;24.6;47.7;1.8
79992;25;47;1.4
79994;24.6;47.5;1.9
79996;24.7;47.2;0.8
79998;24.5;48.6;1.7
80000;24.5;50;0.6
80002;25;49.1;1
80004;24.9;50.9;0.6
80006;24.4;51.1;0.8
80008;24.5;51;0.4
80010;24.1;49.7;0.3
80012;24.3;49.9;0.6
80014;24.4;49.5;0.1
80016;24.5;50;0.4
80018;24.6;48.8;0.2
80020;24.6;45.8;0.3
80022;24.4;45.6;0
80024;24.2;45;-0.1
80026;24.4;46.6;0.6
80028;24.2;46.7;-1
80030;23.8;46.6;0.1
80032;23.9;46.5;-0.4
80034;24;46.9;0
80036;24.3;48.7;-0.4
80038;23.7;48.8;-0.1
80040;23.9;48.2;-0.5
80042;23.9;49.4;-0.4
80044;24.3;49.5;-0.7
80046;23.6;47.8;-0.2
80048;24.2;47.5;0
80050;24;47.4;-0.3
80052;23.7;45.4;-0.1
80054;23.5;44.8;-0.4
80056;24.1;45.5;-0.1
80058;23.9;43.8;-0.5
80060;24;46.1;0
80062;23.6;44.5;-0.6
80064;23.8;44.3;0
80066;23.6;44.5;-0.3
80068;23.8;44.6;-0.1
80070;23.5;44.2;-0.2
80072;23.3;43.4;-0.4
80074;23.6;44.5;-0.2
80076;23.6;44.4;0
80078;23.4;43.2;-0.5
80080;23.3;44;-0.1
80082;23.2;45.1;0
80084;23.5;45.6;-0.3
80086;23.5;46.7;0
80088;23.6;46.7;-0.1
80090;23.5;48.3;0
80092;23.1;47.1;0.2
80094;22.9;47.3;0
80096;23.6;48;0.4
80098;23.5;47.8;-0.1
80100;23.7;46.5;0.1
80102;23.1;45.9;0
80104;22.9;43.6;0.1
80106;23.1;44.9;0.2
80108;23.1;44.2;0.2
80110;23.1;43.6;0.6
80112;23.1;43.8;0.1
80114;22.9;43.2;0.6
80116;23.3;43;0.4
80118;23.4;44;0.6
80120;23;42.2;0.6
80122;22.9;42.9;0.1
80124;23.1;42.7;0.8
80126;23.4;42.8;0.2
80128;23.3;43.3;0.7
80130;23.3;42.8;0.7
80132;22.9;43.1;0.4
80134;22.9;42;0.6
80136;23.2;43;0.4
80138;22.9;42.4;0.6
80140;22.8;41.2;0.5
80142;22.9;41.9;0.6
80144;22.9;41.7;0.4
80146;23.1;42.5;1
80148;22.8;41.4;0.5
80150;23.2;42.9;1.3
80152;22.9;41.6;0.3
80154;23.4;42;0.9
80156;23.2;42;1
80158;23.1;42.5;1
80160;22.7;41.9;1.1
80162;23.4;42.1;1.1
80164;23.2;42.5;1
80166;22.7;41.8;1
80168;22.7;41.8;0.9
80170;22.7;41.8;1.1
80172;23;42.8;0.9
80174;22.8;42.8;1.3
80176;23.1;42.7;0.5
80178;22.8;42.2;1
80180;22.7;41.7;0.8
80182;22.7;41.4;1
80184;23;43;1.2
80186;23.1;43;0.8
80188;23.1;42.1;1.1
80190;22.7;42;1.3
80192;22.6;41.7;0.9
80194;23.1;42.8;0.9
80196;23.1;42.5;1.2
80198;23.1;42.6;1.1
80200;22.9;42.1;1.5
80202;22.9;42.3;0.9
80204;22.8;42.3;1.2
80206;22.7;41.4;1.4
80208;22.8;41.8;1.2
80210;22.6;41;0.9
80212;22.8;40.9;1
80214;22.5;41.3;1.1
80216;22.9;41.8;0.9
80218;23;41.9;1.1
80220;22.8;42.1;1.2
80222;22.3;40.7;1.1
80224;22.6;41.6;1.2
80226;22.6;41.4;1
80228;22.9;41.9;1.4
80230;22.6;41;0.9
80232;22.6;41.1;1.7
80234;22.3;41.2;1.5
80236;22.4;41.6;1
80238;23;42;1.4
80240;22.6;41.7;1.2
80242;22.4;40.7;1.5
80244;22.5;41.4;1.1
80246;22.5;41.2;1
80248;22.6;41.9;1.5
80250;22.8;41.7;1.2
80252;22.4;41.2;1.2
80254;22.3;41;1.3
80256;22.7;42;0.8
80258;22.6;41.1;1.4
80260;22.7;41.9;1.6
80262;22.8;41.7;1
80264;22.7;41.3;1.2
80266;22.5;41.3;1.4
80268;22.7;41.5;1.2
80270;22.6;41.6;0.9
80272;22.3;41.3;1
80274;22.1;40.5;0.8
80276;22.8;41.6;0.9
80278;22.4;40.4;1
80280;22.3;41;0.7
80282;22.3;40.2;1.1
80284;22.5;40.7;0.7
80286;22.3;40.7;0.9
80288;22.1;40.2;0.9
80290;22.3;40.7;0.8
80292;22.1;39.8;0.7
80294;22;39.9;1.2
80296;22.4;40.1;0.7
80298;22;39.6;0.6
80300;22.2;40;0.9
80302;22.2;39.6;0.7
80304;22.7;40.6;1
80306;22.5;40.2;0.8
80308;22.5;40.3;0.7
80310;22.2;39.7;0.8
80312;22.3;39.7;0.9
80314;21.9;39.2;0.7
80316;22.3;39.7;0.4
80318;22.1;39.8;0.5
80320;22.5;40;0.9
80322;22.2;38.9;0.4
80324;22.5;39.9;0.8
80326;22.1;40;1
80328;22.1;39.8;0.4
80330;22.2;40.2;0.7
80332;21.8;39.6;0.5
80334;21.9;39.9;0.1
80336;22.1;40.6;0.4
80338;22.6;41.2;0.7
80340;22;40.6;0.5
80342;21.7;40.5;0.7
80344;22.1;41;0.2
80346;22.3;40.9;0.3
80348;22.6;41.7;0.6
80350;22.4;41.8;0.4
80352;22.4;41.7;0.5
80354;21.8;41;0.4
80356;22.1;41.5;0.4
80358;22.4;41.3;0.5
80360;22.1;41.4;0.5
80362;21.7;41.3;0.3
80364;21.9;41.2;0.6
80366;22.3;42.3;0.7
80368;22.3;41.9;0.4
80370;22.3;42;0.7
80372;21.9;41.8;0.4
80374;22.2;42.3;0.5
80376;22.1;42.4;0.7
80378;21.7;41.5;0.3
80380;21.9;42.7;0.4
80382;22.2;42.5;0.6
80384;22.1;42.7;0
80386;22.2;42.7;0.7
80388;22.1;42.8;0.5
80390;22.3;42.9;-0.1
80392;22.2;42.5;1.1
80394;22.1;42.6;0.1
80396;21.9;42.6;-0.1
80398;21.8;42.1;0.6
80400;21.8;41.4;0.6
80402;21.8;42.2;0.4
80404;22.3;42.6;0.6
80406;21.9;42.2;0.5
80408;22.3;42.3;0
80410;22.1;42.1;0.5
80412;21.7;41.5;0.9
80414;22;41.7;0.1
80416;22.1;41.8;0.5
80418;22;40.7;0.7
80420;21.4;40;-0.1
80422;21.7;39.8;0.6
80424;22;40.6;0.6
80426;21.7;39.8;0
80428;22.1;40.2;0.8
80430;21.7;39.2;0.5
80432;21.7;39.7;0.2
80434;21.6;39.2;0.9
80436;21.7;40.1;0.6
80438;21.7;39.6;0.3
80440;21.6;39.8;0.5
80442;21.6;40.1;0.5
80444;21.6;40.1;0
80446;21.6;40.6;0.2
80448;22;41.4;0.8
80450;21.9;41.2;0.3
80452;21.9;40.8;0.1
80454;21.7;40.9;0.4
80456;21.6;41.1;0.4
80458;21.7;41.9;0.4
80460;22;41.1;0.4
80462;21.4;41.6;0.3
80464;21.8;42.5;0.5
80466;21.6;42.1;0.5
80468;21.3;42.1;0
80470;21.5;42.1;0.6
80472;21.8;43.2;0.7
80474;21.4;42.7;0.2
80476;21.5;43.6;0.7
80478;21.2;43;0.4
80480;21.6;44.5;0.2
80482;21.7;45.9;0.6
80484;21.2;43.8;0.3
80486;21.6;45.4;0.5
80488;21.4;46;0.6
80490;21.7;45.1;0.3
80492;21.4;45.6;0.5
80494;21.5;46;0.4
80496;21.4;45.7;0
80498;21.5;45.9;0.5
80500;21.7;47;0.7
80502;21.7;47.4;0.2
80504;21.6;48.4;0.8
80506;21.6;47.1;0.7
80508;21.8;47;0
80510;21.2;45.4;1
80512;21.2;44.7;0
80514;21.8;45.7;0.5
80516;21.6;43.8;1
80518;21.7;43.9;-0.2
80520;21.1;42.5;0.9
80522;21.5;42.5;0.5
80524;21.5;41.7;0
80526;21.3;39.2;1
80528;21.3;38.2;-0.2
80530;21.6;38.6;0.5
80532;21.3;37.7;0.8
80534;21.1;37;-0.1
80536;21.6;38.4;0.7
80538;21.4;37.9;0.4
80540;21.4;38;0.3
80542;21.4;39.1;1.1
80544;21.6;39.8;0.2
80546;21.2;40.2;0.5
80548;21.7;41.2;0.6
80550;21.7;42.8;0
80552;21.1;43.1;0.5
80554;21.2;43.6;0.4
80556;21.1;43.2;0.3
80558;21.2;43.4;0.4
80560;21.1;44.4;0.8
80562;21;43.8;0.5
80564;21.4;43.3;0.3
80566;21.1;44.5;0.5
80568;21.6;43;0.6
80570;20.9;42.2;0.3
80572;21.1;42.6;0.4
80574;21.4;42.1;0.9
80576;21.1;42.7;0.3
80578;21.4;41.6;-0.1
80580;21;40.5;0.8
80582;21.1;42.4;0
80584;20.9;42;0
80586;21.1;42.6;0.9
80588;20.9;43;0.1
80590;20.9;43.5;0.3
80592;20.9;45.4;0.6
80594;21;44.6;0.2
80596;21.2;47.7;0.1
80598;21.2;47.2;0.8
80600;21.2;45.5;0.6
80602;21.4;46.5;0.1
80604;21.4;44.8;0.5
80606;21;42.6;0.6
80608;21.4;43.2;0.1
80610;21.2;43.8;0.7
80612;21.2;43.5;0.2
80614;21.2;45;0.4
80616;21;45.2;0.8
80618;20.9;46.1;0.7
80620;20.8;46.2;-0.1
80622;20.7;46.1;0.4
80624;21.2;48.6;0.7
80626;21.1;49.2;0.1
80628;21.2;49.6;0.6
80630;20.7;48.9;0.2
80632;20.6;46.5;-0.2
80634;21.3;45.3;0.9
80636;20.9;43.8;0.1
80638;20.9;43.3;0.5
80640;20.8;44.1;0.6
80642;20.8;43.5;0
80644;20.6;46.4;1
80646;20.7;47.8;-0.2
80648;20.6;48.9;0.2
80650;21.1;51.2;0.9
80652;20.9;50.1;0
80654;20.6;50.4;0.7
80656;21.1;50.1;0.4
80658;21.1;50.3;0.1
80660;20.9;45.1;1.1
80662;20.6;43.6;0.4
80664;20.9;47.5;0.2
80666;21;48;1
80668;20.8;48.7;0.4
80670;20.6;54;-0.2
80672;20.3;51;1.1
80674;21;52.8;-0.1
80676;20.6;51.1;0
80678;20.9;50.9;1
80680;20.7;47.5;-0.1
80682;20.6;46.6;0.4
80684;20.6;45.3;0.6
80686;21;47.9;0
80688;20.8;48.5;0.8
80690;20.6;50;0.2
80692;20.4;55.5;-0.2
80694;20.8;53.3;0.9
80696;20.9;52.8;0.1
80698;20.9;48.8;0
80700;20.8;47.3;0.7
80702;20.5;48.6;0
80704;20.4;47.1;0.4
80706;20.7;50;0.4
80708;20.7;51.3;0
80710;20.7;54.8;0.4
80712;20.7;57.5;0.3
80714;20.6;52.4;0
80716;20.7;50;0.5
80718;20.6;48.1;0.7
80720;20.6;49.7;0
80722;20.5;51;0
80724;20.7;52.6;0.5
80726;21;55.7;0.5
80728;20.6;59;0.4
80730;20.5;56.2;0.3
80732;20.7;51.1;0.5
80734;20.7;51.3;0
80736;20.3;51.7;0.5
80738;20.4;53.5;0.4
80740;20.6;56.1;0.3
80742;20.7;57.4;0.2
80744;20.7;59.1;0.1
80746;20.8;55.6;0.5
80748;20.5;51;0.4
80750;20.3;48.1;0
80752;20.4;51.4;0.6
80754;20.3;54.4;0.3
80756;20.6;58.6;0
80758;20.7;59;0.9
80760;20.3;56.9;0.2
80762;20.6;54.4;0.3
80764;20.5;53.1;0.7
80766;20.2;55.1;0
80768;20.4;58.1;0.5
80770;20.5;62.4;0.8
80772;20.2;56;-0.3
80774;20.2;53.7;0.7
80776;20.5;53.6;0.8
80778;20.6;54.7;-0.5
80780;20.5;54.7;1.1
80782;20.2;58.2;0.2
80784;20.2;59.2;0
80786;20.5;54.8;1.1
80788;20.4;54;-0.2
80790;20.2;55.6;0.2
80792;20.2;56.9;0.9
80794;20.7;60.9;0.1
80796;20.5;60.3;0.5
80798;20.6;56.8;0.6
80800;20.4;55.7;0.1
80802;20.6;60.4;0.1
80804;20.5;61.3;0.5
80806;20.3;60.4;-0.1
80808;20.6;59.9;0.1
80810;20.7;57.7;0.9
80812;20.6;59.2;0.4
80814;20.7;61.3;0.1
80816;20.8;64.3;0.5
80818;20.4;58.3;0.1
80820;20.6;55.6;0
80822;20.5;58.5;0.4
80824;20.2;59.5;0.6
80826;20.4;62.4;0.2
80828;20.4;62;0.3
80830;20.2;55.9;0.4
80832;20.3;59.2;0.1
80834;20.1;62.6;0.6
80836;20.5;63.8;0.7
80838;20.2;61.9;0
80840;20.4;56.2;0.8
80842;20.2;57.3;0.1
80844;20.6;64.5;0.1
80846;20.5;62.9;0.9
80848;20.6;60.9;0
80850;20.6;57.5;0
80852;20.4;58.6;0.7
80854;20.4;69;0
80856;20.4;67.1;0.6
80858;20.2;58.9;0.7
80860;20.1;58;0
80862;20.2;61.2;0.4
80864;20.5;69.1;0.8
80866;20.2;62.9;0.1
80868;20.6;57.3;0.2
80870;20.1;61.5;0.4
80872;20.6;66.6;0.4
80874;20.5;69.3;0.1
80876;20.1;58.3;0.1
80878;19.9;55.7;0.4
80880;20.6;65.3;0.2
80882;20.3;68.7;0.4
80884;20.1;65.2;0.4
80886;20.2;58.2;0.6
80888;19.9;63.4;0
80890;20.3;70.1;0.6
80892;20.1;64.5;0.6
80894;20.2;59.1;0
80896;20.6;62.3;0.4
80898;20.4;69.6;0.6
80900;20.3;68;0.4
80902;19.9;60.4;0.3
80904;20.1;61.3;0.5
80906;20.5;68.9;0.4
80908;20.5;70.8;0
80910;20.3;61.4;0.5
80912;20.3;63.4;0.8
80914;20;66.4;-0.2
80916;20.3;68.9;0.3
80918;20;61.7;0.5
80920;20.5;64.9;0
80922;20.1;67;0.2
80924;20;65.4;0.7
80926;20.4;61.4;0
80928;20.6;65.2;0.1
80930;20;68.3;0.7
80932;20.1;64.9;0.4
80934;19.8;63.5;-0.4
80936;20.2;67.8;0.7
80938;19.9;70.8;0.6
80940;19.9;61.6;0.1
80942;20;67.6;0.4
80944;20.3;70.8;0.4
80946;20.1;69;0.2
80948;20;61.4;0.5
80950;20.3;69.9;0.2
80952;20.3;71.1;0.1
80954;20;65.7;0.7
80956;20.3;63.7;0.4
80958;20.2;71.9;0.3
80960;20;69.5;0.7
80962;20.2;63.1;0.3
80964;20.2;68.6;0
80966;20.4;75.4;0.6
80968;19.7;63.6;0.5
80970;20;61.1;0.2
80972;20.1;71.3;0.3
80974;19.9;74.1;0.4
80976;20.1;64.6;0.2
80978;20;68.3;0.6
80980;20.5;77.6;0
80982;20.1;70.1;0.7
80984;20;61.6;0.5
80986;19.9;72.3;-0.1
80988;19.8;70.9;0.7
80990;20.2;62.5;0.1
80992;20.2;68.1;0.5
80994;20.3;77.6;0.7
80996;20.2;67.5;0.2
80998;20.1;63.4;0.5
81000;20.3;74.8;0.4
81002;20.4;70.9;-0.1
81004;20.1;65;0.4
81006;19.9;69.8;0.7
81008;20.2;76;-0.3
81010;20.4;63.4;0.7
81012;20.3;68.5;0.6
81014;20.2;76.8;0.1
81016;19.7;68.6;0.3
81018;20.1;69.2;0.7
81020;20.3;76.4;0
81022;20.2;71.9;0.6
81024;20.2;66.5;0.5
81026;20.2;73.1;0
81028;20;70.2;0.4
81030;19.7;65.9;-0.1
81032;19.9;70.2;0.4
81034;19.8;72.5;0.7
81036;20.1;66.8;-0.1
81038;19.8;70.3;0.4
81040;19.9;72.5;0.8
81042;20.4;68.2;-0.2
81044;19.9;71.8;0.5
81046;20;75.2;0.8
81048;20.2;67.1;-0.2
81050;20.3;72.2;0
81052;19.9;76.4;0.8
81054;20.2;71.2;0.4
81056;20.1;72.4;0.2
81058;20;77.7;0.8
81060;20;66.3;0.4
81062;20.2;70.5;0.6
81064;20.4;77.4;0.5
81066;20.1;66.5;0
81068;20.1;70.7;0.1
81070;20.3;79.7;0.3
81072;19.8;67.4;-0.1
81074;20.1;67.4;0.2
81076;20.1;78.6;0.4
81078;20.2;70.9;0.7
81080;19.7;68.2;0
81082;19.8;80.4;0.3
81084;20.1;70.1;0.9
81086;19.8;66.4;0.4
81088;20.2;80.1;0.5
81090;19.9;71.8;0.6
81092;19.9;69.8;0
81094;20;78.8;0.2
81096;20.1;71.6;0.7
81098;20.4;67.8;0.4
81100;20.2;77.6;0
81102;19.9;70.5;0.3
81104;19.9;68.4;0
81106;20.1;78.5;0.5
81108;19.9;71.9;0.8
81110;19.9;69.2;0
81112;20;77.8;0.8
81114;19.8;70.7;0.9
81116;20.3;73.7;0
81118;20.2;78.1;0.8
81120;20.4;70;0.4
81122;20.1;72.9;0.2
81124;19.8;75.9;0.7
81126;20;71.7;0.3
81128;19.7;74.6;0.3
81130;20.3;75.5;0.7
81132;20;68.9;0
81134;19.8;74.9;0.4
81136;20.2;72.4;0.3
81138;20.2;72.3;0.1
81140;20;78.4;0
81142;20.2;73.3;0.6
81144;20.6;73.9;0.2
81146;20.3;80.5;0
81148;20.1;69.4;0.5
81150;20.3;75.5;0.2
81152;19.8;78.8;0
81154;19.9;65.5;0.7
81156;20.1;75.9;0.2
81158;19.8;78.2;0.2
81160;19.8;68;0.5
81162;19.9;77.9;0
81164;20;74.1;0.5
81166;20;67.8;0.5
81168;20.3;81.9;-0.1
81170;20;72.6;0.1
81172;20;69;0.7
81174;20.2;84.7;0.2
81176;20;72.4;0.5
81178;20.1;73;0.5
81180;19.9;83.1;0.4
81182;19.9;69.6;0.4
81184;19.9;74.4;-0.1
81186;19.7;77.8;0.5
81188;19.7;67.4;0.7
81190;20.1;76.2;-0.1
81192;20.4;80.6;0.5
81194;20.4;72.9;0.9
81196;19.8;77.6;-0.1
81198;20.1;73.9;0.2
81200;20.3;74;0.4
81202;20.1;80.1;0
81204;20.3;73.8;0.5
81206;20;76.2;0.2
81208;20.5;79;0
81210;20.4;73.6;0.6
81212;19.7;76.5;0.4
81214;19.8;72.5;0.4
81216;20;74.6;0
81218;20.2;80.5;0.5
81220;20.2;71.2;0.6
81222;20.3;77.4;0
81224;20.3;79.6;0.5
81226;19.9;72.7;0.9
81228;20.4;81.6;0
81230;19.8;74.6;0.9
81232;19.9;70.3;0.6
81234;19.9;81.6;-0.3
81236;20.3;71.7;0.8
81238;20.3;74.4;0.1
81240;19.7;81.8;0.1
81242;20.2;68.4;0.8
81244;20;78;0
81246;20;78.6;0.5
81248;20;67.4;0.5
81250;20.4;83.6;0
81252;20.5;73.9;0.7
81254;20.1;68.3;0.3
81256;20.4;85.7;-0.5
81258;20.2;75.3;0.5
81260;20;76;0.4
81262;20.3;83.7;0
81264;20.4;70.5;0.9
81266;20.4;77.4;0
81268;20.2;77.6;0.2
81270;20.1;70.4;0.8
81272;20.1;80.6;0.5
81274;20.3;75.5;0
81276;20;72.3;0.4
81278;20.3;79.5;0.4
81280;20.2;71.4;0.5
81282;20;76.3;0.2
81284;20.1;75.1;0.4
81286;20.2;73.3;0.2
81288;20.3;83;0.1
81290;20.1;76.3;0.6
81292;20.1;76.9;0.3
81294;19.8;77.5;0.4
81296;20.5;73.2;0.9
81298;20.2;79.5;-0.1
81300;20.3;74.5;0.6
81302;19.9;72.9;0.7
81304;20.3;80.8;0
81306;20.1;72.2;0.9
81308;19.8;76.1;0.5
81310;20.2;76.8;-0.1
81312;19.8;70.2;1
81314;19.9;79.6;0.5
81316;19.8;72.3;-0.3
81318;20.5;74.5;0.5
81320;19.8;82.3;0.4
81322;20.1;71.5;-0.2
81324;20.3;78.1;1.5
81326;20.3;81.5;0.1
81328;20.4;69.9;0
81330;20.4;82.9;0.8
81332;20.1;74.2;0
81334;19.9;69.9;0.6
81336;20.5;85.8;0.8
81338;19.8;70.5;-0.1
81340;20.5;74.3;0.9
81342;20.5;83.1;0.2
81344;19.8;69.3;0
81346;20;79.4;0.7
81348;20.3;80.2;0
81350;20.3;70.7;0.5
81352;20.3;84.2;0.7
81354;20.6;78.3;-0.2
81356;20.3;75.6;0.6
81358;20;79;0.2
81360;20;72;0
81362;20.1;75.5;1.1
81364;19.7;75.2;0
81366;20.2;72.7;0.4
81368;20.4;79.8;0.8
81370;20.1;74.7;0.4
81372;20.5;77.7;0
81374;19.9;77.6;0.5
81376;20.5;75.1;0.5
81378;20.4;80.5;0
81380;20.1;71.9;0.6
81382;20.5;74.3;0.5
81384;20.3;82.9;-0.1
81386;20.5;74;0.8
81388;20.7;81.5;0.1
81390;19.7;76.6;0
81392;20.1;70;0.4
81394;20.1;82.3;0
81396;20.4;74.9;0.7
81398;20.2;72.3;0.8
81400;20.2;84.9;0
81402;20.5;71.5;0.3
81404;19.9;75.5;0.8
81406;20.4;81.9;-0.2
81408;20.4;70.3;0.6
81410;20.1;81.8;0.5
81412;20.6;76.4;-0.1
81414;20.5;71.3;0.5
81416;20.2;85.7;0
81418;20.5;74.5;0.4
81420;20.4;76.5;0.4
81422;19.9;79.9;0
81424;20.1;70.6;0.6
81426;20.5;78.4;0.6
81428;20.3;76.2;0
81430;20.1;70.5;0.7
81432;20.2;81.1;0.5
81434;20.1;73.3;0
81436;20.2;73.7;0.8
81438;20.3;81.5;0.3
81440;20.3;73.4;0.1
81442;20.2;76.5;0.8
81444;20.4;77.6;0.3
81446;20.3;72;0.4
81448;20.2;79.7;0.4
81450;20.5;77.8;0.1
81452;19.7;74.9;0.5
81454;19.9;77.4;0.2
81456;20.5;73.4;0.2
81458;19.9;76.6;0.5
81460;20.4;75.4;0.3
81462;20.5;75.7;0.5
81464;19.9;79.9;0.7
81466;20.5;71.6;0.2
81468;20.2;77;0.4
81470;20.5;77.3;0.8
81472;20.6;72.4;0
81474;20.5;83.3;0.4
81476;20.5;72;0.7
81478;20.6;73.9;-0.1
81480;19.8;82;0
81482;19.9;69.4;0.9
81484;20.1;77.1;0.2
81486;20.4;81.5;0.2
81488;19.9;67;0.6
81490;20.2;82;0.1
81492;20.4;76.7;0
81494;20.5;69.5;0.8
81496;20.5;85.6;0.2
81498;20.3;71.2;0
81500;20;72;0.5
81502;20;81;0.6
81504;20.6;71.8;0.5
81506;20.4;79.4;0
81508;20.1;77;0.3
81510;20.3;68;0.5
81512;20.5;81.8;0
81514;20.7;78.1;0.5
81516;20.4;75.9;0.7
81518;20.1;79.7;0.2
81520;20.6;71.7;0.5
81522;20.5;77.8;0.7
81524;20.1;74.2;0.3
81526;20.1;72;0.3
81528;20.6;80.6;0.4
81530;20.1;72.2;0.4
81532;20.5;74.9;-0.2
81534;20.5;76.9;0.2
81536;20.2;72.3;0.7
81538;20.6;80.1;0.3
81540;20.4;72.3;0
81542;20.2;71.3;0.5
81544;20.5;81.3;0.4
81546;20.2;72.6;-0.3
81548;20.4;80.2;0.8
81550;20.3;79.1;0.5
81552;20.5;71.3;0.1
81554;20.6;80.2;0.8
81556;20.3;72.1;0.2
81558;20.6;72.8;0.1
81560;20.2;81.6;0.8
81562;20.1;69.5;-0.2
81564;19.9;75.3;0.5
81566;20.5;81.5;0.3
81568;20.4;70.2;0
81570;20.6;83.1;0.7
81572;20.2;73.1;0.1
81574;19.9;68.5;0
81576;20.6;86.5;0.3
81578;20.2;72.5;0.5
81580;20.6;77.6;0
81582;20.5;83.3;0.2
81584;19.9;66.3;0.2
81586;20.1;76.1;0.3
81588;20.6;77.7;0.3
81590;20.3;69.6;0.3
81592;20.7;82.4;0.1
81594;20.2;74.4;0.4
81596;20.5;73.5;0.8
81598;20.6;81;0.1
81600;20.5;72.6;0
81602;20.4;76.4;0.5
81604;20.2;75.4;0
81606;20.5;73.5;0.4
81608;20.6;81.4;0.3
81610;20.5;77.2;0.2
81612;20.6;78.3;0.3
81614;20.5;76.2;0.5
81616;20.6;72.8;0.7
81618;20.3;77.1;-0.1
81620;20.5;72.3;0.3
81622;20.4;74.4;0.6
81624;20.7;82.2;0
81626;20.6;71.7;0.7
81628;20.7;78.5;0.4
81630;19.9;75.9;0.2
81632;20.5;70.7;0.4
81634;20.3;80.1;0.2
81636;20.2;71.3;0.8
81638;20.1;69;0.3
81640;20.6;83.1;-0.1
81642;20.6;72.5;0.5
81644;20.2;74.6;0.8
81646;20.4;78.6;0.1
81648;20.5;67.9;0.1
81650;20.6;80.6;0.7
81652;20.6;74.5;0
81654;20.6;70.1;0.4
81656;20.4;82.9;0.5
81658;20.6;72.4;-0.1
81660;20.4;74.3;0.2
81662;20.3;82.3;0.6
81664;20.3;68.7;0
81666;20.5;79.7;0.5
81668;20.6;77.4;0.5
81670;20.4;67.6;0
81672;20.2;79.7;0.4
81674;20.1;72.4;0.3
81676;20.5;73.6;0.2
81678;20.5;81.3;0.3
81680;20.7;71;0.6
81682;20.2;76.2;0
81684;20.3;75.4;0.7
81686;20.5;72.6;0.6
81688;20.4;79.7;0
81690;20.4;75.6;0.1
81692;20.4;74.4;0.9
81694;20.2;76.9;0.1
81696;20.2;72.7;0.5
81698;20;77.3;0.7
81700;20.5;73.7;0.2
81702;20.7;74.4;0.1
81704;20.3;78.5;0.6
81706;20.5;74.1;0.5
81708;20.6;81.1;0.3
81710;20.1;76.1;0.4
81712;20.2;68.3;0.6
81714;20.7;82.1;0.1
81716;20.4;72.3;0.2
81718;20.4;72.4;0.7
81720;20.6;83.8;0.1
81722;20.3;69.5;0
81724;20.7;77.4;0.3
81726;20.4;78.7;0.5
81728;20.4;67.5;0.2
81730;20.3;79.4;0
81732;20.4;73.2;0
81734;20.4;67.2;0.3
81736;20.3;83.1;0.4
81738;20.7;75;0.3
81740;20.4;74.8;0.4
81742;20.2;79.8;0.3
81744;20.1;66.9;0.3
81746;20.5;77.1;0.8
81748;20.6;78.6;0
81750;20.6;71.4;0
81752;20.3;79.8;0.9
81754;20.3;72.5;-0.1
81756;20.4;72.3;0.4
81758;20.7;80.3;0.8
81760;20.1;70.9;0
81762;20.3;75.2;0.4
81764;20.4;73.9;0.6
81766;20.4;71.4;-0.1
81768;20.7;80.9;0.5
81770;20.3;74;0.3
81772;20.3;75.1;0.3
81774;20.6;79.8;0.4
81776;20.6;71;0.1
81778;20.6;80;0.5
81780;20.7;74.2;0.4
81782;20.4;72.2;0.6
81784;20.2;79.5;0.5
81786;20.3;70;0.2
81788;20.5;75.8;0.6
81790;20.7;76.2;0.6
81792;20.6;71.6;0.6
81794;20.4;78.9;0
81796;20.7;73.5;0.1
81798;20.6;71.9;0.7
81800;20.3;80.6;0.2
81802;20.3;69.7;0.2
81804;20.4;75.9;0.8
81806;20.8;80.9;0
81808;20.6;69.1;0.1
81810;20.2;78.7;0.6
81812;20.3;71.4;0
81814;20.6;67.7;0.4
81816;20.9;83.4;1
81818;20.9;70.8;-0.2
81820;20.7;74.1;0.7
81822;20.7;81.7;0.5
81824;20.6;70.3;-0.1
81826;20.5;78.4;0.5
81828;20.6;77.9;0.3
81830;20.3;65.7;0.4
81832;20.4;80;0.5
81834;20.6;77.7;0.2
81836;20.4;73.7;0.7
81838;20.5;78.7;0.8
81840;20.5;69.6;0
81842;20.5;73.3;0.2
81844;20.3;73.5;0.7
81846;20.5;70.3;0.2
81848;20.7;77.6;0.5
81850;20.6;73.8;0.8
81852;20.6;75.2;0.4
81854;20.3;75.4;-0.1
81856;20.6;72.5;0.4
81858;20.5;79.1;0.1
81860;20.2;70.5;0
81862;20.6;73.1;0.2
81864;20.6;79.7;0.8
81866;20.6;72.1;0.2
81868;20.6;78.9;0
81870;20.6;75.9;0.4
81872;20.3;66.3;0.5
81874;20.7;80.1;0.3
81876;20.3;69.7;0.3
81878;20.7;71.5;0.2
81880;20.1;80.5;0.2
81882;20.3;68.5;0.1
81884;20.2;73.9;0.4
81886;20.6;79.3;0
81888;20.6;69.3;0
81890;20.4;78.8;0.9
81892;20.6;73.3;0.1
81894;20.2;66.2;0.2
81896;20.8;83.9;1.2
81898;20.5;70.7;0.4
81900;20.4;73.3;-0.1
81902;20.1;77.9;0.9
81904;20.3;65.9;-0.1
81906;20.6;76.9;0.5
81908;20.3;74.8;0.9
81910;20.2;67.9;-0.2
81912;20.7;81.4;0.5
81914;20.6;72.2;0.4
81916;20.4;72.2;0.2
81918;20.5;78.5;0.8
81920;20.5;71.2;0.4
81922;20.5;75.2;0.2
81924;20.3;73.1;0.7
81926;20.6;70.9;0.2
81928;20.9;79.4;0
81930;20.3;73.4;0.8
81932;20.3;73.8;0.1
81934;20.9;77;0.1
81936;20.9;71.8;0.8
81938;20.7;76.6;0.3
81940;20.4;70.9;0.3
81942;20.6;71.5;0
81944;20.6;78.9;0
81946;20.6;70.5;1.1
81948;20.6;77.8;0
81950;20.5;75.9;0.3
81952;20.4;68;0.5
81954;20.2;78;0
81956;20.6;69.7;0.9
81958;20.7;71.8;0.1
81960;20.4;79.6;0.2
81962;20.6;68.8;0.6
81964;20.2;75.3;0.4
81966;20.6;78.3;0.3
81968;20.6;65.5;0.1
81970;20.6;79.4;0.3
81972;20.4;72.5;0.5
81974;20.5;68.6;0.6
81976;20.7;83.8;0.4
81978;20.8;72.2;0.2
81980;20.5;70.5;0.2
81982;20.4;79.9;0.4
81984;20.5;66.7;0.2
81986;20.5;76.1;0.2
81988;20.6;76.8;0.6
81990;20.6;67.1;0.4
81992;20.3;78.7;0.4
81994;20.9;75.7;0.1
81996;20.9;74.3;0.4
81998;20.3;77.9;0.4
82000;20.9;72.6;0.2
82002;20.6;76.1;0.1
82004;20.5;74.7;0.8
82006;20.5;73.1;0
82008;20.5;78.1;0
82010;20.4;71.5;0.6
82012;20.6;73.4;0.1
82014;20.6;75.7;0.1
82016;20.7;73.2;0.5
82018;20.9;78.9;0.3
82020;20.9;73.5;0.3
82022;20.8;73;0.5
82024;20.9;81.5;0.3
82026;20.5;71.9;0.5
82028;20.8;79.9;0.6
82030;20.6;77.7;0.5
82032;20.7;69.7;0.4
82034;20.5;79.1;0.2
82036;20.6;72.3;0.4
82038;20.7;72.6;0
82040;20.8;81.7;0.2
82042;20.3;66.9;0.7
82044;20.8;75.9;0.2
82046;20.7;79.5;0.6
82048;20.5;67.2;0.6
82050;20.8;81.1;0.1
82052;20.4;71.6;0.4
82054;20.8;69.2;0.4
82056;20.8;84.2;0.3
82058;20.5;70.6;0.3
82060;20.6;76.6;0.5
82062;20.4;81.2;0.2
82064;20.7;66.2;0.2
82066;20.6;76;0
82068;20.9;76.8;0.1
82070;20.8;68.8;0.5
82072;20.9;80.5;0.4
82074;20.8;74.4;0.6
82076;20.5;70.7;0.2
82078;20.7;79.9;0.2
82080;20.6;70.4;0.4
82082;20.5;75.2;0.2
82084;20.9;74.4;0.2
82086;20.5;71.1;0.6
82088;20.5;78.9;0
82090;20.6;74.7;0.3
82092;20.4;74.8;0.4
82094;20.6;75.9;0
82096;20.6;71.5;0.5
82098;20.8;77.5;0.1
82100;21;72.6;0.1
82102;20.9;72.5;0.8
82104;20.7;80.1;-0.3
82106;20.8;70.9;0.9
82108;20.5;76.8;0.4
82110;20.6;76.6;-0.1
82112;20.8;70.8;0.9
82114;20.6;79.9;0
82116;20.6;73;0.7
82118;20.6;69.2;0.5
82120;20.7;84.2;-0.4
82122;20.7;70.2;0.4
82124;20.7;75.8;0.5
82126;20.6;78.2;-0.3
82128;20.6;65.9;0.7
82130;20.7;78.4;0.7
82132;20.4;71.9;0.1
82134;20.5;67.5;0.5
82136;20.5;81.6;0.2
82138;20.8;72.1;0.6
82140;20.6;72.5;0.1
82142;20.5;81.7;0
82144;20.6;69.2;0.7
82146;20.8;77.8;0.6
82148;20.5;74.4;0.2
82150;20.4;66.6;0.1
82152;20.6;78.9;0.7
82154;20.6;73.1;0.6
82156;20.9;73.7;0.2
82158;20.9;79.9;0.4
82160;20.5;69.1;0.4
82162;20.5;74.6;0.2
82164;20.9;76.7;0.6
82166;20.7;72.5;0.7
82168;20.8;79.4;0.5
82170;20.6;74.3;0.2
82172;20.7;74.9;1
82174;20.3;76.1;0.4
82176;20.8;73.5;0
82178;20.6;76.3;0.7
82180;20.5;70.3;0
82182;20.9;73.4;0.2
82184;20.5;77.1;0.7
82186;20.3;70.2;0
82188;20.9;79.4;0.5
82190;20.8;78;0.7
82192;20.6;69.1;-0.2
82194;20.8;79.3;0.1
82196;20.9;71.8;0.9
82198;20.9;72.5;0
82200;20.7;82.9;0.7
82202;20.7;68.7;0
82204;20.6;76;-0.2
82206;20.5;77.8;1.1
82208;20.6;68.3;0
82210;20.7;79.5;0
82212;20.6;71.9;0.8
82214;20.6;67.2;0.4
82216;21;83.7;0.2
82218;20.6;73.1;0.9
82220;20.9;75.6;0.3
82222;20.3;79.4;-0.1
82224;20.6;67.3;1.2
82226;20.9;78.1;0
82228;20.6;76.8;0
82230;20.9;69.8;0.8
82232;20.5;79.2;-0.2
82234;21.1;74.5;0.3
82236;20.6;70.5;0.8
82238;20.9;77.6;0.2
82240;20.6;69.5;0.7
82242;20.9;75.8;0
82244;20.7;71.5;-0.2
82246;20.6;69.3;0.9
82248;20.8;78.1;0
82250;20.5;71.8;0.5
82252;20.8;77.4;0.7
82254;20.9;78.3;0
82256;21;71.8;1
82258;21;79.1;0.5
82260;21;73.3;-0.1
82262;20.5;71.2;1.1
82264;20.9;79.8;-0.3
82266;20.6;70.3;0.1
82268;21;75.1;0.9
82270;21.1;75.9;0.2
82272;20.9;70.5;0.2
82274;20.6;79;0.6
82276;20.8;71.9;0.1
82278;20.5;69.5;0.2
82280;21;82.8;0.7
82282;20.6;69.5;0.5
82284;20.4;76.6;0.1
82286;21.3;81.4;0.6
82288;20.7;67;0.5
82290;20.8;80.7;0.2
82292;20.6;73.3;0.6
82294;20.6;68.4;0.4
82296;20.7;83.1;0.4
82298;20.5;68.6;0
82300;21;73.8;0.3
82302;20.6;80;0.2
82304;20.5;67.9;0
82306;20.8;79.5;0.6
82308;20.8;76.4;0.3
82310;20.6;66.8;-0.1
82312;20.6;79.6;0.5
82314;20.6;74.6;0.2
82316;21.1;75;0.3
82318;21;80.4;0.6
82320;20.9;72;0.2
82322;20.5;72.8;0.2
82324;20.4;73.6;0.4
82326;20.9;70.5;0
82328;20.9;78.5;0.7
82330;21;73.5;0.5
82332;20.6;73.8;0
82334;20.5;75.8;0.5
82336;21;72.8;0.2
82338;21.3;78.4;0.1
82340;21;70.7;0.6
82342;21.1;73.9;0
82344;20.4;78.7;0
82346;21;72.1;0.7
82348;20.8;78.5;0
82350;21.1;77.4;0.4
82352;20.7;65.6;0.5
82354;20.6;77.3;0
82356;21.1;70.8;1
82358;20.5;69.5;0
82360;20.8;81.6;0.4
82362;21;70.4;0.3
82364;20.6;73.4;0.2
82366;20.8;79.5;0.6
82368;20.9;67.5;0.6
82370;20.5;78.6;0.1
82372;20.7;73;0.7
82374;20.9;69.5;0.4
82376;21;83.7;0.4
82378;20.7;72.3;0.7
82380;20.7;72.3;0.5
82382;20.6;78.5;0.4
82384;21;68.7;0.4
82386;20.8;76.6;0.1
82388;20.6;73.8;0.5
82390;20.7;68.3;0.2
82392;20.6;79.9;0.4
82394;20.6;71.2;0.7
82396;20.8;73.1;0.4
82398;20.8;79.9;0.1
82400;20.7;72;0.7
82402;20.9;77.2;0.4
82404;20.6;73.6;-0.1
82406;20.8;71.9;1
82408;20.9;78.3;0.4
82410;20.8;76.1;0
82412;20.8;75;0.6
82414;20.8;74.6;0.2
82416;21;70;0
82418;20.6;74.5;0.7
82420;20.6;72.5;0.2
82422;20.7;72.4;0.4
82424;20.6;79;0.5
82426;20.9;70.6;0.1
82428;20.9;77;0
82430;21.1;77.4;0.2
82432;20.8;68.7;0.2
82434;20.6;79.4;0.2
82436;21;71.4;0.1
82438;20.9;71;0.4
82440;20.8;80.6;0.6
82442;20.6;67.9;0.2
82444;20.8;74.9;0.2
82446;20.7;77.5;0.6
82448;21.1;65.6;0.1
82450;20.8;78.6;0
82452;20.9;74.4;0.2
82454;20.8;68.5;0.6
82456;21;83.7;0.4
82458;20.9;72.2;-0.1
82460;20.9;72.9;0.4
82462;21.1;81.8;0.9
82464;21;69.9;0.2
82466;21;78.2;0.5
82468;21.1;75.1;0.4
82470;21.1;68.2;0.8
82472;20.6;79.5;0.5
82474;20.9;74.5;-0.2
82476;20.8;75.6;0.5
82478;20.6;78;0.3
82480;20.7;70.1;0.2
82482;20.5;75.4;0.5
82484;20.8;74.4;0.3
82486;20.6;72.3;0.1
82488;20.7;79;0.5
82490;20.9;74.2;0.5
82492;21;76.3;0.3
82494;21;78.4;0.4
82496;21;73;0.1
82498;20.7;77.2;0.4
82500;20.9;71.6;0.4
82502;20.9;72.1;0.4
82504;20.6;80.2;0.1
82506;20.7;72.8;0.8
82508;20.8;78.1;0.3
82510;20.7;77.8;0.2
82512;21.4;71;0.3
82514;20.5;77.9;0.5
82516;21;72.6;0.2
82518;21;72.6;0.4
82520;20.7;82.8;0.7
82522;20.9;69.4;0.2
82524;21.2;75.9;-0.1
82526;21;81.3;0.7
82528;20.9;68.1;0.6
82530;20.9;81.4;0
82532;20.6;72.8;0.4
82534;20.8;68.2;0.8
82536;21.1;85.1;0
82538;21.1;71.9;0.1
82540;21;76.4;0.7
82542;21.2;83.1;-0.3
82544;20.6;66.4;0.2
82546;20.7;75.8;1
82548;21.2;78.8;0
82550;21;70.5;0.4
82552;21.1;80.9;0.9
82554;21.1;74.5;-0.1
82556;21;72.2;0
82558;21.1;79.9;0.7
82560;20.8;71.8;0
82562;20.6;76;0.5
82564;20.9;74.5;0.6
82566;20.9;71.7;-0.1
82568;20.9;79.3;0.9
82570;20.6;75.1;0.2
82572;20.8;76.4;-0.2
82574;20.7;76.5;0.9
82576;21.2;73.6;0.2
82578;21;79.3;0.1
82580;20.6;71;0.6
82582;20.8;72.4;0.1
82584;21.1;80.7;0.5
82586;20.9;71.1;0.7
82588;21.1;77.9;-0.1
82590;20.6;76.5;0
82592;20.7;70.3;0.8
82594;21;82.2;-0.2
82596;21.2;74.4;0.5
82598;20.7;69.3;0.6
82600;21.2;84.9;0
82602;20.8;71.8;0.5
82604;20.6;76.8;0.6
82606;20.7;79.8;0.2
82608;21.2;68.8;0.6
82610;20.8;78.8;0
82612;20.6;72.7;0.2
82614;21.1;70.1;0.3
82616;21.3;84.6;0.7
82618;21.2;72.9;0.2
82620;20.7;72.2;0
82622;21.1;83.6;0.4
82624;20.8;71.1;0.6
82626;20.9;78.8;0
82628;21.1;77.9;0.8
82630;21.1;71;0.4
82632;21.2;83;0.1
82634;20.6;73.9;0.8
82636;21;75.5;0.3
82638;21.3;81.8;0.8
82640;21.1;72;0
82642;21.2;77;0.4
82644;21.2;76.5;0.6
82646;20.9;71.6;-0.2
82648;21.2;80.5;0.7
82650;20.9;74.6;0.7
82652;20.7;73.6;0.1
82654;21;76.4;0.5
82656;20.6;71.6;0.9
82658;21;79.7;-0.2
82660;21.2;74.3;0.2
82662;21.2;75;0.5
82664;20.7;79.7;0.4
82666;20.8;72.2;0.4
82668;21;80.3;0.4
82670;21.1;78.1;0.2
82672;21.4;71;0.4
82674;21;80.7;0.5
82676;21.2;74;0.5
82678;20.8;72.1;0.6
82680;20.8;82.8;0.5
82682;20.9;68.8;0.1
82684;20.6;74.7;0.1
82686;20.7;79.9;0.5
82688;20.9;67.1;0.2
82690;20.8;80.2;0
82692;20.8;74.1;0.9
82694;21.3;68.7;0.6
82696;21.1;84.9;0.2
82698;20.9;73;0.8
82700;20.6;74.6;-0.1
82702;20.8;80;-0.1
82704;21.2;70.5;1
82706;21;78.5;0
82708;21.2;77.5;0.4
82710;20.8;68.4;0.5
82712;21.1;81;0
82714;21;72.8;0.8
82716;20.7;71.8;0.2
82718;20.7;78.1;0.3
82720;20.9;71.9;0.6
82722;20.6;75.5;0.3
82724;20.8;74.8;0.5
82726;20.8;70.5;0.3
82728;21.1;80.4;0.4
82730;20.9;75.7;0.2
82732;20.7;75.7;0.8
82734;20.6;76.3;0.4
82736;20.7;69.9;0.2
82738;21;78.7;0.5
82740;21.1;72.6;0.2
82742;20.7;72.3;0.2
82744;21;79.6;0.3
82746;20.9;72.2;0.6
82748;21.3;78.2;0
82750;21;78.7;0.4
82752;20.6;69.5;0.2
82754;20.9;80.6;0.1
82756;20.9;71.1;0.2
82758;21;72.9;0.1
82760;20.6;83.4;0.4
82762;20.7;71.3;0.7
82764;20.6;77.7;0.6
82766;21.1;80.5;0.2
82768;21;69.4;0.6
82770;21.2;83.1;0.4
82772;20.7;73.5;0.4
82774;20.7;69.4;0.6
82776;21.2;85.8;0.2
82778;21.4;72.7;0.2
82780;21;75.1;0.5
82782;21.3;84;0.5
82784;20.6;69.5;0
82786;21;78.9;0.5
82788;21;77.7;0.7
82790;21;70.3;0.3
82792;20.7;81.3;0.2
82794;20.6;75.2;0.4
82796;21;74.3;0
82798;21;78.3;0.3
82800;21;71;0.6
82802;21;76.3;0.5
82804;21.3;77.6;0.3
82806;21;74.2;0.3
82808;20.9;79.4;0.6
82810;20.8;74.1;0
82812;20.9;74.7;0.2
82814;21.1;77.1;0.9
82816;21.2;74.6;0.2
82818;21.1;80.3;0
82820;20.7;70.9;0.7
82822;20.7;72;0.1
82824;21.1;80.2;0.1
82826;21;72;0.3
82828;21.2;79.1;0.4
82830;21.2;79;0.3
82832;21.1;68.4;0.5
82834;20.9;80.5;0
82836;20.8;71.4;0
82838;20.8;70.9;0.8
82840;20.9;83.4;0
82842;20.9;69.5;0.2
82844;21.4;76.2;0.9
82846;20.6;78.6;-0.1
82848;20.9;68.8;0.6
82850;21;80.2;0.6
82852;21.2;75.6;0
82854;21.4;69.7;0.8
82856;21.1;83.6;0.6
82858;20.7;72.3;0
82860;20.7;74;0.6
82862;21.1;82.6;0.2
82864;21.2;70.3;0.1
82866;20.7;76.2;0.8
82868;21.3;77.7;0
82870;20.9;68.9;0.1
82872;20.8;80.7;0.6
82874;20.6;72.8;0
82876;20.9;73.7;0.4
82878;21;78.9;0.5
82880;21.3;73.2;0.4
82882;21;76.4;0.2
82884;20.8;75.4;0.4
82886;21.1;73.5;0
82888;21;79.8;0.4
82890;21.2;76;0.6
82892;20.8;76.2;-0.1
82894;21;76.6;0.4
82896;21.4;73.9;0.1
82898;20.8;76.5;0.3
82900;21.4;74.3;1
82902;21.2;74.9;0.2
82904;20.6;79.8;0
82906;21.2;71.8;0.7
82908;21.3;78.4;0.2
82910;21;76.9;0.2
82912;20.8;69.8;0.4
82914;20.9;82.3;0.4
82916;21.1;72.7;0.3
82918;20.9;71.4;0.2
82920;21.4;85.8;0.5
82922;20.8;70;0.2
82924;21;77.2;0
82926;21.1;81.1;0.7
82928;20.8;66.4;0.4
82930;20.9;79;0.4
82932;20.6;73.8;0.6
82934;21;68.2;0.2
82936;21.2;83.8;0.2
82938;21.3;72.3;0.7
82940;20.9;71.4;0.2
82942;21;79.4;0.3
82944;21.4;70.3;0.8
82946;21;76.6;0.2
82948;21.4;78.3;-0.1
82950;21.3;70.8;0.8
82952;20.6;80;0.6
82954;21.4;76.5;0
82956;21;74.3;0.6
82958;21.2;79.1;0.4
82960;20.8;70.2;0.3
82962;20.9;76.2;0.1
82964;21;74.7;0.4
82966;21.1;72.4;0.7
82968;21.2;80.8;0.1
82970;20.6;71.7;0.6
82972;20.9;75.2;0.4
82974;21;77.1;0.2
82976;21.4;74.8;0.6
82978;21.2;79.5;0.5
82980;21.3;75.1;0.2
82982;20.9;71.6;0.7
82984;21.2;80.8;0.2
82986;20.9;71.9;0.2
82988;20.7;77.2;0.6
82990;21;76.1;0
82992;20.7;67.8;0.4
82994;20.8;78.4;0.7
82996;21.1;73.3;0
82998;21.5;73;0.5
83000;21;83.9;0.7
83002;21.4;71.7;-0.3
83004;21;75.8;0.6
83006;21;81.4;0.3
83008;21.1;68.5;-0.1
83010;21;80.6;0.9
83012;20.8;72.6;0.4
83014;20.8;67.2;-0.1
83016;21;83.6;1
83018;21;71.7;0.2
83020;20.8;74.8;0.2
83022;21.4;83.7;0.9
83024;21.3;69.2;-0.2
83026;21.1;78.1;0.4
83028;20.7;75.4;1
83030;20.9;67.8;-0.3
83032;21.2;81.2;0.6
83034;21.4;76;0.7
83036;21.4;73.3;0
83038;20.9;78.6;0.9
83040;21;72;0.1
83042;21.2;74.3;0
83044;21;75.4;0.8
83046;21.1;71.4;0.4
83048;21;78.2;0.4
83050;21;75.6;0.5
83052;21.2;77;0.5
83054;20.8;74.3;0.3
83056;21.4;71.8;0.2
83058;21.2;78.6;0.8
83060;21.1;71.3;0
83062;21.2;74.1;0.1
83064;21.3;82.1;0.4
83066;21.4;70.7;0.6
83068;21.2;78.3;0.3
83070;21.1;77;0.7
83072;21.3;70.3;0.5
83074;21;79.9;0.1
83076;20.8;72.5;0.4
83078;20.8;69.3;0.5
83080;21.2;84.7;0.3
83082;20.9;70.9;0.3
83084;21;75.3;0.4
83086;21;80.4;0.5
83088;21.4;69.7;0.1
83090;20.9;78.6;0.2
83092;20.8;73.7;0.8
83094;20.9;69.7;0.3
83096;21.3;86.6;0.2
83098;21.1;72.2;0.7
83100;21.2;74.9;0
83102;21;81.5;0.3
83104;21.1;69.4;0.4
83106;21.1;79.9;0.1
83108;20.9;75.6;0.7
83110;21;68.1;0.4
83112;21.2;81.1;-0.2
83114;20.9;73.2;0.5
83116;21.2;74.4;0.5
83118;21.1;79.3;0
83120;21;71;0.5
83122;20.9;75.9;0.4
83124;21.1;76.4;0.1
83126;21.2;72.6;0.4
83128;21.2;80.6;0
83130;21;73.9;0.1
83132;21;74.7;0.7
83134;21.4;78.4;-0.1
83136;21.3;73.3;0.2
83138;21.2;79.6;0.5
83140;21;71.5;0.1
83142;20.9;72.1;0.2
83144;21.1;79.3;0.3
83146;21.1;72.1;0.3
83148;21.5;80.7;0
83150;20.8;76.8;0.2
83152;21.5;71.1;0.5
83154;21.4;81.9;0
83156;20.9;72.1;0.3
83158;21.5;72.9;0.8
83160;20.9;83.3;0
83162;21.1;70.2;0.4
83164;20.9;74.2;0.4
83166;21.1;79.3;0
83168;21.1;67.8;0.6
83170;21;79.3;0.2
83172;21;74.8;-0.1
83174;20.8;67.2;0.8
83176;21.4;85.6;0.1
83178;21.2;74.9;0.1
83180;21.1;74.1;0.9
83182;20.8;79.8;0.2
83184;21.1;68;0
83186;21.4;76.4;0.7
83188;21.4;78.1;0.5
83190;21.3;70.7;0.3
83192;21;80.1;0.4
83194;21;72.1;0
83196;21.4;73.4;0.4
83198;21.2;77.6;0.6
83200;21.6;73.7;0
83202;21.5;77.7;0
83204;21;73.2;0.6
83206;21.2;73.1;0.4
83208;21.4;81.4;0.1
83210;21;73.5;0.6
83212;20.9;75.7;0
83214;20.8;76.9;0.1
83216;20.9;71.5;0.1
83218;21.4;80.3;0.1
83220;21.3;72.7;0.2
83222;21.2;72.5;0.4
83224;21.1;79.1;0.1
83226;21.4;71.9;0.4
83228;20.9;75.3;0.4
83230;20.8;77.5;0
83232;20.9;68.7;0.2
83234;21.1;80;0.7
83236;21.3;73.4;0
83238;21.4;71.6;0.4
83240;20.9;82.2;0.7
83242;21.2;72.7;0
83244;21.2;79.5;0.5
83246;21.3;80.5;0.5
83248;21;67.9;0.6
83250;21.4;83;0.3
83252;20.9;73.7;0.2
83254;21.3;70.3;0.5
83256;21.3;84.7;0.2
83258;21.2;71.1;0
83260;21;74.7;0.4
83262;21.5;83.7;0.3
83264;20.9;69.7;0
83266;21;78.3;0.7
83268;21.4;77.6;0.2
83270;21.2;70.1;0.3
83272;21.5;82;0.7
83274;21.3;77.4;0
83276;21.5;76.8;0.2
83278;21.1;80.8;0.9
83280;21.4;71.9;0.1
83282;20.9;74.1;0.6
83284;21.4;77.2;0.7
83286;21;71.2;0.1
83288;21;79.1;0
83290;21;73.2;0.7
83292;21;76.1;0.2
83294;20.9;77.3;0.2
83296;21.4;74.6;0.8
83298;21.4;80.6;0.4
83300;21.5;73.8;0.1
83302;21.2;75.5;0.4
83304;21.1;81;0.2
83306;21.5;73;0.4
83308;21.3;78.6;0.5
83310;20.9;76.7;0.1
83312;21.1;67.9;0.8
83314;20.8;78;0
83316;21.1;72.2;0.4
83318;21.2;72;0.7
83320;21.2;83.1;-0.1
83322;21.4;72.4;0.7
83324;20.9;74.7;0.2
83326;21.3;80.3;0.2
83328;21.4;69;1
83330;20.9;79;-0.2
83332;20.9;73;0.5
83334;21.7;69.8;0.7
83336;21.3;83.1;0
83338;21.4;72.8;1
83340;21;72.8;0.4
83342;21;79.5;0
83344;20.9;67.7;0.9
83346;21.2;75.6;0.1
83348;21.4;76.3;0.3
83350;21.1;69.6;0.7
83352;21.4;82.7;0
83354;20.8;73.1;0.1
83356;21.1;71.1;0.7
83358;21.5;80.5;0
83360;20.9;71;0
83362;21;74.2;0.7
83364;20.9;76.4;0.4
83366;21.2;70.3;0
83368;21.5;79.6;0.1
83370;20.8;73.5;0.4
83372;21.2;75.1;0.1
83374;21.1;76.5;0.4
83376;21.6;73.2;0.7
83378;21.2;77.5;0.2
83380;21.1;72.3;0.1
83382;20.9;72.1;0.6
83384;21.1;79.7;0.4
83386;21.2;70;0.1
83388;21.2;78.6;0.8
83390;21.2;78.1;0.4
83392;21;68.5;0
83394;21.4;80.7;0.1
83396;21.3;72.6;0.7
83398;21;70.1;0.5
83400;21.5;84.9;0.5
83402;21;69.6;0.2
83404;21.1;76.6;0.3
83406;21.2;80.2;0.7
83408;21.1;65.6;0.2
83410;21.5;81.6;0.5
83412;21.2;72.7;0.2
83414;21.2;69.2;0.2
83416;21.4;84;0.1
83418;21.5;72.9;0.3
83420;21;70.9;0.5
83422;21.4;81.5;0.5
83424;21.5;69.8;0.2
83426;21.4;77.9;0.2
83428;21.1;75.1;0.2
83430;21.5;69.8;0.7
83432;21.1;79.5;0.3
83434;21;74;0.2
83436;21;73.3;0.7
83438;21.5;80;0.6
83440;21.4;72;0.1
83442;20.7;73.9;0.2
83444;21;74.3;0.4
83446;21.1;72.1;0.8
83448;21.6;80.2;0
83450;21.5;73.9;0.2
83452;21.3;74.3;0.7
83454;21.5;77.9;0.5
83456;21.2;71;0.2
83458;21.2;79.4;0.5
83460;21.4;72.9;0.6
83462;21.2;71.2;0.2
83464;20.9;80;0.4
83466;21.1;73.2;0.6
83468;21.3;79.7;-0.1
83470;20.9;75.9;0.4
83472;21.6;71.3;0.6
83474;21;78.3;0.1
83476;21;73.7;0.3
83478;21;71.6;0.4
83480;21;82.3;0.3
83482;21.1;68.7;0.4
83484;21.5;76.9;0.2
83486;21.1;80.2;0.5
83488;21.4;68;0.6
83490;21.2;80.7;0
83492;21.3;74.7;0.7
83494;21.3;67.4;0.4
83496;21.7;84.8;-0.2
83498;21.3;71.5;0.7
83500;21.5;76.6;0.7
83502;21;80.3;-0.1
83504;21.2;67.5;0.8
83506;21.4;77.5;0.6
83508;21.6;77.5;0.1
83510;21.3;69.6;0.7
83512;20.8;78.5;0
83514;21;71.1;0.1
83516;21.4;72.7;0.5
83518;21.6;77.9;-0.1
83520;21.4;72.6;0.4
83522;21.3;75.8;0.4
83524;21;73.1;0.1
83526;21.3;70.6;0.5
83528;20.9;76.9;0.2
83530;20.9;72.8;0.5
83532;21.4;77.2;0.5
83534;20.9;74;0
83536;21.5;71.6;0.7
83538;21.4;78.1;0.3
83540;21.5;71;0
83542;21.3;72.6;0.3
83544;21.3;80.3;0.5
83546;20.9;68.6;0.6
83548;21.4;77;0.5
83550;21.3;78;0.5
83552;20.9;67.7;0.3
83554;21.4;81.1;0.4
83556;21;69.2;0.2
83558;21.6;70.9;0.2
83560;21.6;83.9;0.1
83562;21;70.2;0.5
83564;21;74;0.3
83566;21.3;79.3;0.2
83568;21.2;65.1;0.5
83570;21.1;76.1;0.2
83572;21;71.8;0.3
83574;21.4;68;0.5
83576;21.4;83.4;0
83578;21.6;72.2;0.2
83580;21.2;72.3;0.5
83582;21.1;80.2;-0.1
83584;21.6;69.3;0.2
83586;21.3;76.6;0.4
83588;21.4;74.8;0.4
83590;21.3;67.5;0
83592;21.4;80.6;0.3
83594;21.3;71.8;1
83596;21.5;74.7;-0.3
83598;21.5;79.5;0.6
83600;21.2;70;0.8
83602;20.9;74.6;-0.2
83604;21.3;73.1;0.5
83606;21.4;72.3;0.5
83608;21.4;80.2;-0.1
83610;20.9;72.2;0.6
83612;21.4;73;0.7
83614;21.2;75.7;0
83616;21.3;72.3;0.7
83618;20.9;75.9;0.5
83620;21.5;72.8;0.2
83622;20.9;71.1;0.6
83624;21.2;77.5;0.5
83626;21.3;71.2;0.1
83628;21.3;75.2;0.2
83630;21.6;76.6;0.9
83632;21.1;66.9;0.3
83634;21.3;80.5;0.1
83636;21.2;71.2;0.3
83638;21;69.6;0.4
83640;21.6;83.6;0.5
83642;21;66.8;0.1
83644;21.1;73.1;0.4
83646;21.2;79.5;0.6
83648;21.1;66.3;-0.2
83650;21.6;80.2;0.5
83652;21.6;73.9;0.8
83654;21.1;65.1;0.2
83656;21.4;83;0.3
83658;21.2;71.6;0
83660;21.2;72.5;0.2
83662;21.1;79.5;0.7
83664;21.4;69.6;0
83666;21.2;76.8;0.2
83668;21.6;77.7;0.2
83670;21.4;68.6;-0.1
83672;21.2;78.3;0.6
83674;21.1;71.6;0.5
83676;21.3;71.8;-0.1
83678;21.4;79.2;0.4
83680;21.4;71;0.6
83682;21.6;76.2;0.1
83684;21.3;72.7;0.6
83686;20.9;69.2;0.4
83688;21.5;78.5;0
83690;21.6;74.5;1.2
83692;21.3;75.3;0.5
83694;21.2;75.6;0.4
83696;21.2;70.3;0.5
83698;21.7;77;0.2
83700;21.6;72.6;0.3
83702;21.1;71.4;0.2
83704;21.2;78.1;0.5
83706;21.3;71.2;0.1
83708;21.5;76.1;0
83710;20.9;75.4;0.5
83712;21;68.2;0.4
83714;21.1;77.5;0.3
83716;21.2;70.6;0.8
83718;21.4;71.1;0.4
83720;21.2;80.4;0.2
83722;21.2;69.2;0.7
83724;21.3;76.2;0.2
83726;21.5;79.4;0.5
83728;21.6;67.4;0.7
83730;21.2;79.4;0.4
83732;21.4;73.3;0.5
83734;21;66.9;0.8
83736;21.4;83.5;0
83738;21.6;70.2;0.2
83740;21.2;72.1;0.6
83742;21.2;78.7;-0.2
83744;20.9;67.4;0.8
83746;21.4;78;0.5
83748;21.6;78;-0.1
83750;21.6;69.6;0.8
83752;21.5;82.4;0.5
83754;21.2;74.8;0.4
83756;21.4;73.5;0.6
83758;21.2;80;0.1
83760;21.3;70.3;0
83762;21.2;73;0.6
83764;21;73.3;0.1
83766;21.3;71.5;0.5
83768;21.1;77.7;0.5
83770;21.2;72.5;0.2
83772;21.1;73.7;0.4
83774;21.3;76.8;0
83776;21.7;73;0.2
83778;21.2;77;0.5
83780;21.6;71.5;0
83782;21.6;73.6;0.5
83784;21.6;80.9;0.7
83786;21.2;70.9;-0.4
83788;21.5;79.9;0.6
83790;21.5;77.2;0
83792;21.3;68.1;-0.1
83794;21.2;78.9;0.9
83796;21.5;72.8;0.4
83798;21;70.7;0.2
83800;21.4;81.6;0.7
83802;21.3;69.8;-0.1
83804;21.1;74;0.2
83806;21.1;78.8;0.7
83808;21.6;68.6;0
83810;21.3;79.6;0
83812;20.8;71.7;0.4
83814;21.1;66.1;0.5
83816;21.5;82;0
83818;21.5;73.1;0.3
83820;21.3;73.2;0.3
83822;21.3;79.5;0.1
83824;21.4;68.4;0
83826;21.3;76.4;0.9
83828;21.4;76.4;0.5
83830;21.4;69.9;0.2
83832;21;79.4;0.6
83834;21.1;72.1;0
83836;21.1;72;0.1
83838;21.6;79.6;0.7
83840;21.2;71.4;0
83842;21;73.6;0.7
83844;21.6;76.7;0.4
83846;21.3;70.2;0
83848;21.6;79.6;0.7
83850;21.4;75.6;0.7
83852;21.3;75;0
83854;21.2;77.6;0.6
83856;21.5;71.8;0.3
83858;21.4;78.3;0.2
83860;21.4;73.2;0.6
83862;21.4;74;0.4
83864;21.5;81.2;0.3
83866;21.2;70.3;0.7
83868;21.6;78;0.3
83870;21.2;76;0.3
83872;21.6;70.5;1
83874;21.3;79.7;0
83876;21.6;71.9;0.1
83878;21.6;71.4;0.9
83880;21.4;83.6;0
83882;21;69.1;0.6
83884;21.4;78.4;0.5
83886;21.1;78.5;0
83888;21.1;66.2;0.9
83890;21;78.4;0.1
83892;21.6;73.3;0.1
83894;21.6;69.3;0.8
83896;21.6;83.6;0.7
83898;21;69.7;0
83900;21;70.5;0.5
83902;21.1;78.9;0.2
83904;21.4;68.6;0.2
83906;21.4;76.9;0.9
83908;21.6;76.5;-0.1
83910;21.1;66.1;0.1
83912;21.4;80.4;0.6
83914;21.1;72.6;0
83916;21.3;73.3;0.4
83918;21;78.4;0.6
83920;21;69.3;0.3
83922;21;73.6;0.3
83924;21.1;72.8;0.6
83926;21.4;70;0
83928;21.4;79;0.6
83930;21;70.3;0.4
83932;21.1;73.2;0.1
83934;21.2;74.4;0.5
83936;21.3;71.8;0.2
83938;21.7;78.2;0
83940;21.2;72.6;0.6
83942;21.1;68.9;0.7
83944;21.4;78.9;0.4
83946;21.4;73.4;0.4
83948;21.1;75;0
83950;21.5;77.4;0.1
83952;21.1;67.7;0.8
83954;21.2;75.9;-0.3
83956;21.1;70.1;0.6
83958;21.6;71.6;0.6
83960;21.6;81.3;-0.5
83962;21.3;67.9;0.8
83964;21.2;72.8;0.2
83966;21.5;79.4;0
83968;21.4;66.2;1.1
83970;21.3;78.3;-0.1
83972;21.4;71.7;0.6
83974;21.2;67.5;0.8
83976;21.3;81.8;-0.3
83978;21.1;69.1;0.8
83980;21.1;72.1;0.5
83982;21.6;81.4;0
83984;21.4;66.4;0.7
83986;21.1;74.5;0.4
83988;21.5;75.5;0
83990;21.6;68;0.9
83992;21;77.7;0
83994;21.6;73.1;0
83996;21.4;72;0.8
83998;21.3;77.9;0
84000;21.1;70.3;0
84002;21.5;75.2;0.7
84004;21.7;75.6;0.1
84006;21.1;70.6;0.5
84008;21.2;76.7;0.4
84010;21;72.4;0.2
84012;21.1;74.2;0.3
84014;21.4;74.4;0.3
84016;21.4;69.8;0.2
84018;21.7;77.1;0.5
84020;21;69.7;0.1
84022;21.2;71.1;0.4
84024;21.5;79.6;0.8
84026;21.2;68.9;0.3
84028;21.6;76.6;0
84030;21.3;74.3;0.4
84032;21.2;68.2;0.7
84034;21.3;79.8;0
84036;21.2;70.1;0.8
84038;21.3;71.1;0.9
84040;21.6;83.6;-0.3
84042;21.6;71.9;0.5
84044;21.4;75.1;0.5
84046;21.1;77.2;-0.1
84048;21.7;67.4;0.9
84050;21.5;76.4;-0.1
84052;21.5;74.5;0.5
84054;21.4;69.1;0.9
84056;21.4;82.9;0
84058;21.2;70.5;1.1
84060;21.2;72.1;0
84062;21.2;80.6;0.1
84064;21.2;68.5;1.4
84066;21.3;77;0.1
84068;21.5;76.2;0.4
84070;21.3;66.7;0.9
84072;21.5;79.7;-0.3
84074;21.2;72.8;0.8
84076;21.3;73.4;0.5
84078;21.3;79.7;0
84080;21.4;68.2;0.9
84082;21.4;74.4;0.5
84084;21.2;74.1;-0.1
84086;21.4;71.8;0.3
84088;21.5;79.4;0.2
84090;21.3;73;0.3
84092;21.1;72;0.1
84094;21.5;75.6;0.5
84096;21.2;70.7;0.3
84098;21.6;77.4;-0.1
84100;21.2;70.6;0.3
84102;21.1;69.8;0.2
84104;21.5;80.2;0
84106;21.2;70.8;0.8
84108;21.6;78.7;0.1
84110;21;74.6;0.2
84112;21.2;67.3;0.8
84114;21.5;80.2;-0.3
84116;21.4;71.7;0.3
84118;21.2;70.7;0.8
84120;21.2;80.6;-0.2
84122;21.6;68.6;0.8
84124;21.1;73.5;0.6
84126;21.5;77.7;0
84128;21.3;65.2;1
84130;21.1;77.8;0
84132;21.2;71.7;0
84134;21.1;65;1
84136;21.3;81.1;0.1
84138;21.6;73.6;0.4
84140;21;72.1;0.7
84142;21.6;80.9;0
84144;21.4;66.5;0.6
84146;21.7;76;1
84148;21.6;77.4;-0.3
84150;21.6;68.8;0.6
84152;21;78.9;0.4
84154;21.6;73.3;0
84156;21.1;69.4;1.2
84158;21.6;79.4;0.2
84160;21.3;71.6;0
84162;21;73.4;0.9
84164;21.3;71.7;0
84166;21.5;69.8;0
84168;21.6;79.3;0.5
84170;21.1;70.9;0
84172;21.1;74.5;0.4
84174;21;75;0.2
84176;21.1;69.4;0.1
84178;21.5;77.9;0.8
84180;21.6;71.5;0.3
84182;21.1;70.9;0.1
84184;21.2;77.3;0.4
84186;21.1;68.7;0.4
84188;21.3;74.7;0.3
84190;21.6;76;0.6
84192;21.5;70;0.6
84194;21.1;78;0
84196;21.4;72.3;0.6
84198;21.7;71.3;0.1
84200;21.1;81.5;0.1
84202;21.6;72;0.6
84204;21.7;78.3;0.3
84206;21.4;81.2;0
84208;21.6;68.2;0.5
84210;21.1;78.6;0.4
84212;21.4;73.6;0
84214;21.5;67.7;0.5
84216;21.6;83.3;0.4
84218;21.2;68.2;0
84220;21.5;72.6;0.2
84222;21.2;78.7;0.4
84224;21.4;69.8;0.3
84226;21.3;77.9;0
84228;21.7;77.7;0.8
84230;21.3;65.7;0.1
84232;21.1;79.5;0
84234;21.4;75.7;0.4
84236;21.6;74.5;0.4
84238;21.4;79.3;0
84240;21.3;70.3;0.4
84242;21.3;72.8;0.2
84244;21.3;74;0.4
84246;21.3;69;0.5
84248;21.4;78.7;0
84250;21.5;73.2;0
84252;21.7;74.5;0.5
84254;21.4;76.2;0
84256;21.6;73.5;0.1
84258;21.6;79.1;0.5
84260;21.7;72.2;0.4
84262;21.2;72.6;-0.1
84264;21.6;79.6;0.3
84266;21.5;70.4;0.5
84268;21.5;79;0.1
84270;21.6;75.7;0.3
84272;21.2;66.1;0.6
84274;21.6;79.7;0.2
84276;21.3;70.1;0.4
84278;21.2;69.4;0.1
84280;21.4;82.5;0.3
84282;21.4;70.1;0.7
84284;21.4;73.2;0
84286;21.2;78.5;0
84288;21.6;68.6;0.7
84290;21;78.4;0.4
84292;21.2;72.2;-0.4
84294;21.4;67.4;0.5
84296;21.2;82.1;0.4
84298;21.6;72.6;0.2
84300;21.7;75.3;0.6
84302;21.4;80.7;0.3
84304;21.2;66.3;0
84306;21.6;77.3;0.6
84308;21.1;73.9;0.1
84310;21;68.1;0.5
84312;21.8;80.9;0.5
84314;21.2;71.9;0
84316;21.6;72.7;0.5
84318;21.3;78.2;0.2
84320;21.1;70.7;0.4
84322;21.3;74.4;0.7
84324;21.6;76.1;0.2
84326;21.1;69.5;0.7
84328;21.6;79.6;0.4
84330;21.4;73.5;0
84332;21.3;73.1;0.4
84334;21.6;77.4;0.4
84336;21.6;71.7;0
84338;21.2;75.3;0.3
84340;21.2;71.3;0.5
84342;21.7;73.8;0.2
84344;21.5;78.8;0.7
84346;21.5;70.6;0.8
84348;21.3;77.7;0
84350;21.7;77.5;0.5
84352;21.1;69.2;0.5
84354;21.6;79.2;-0.4
84356;21.5;70.2;0.6
84358;21.2;71.2;0.2
84360;21.8;82.8;0
84362;21.3;67.2;0.9
84364;21.4;76.1;0
84366;21.3;79.7;0.1
84368;21.4;65.3;0.8
84370;21.2;78.6;0
84372;21.5;73;0.1
84374;21.1;67.3;0.7
84376;21.6;83.9;0.1
84378;21.5;71.6;-0.3
84380;21.4;71.9;0.6
84382;21.3;80.1;0.5
84384;21.8;66.8;-0.3
84386;21.7;77.5;1
84388;21.4;74.2;0.4
84390;21.2;64.8;-0.3
84392;21.4;78.9;0.9
84394;21.5;72.2;0
84396;21.3;73.1;0.3
84398;21.1;76.3;0.7
84400;21.6;71.4;0.2
84402;21.6;76.6;0.3
84404;21.4;74;0.9
84406;21.3;71.2;0
84408;21.7;79.8;0.2
84410;21.3;71.5;0.6
84412;21.3;72.6;-0.2
84414;21.2;74.6;0.6
84416;21.3;70.1;0.6
84418;21.4;77.8;0.1
84420;21.3;71.1;0.3
84422;21.7;70.2;0.5
84424;21.4;79.1;0.1
84426;21.5;72.8;0.6
84428;21.3;76.2;0.5
84430;21.2;75.1;0.1
84432;21.3;67.9;0.2
84434;21;77.3;0.6
84436;21.4;72.3;0.5
84438;21.2;69.6;0.2
84440;21.8;82.3;0.2
84442;21.1;67.3;0.6
84444;21.7;74.6;0.2
84446;21.3;77.6;0
84448;21.3;65.2;0.6
84450;21.6;80.6;0.7
84452;21.4;73.6;0.1
84454;21.4;67;0.2
84456;21.3;82.2;0.2
84458;21.4;69.7;0.4
84460;21.6;74;0.1
84462;21.6;82.4;0.2
84464;21.4;65.8;0.5
84466;21.4;76;0.4
84468;21.6;76.4;0.2
84470;21.7;68.7;0
84472;21.6;78.8;0.5
84474;21.7;74.3;0.6
84476;21.5;71.5;0.3
84478;21.7;79.7;0
84480;21.1;70.3;0.7
84482;21.4;73.9;0.5
84484;21.6;75.3;0
84486;21.5;70.2;0.8
84488;21.7;79.8;0.5
84490;21.4;74;0
84492;21.2;74.3;0.6
84494;21.2;74.3;0
84496;21.3;70.7;0.4
84498;21.7;77.4;0.7
84500;21.6;72.7;0
84502;21.3;72.3;0.6
84504;21.1;77.9;0.4
84506;21.6;70.6;0.1
84508;21.5;76.2;0
84510;21.8;76.5;0.7
84512;21.5;69.6;0.3
84514;21.2;79.8;0.5
84516;21.3;71.7;0.5
84518;21.2;69.3;0
84520;21.4;82.7;0.5
84522;21.7;71.9;0
84524;21.3;74.9;-0.1
84526;21.5;78.7;0.9
84528;21.6;66.6;0.4
84530;21.2;77.9;-0.1
84532;21.6;72.2;1.1
84534;21.2;67.7;0.1
84536;21.4;81.8;0.2
84538;21.7;71.8;1
84540;21.3;71.2;-0.2
84542;21.2;79.3;0.3
84544;21.5;70.1;0.6
84546;21.3;76.9;0
84548;21.6;77.1;0.5
84550;21.5;69.2;0.3
84552;21.2;78.8;0.1
84554;21.6;73.6;0.4
84556;21.3;71.4;0.4
84558;21.7;79.6;0.1
84560;21.3;68.4;0.2
84562;21.2;74.2;0.2
84564;21.4;73.2;0
84566;21.5;71;0.9
84568;21.6;79.8;0
84570;21.6;73.8;0
84572;21.2;73.2;0.6
84574;21.1;75.3;0.1
84576;21.5;73.3;0.2
84578;21.5;76.8;0.8
84580;21.2;71.5;-0.4
84582;21.5;71.7;0.4
84584;21.4;77.1;0.6
84586;21.5;73.4;-0.4
84588;21.6;79.3;0.7
84590;21.6;77.9;0.3
84592;21.2;68;0
84594;21.2;79.2;0.7
84596;21.7;73.3;-0.1
84598;21.6;72.8;0.2
84600;21.6;84.4;0.6
84602;21.3;68.9;0.1
84604;21.6;76.3;0.4
84606;21.5;80;0.5
84608;21.1;66.8;0
84610;21.6;81.6;0.2
84612;21.2;73.1;0.8
84614;21.4;67;0
84616;21.7;84.7;0.3
84618;21.8;73.9;0.4
84620;21.6;76.1;0
84622;21.5;80.9;0.6
84624;21.2;66.4;0.4
84626;21.6;78.6;0.3
84628;21.7;79.3;0.4
84630;21.3;68.3;0.2
84632;21.4;80.9;0.5
84634;21;72.9;0.6
84636;21.5;71.5;0
84638;21.2;77.7;0.3
84640;21.4;70.7;0.1
84642;21.7;76.2;0.2
84644;21.1;72.2;0.6
84646;21.6;71.1;0.2
84648;21.6;80.5;0.5
84650;21.7;75.2;0.6
84652;21.2;76.2;0
84654;21.5;77.3;0.4
84656;21.7;72.5;0.7
84658;21.7;79.4;0.2
84660;21.5;73.3;0.2
84662;21.2;72.5;0.4
84664;21.5;81.1;0.4
84666;21.4;70.6;0
84668;21.5;75.6;0.7
84670;21.2;74.8;0.2
84672;21.7;71.2;0
84674;21.3;78.9;0.5
84676;21.6;72.2;0.3
84678;21.4;70.9;0.1
84680;21.5;82.5;0.5
84682;21.1;70.2;0.4
84684;21.6;79;0.1
84686;21.3;80.3;0.1
84688;21.5;69.6;0.7
84690;21.1;79.8;0.2
84692;21.2;73.1;0
84694;21.7;68.6;0.2
84696;21.2;82.8;0.5
84698;21.6;71.9;0.2
84700;21.6;74.1;0.4
84702;21.4;80.5;0.2
84704;21.3;69.4;0.2
84706;21.6;79.8;0.7
84708;21.6;78.6;0.4
84710;21.2;68.9;0.1
84712;21.4;80.4;0.4
84714;21.5;76.4;0.6
84716;21.6;76.9;0.3
84718;21.7;81.5;0.2
84720;21.6;72.8;0.5
84722;21.3;74.8;0.4
84724;21.2;74.1;0.2
84726;21.6;72.1;0.3
84728;21.2;77.5;0.7
84730;21.6;73.9;0.1
84732;21.6;76.1;0.5
84734;21.3;76.5;0.6
84736;21.4;72.1;0
84738;21.6;80.1;-0.2
84740;21.4;72.4;0.8
84742;21.8;74.5;0
84744;21.7;81.7;0.2
84746;21.7;74.2;0.6
84748;21.7;80.2;-0.1
84750;21.5;77.9;0.7
84752;21.6;69.7;0.3
84754;21.4;78.7;0
84756;21.5;71.4;0.8
84758;21.2;69.9;0.3
84760;21.1;81.2;0
84762;21.5;68.9;0.1
84764;21.3;74.6;0.1
84766;21.3;78.5;0.1
84768;21.7;69.3;0.5
84770;21.1;79.3;0.3
84772;21.4;73.9;0
84774;21.6;69.7;0.2
84776;21.2;82.7;0.5
84778;21.1;71.6;0.6
84780;21.4;73;0.3
84782;21.8;81.9;0.1
84784;21.4;67.4;0.6
84786;21.4;76.5;0.2
84788;21.8;76.6;0.2
84790;21.4;69.9;0.4
84792;21.1;79;0
84794;21.4;71.5;1
84796;21.6;73.4;0.6
84798;21.8;80.1;-0.3
84800;21.6;72.8;0.7
84802;21;76.1;0.1
84804;21.3;74.9;0
84806;21.7;72.9;0.4
84808;21.7;80.9;0.4
84810;21.6;74.2;0
84812;21.5;75.6;0.9
84814;21.3;75;0.4
84816;21.6;72.2;0
84818;21.6;77.8;0.5
84820;21.3;72.8;0.2
84822;21.4;72.6;0
84824;21.2;79.2;0.7
84826;21.6;72.5;0.6
84828;21.4;77.4;0
84830;21.4;76.9;0.7
84832;21.6;71.6;0.5
84834;21.4;79.4;0
84836;21.6;72.4;0.6
84838;21.1;69.2;0.5
84840;21.3;81.2;0.3
84842;21.2;69;0.8
84844;21.3;75.8;0.3
84846;21.6;80.9;0
84848;21.4;68.1;0.9
84850;21.7;81.3;0.2
84852;21.4;74.8;0.3
84854;21.2;67.7;0.9
84856;21.8;85.2;-0.2
84858;21.3;72.6;0.1
84860;21.4;71.9;0.6
84862;21.8;82.5;0.2
84864;21.7;70.8;0.6
84866;21.7;78.9;0.9
84868;21.4;75.3;-0.2
84870;21.6;68.7;0.5
84872;21.6;81.3;0.4
84874;21.6;76.4;0
84876;21.7;76.3;0.2
84878;21.5;77.9;0.8
84880;21.2;70.2;-0.4
84882;21.7;77.8;0.7
84884;21.1;74.3;0.5
84886;21.4;72.8;-0.5
84888;21.4;79.6;0.7
84890;21.6;75.1;0.6
84892;21.2;74.3;-0.2
84894;21.6;77.8;0.6
84896;21.1;70.4;0.5
84898;21.3;79.3;0.2
84900;21.6;73.7;0.6
84902;21.1;71;0.8
84904;21.3;79.3;0
84906;21.6;73.8;0.4
84908;21.6;79.7;1.1
84910;21.8;79.1;0
84912;21.4;68.3;0
84914;21.4;79.1;0.8
84916;21.5;73.7;0.2
84918;21.7;73.1;0.4
84920;21.1;82.1;0.6
84922;21.3;69.2;0.1
84924;21.7;76.5;0.6
84926;21.4;80;0.1
84928;21.4;67.6;0.1
84930;21.6;80.1;0.5
84932;21.2;72.8;0
84934;21.4;68.1;0.5
84936;21.7;84.1;0.5
84938;21.4;70.6;-0.4
84940;21.8;74.4;0.5
84942;21.7;82.8;0.7
84944;21.7;69;-0.2
84946;21.5;77.3;0.6
84948;21.7;77.3;0.7
84950;21.7;69.8;0.1
84952;21.6;81.4;0.4
84954;21.4;72.9;0.2
84956;21.6;72.3;0
84958;21.1;77.7;0.4
84960;21.7;72.9;0.1
84962;21.3;74.6;0.5
84964;21.5;74.1;0.8
84966;21.8;71.9;0.2
84968;21.4;77.9;0.3
84970;21.4;75.1;0.5
84972;21.3;76.1;0
84974;21.5;78.5;0.6
84976;21.7;73.6;0
84978;21.8;78.4;-0.2
84980;21.3;70.8;1.1
84982;21.6;74.4;-0.3
84984;21.7;81.2;0.5
84986;21.6;69.5;0.6
84988;21.3;77;0.1
84990;21.3;76.6;0.9
84992;21.3;70;0.4
84994;21.4;79.7;0
84996;21.4;71.6;0.9
84998;21.3;70.1;-0.1
85000;21.6;85;0.5
85002;21.5;71.6;0.8
85004;21.2;76.1;-0.2
85006;21.2;79.3;0.9
85008;21.7;68.5;0.4
85010;21.3;78.3;-0.1
85012;21.2;72.6;0.5
85014;21.5;68.7;0.2
85016;21.2;82.4;0.2
85018;21.7;72.9;0.5
85020;21.7;74.1;0
85022;21.2;80.4;0.1
85024;21.6;70.9;0.4
85026;21.3;78.5;0
85028;21.4;76.2;0.6
85030;21.5;68.2;0.4
85032;21.2;82.6;0.1
85034;21.3;73.9;0.2
85036;21.5;74.6;0.9
85038;21.3;78.1;0
85040;21.5;69.9;0.2
85042;21.2;75.5;0.4
85044;21.3;73.5;0
85046;21.7;73.3;0.6
85048;21.6;80.1;0.5
85050;21.6;74.8;-0.3
85052;21.6;74.8;1
85054;21.6;78.7;0.1
85056;21.6;73.1;0
85058;21.6;79.9;1
85060;21.6;73.8;-0.1
85062;21.6;72.9;0.4
85064;21.4;79.9;0.5
85066;21.7;74;-0.3
85068;21.6;79.9;0.7
85070;21.7;78.2;0.5
85072;21.5;68.8;0
85074;21.6;81.3;0.6
85076;21.7;72.2;0.1
85078;21.3;71.5;0.2
85080;21.3;82.1;0.7
85082;21.3;69.4;-0.1
85084;21.6;77.6;-0.1
85086;21.4;79.2;0.7
85088;21.1;67.7;-0.1
85090;21.4;81.1;0
85092;21.4;74.6;0.6
85094;21.4;68.7;0
85096;21.3;83;0
85098;21.6;73.6;0.8
85100;21.6;76.3;0.3
85102;21.7;83.1;0.3
85104;21.8;68.5;0.7
85106;21.5;77;0.5
85108;21.8;77.9;0
85110;21.2;68.4;0
85112;21.5;80.2;0.2
85114;21.1;72.6;0.9
85116;21.4;72.4;0
85118;21.2;79.5;0
85120;21.2;71.9;0.6
85122;21.4;76;0.4
85124;21.2;73.5;0.1
85126;21.4;72.4;0.8
85128;21.6;80.7;0.5
85130;21.4;73;0.4
85132;21.7;78;0.8
85134;21.6;78.7;-0.2
85136;21.3;70.4;0.7
85138;21.7;79.1;0.5
85140;21.4;72.2;-0.3
85142;21.4;73.2;0.6
85144;21.8;81.6;0.3
85146;21.6;72.3;0
85148;21.2;75.7;0.6
85150;21.5;79.5;0.5
85152;21.7;72.3;0.2
85154;21.2;79.4;0.8
85156;21.3;72.1;0.1
85158;21.6;73;0.2
85160;21.5;82.9;0.7
85162;21.6;71.8;0.1
85164;21.4;78;-0.1
85166;21.6;79.5;0.8
85168;21.4;68;0.2
85170;21.2;80.2;0
85172;21.4;73.5;0.5
85174;21.4;71.5;0.4
85176;21.6;85.6;0.1
85178;21.1;72.8;0
85180;21.4;75.3;0.2
85182;21.6;82;0.6
85184;21.2;69.2;0
85186;21.5;80.2;0.6
85188;21.7;79;0.6
85190;21.6;69.7;0.1
85192;21.4;81.4;0.4
85194;21.7;77.1;0
85196;21.6;75.6;0.6
85198;21.1;78.8;0.8
85200;21.7;72.9;-0.1
85202;21.4;74.8;0.1
85204;21.7;78.2;0.5
85206;21.4;72.5;0.1
85208;21.2;79.6;0.2
85210;21.4;75.5;0.2
85212;21.2;74;-0.1
85214;21.4;77;0.2
85216;21.2;73.1;1
85218;21.7;79.6;0.3
85220;21.1;70.3;0.1
85222;21.6;72;0.5
85224;21.6;80;0.4
85226;21.5;71.3;0.2
85228;21.8;79.8;0.2
85230;21.4;76.8;0.3
85232;21.6;68.2;0
85234;21.3;78.9;0.8
85236;21.4;71.7;0.1
85238;21.6;73.1;0.3
85240;21.5;82.7;0.7
85242;21.5;68.3;-0.1
85244;21.3;74.2;0.5
85246;21.8;81.3;0.4
85248;21.6;68.8;0
85250;21.6;79.6;0.6
85252;21.4;73.6;0
85254;21.4;68.4;0
85256;21.6;81.5;0.9
85258;21.7;73.9;0.1
85260;21.8;75.5;0
85262;21.3;80.2;0.4
85264;21.4;69.4;0.3
85266;21.2;75.8;0.6
85268;21.5;75.2;0.8
85270;21.3;68.5;-0.1
85272;21.4;80.2;1.1
85274;21.4;72.6;0.4
85276;21.6;73.3;0
85278;21.5;79.6;1.2
85280;21.1;69.8;0
85282;21.6;76.3;0.3
85284;21.7;75.6;0.8
85286;21.4;69.9;0
85288;21.6;80.8;0.7
85290;21.5;74.5;0.7
85292;21.8;78;-0.1
85294;21.7;79.5;0.5
85296;21.2;70.2;0.5
85298;21.6;76.7;0.2
85300;21.7;75.1;0.6
85302;21.5;72.2;0.2
85304;21.4;79;0
85306;21.7;70.9;0.8
85308;21.7;76.3;0.6
85310;21.3;75.5;0
85312;21.3;68.6;0.4
85314;21.7;80.9;0.4
85316;21.5;71.8;0.1
85318;21.7;72.8;0.2
85320;21.2;83;0.4
85322;21.4;71.7;0.2
85324;21.3;76.9;0.2
85326;21.4;80.2;0.6
85328;21.3;64.8;0.3
85330;21.3;79.2;0
85332;21.8;75.9;0.7
85334;21.2;67.6;0.2
85336;21.7;83.1;0
85338;21.5;70.6;0.6
85340;21.6;71.9;0
85342;21.8;80.8;0.4
85344;21.6;69.5;0.4
85346;21.7;79.5;-0.2
85348;21.6;78.3;0.5
85350;21.7;70.7;0.6
85352;21.5;79.7;0.1
85354;21.2;74.8;0.5
85356;21.5;74.8;0.1
85358;21.5;80.9;0.2
85360;21.7;72.6;0.6
85362;21.5;74.9;0
85364;21.6;75.1;0.5
85366;21.7;72.7;0.2
85368;21.7;79.9;0
85370;21.1;71.1;0.5
85372;21.4;74.4;0.3
85374;21.2;77.2;0.1
85376;21.3;71.3;0.8
85378;21.4;77.9;-0.3
85380;21.5;73;0.5
85382;21.7;73.6;0.5
85384;21.7;80.6;-0.1
85386;21.5;74.1;0.5
85388;21.3;77;0.5
85390;21.4;77.7;0.4
85392;21.8;70;0.2
85394;21.4;76.9;0.3
85396;21.7;73.7;0.3
85398;21.6;72.4;0.4
85400;21.2;81.2;0.5
85402;21.6;70.8;0.2
85404;21.7;77.2;0.3
85406;21.6;82.3;0.5
85408;21.4;67.8;0.1
85410;21.4;80.3;0.4
85412;21.5;73.6;0.3
85414;21.7;70;-0.1
85416;21.7;84.5;0.5
85418;21.2;71.2;0
85420;21.8;74.5;0.2
85422;21.3;80.2;0.8
85424;21.6;68.4;0.3
85426;21.6;76.4;0.3
85428;22.1;76.4;0.5
85430;21.2;68.4;0
85432;21.9;82.6;0.2
85434;21.6;76.2;0.6
85436;21.4;73.8;-0.2
85438;21.7;80.3;0.5
85440;21.6;72.8;0.5
85442;21.4;75.8;0.3
85444;21.1;73.6;0.4
85446;21.5;71.9;0
85448;21.2;77.3;0
85450;21.5;74.3;0.8
85452;21.4;74.6;0.3
85454;21.2;75.1;-0.1
85456;21.7;71.9;0.8
85458;21.6;78.3;0.1
85460;21.5;71;0.1
85462;21.6;74.9;0.6
85464;21.7;82.4;0
85466;21.7;71.4;0.4
85468;21.5;78.1;0.3
85470;21.3;75.7;0
85472;21.6;69.7;0.2
85474;21.7;82.8;0.2
85476;21.6;71.3;1
85478;21.6;69.9;0
85480;21.4;82.4;0.3
85482;21.7;72.1;0.7
85484;21.3;74.5;-0.3
85486;21.7;80.5;0.4
85488;21.6;67.6;0.5
85490;21.3;78.2;0
85492;21.4;74.1;0.6
85494;21.5;68.6;0.4
85496;21.7;83.1;0.1
85498;21.7;72.4;0.6
85500;21.7;74;0.4
85502;21.6;82.1;0.4
85504;21.7;68.8;0.2
85506;21.5;78.1;0.2
85508;21.6;75.3;0
85510;21.3;66.5;0.3
85512;21.7;81.6;0.3
85514;21.4;73.3;0.2
85516;21.5;74.7;0
85518;21.4;78.6;0.2
85520;21.6;70.6;0.3
85522;21.4;76.5;0
85524;21.4;75;0.4
85526;21.8;72.7;0.7
85528;21.2;78.5;0.1
85530;21.4;73.3;0.3
85532;21.2;72.7;0.7
85534;21.5;76.2;0.1
85536;21.7;73;0.1
85538;21.6;76.7;0.8
85540;21.5;71.3;0
85542;21.5;70.4;0.3
85544;21.3;78.3;0.7
85546;21.5;72.2;0.4
85548;21.6;80.2;0.1
85550;21.7;78.3;0.6
85552;21.7;70.3;0.4
85554;21.5;78.6;0
85556;21.3;70.2;0.7
85558;21.5;72.4;0.1
85560;21.6;83.6;0.5
85562;21.8;68.1;0.8
85564;21.7;76.7;-0.1
85566;21.2;78.3;1
85568;21.6;68.5;0.6
85570;21.9;82.2;-0.2
85572;21.8;75.3;0.8
85574;21.3;66.8;0.1
85576;21.6;83;0.5
85578;21.8;74.7;0.8
85580;21.6;73.9;0.2
85582;21.5;80.7;0.1
85584;21.2;66.7;0
85586;21.6;77.6;0.4
85588;21.8;78.4;0.5
85590;21.4;69;0.6
85592;21.4;79.6;0.5
85594;21.3;72.6;0.2
85596;21.6;72.9;0.4
85598;21.3;77.9;0.4
85600;21.9;73.6;0.2
85602;21.7;78;-0.1
85604;21.3;73;0.6
85606;21.5;73.3;0.6
85608;21.7;81.8;0
85610;21.3;73.5;0.3
85612;21.5;75.6;-0.1
85614;21.3;75.2;0.3
85616;21.5;72.2;0.4
85618;21.7;79;0.3
85620;21.4;73.4;0.1
85622;21.1;71.8;0.4
85624;21.1;79.3;0.4
85626;21.6;72.2;0.1
85628;21.3;75.8;0.2
85630;21.5;76.9;0.1
85632;21.9;71.1;0.2
85634;21.8;81.3;0.6
85636;21.6;72;0.2
85638;21.4;72.1;0.1
85640;21.7;83.5;0.8
85642;21.3;69.5;0
85644;21.4;78.7;0.3
85646;21.7;80.9;0.7
85648;21.4;65.9;0.2
85650;21.4;80.1;-0.1
85652;21.6;72.8;0.6
85654;21.2;68.3;0.4
85656;21.5;84.5;0.3
85658;21.3;69.9;0.6
85660;21.3;73.9;0.1
85662;21.5;80.1;0
85664;21.2;68.6;0.4
85666;21.3;77.7;0.1
85668;21.8;78.5;0.9
85670;21.7;67.9;0.3
85672;21.5;82.4;0
85674;21.5;77.5;0.4
85676;21.7;75.6;0.3
85678;21.5;81.2;0
85680;21.3;69.9;0.7
85682;21.4;73.9;0.2
85684;21.5;76.9;0.1
85686;21.6;73.3;0.4
85688;21.3;79.7;0
85690;21.7;75.6;0.9
85692;21.8;77.3;0
85694;21.3;76.7;-0.1
85696;21.3;71.9;0.9
85698;21.8;79.8;0.1
85700;21.6;74.5;-0.1
85702;21.7;74;0.8
85704;21.1;79.7;0.1
85706;21.7;73.4;0.2
85708;21.4;78.5;0.9
85710;21.3;76.1;-0.1
85712;21.6;68.8;0.3
85714;21.2;78.7;0.9
85716;21.6;72.2;-0.2
85718;21.5;72.3;0.2
85720;21.2;82.7;1
85722;21.3;69.5;-0.5
85724;21.5;75.2;0.3
85726;21.6;79.9;0.9
85728;21.6;68;-0.6
85730;21.4;80.8;0.9
85732;21.2;73.9;0.7
85734;21.7;70;0
85736;21.4;83.2;0.7
85738;21.3;72.1;0
85740;21.5;73.8;0.1
85742;21.4;79.4;0.7
85744;21.5;70;-0.3
85746;21.6;77.9;0.7
85748;21.5;76.2;0.4
85750;21.8;71.1;0
85752;21.8;82.3;1
85754;21.4;72.2;-0.2
85756;21.4;71.8;0.7
85758;21.6;80.4;0.6
85760;21.3;72.8;-0.2
85762;21.3;75;0.8
85764;21.5;74.5;0.1
85766;21.5;71.8;0.1
85768;21.8;80.5;0.6
85770;21;74.6;0.3
85772;21.5;76.6;0.4
85774;21.5;77.4;0.7
85776;21.7;73.4;0.4
85778;21.4;77.4;0
85780;21.7;74.5;0.4
85782;21.4;74.4;0
85784;21.1;79;0.5
85786;21.3;69.8;0.5
85788;21.2;76.4;0
85790;21.6;78.3;0.2
85792;21.3;69.2;0.4
85794;21.5;80.7;0.4
85796;21.6;72.5;0.4
85798;21.9;72.9;0.5
85800;21.6;84.5;0.7
85802;21.2;70;0.2
85804;21.6;77.7;0
85806;21.4;80.6;0.3
85808;21.7;66.8;0.7
85810;21.8;81.8;0.2
85812;21.4;73.6;0.2
85814;21.3;68.4;0.6
85816;21.7;84.6;0.1
85818;21.7;72.5;0.1
85820;21.2;71.1;0.5
85822;21.7;81.9;0.4
85824;21.6;70;-0.1
85826;21.6;78.4;0.3
85828;21.7;77.7;0.4
85830;21.2;67;0
85832;21.2;80.1;0.6
85834;21.1;73.2;0.3
85836;21.3;73.8;0
85838;21.3;78.6;0.6
85840;21.3;70.6;0.6
85842;21.7;73.9;0
85844;21.4;72.9;0.4
85846;21.7;73;0.7
85848;21.7;80.5;0
85850;21.5;72.3;0.5
85852;21.3;73.6;0.4
85854;21.7;77.4;0.1
85856;21.6;71.5;0.4
85858;21.6;79.6;0.6
85860;21.4;71.4;0
85862;21.3;71.7;0.4
85864;21.6;80.5;0.3
85866;21.5;73.4;0.4
85868;21.7;79.7;0.6
85870;21.4;78;0.4
85872;21.3;69.2;0.3
85874;21.7;81.1;0.6
85876;21.7;72.6;0.5
85878;21.5;73.7;0.2
85880;21.5;82.2;0.6
85882;21.3;67.9;0.3
85884;21.8;76.2;0
85886;21.6;80.5;0.6
85888;22;69.9;-0.2
85890;21.7;81.5;0
85892;21.3;72.6;0.9
85894;21.3;69.1;-0.5
85896;21.5;83.6;0.4
85898;21.3;73.4;0.7
85900;21.4;74.6;-0.4
85902;21.3;80.2;0.8
85904;21.6;68.2;0.3
85906;21.6;79.3;-0.1
85908;21.6;77.9;0.7
85910;21.2;67.8;0.3
85912;21.4;80.2;-0.3
85914;21.2;72.8;0.7
85916;21.4;73.5;0
85918;21.7;81;0.1
85920;21.7;73.7;0.5
85922;21.4;76.9;-0.1
85924;21.2;74;0.5
85926;21.6;73;0.5
85928;21.4;77.6;-0.1
85930;21.3;73.8;0.5
85932;21.2;76.4;0.4
85934;21.5;76.9;0
85936;21.7;72.8;0.6
85938;21.7;78.8;0.3
85940;21.3;71.9;0.2
85942;21.7;74.4;0.6
85944;21.6;81.7;0.7
85946;21.5;72.5;0.1
85948;21.5;77.6;-0.1
85950;21.6;78;1.2
85952;21.4;69.1;0.2
85954;21.7;82.3;0
85956;21.3;71.6;0.7
85958;21.2;68.8;0
85960;21.5;83.7;0.4
85962;21.6;71.6;0.4
85964;21.3;75.7;-0.2
85966;21.3;79.4;0.7
85968;21.4;67.2;0.5
85970;21.5;79.2;0.4
85972;21.6;74.3;0.5
85974;21.3;68.8;0
85976;21.9;85.2;0.2
85978;21.7;71.9;0.5
85980;21.6;75.7;0.4
85982;21.7;84;0.4
85984;21.4;69.3;0.4
85986;21.6;78.3;0
85988;21.5;74.8;0
85990;21.5;68.6;0.5
85992;21.7;80.9;0.6
85994;21.4;74;0
85996;21.5;74.4;0.3
85998;21.6;78.7;0.8
86000;21.8;71.6;0
86002;21.5;76.4;0.7
86004;21.7;76.3;0.4
86006;21.7;73.1;-0.1
86008;21.7;81.1;1
86010;21.2;73.7;0.1
86012;21.6;74.1;0.2
86014;21.2;75.9;0.9
86016;21.8;74.3;-0.5
86018;21.3;77.7;0.7
86020;21.7;73.9;0.5
86022;21.4;72.5;0.2
86024;21.3;79.5;0.6
86026;21.6;73.2;0.5
86028;21.5;76.9;0.2
86030;21.6;77.6;0.6
86032;21.3;68.2;0.4
86034;21.1;79.4;0
86036;21.9;73.2;0.6
86038;21.8;73;0.5
86040;21.5;84.3;-0.1
86042;21.1;67.6;0.4
86044;21.6;74.5;0.8
86046;21.7;80.6;0.1
86048;21.3;66.4;0.1
86050;21.6;82.2;0.4
86052;21.7;74.9;0.2
86054;21.3;66.7;0.1
86056;21.4;82.1;0.7
86058;21.6;72.5;0
86060;21.3;73.1;0.2
86062;21.9;83.6;0.6
86064;21.4;69;0
86066;21.9;78.5;0.6
86068;21.6;79.2;0.3
86070;21.5;69.6;0
86072;21.4;80.5;0.6
86074;21.7;75.1;0.2
86076;21.4;71.6;0
86078;21.8;80.9;0.8
86080;21.4;71.9;0.5
86082;21.7;76.9;0
86084;21.5;72.5;0.5
86086;21.4;70.5;0.5
86088;21.6;79.2;0.2
86090;21.7;76;0.2
86092;21.6;77.7;0.4
86094;21.5;77.3;0.3
86096;21.6;72;0.2
86098;21.7;78.7;0.2
86100;21.6;71.9;0.3
86102;21.4;72;0.3
86104;21.2;79.1;0.4
86106;21.6;72;0.1
86108;21.7;77.3;0.1
86110;21.4;75;0.5
86112;21.3;69.1;0.2
86114;21.3;78.4;0.4
86116;21.6;71.1;0.7
86118;21.8;72;0
86120;21.3;81.7;0.5
86122;20.9;70.3;0.9
86124;21.4;75.7;0.2
86126;21.5;78.8;0.2
86128;21.6;67.5;0.7
86130;21.7;80.8;-0.2
86132;21.6;72.7;0.5
86134;21.3;67.3;0.6
86136;21.9;83.6;0
86138;21.4;68.5;0.8
86140;21.6;71.3;0
86142;21.8;80.5;0
86144;21.1;66.9;1.1
86146;21.7;78.8;0.2
86148;21.7;78.1;0
86150;21.7;69.5;0.8
86152;21.8;83.1;0
86154;21.5;75.1;0.4
86156;21.8;74.5;0.8
86158;21.6;78.5;-0.2
86160;21.5;70.1;0.7
86162;21.6;73;0.3
86164;21.4;74.8;0
86166;21.8;71.9;0.4
86168;21.3;77;0.5
86170;21.4;73;0.2
86172;21.2;72.7;0.4
86174;21.7;78.2;0.6
86176;21.6;73.2;0
86178;21.6;79.2;0
86180;21.5;72.2;0.5
86182;21.4;73;0.4
86184;21.6;80.5;0.2
86186;21.5;70.9;0.5
86188;21.6;79.8;0.3
86190;21.6;77.3;0
86192;21.4;68.2;0.2
86194;21.1;79.5;0.1
86196;21.6;71.9;0.1
86198;21.4;69.8;0.3
86200;21.4;80.9;0.2
86202;21.2;68.8;0.4
86204;21.5;74.8;0.7
86206;21;78.9;0.2
86208;21.7;67.7;0.2
86210;21.4;79.6;0.5
86212;21.5;73.3;0.2
86214;21.3;66.1;0.1
86216;21.5;84;0.6
86218;21.8;73.9;0.5
86220;21.6;75.5;0
86222;21.3;78;0.5
86224;21.3;66.8;0.7
86226;21.7;77;0.2
86228;21.7;75;0.2
86230;21.4;68;0.5
86232;21.4;78.7;0.7
86234;21.3;71.3;0.3
86236;21.5;72.1;-0.1
86238;21.7;79.1;0.4
86240;21.2;69.9;0.4
86242;21.3;74.4;0
86244;21.2;74.1;0.1
86246;21.8;71;0.9
86248;21.7;79.5;0.4
86250;21.6;74.2;0.2
86252;21.3;72.8;0.6
86254;21.2;75.5;-0.1
86256;21.7;71.6;0
86258;21.7;76.4;0.6
86260;21.6;71.9;0
86262;21.4;72.4;0.1
86264;21.3;78;0.1
86266;21.7;71.9;0.1
86268;21.8;77.4;0.5
86270;21.6;76.9;-0.2
86272;21.6;70.4;0
86274;21.2;79.2;0.9
86276;21.7;71.6;-0.1
86278;21.3;69.2;0.2
86280;21.3;81.9;0.9
86282;21.4;69.1;-0.1
86284;21.7;78.1;0.4
86286;21.6;77.4;0.4
86288;21.3;64.8;-0.3
86290;21.4;80.1;0.6
86292;21.7;75.1;0
86294;21.5;69.7;0.4
86296;21.3;81.7;0.6
86298;21.7;71.7;-0.3
86300;21.5;71.6;0.9
86302;21.7;81.9;0.6
86304;21.8;69.8;-0.4
86306;21.4;77;0.6
86308;21.6;77.9;0.3
86310;21.4;67.8;0.2
86312;21.3;78.8;0.6
86314;21.2;73.8;0
86316;21.2;72.8;0.4
86318;21.5;77.5;0.8
86320;21.2;70.1;0
86322;21.2;73.9;0
86324;21.3;73.9;0.7
86326;21.4;70.4;0.3
86328;21.8;79.3;0
86330;21.3;71.1;1
86332;21.5;72.6;0
86334;21.6;76.6;0.5
86336;21.6;72.7;0.2
86338;21.7;79.5;-0.1
86340;21.7;71.5;0.5
86342;21.3;69.3;0.6
86344;21.4;79.6;0
86346;21.6;73.1;1
86348;21.4;76.6;0.5
86350;21.3;77.5;0.1
86352;21.8;69.8;0.4
86354;21.6;76.8;0.1
86356;21.4;72;0.5
86358;21.7;72.1;0.1
86360;21.2;80.9;0
86362;21.6;68.3;0.5
86364;21.3;74.2;0.5
86366;21.6;80.6;0.4
86368;21.6;68.7;0.1
86370;21.3;78.8;0.7
86372;21.3;71.4;0.2
86374;21.6;70.5;0.3
86376;21.6;85.2;0.4
86378;21.8;74;0.4
86380;21.8;76.7;0.7
86382;21.7;82.9;0.4
86384;21.3;66.2;0.1
86386;21.7;78.3;0.6
86388;21.7;77.1;0.4
86390;21.6;69;0.6
86392;21.5;79.2;0.7
86394;21.5;73;-0.1
86396;21.6;71.2;0.4
86398;21.5;78.7;0.8
86400;21.6;72.9;0.1
86402;21.3;74.5;0.2
86404;21.7;76.6;0.8
86406;21.6;72.4;0.6
86408;21.6;80;0.3
86410;21.7;76.7;0.6
86412;21.7;76.8;0.4
86414;21.1;74.6;0.7
86416;21.7;72.6;0.6
86418;21.7;77.8;0.2
86420;21.7;71.1;0.3
86422;21.6;71.7;0.3
86424;21.1;78.5;0.2
86426;21.6;70.7;0.7
86428;21.4;76.4;0
86430;21.5;74.9;0.1
86432;21.4;69.3;0.9
86434;21.6;80.8;-0.2
86436;21.4;70.8;0.2
86438;21.7;71.7;0.8
86440;21.4;82.4;-0.2
86442;21.3;70;0.5
86444;21.4;75.2;0.8
86446;21.6;80.9;0.2
86448;21.6;67.8;0.9
86450;21.8;79.9;0.3
86452;21.6;74;0
86454;21.7;69.8;0.6
86456;21.6;84.5;-0.2
86458;21.4;71.1;0.6
86460;21.7;75;0.6
86462;21.2;80.5;0.4
86464;21.3;68.1;0.5
86466;21.4;77.6;0.3
86468;21.7;76.8;0.2
86470;21.3;67.5;0.6
86472;21.6;80.5;0.5
86474;21.7;73.9;0.2
86476;21.4;74.6;0.3
86478;21.3;79.3;0.2
86480;21.6;69.3;0.7
86482;21.6;76.8;0.4
86484;21.8;77.1;0.1
86486;21.5;72;0.8
86488;21.6;81;0.4
86490;21.6;76.3;0.1
86492;21.6;74.7;0.5
86494;21.7;77.3;0.3
86496;21.4;71.8;0.3
86498;22;79.1;0.4
86500;21.4;72.4;0.5
86502;21.7;74.3;0.1
86504;21.6;80.3;0
86506;21.5;71.5;0
86508;21.7;80.3;0.4
86510;21.6;76.1;0.5
86512;21.4;67.5;0.1
86514;21.1;78.5;0.9
86516;21.7;73;0.6
86518;21.7;73.4;0
86520;21.3;83;0.6
86522;21.6;68.9;0.3
86524;21.2;74.5;0.1
86526;21.4;78;0.7
86528;21.2;65.3;0.1
86530;21.2;79.1;0.6
86532;21.2;72.4;0.4
86534;21.5;66;0.1
86536;21.7;84.4;0.3
86538;21.5;73.2;0.1
86540;21.4;73.6;0
86542;21.7;82;0.7
86544;21.7;69.2;0.5
86546;21.6;77.1;0
86548;21.7;77.7;0.7
86550;21.7;70;0.5
86552;21.6;80.1;0.1
86554;21.8;74.6;0.7
86556;21.7;72.6;0.6
86558;21.7;78.6;-0.2
86560;21.8;72.9;0.2
86562;21.1;74.3;0.2
86564;21.5;73.6;0.2
86566;21.5;71.8;0.4
86568;21.7;80.9;0.4
86570;21.7;75;0.2
86572;21.8;78.7;0.6
86574;21.8;78.9;0.1
86576;21.9;72.4;-0.1
86578;21.4;77.4;0.4
86580;21.6;73.3;0.2
86582;21.2;71.9;0.6
86584;21.6;79;0.4
86586;21.6;71.5;0
86588;21.3;74.6;0.8
86590;21.5;76.7;0.4
86592;21.4;69.7;-0.2
86594;21.4;78;0.6
86596;21.4;71.7;-0.1
86598;21.7;72.4;0.1
86600;21.7;84.2;0.7
86602;21.5;71.3;0.3
86604;21.7;79.4;0.2
86606;21.6;80.7;0.2
86608;21.1;66;0.2
86610;21.1;79.8;0
86612;21.4;73.9;0.3
86614;21.4;68.3;0.5
86616;21.8;84.1;0.2
86618;21.3;68.9;0.4
86620;21.8;74.4;0.4
86622;21.7;81.2;0.5
86624;21.3;68.4;0.7
86626;21.6;78.6;0.1
86628;21.6;76.2;0.1
86630;21.6;68.8;0.4
86632;21.4;81;0.5
86634;21.6;77.6;0.5
86636;21.4;73.7;0.4
86638;21.4;78.9;0.5
86640;21.5;70.1;0.5
86642;21.4;72.6;0
86644;21.2;73.6;0.5
86646;21.7;72.3;0.4
86648;21.7;79.1;0
86650;21.8;73.6;0.6
86652;21.4;73.7;0.4
86654;21.3;75.3;0
86656;21.7;73.9;0.9
86658;21.5;78.8;0.4
86660;21.4;71.7;0
86662;21.3;71.8;0.7
86664;21.9;81.1;0.1
86666;21.6;72.6;0
86668;21.7;79.6;0.6
86670;21.3;75.4;0
86672;21.4;67.5;0.1
86674;21.4;78;0.8
86676;21.5;71.5;-0.1
86678;21.2;70.2;0.4
86680;21.6;83.5;0.7
86682;21.3;69.7;0
86684;21.3;73.7;0.6
86686;21.4;79.8;0.4
86688;21.7;69.5;0.2
86690;21.8;80.8;1
86692;21.6;73.2;0.1
86694;21.4;69.1;0.1
86696;21.5;83.6;1
86698;21.7;73.2;0.4
86700;21.7;73.4;0
86702;21.9;82.1;0.6
86704;21.3;66.4;0
86706;21.7;78.4;0.1
86708;21.6;74;0.7
86710;21.3;68.6;0.1
86712;21.4;80;0.4
86714;21.1;71.9;0.5
86716;21.4;72.7;0
86718;21.8;80;0.3
86720;21.3;70.8;0.5
86722;21.2;74.6;0.4
86724;21.6;76.7;0.2
86726;21.4;70.3;0.5
86728;21.7;79.7;0.9
86730;21.6;74.4;0.4
86732;21.5;75.1;0
86734;21.3;74.4;0.6
86736;21.8;72.5;0.7
86738;21.2;74.6;0.2
86740;21.3;71.3;0.3
86742;21.6;74.1;0.3
86744;21.4;79.7;0.2
86746;21.2;69.4;0.7
86748;21.7;78.2;0.5
86750;21.7;77.1;-0.3
86752;21.8;70.8;0.9
86754;21.6;79.4;0.4
86756;21.7;70.4;0
86758;21.7;71.8;0.7
86760;21.4;79.8;0
86762;21.5;70.6;0
86764;21.4;75.3;0.9
86766;21.5;78.9;0.1
86768;21.6;67.5;0.2
86770;21.4;78.7;0.8
86772;21.5;74.1;0.1
86774;21.2;67.7;0.2
86776;21.7;84;0.6
86778;21.8;72.3;0.1
86780;21.8;72.9;0.2
86782;21.3;79.7;0.4
86784;21.6;66.7;0
86786;21.6;76.8;0
86788;21.8;77.1;0.6
86790;21.6;68.6;0.5
86792;21.1;79.3;0
86794;21.2;73.2;0.5
86796;21.3;73.1;0.4
86798;21.5;76.7;0
86800;21.4;70.8;0.5
86802;21.7;77;0.2
86804;21.1;73.6;0.2
86806;21.5;73.2;0.4
86808;21.9;79.8;0.4
86810;21.4;72.1;0.6
86812;21.7;73.6;0.7
86814;21.4;75.4;0.2
86816;21.5;71.2;0.4
86818;21.4;76.5;0.3
86820;21.2;71.1;0
86822;21.4;71;0.2
86824;21.7;81.6;0.2
86826;21.6;72.5;0
86828;21.3;76.4;0.5
86830;21.6;76.6;0.2
86832;21.4;68.4;0
86834;21.1;78.9;0.5
86836;21.4;71.7;0.3
86838;21.3;70.6;0.2
86840;21.7;82.4;0.7
86842;21.2;66.7;0.2
86844;21.3;73.8;0.1
86846;21.7;79.3;0.6
86848;21.8;66.8;0.2
86850;21.6;81.4;0.3
86852;21.7;72.3;0.5
86854;21.4;67.5;0
86856;21.5;83.1;0.1
86858;21.4;71.3;0.4
86860;21.7;74.6;0.4
86862;21.5;83.5;0.4
86864;21.2;67.2;0.8
86866;21.7;77.3;0.4
86868;21.6;77.1;0
86870;21.6;69.9;0.7
86872;21.1;78.6;0.4
86874;21.2;73.1;-0.1
86876;21.6;72.2;1.1
86878;21.8;80.6;0.2
86880;21.2;70.9;0
86882;21.8;77;1.2
86884;21.6;74.9;0
86886;21.4;72.3;0
86888;21.6;80.9;0.9
86890;21.6;75;0
86892;21.6;76.6;0.5
86894;21.3;78.3;0.6
86896;21.8;72.6;0.1
86898;21.7;77.3;0.6
86900;21.7;73.5;0.4
86902;21.5;72.8;-0.2
86904;21.4;79.2;0.5
86906;21.8;70.7;0.5
86908;21.7;78.1;0.2
86910;21.2;75.6;0.1
86912;21.1;68.3;0.5
86914;21.6;80.1;0.1
86916;21.4;72.2;0.5
86918;21.3;69;0.5
86920;21.4;81.9;0.1
86922;21.7;70.7;0.5
86924;21.4;74.5;0.4
86926;21.5;78.5;0.1
86928;21.6;68.3;0.4
86930;21.4;77.8;0.2
86932;21.4;72.7;0
86934;21.8;69.9;0.5
86936;21.3;82.1;0.2
86938;21.4;71.9;0.1
86940;21.2;71.5;0.6
86942;21.3;80.1;-0.1
86944;21.6;70.2;0.2
86946;21.4;76.6;0.7
86948;21.3;74.9;0.1
86950;21.6;69.8;0.4
86952;21.7;82;0.4
86954;21.2;72.5;0.2
86956;21.3;72.9;0.6
86958;21.7;79.6;0.1
86960;21.2;68.5;0
86962;21.3;73.8;0.7
86964;21.7;75.8;0.2
86966;21.5;70.5;0.2
86968;21.7;79.1;0.2
86970;21.6;73.4;-0.1
86972;21.5;72.9;0.2
86974;21.4;76.4;0.6
86976;21.7;74;0.4
86978;21.6;77.6;0.5
86980;21.3;71.9;0.6
86982;21.4;71.7;0.2
86984;21.1;77.4;-0.2
86986;21.7;72.8;0.6
86988;22;79.3;0.4
86990;21.6;76.8;0
86992;21.2;68.3;0.4
86994;21.4;79.1;0.8
86996;21.7;72.5;0
86998;21.4;71.8;0.4
87000;21.6;81.9;0.6
87002;21.3;67.2;-0.1
87004;21.3;74.8;0.3
87006;21.2;78.3;0.2
87008;21.6;66.9;0.3
87010;21.7;79.7;0.5
87012;21.6;74.2;0
87014;21.4;65.5;0
87016;21.7;84;0.6
87018;21.7;73.2;0.2
87020;21.3;72.1;0
87022;21.7;82.1;0.6
87024;21.6;69.3;0.5
87026;21.7;77;0.1
87028;21.5;76.2;0.5
87030;21.5;68.2;0.5
87032;21.3;78.7;-0.2
87034;21.5;73;0.7
87036;21.4;72.5;0.8
87038;21.6;78.6;0
87040;21.3;69.8;0.5
87042;21.2;73.5;0.5
87044;21.1;72;-0.2
87046;21.8;71.9;1
87048;21.8;79.9;0.4
87050;21.7;72.7;0
87052;21.3;75.3;0.8
87054;21.8;77.7;-0.2
87056;21.2;69.6;0.2
87058;21.2;76;0.7
87060;21.4;71.3;0
87062;21.4;71.8;0.7
87064;21.8;80.5;0.4
87066;21;68.9;0.4
87068;21.6;76;0
87070;21.4;74.5;0.3
87072;21.7;68.8;0.6
87074;21.8;80.1;0.3
87076;21.6;72.7;0
87078;21.7;71.6;0.1
87080;21.5;79.8;0.5
87082;21.2;69.3;0.1
87084;21.9;78.4;0.4
87086;21.5;79.4;0.5
87088;21.9;68.8;0.2
87090;21.4;79.9;0.6
87092;21.4;73.1;0
87094;21.7;68.3;0
87096;21.4;82.7;0.8
87098;21.8;70.7;-0.1
87100;21.7;73.3;0
87102;21.7;81;1.2
87104;21.4;67.1;-0.3
87106;21.6;78.2;0.4
87108;21.5;74.6;0.5
87110;21.2;66;-0.1
87112;21.2;78.6;0.2
87114;21.7;73.8;0.4
87116;21.3;72.9;0.8
87118;21.7;80.7;0.2
87120;21.8;72.6;0.1
87122;21.4;72.8;0.4
87124;21.3;73.6;0.3
87126;21.6;71;0.2
87128;21.4;75.8;0.5
87130;21.2;71.1;0.2
87132;21.5;72.6;0.4
87134;21.3;74.9;0.3
87136;21.7;72.3;0
87138;21.6;78.3;-0.1
87140;21.4;70.2;0.7
87142;21.7;73.2;0.7
87144;21.6;80.1;-0.2
87146;21.2;70.1;0.4
87148;21.7;79.1;0.2
87150;21.7;77.5;-0.2
87152;21.2;65.7;0.8
87154;21.7;79.2;0.2
87156;21.6;70.2;0.2
87158;21.2;68.8;0.9
87160;21.1;81.1;-0.2
87162;21.4;68.1;0.4
87164;21.3;73.4;0.3
87166;21.2;77.8;0.3
87168;21.7;68.3;0.4
87170;21.4;79.2;0
87172;21.4;72.1;0.2
87174;21.2;66;0.1
87176;21.9;83.7;-0.2
87178;21.6;73.7;0.6
87180;21.5;74.8;0.7
87182;21.3;78.2;-0.2
87184;21.7;66.6;0.3
87186;21.6;75.7;0.3
87188;21.3;73.8;0.1
87190;21.5;68.2;0.4
87192;21.4;78.6;0
87194;21.3;70.5;0.2
87196;21.6;73.2;0.8
87198;21.9;79.3;0.2
87200;21.7;71.3;0.2
87202;21.5;74.2;0.5
87204;21.6;76.5;0.4
87206;21.6;71.9;0.2
87208;21.7;80.2;0.2
87210;21.3;73.8;0.3
87212;21.5;74.5;0
87214;21.4;75.1;0.7
87216;21.7;72.1;0.6
87218;21.3;74.2;0.1
87220;21.8;73.8;0.6
87222;21.4;72.6;0.6
87224;21.4;78.4;-0.3
87226;21.2;69.7;0.6
87228;21.7;77.6;0.7
87230;21.7;76.6;-0.1
87232;21.4;68.8;0.8
87234;21.4;79.4;0.7
87236;21.6;69.7;-0.3
87238;21.7;71.2;0.9
87240;21.5;81.8;0.3
87242;21.3;67.3;0
87244;21.5;75.7;0.7
87246;21.8;81;0
87248;21.2;64.6;0.1
87250;21.5;80.7;0.8
87252;21.7;75.2;-0.2
87254;21;66.8;0.9
87256;21.9;84.1;0
87258;21.4;70.4;0
87260;21.3;70.8;1.2
87262;21.4;80.2;-0.3
87264;21.4;69.6;0
87266;21.4;76.8;0.6
87268;21.8;76.5;-0.1
87270;21.2;67.2;0.2
87272;21.2;77.8;0.5
87274;21.8;76.1;0
87276;21.5;73.7;0.2
87278;21.2;77.3;0.3
87280;21.4;70;0.4
87282;21.2;74.8;0.4
87284;21.3;73;0.4
87286;21.4;71.5;0.1
87288;21.7;80.3;0.7
87290;21.4;72.5;0.2
87292;21.4;74.6;0.2
87294;21.4;75.9;0.5
87296;21.6;71.7;0.2
87298;21.3;76.5;0.4
87300;21.7;71.9;0
87302;21.5;70.3;0.2
87304;21.5;79.1;0.2
87306;21.5;72.7;0.4
87308;21.7;79.3;0.2
87310;21.5;76.7;0.3
87312;21.7;70.5;0.3
87314;21.2;78.5;0.1
87316;21.5;72.7;0.6
87318;21.6;71.9;0.6
87320;21.7;83.3;0
87322;21.3;68.1;0.1
87324;21.3;73.6;0.2
87326;21.7;79.8;0.1
87328;21.3;66.2;0.1
87330;21.5;81.1;0
87332;21.4;72.4;0.6
87334;21.1;66.7;0.4
87336;21.7;84.5;0.2
87338;21.5;70.8;0.3
87340;21.4;73.5;0.1
87342;21.7;83;0.2
87344;21.6;67;0.8
87346;21.4;75.7;0
87348;21.7;78.3;-0.2
87350;21.6;69.7;0.8
87352;21.7;80.2;0.1
87354;21.7;74.2;-0.2
87356;21.5;71.1;0.9
87358;21.8;80.2;0
87360;21.2;70.9;0.4
87362;21.7;75.8;0.5
87364;21.4;74;-0.1
87366;21.5;71.6;0.5
87368;21.3;77.9;0
87370;21.3;74.3;0.3
87372;21.3;75.2;0.2
87374;21.4;76.5;-0.2
87376;21.6;73.3;1.1
87378;21.5;77;0.6
87380;21.4;70.5;0
87382;21.4;72;0.6
87384;21.9;79;0
87386;21.3;68.9;0.1
87388;21.7;78.2;0.9
87390;21.3;76.6;0.5
87392;21.5;69.5;-0.1
87394;21.7;82.6;0.6
87396;21.7;73.2;0.5
87398;21.6;71.2;0
87400;21.7;85.4;0.3
87402;21.7;73.6;0.4
87404;21.3;75.9;0.2
87406;21.6;81.5;0.3
87408;21.6;68;0.7
87410;21.4;78.5;0.6
87412;21.4;73;0.4
87414;21.4;69.2;0.5
87416;21.1;81.9;0.2
87418;21.7;73.3;0.1
87420;21.4;73.4;0.6
87422;21.3;81.1;0
87424;21.6;70.6;0.5
87426;21.4;78.1;0.7
87428;21.2;74.8;0
87430;21.6;70.9;0.1
87432;21;79.4;0.5
87434;21.4;73.5;0.5
87436;21.4;74.9;0
87438;21.7;78.6;0
87440;21.2;68.7;0.7
87442;21.3;74.4;0.3
87444;21.6;74.4;0.3
87446;21.7;72.9;0.5
87448;21.5;78.7;0.1
87450;21.7;74.9;0.1
87452;21.6;73.6;0.9
87454;21.5;76.3;0.4
87456;21.8;73.8;0.6
87458;21.3;77.2;0.5
87460;21.4;71.9;0
87462;21.7;74.4;0.5
87464;21.3;79.4;0.1
87466;21.7;73.1;0.2
87468;21.6;79.2;0.7
87470;21.5;78.1;0.5
87472;21.7;69.5;0.2
87474;21.7;82.1;0.4
87476;21.9;73.5;0.2
87478;21.1;70.6;0.2
87480;21.6;82;0.1
87482;21.2;68.2;0.5
87484;21.7;76.9;0.6
87486;21.6;79.1;0.1
87488;21.2;66.8;-0.1
87490;21.4;80.4;0.4
87492;21.2;72.8;0.4
87494;21.2;66.4;0
87496;21.2;82.1;0.4
87498;21.5;72.5;0.4
87500;21.7;76;0.1
87502;21.6;82.5;0.4
87504;21.7;70.2;0.5
87506;21.3;76.6;-0.2
87508;21.7;78;0.6
87510;21.6;69.6;0.4
87512;21.8;81.8;-0.3
87514;21.7;74.5;0.9
87516;21.2;72.3;0
87518;21.6;80.4;-0.1
87520;21.2;71.4;0.8
87522;21.4;75;0.2
87524;21.3;72.8;0.1
87526;21.4;71.8;0.2
87528;21.7;79.8;0.2
87530;21.3;72.4;0.2
87532;21.3;75.3;0.5
87534;21.7;78;0.1
87536;21.8;71.5;0.1
87538;21.8;78.5;0.3
87540;21.8;73.4;0.7
87542;21.2;72;0.2
87544;21.5;80.9;0.3
87546;21.2;69.9;0.4
87548;21.5;75.3;0.1
87550;21.6;78.1;0.4
87552;21.7;71.5;0.6
87554;21.3;79.3;0.4
87556;21.6;72.2;0.2
87558;21.8;72.6;0.7
87560;21.3;82;0.1
87562;21.5;71.1;0.1
87564;21.8;78.8;0
87566;21.6;79.8;0.5
87568;21.7;68.5;0.5
87570;21.4;79.4;0
87572;21.2;73.2;1.1
87574;21.5;69;0.4
87576;21.9;85.8;-0.1
87578;21.1;70.5;0.9
87580;21.7;75.3;0.3
87582;21.3;80.7;0
87584;21.8;70.8;0.8
87586;21.4;79.2;0
87588;21.8;78.7;0
87590;21.3;67.3;0.1
87592;21.5;81.4;0.2
87594;21.7;77.1;0.6
87596;21.4;74.3;0.6
87598;21.6;79.5;0.1
87600;21.6;73.1;0.2
87602;21.4;74.5;0.5
87604;21.4;76.3;0.5
87606;21.4;72.1;0.2
87608;21.3;79.1;0.5
87610;21.3;74.7;0
87612;21.7;76.1;0.2
87614;21.3;75.8;0.7
87616;21.6;72.9;0.1
87618;21.6;79.7;-0.3
87620;21.4;70.7;0.7
87622;21.4;73.3;0.2
87624;21.7;82;0
87626;21.5;72.4;0.8
87628;21.7;81.5;0.1
87630;21.7;76.5;0.2
87632;21.5;68.5;0.6
87634;21.3;80.1;-0.1
87636;21.7;72.9;0.5
87638;21.8;72.8;0.8
87640;21.6;82.9;0
87642;21.3;69;0.1
87644;21.2;73.9;0.4
87646;21.7;81.1;0.2
87648;21.8;69.4;0.1
87650;21.5;82.2;0.7
87652;21.7;75.4;0.2
87654;21.3;68.3;0.3
87656;21.7;84.8;0.4
87658;21.5;73;-0.2
87660;21.7;76.8;0.4
87662;21.4;80.6;0.4
87664;21.3;67.5;0.1
87666;21.6;78.4;0.4
87668;21.4;74.1;0.2
87670;21.6;70.1;0.2
87672;21.5;81.8;0.5
87674;21.4;72.6;0.2
87676;21.8;74.3;0.6
87678;21.4;79.5;0.4
87680;21.2;70.4;0.5
87682;21.5;75.5;0.5
87684;21.4;74.6;0.6
87686;21.6;71;0.3
87688;21.6;80.9;-0.1
87690;21.4;74.3;1
87692;21.2;74.9;0.3
87694;21.6;79.6;0
87696;21.6;72.1;0.9
87698;21.6;78.1;-0.1
87700;21.6;74.5;0.2
87702;21.6;74.8;0.8
87704;21.7;81.6;0.1
87706;21.5;69.7;0.3
87708;21.6;78.1;0.8
87710;21.4;76.5;0
87712;21.1;69.3;0.1
87714;21.7;82.5;1.2
87716;21.7;72.8;0.1
87718;21.5;71.9;0.3
87720;21;83.4;1.3
87722;21.5;70.9;-0.3
87724;21.6;77.6;0.5
87726;21.5;79.5;0.5
87728;21.6;68.4;0
87730;21.4;80.5;0.5
87732;21.3;74;0.3
87734;21.4;67.8;0.5
87736;21.8;84.8;0.4
87738;21.8;72.2;0.1
87740;21.4;72;-0.1
87742;21.9;81.7;0.7
87744;21.9;70.6;0.1
87746;21.2;76.5;0.3
87748;21.7;78.5;0.6
87750;21.8;71.3;0.5
87752;21.4;79.7;0.3
87754;21.6;75.6;0.5
87756;21.3;74.9;0.2
87758;21.1;78;0.1
87760;21.4;70.5;0.6
87762;21.1;75.6;0.4
87764;21.4;75.2;0.2
87766;21.5;72.4;0.6
87768;21.7;80.2;0
87770;21.8;72.7;0
87772;21.8;76.7;0.4
87774;21.2;76.4;0.5
87776;21.2;72.4;0.1
87778;21.4;78.8;0.4
87780;21.4;72.9;0.5
87782;21.2;71.6;0
87784;21.5;81.3;0.5
87786;21.6;74;0.9
87788;21.4;77.1;0
87790;21.6;78.5;0.4
87792;21.5;71.3;0.7
87794;21.3;77.9;0.2
87796;21.6;74.6;0.4
87798;21.4;73.1;0.4
87800;21.6;82.4;0.2
87802;21.4;69.5;0.3
87804;21.7;77.5;0.4
87806;21.7;82.3;0.2
87808;21.6;71.1;0.5
87810;21.1;80.1;0.4
87812;21.4;74.5;0.3
87814;21.8;70.7;0.3
87816;21.6;85.9;0.2
87818;21.2;71.1;0.6
87820;21.7;75.2;0.2
87822;21.3;81.3;0
87824;21.2;66.9;0.6
87826;21.4;77.8;0.1
87828;21.6;77.1;0.1
87830;21.3;67.8;0.9
87832;21.3;80.1;0
87834;21.2;74.6;0.1
87836;21.4;73;0.6
87838;21.7;80.8;-0.2
87840;21.4;72.5;0.9
87842;21.2;74.7;0
87844;21.5;74.9;-0.2
87846;21.6;73.4;0.8
87848;21.6;79;0
87850;21.6;76.7;0.4
87852;21.3;75.1;0.5
87854;21.4;75;0
87856;21.6;72.4;0.8
87858;21.6;78.6;0.6
87860;21.4;72.1;-0.4
87862;21.5;75.3;1.4
87864;21.6;82.4;0.2
87866;21.6;72.2;-0.3
87868;21.5;77.9;0.9
87870;21.7;78.2;-0.2
87872;21.4;69.3;0.2
87874;21.1;79.9;1.2
87876;21.6;72.3;-0.4
87878;21.3;68.8;0.4
87880;21.6;85;0.9
87882;21.4;70.8;-0.3
87884;21.3;75.3;0.6
87886;21.4;78.4;1
87888;21.7;69.4;-0.1
87890;21.7;81.4;0.2
87892;21.6;76.3;0.9
87894;21.6;69.3;-0.2
87896;21.7;84.5;0.4
87898;21.7;72.6;0.7
87900;21.4;73.5;0.1
87902;21.5;81.3;0.4
87904;21.7;69.7;0.5
87906;21.4;79.6;0.1
87908;21.1;75.6;0.6
87910;21.5;69;0.1
87912;21.5;81;0
87914;21.6;75.6;0.9
87916;21.5;74.3;0.2
87918;21.6;80.8;0.1
87920;21.7;73.1;0.7
87922;21.2;76.1;0
87924;21.7;77.3;-0.1
87926;21.7;73.1;0.8
87928;21.4;78.7;0.1
87930;21.2;74.2;0.1
87932;21.3;74.1;0.3
87934;21.3;75.7;0.8
87936;21.8;73.9;0.4
87938;21.5;76.2;0
87940;21.5;70.5;0.6
87942;21.6;73.2;0.5
87944;21.6;80.8;0.3
87946;21.5;73.7;0.2
87948;21.6;80.6;0.3
87950;21.5;77.6;0.6
87952;21.3;68.3;-0.1
87954;21.3;78.7;0.3
87956;21.7;73.2;1.1
87958;21.8;72;0
87960;21.2;81.8;0.1
87962;21.6;68.8;0.7
87964;21.5;74.4;0.2
87966;21.5;80.4;0.2
87968;21.6;67.5;0.4
87970;21.1;77.5;0.6
87972;21.6;74.4;0.5
87974;21.4;65;0.4
87976;21.6;83.5;0
87978;21.8;75.4;0.2
87980;21.7;74.2;0.6
87982;21.3;79.7;0.4
87984;21.4;69.4;0.2
87986;21.8;74.7;0.6
87988;21.4;77.7;0.5
87990;21.2;67;0
87992;21.6;77.1;0.2
87994;21.3;73.7;0.3
87996;21.6;70.7;0.5
87998;21.4;76.3;0
88000;21.6;72.2;0.6
88002;21.8;74.2;0.8
88004;21.3;74.3;0
88006;21.4;71.6;0.4
88008;21.7;78.5;0.3
88010;21.3;75.1;0.2
88012;21.6;73.3;0.4
88014;21.3;76.6;0.2
88016;21.7;69.9;0.6
88018;21.3;74.2;0
88020;21.5;75.6;0.5
88022;21.3;67.8;0.6
88024;21.4;77.7;0
88026;21.6;73.4;0.7
88028;21.1;69;0.4
88030;21.2;76.8;-0.2
88032;21.3;67.9;0.7
88034;21.7;74.4;0.4
88036;21.5;78.6;-0.1
88038;21.6;66.9;0.2
88040;21.7;75.9;0.5
88042;21.1;77.1;0.2
88044;21.3;66.2;0.1
88046;21.6;79.6;0.5
88048;21.8;75.9;0.2
88050;21.7;66.8;0.4
88052;21.4;78.9;0.3
88054;21.1;68.1;0.1
88056;21.6;67.3;0.3
88058;21.7;81.5;0.2
88060;21.5;67.1;0
88062;21.8;72;0.5
88064;21.7;80.4;0.2
88066;21.5;68.5;0.1
88068;21.5;75.2;0.3
88070;21.7;78.9;0.5
88072;21.3;63.6;0
88074;21.4;72.8;0.5
88076;21.7;79.7;0.4
88078;21.7;70.6;-0.1
88080;21.3;75.6;0.9
88082;21.5;73.9;0.2
88084;21.1;67.6;0
88086;21.7;75.6;0.6
88088;21.1;69.7;0.2
88090;21.7;71.4;0.3
88092;21.6;78;0.4
88094;21.2;68.8;0
88096;21.4;72.1;0.6
88098;21.6;76.8;0.7
88100;21.6;69.6;-0.2
88102;21.4;73.3;0.8
88104;21.7;73.5;0.7
88106;21.1;68.1;0
88108;21.9;76.9;0.7
88110;21.7;72.9;0.1
88112;21.7;71.9;0.4
88114;21.2;76.6;0.7
88116;21.4;69.9;-0.4
88118;21.4;68.4;0.5
88120;21.4;75.8;0.7
88122;21.5;68.2;0.1
88124;21.6;68.4;0.7
88126;21.4;80.4;0.2
88128;21.7;68.9;0
88130;21.4;66.8;0.6
88132;21.2;79;0.5
88134;21.2;66;0.1
88136;21.6;68.8;0.4
88138;21.8;80.6;0.6
88140;21.4;64.4;0.2
88142;21.2;65.4;0.5
88144;21.6;79.3;0.5
88146;21.2;69.3;0
88148;21.6;69.1;0.2
88150;21.5;79.4;0.6
88152;21.3;68.1;0.4
88154;21.4;65;0.1
88156;21.3;77.2;0.1
88158;21.7;69.7;0.4
88160;21.4;65.7;0.5
88162;21.1;76;0.3
88164;21.3;69.8;0
88166;21.7;66.5;0.4
88168;21.6;74.8;0.3
88170;21.6;73;0
88172;21.4;65.7;0.6
88174;21.5;71.7;-0.1
88176;21.7;71.8;-0.2
88178;21.4;65.2;0.7
88180;21.7;74.2;0
88182;21.8;73;0.4
88184;21.5;68.2;0.5
88186;21.5;74.1;0.2
88188;21.4;70.2;0
88190;21.6;67.9;0.4
88192;21.4;72.5;0.6
88194;21.4;70.9;0
88196;21.1;65.3;0.3
88198;21.4;72.3;0.8
88200;21.6;72.4;-0.1
88202;21.2;64;0
88204;21.4;72;0.8
88206;21.4;73.9;0.3
88208;21.2;64.4;0
88210;21.6;69.4;0.8
88212;21.2;75.1;0.2
88214;21.7;65.2;0.2
88216;21.6;66.4;0.9
88218;21.6;76.2;0
88220;21.5;70.9;0.5
88222;21.6;63.6;0.3
88224;21.4;75.7;0.1
88226;21.7;76.7;0.6
88228;21.2;62.3;0.2
88230;21.5;68.5;0.1
88232;21.4;77;0.7
88234;21.2;64.1;0.1
88236;21.1;63.4;0.6
88238;21.4;75.4;0.4
88240;21.6;71.7;0.5
88242;21.2;62.6;0.5
88244;21.1;68.2;0.1
88246;21.4;75.7;0.4
88248;21.7;65.5;0.6
88250;21.4;65.5;0.5
88252;21.3;72.6;0.4
88254;21.3;68.9;0.7
88256;21.6;61.1;-0.2
88258;21.7;71;-0.1
88260;21.8;75.6;0.6
88262;21.3;66.2;0.1
88264;21.3;65;-0.2
88266;21.4;73;0.9
88268;21.6;70.2;0.2
88270;21.3;64.1;0.3
88272;21.2;65.8;0.4
88274;21.7;71.8;0.5
88276;21.6;64.7;0.1
88278;21.3;66.5;0.2
88280;21.4;68;0.5
88282;21.3;69.7;0.1
88284;21.3;62.8;0.3
88286;21.5;68.7;0.5
88288;21.6;70.2;0.2
88290;21.2;66.4;0.3
88292;21.5;64.9;0.5
88294;21.4;69.2;0.2
88296;21.6;71.4;0.8
88298;21.3;63.4;0.5
88300;21.7;66.6;-0.1
88302;21.2;70.6;0.9
88304;21.2;69.8;0
88306;21.5;66.4;0.1
88308;21.6;69.4;0.9
88310;21.3;70.8;0.1
88312;21.8;68.7;0
88314;21.4;60.5;0.2
88316;21.5;67.9;0.3
88318;21.3;69.8;0.2
88320;21.2;66.8;0.5
88322;21.3;60.2;0.3
88324;21.3;65.9;0
88326;21.6;72.9;0.2
88328;21.7;68.5;0.4
88330;21.6;58.8;0
88332;21.3;63.1;0.6
88334;21.7;72.5;0.2
88336;21.5;67.2;0.5
88338;21.7;62.5;0.7
88340;21.3;62.7;0
88342;21.7;70.8;0.7
88344;21.7;71.9;0
88346;21.2;57.4;0.2
88348;21.7;62.9;0.6
88350;21.8;67.6;0.2
88352;21.4;72.4;0.1
88354;21.2;63.8;0.1
88356;21.4;60.6;0.1
88358;21.3;66.7;0.4
88360;21.4;69.3;0.1
88362;21.6;69.8;0.1
88364;21.4;60;1
88366;21.3;60.2;0.1
88368;21.6;68.7;0
88370;21.3;67.6;0.7
88372;21.5;63.9;0.2
88374;21.2;58.3;0
88376;21.4;62.1;0.7
88378;21.7;69.7;-0.2
88380;21.6;67.2;0.1
88382;21.2;61.7;1.1
88384;21.3;61.5;0.3
88386;21.6;63.2;0.2
88388;21.4;69;0.3
88390;21.2;65.2;0.3
88392;21.4;62.7;0.2
88394;21.1;61.8;0.4
88396;21.4;62.8;0.6
88398;21.3;67.6;0.2
88400;21.4;65.4;0.5
88402;21.6;59.2;0.5
88404;21.4;60;0.5
88406;21.7;64.5;0.1
88408;21.8;64.2;0.4
88410;21.4;64.4;0.3
88412;21.2;60.5;0
88414;21.2;60.1;0.4
88416;21.7;64.6;0.4
88418;21.1;64.2;0.4
88420;21.3;62.1;0.5
88422;21.3;60.2;0.5
88424;21.7;60.7;0.4
88426;21.4;59.9;0.4
88428;21.6;62.9;0.4
88430;21.2;62.9;0
88432;21;58.8;0.7
88434;21.7;57.9;0.4
88436;21.4;60;-0.1
88438;21.5;60.2;0.3
88440;21.6;61.6;0.1
88442;21.4;64.8;0
88444;21.3;60;0.4
88446;21.6;56.1;0.4
88448;21.4;57.8;0.6
88450;21.7;63.8;0.1
88452;21.5;61.4;0
88454;21.1;62.1;0.5
88456;21.6;63;0.5
88458;21.5;57;0
88460;21.6;55.6;0.8
88462;21.2;58.5;0.8
88464;21.3;63;-0.3
88466;21.6;63.5;0.7
88468;21.6;62.4;0.5
88470;21.5;57.2;0
88472;21.4;53.5;0.1
88474;21.5;54;0.8
88476;21.4;57.7;0.2
88478;21.4;62.6;0.3
88480;21.3;63.5;0.4
88482;21.3;61;0.4
88484;21.4;58;0.2
88486;21.7;56.2;0.1
88488;21.8;57.9;0.4
88490;21.4;56.6;0.1
88492;21.3;59.6;0
88494;21.3;63.7;0.5
88496;21.6;65.4;0.4
88498;21.8;59;0
88500;21.6;54.7;0.5
88502;21.6;53.8;0.5
88504;21.7;56.4;0
88506;21.5;56.6;0.7
88508;21.4;57;0.6
88510;21.7;62.6;-0.4
88512;21.8;60.9;0.8
88514;21.5;60.2;0.3
88516;21.5;53.9;0
88518;21.7;52.7;1
88520;21.3;52.5;0
88522;21.8;56;0.3
88524;21.7;56.9;0.3
88526;21.6;57.1;0.2
88528;21.5;60.5;0.4
88530;21.6;61.1;0
88532;21.4;57;0
88534;21.2;53.9;1
88536;21.6;51.8;0
88538;21.8;52.8;0.1
88540;21.6;53.4;1.1
88542;21.2;55.1;-0.5
88544;21.7;58.1;0.5
88546;21.5;56.8;0.8
88548;21.4;58.8;-1
88550;21.3;57.4;1
88552;21.3;54.5;0.4
88554;21.9;54;-0.3
88556;21.7;51.2;0.9
88558;21.7;50.8;-0.3
88560;21.6;52.4;0.4
88562;21.4;52.2;0.9
88564;21.4;55.1;0.1
88566;21.4;56.2;0.3
88568;21.1;56.4;0.5
88570;21.1;55;0.2
88572;21.3;55.1;0.4
88574;21.3;51.4;0.7
88576;21.9;51.5;0.2
88578;21.7;51.5;0.6
88580;21.4;50.7;0.4
88582;21.4;48.7;0.2
88584;21.4;49.5;0.2
88586;21.6;51.4;0.4
88588;21.9;52.7;-0.1
88590;21.4;55;0.5
88592;21.3;54.1;0.8
88594;21.7;56.4;-0.3
88596;21.1;53.4;0.4
88598;21.3;53.3;0.6
88600;21.6;51.3;-0.5
88602;21.3;50.3;1.1
88604;21.1;48.7;0.2
88606;21.6;49.7;-0.1
88608;21.8;52;1.2
88610;21.5;50.7;0
88612;21.3;49.4;0
88614;21.5;50.5;0.8
88616;21.3;49.8;0.4
88618;21.7;53.8;0.2
88620;21.6;53.3;0.6
88622;21.3;52.9;0.3
88624;21.2;52.1;0.1
88626;21.6;54.5;0.6
88628;21.3;49.8;0.6
88630;21.2;49.3;0
88632;21.5;47.8;0.4
88634;21.2;46.1;0.6
88636;21.5;47.7;0.5
88638;21.4;46.9;0.1
88640;21.6;48.5;-0.2
88642;21.5;47;0.5
88644;21.5;47.7;0.2
88646;21.7;51.4;0.2
88648;21.6;49.9;0.4
88650;21.7;49.9;0.4
88652;21.2;48.3;0
88654;21.6;50.5;0
88656;21.6;51.7;0.6
88658;21.8;49.8;0.3
88660;21.1;48.6;0.3
88662;21.4;49.5;0.6
88664;21.3;46.9;0
88666;21.4;47.8;0.2
88668;21.6;49.6;0.7
88670;21.5;47.3;0.1
88672;21.4;45.2;0.5
88674;21.4;45.8;0.6
88676;21.4;44.2;-0.3
88678;21.4;44.6;0.3
88680;21.5;44.5;0.5
88682;21.5;44.7;-0.3
88684;21.4;44.1;0.6
88686;21.4;44.4;0.5
88688;21.6;46.5;-0.1
88690;21.5;45.9;0.7
88692;21.1;45.2;0.3
88694;21.2;46.5;0
88696;21.7;48.7;0.5
88698;21.4;47.3;0.1
88700;21.7;47.5;0.2
88702;21.4;46.5;0.6
88704;21.4;47.5;0.1
88706;21.6;48.7;0
88708;21.7;48.2;0.5
88710;21.5;47.4;-0.1
88712;21.3;47.4;0.4
88714;21.2;46.7;0.4
88716;21.6;45.9;0.2
88718;21.6;46.3;0.2
88720;21.3;44.6;0.1
88722;21.5;44.3;0.1
88724;21.6;44.3;0.5
88726;21.6;44.2;0.4
88728;21.6;45;0
88730;21.4;43.7;0.5
88732;21.2;44.8;0.4
88734;21.4;43.9;0.2
88736;21.6;43.7;0.3
88738;21.7;43.8;0.7
88740;21.7;42.6;-0.1
88742;21.7;42.9;0.2
88744;21.8;42.9;0.6
88746;21.3;41.6;0.2
88748;21.6;42.9;0.2
88750;21;41.3;0.1
88752;21.4;41.7;0.4
88754;21.1;41.7;0.2
88756;21.2;41.5;0.8
88758;21.8;42.7;0.5
88760;21.4;41.4;0.2
88762;21.3;41.4;0.4
88764;21.6;42.1;0.6
88766;21.6;41.8;-0.1
88768;21.6;42.4;0.2
88770;21.3;42.4;0.6
88772;21.5;42.4;0.1
88774;21.6;41.5;0.4
88776;21.8;42.8;0.7
88778;21.5;42.1;0.1
88780;21.4;42.4;0.3
88782;21.3;42.3;0.4
88784;21.7;42.6;0.2
88786;21.3;42.3;0.1
88788;21.8;43.4;0.5
88790;21.3;42.7;0.2
88792;21.4;43;0.2
88794;21.5;43.5;0.1
88796;21.6;44;0.1
88798;21.7;43.9;0.6
88800;21.9;44.1;0
88802;21.2;43;0.4
88804;21.2;42.9;0.3
88806;21.4;43.2;0.3
88808;21.7;43.4;0.5
88810;21.2;43;0.2
88812;21.3;42.9;0
88814;21.4;42.7;0.7
88816;21.9;43.6;0
88818;21.7;43.2;0
88820;21.6;43.2;0.8
88822;21.4;42.4;-0.3
88824;21.3;42.4;0.6
88826;21.7;43;0.8
88828;21.8;42.7;-0.6
88830;21.7;42.9;1.1
88832;21.4;42.5;0
88834;21.2;42;-0.1
88836;21.3;42;1.4
88838;21.3;41.9;-0.1
88840;21.5;42.9;0
88842;21.3;42.2;0.7
88844;21.3;42;-0.5
88846;21.6;42.5;0.5
88848;21.5;42;0.1
88850;21.7;42.2;0.2
88852;21.6;42.4;0.8
88854;21.4;41.5;-0.3
88856;21.8;42.1;0.4
88858;21.8;42.3;0.6
88860;21.2;41.3;-0.4
88862;21.5;41.5;1.1
88864;21.6;42;0.4
88866;21.5;41.9;0
88868;21.3;41;1.1
88870;21.7;41.7;0
88872;21.2;41.4;0.5
88874;21.3;40.7;0.3
88876;21.5;41.5;0.1
88878;21.1;40.6;0.5
88880;21.3;40.9;0.2
88882;21.4;40.6;0
88884;21.2;41;0.9
88886;21.6;41.3;0.3
88888;21.6;41.1;-0.2
88890;21.5;40.6;0.8
88892;21.3;40.7;0
88894;21.8;40.5;0
88896;21.5;40.2;0.7
88898;21.5;40.5;0
88900;21.4;40.4;0
88902;21.3;40.1;0.4
88904;21.3;39.9;0.2
88906;21.3;39.7;0.4
88908;21.4;39.9;0.7
88910;21.2;39.9;0.2
88912;21.1;39.5;0.2
88914;21.6;39.5;0.1
88916;21.3;39.5;0.1
88918;21.6;40.1;0.4
88920;21.4;39.5;0.5
88922;21.7;39.9;0
88924;21.5;39.7;0.6
88926;21.4;39.3;0.4
88928;21.8;39.2;0.1
88930;21.8;39.7;1
88932;21.4;39.3;0
88934;21.4;38.8;0.3
88936;21.5;39.5;0.7
88938;21.5;39.5;0.1
88940;21.7;39.3;0.6
88942;21.6;38.7;0.5
88944;21.3;38.7;-0.2
88946;21.6;39.1;0.6
88948;21.7;39.2;0.7
88950;21.6;39.1;0.3
88952;21.1;38.3;0.5
88954;21;38.4;0.4
88956;21.6;38.7;0.2
88958;21.7;39.1;0.8
88960;21.7;39.1;0
88962;21.7;39.1;0.1
88964;21.3;39;0.7
88966;21.4;38.4;0
88968;21.4;38.2;0.4
88970;21.3;38.2;0.4
88972;21.2;38.4;0
88974;21.7;39.1;0.4
88976;21.3;38.8;0.8
88978;21.8;38.7;0.2
88980;21.1;37.9;0.2
88982;21.5;38.3;0.1
88984;21.8;38.7;0.6
88986;21.4;38.2;0.2
88988;21.3;38.1;0.1
88990;21.6;38.4;0.2
88992;21.4;37.6;0.5
88994;21.3;37.7;0.3
88996;21.3;37.9;0.2
88998;21.7;38.7;0.2
89000;21.7;38.6;0
89002;21.4;37.9;0.1
89004;21.7;38.1;0.4
89006;21.6;38.5;0.1
89008;21.2;37.9;0.1
89010;21.2;38.1;0.5
89012;21.5;38.5;0.2
89014;21.4;38.1;0
89016;21.4;37.9;0.2
89018;21.8;38.3;0.5
89020;21.4;38.3;0.4
89022;21.4;38.2;0
89024;21.3;38.3;0.5
89026;21.6;38.2;0.4
89028;21.7;38.5;-0.2
89030;21.4;38;0.4
89032;21.2;38.1;0.4
89034;21.4;38.4;0.1
89036;21.5;38.5;0.5
89038;21.7;38;0.2
89040;21.7;38.5;0.1
89042;21.3;38;0.4
89044;21.5;38.2;0.5
89046;21.7;38.6;0.4
89048;21.3;38;0.2
89050;21.8;39.2;0.5
89052;21.6;38.8;0
89054;21.4;37.9;0.4
89056;21.4;38.4;0.4
89058;21.2;38.5;-0.3
89060;21.4;38;0.5
89062;21.6;38.2;0.1
89064;21.3;38.3;0.2
89066;21.7;38.5;0.4
89068;21.2;38.2;0.2
89070;21.7;38.8;0
89072;21.4;38;0.3
89074;21.3;37.9;0.6
89076;21.6;38.7;0.4
89078;21.5;38.3;0.2
89080;21.4;38.7;0.6
89082;21.4;38.2;-0.1
89084;21.2;37.7;0.1
89086;21.7;38.1;0.7
89088;21.7;38.1;0.2
89090;21.7;38.8;0.3
89092;20.9;38.1;0.4
89094;21.8;38.5;0
89096;21.6;38.6;0.1
89098;21.7;38.4;0.8
89100;21.4;38.2;0
89102;21.6;38.6;0.5
89104;21.5;38.6;0.6
89106;21.6;38.4;-0.1
89108;21.1;38;0.4
89110;21.6;38.1;0.4
89112;21.1;38;-0.3
89114;21;37.8;0.5
89116;21.2;38.2;0.3
89118;21.7;39;0
89120;21.3;38.4;0.2
89122;21.4;38.7;0.4
89124;21.3;38.3;0.2
89126;21.6;38.4;0.4
89128;21.7;38.7;0.2
89130;21.5;37.9;0.2
89132;21.6;38.8;0.5
89134;21.4;38.5;0
89136;21.4;38.5;0.2
89138;21.2;38.2;0.8
89140;21.4;38;-0.2
89142;21.6;38.1;0.2
89144;21.2;38.3;0.6
89146;21.8;39.4;0
89148;21.4;38.5;0.2
89150;21.7;38.9;0.5
89152;21.5;38.3;0.2
89154;21.4;37.7;0.1
89156;21.7;38.8;0.5
89158;21.4;38.5;0
89160;21.7;39.1;0
89162;21.4;38.5;0.3
89164;21.2;38.2;0.1
89166;21.6;38.1;0.3
89168;21.3;38.1;0.1
89170;21.1;38.1;0.3
89172;21.3;38.6;0.5
89174;21.8;39.2;0.1
89176;21.4;39.3;0
89178;21.6;39;0.2
89180;21.1;38;0.4
89182;21.4;38.2;0.1
89184;21.8;38.9;0.3
89186;21.3;38.7;0.5
89188;21.4;39.3;0
89190;21.4;39;0.4
89192;21.3;38.7;0.2
89194;21.8;39;0
89196;21.4;38.7;0.1
89198;21;38.4;0
89200;21.7;38.8;0.2
89202;21.7;39.2;0.5
89204;21.4;38.7;0.4
89206;21.5;38.6;0.1
89208;21.9;39.2;0.9
89210;21.4;38.5;0
89212;21.2;38.4;0.1
89214;21.1;38.5;1
89216;21.4;38.6;-0.2
89218;21.7;39;0.2
89220;21.2;38.3;0.4
89222;21.7;38.9;0
89224;21.6;38.9;0.4
89226;21.6;38.7;0.6
89228;21.3;38.9;0.2
89230;21.3;38.6;0.5
89232;21.3;38.6;0.5
89234;21.3;38.4;0
89236;21.3;38.4;0.4
89238;21.6;38.9;0.2
89240;21.3;38.6;-0.1
89242;21.8;39.1;1.1
89244;21.6;39.1;0
89246;21.7;39.3;-0.3
89248;21.6;39.4;1.1
89250;21.6;38.9;0
89252;21.1;38.4;0.2
89254;21.3;38.3;0.7
89256;21.4;38.6;-0.1
89258;21.1;38.7;0.3
89260;21.7;39.4;0.5
89262;21.2;38.7;0
89264;21.4;39;0.1
89266;21.6;38.9;0.5
89268;21.8;39.2;0.1
89270;21.6;39.1;0.5
89272;21.4;38.6;0.2
89274;21.4;38.7;0.5
89276;21.7;39.2;0.7
89278;21.3;38.5;0.4
89280;21.3;38.6;0
89282;21.4;38.8;0.1
89284;21.4;38.3;0.2
89286;21.4;38.4;0.1
89288;21.4;39;0.6
89290;21.4;38.7;0.5
89292;21.1;38.8;-0.5
89294;21.2;38.8;0.6
89296;21.6;39.4;0.4
89298;21.7;39.4;-0.3
89300;21.3;38.7;0.8
89302;21.4;38.9;0.1
89304;21.7;39.4;0.2
89306;21.4;38.9;0.6
89308;21.6;39.1;0.5
89310;21.7;39.2;-0.2
89312;21.5;38.9;0.5
89314;21.5;38.9;0.1
89316;21.3;38.7;0
89318;21.2;38.9;0.5
89320;21.2;38.5;0.5
89322;21.2;38.4;-0.1
89324;21.1;38.4;0.6
89326;21;38;0.4
89328;21.4;38.5;-0.3
89330;21.6;39.6;1.2
89332;21.8;39.6;0
89334;21.7;39.5;0.4
89336;21.4;38.5;0.8
89338;21.5;39.1;-0.3
89340;21.3;38.1;0.4
89342;21.7;39.2;0.7
89344;21.6;39.4;-0.2
89346;21.7;39.5;0.5
89348;21.8;39.4;0.5
89350;21.6;39.3;0.2
89352;21.6;39.4;0
89354;21.3;38.4;0.2
89356;21.6;38.8;0
89358;21.4;38.5;0.3
89360;21.6;39;0.5
89362;21.4;38.6;0
89364;21.2;38.6;0.1
89366;21.6;39.4;0.2
89368;21.5;38.8;0.4
89370;21.7;39.1;-0.3
89372;21.3;38.9;0.6
89374;21.4;38.5;0.3
89376;21.6;38.8;0
89378;21.4;38.6;0.5
89380;21.4;38.8;0.1
89382;21.3;38.8;0
89384;21.2;38.4;0.9
89386;21.4;38.8;-0.2
89388;21.7;38.8;0.7
89390;21.1;38.7;0.3
89392;21.6;39.3;0.3
89394;21.7;39.6;0.7
89396;21.2;38.7;-0.3
89398;21.4;39.3;0.5
89400;21.6;39.5;0.5
89402;21.4;38.9;-0.1
89404;21.5;38.9;0.6
89406;21.3;39.1;0.4
89408;21.4;38.8;-0.3
89410;21.2;38.7;0.6
89412;21.2;38.6;0.1
89414;21.8;39.3;0.5
89416;21.3;38.7;0.5
89418;21.7;39.4;0
89420;21.3;38.9;0.4
89422;21;38.6;0.5
89424;21.5;38.6;-0.6
89426;21.5;39.5;0.9
89428;21.8;39.3;0.7
89430;21.4;38.6;-0.1
89432;21.4;39;0.9
89434;21.4;38.7;-0.1
89436;21.3;38.6;-0.1
89438;21.4;38.6;0.7
89440;21.4;39.4;-0.2
89442;21.6;38.9;0.5
89444;21.4;38.9;0.3
89446;21.5;39.4;0.1
89448;21.4;39;0.5
89450;21.6;38.9;0.5
89452;21.7;39.2;0.1
89454;21.4;38.9;0.7
89456;21.7;39.5;0.4
89458;21.6;39.9;0.1
89460;21.3;39.3;0.6
89462;21.4;39;0.5
89464;21.3;38.6;0.1
89466;21.6;38.9;0.1
89468;21.4;38.8;0.5
89470;21.4;39.2;0.1
89472;21.2;39;0.4
89474;21.5;39.2;0.4
89476;21.7;39.2;0.2
89478;21.2;39;0.4
89480;21.5;38.5;0.1
89482;21.6;38.6;-0.4
89484;21.3;38.8;1.2
89486;21.5;38.8;0.4
89488;21.4;39.1;-0.1
89490;21.4;39.2;0.8
89492;21.4;38.9;-0.4
89494;21.3;39.4;0.2
89496;21.7;39.6;0.6
89498;21.3;38.7;0.2
89500;21.4;38.8;0.5
89502;21.9;39.4;0.5
89504;21.4;38.9;-0.2
89506;21.3;39.3;0.5
89508;21.6;39.8;0.4
89510;21.4;39.2;0
89512;21.1;38.5;0.4
89514;21.5;39.4;0.3
89516;21.4;38.7;0
89518;21.3;38.8;0.5
89520;21.3;38.8;0.7
89522;21.6;39.2;0
89524;21.8;39.9;0.6
89526;21.3;38.8;0.7
89528;21.3;39.3;0.1
89530;21.4;38.9;1
89532;21.3;38.7;0
89534;21.8;39.9;0
89536;21.5;38.9;1
89538;21.4;39.9;-0.4
89540;21.4;39.5;0.4
89542;21.7;39.2;0.7
89544;21.4;39.1;-0.2
89546;21.1;38.5;0.7
89548;21.7;39.5;0.6
89550;21.4;39.2;-0.1
89552;21.3;39.1;0.7
89554;21.6;39.6;0.5
89556;21.2;38.7;0.1
89558;21.2;38.6;0.5
89560;21.6;39.4;0.2
89562;21.7;39.7;0
89564;21.7;39.5;0.6
89566;21.6;39.8;0
89568;21.4;38.8;0.2
89570;21.3;38.4;0.8
89572;21.8;39.4;0
89574;21.7;39.8;0.4
89576;21.4;39.2;0.7
89578;21.8;39.8;0.1
89580;21.7;39.6;0.1
89582;21.4;38.8;0.8
89584;21.2;38.6;0.1
89586;21.5;39.2;0.2
89588;21.2;38.6;0.5
89590;21.4;38.7;0
89592;21.6;39;0
89594;21.4;39.2;1.2
89596;21.6;39.7;-0.3
89598;21.8;39.3;0.6
89600;21.4;38.8;1
89602;21.9;38.8;-0.4
89604;21.8;39.3;0.8
89606;21.6;39.6;0.4
89608;21.5;39.1;0
89610;21.6;38.9;0.2
89612;21.3;38.7;0.3
89614;21.1;38.7;0.5
89616;21.5;39.3;0.4
89618;21.4;38.9;0.4
89620;21.4;39.4;0.4
89622;21.3;39.1;0.1
89624;21.3;39.1;0.1
89626;21.2;38.9;0.7
89628;21.8;39.6;0
89630;21.5;39.2;0.3
89632;21.6;39.1;0.6
89634;21.6;39.5;0
89636;21.6;39.1;0.5
89638;21.5;38.8;0.9
89640;21.6;39.4;0
89642;21.3;38.9;0
89644;21.4;39.1;0.8
89646;21.3;38.8;-0.1
89648;21.4;39.5;0.5
89650;21.6;39.4;0.7
89652;21.8;39.4;-0.1
89654;21.2;38.8;0.6
89656;21.4;39.4;0.5
89658;21.6;39.1;0
89660;21.6;39.4;0.5
89662;21.4;39.3;0.2
89664;21.4;38.6;-0.3
89666;21.6;39;0.7
89668;21.7;39.3;0.5
89670;21.5;39;-0.1
89672;21.2;39;0.9
89674;21.4;39.2;0
89676;21.5;39.2;-0.1
89678;21.8;39.7;0.6
89680;21.3;38.6;0
89682;21.3;38.7;0.6
89684;21.4;38.9;0.4
89686;21.4;38.9;-0.1
89688;21.7;39.8;0.4
89690;21.3;39.1;0.1
89692;21.4;39.3;-0.1
89694;21.7;39.8;0.6
89696;21.7;39.7;0.5
89698;21.4;38.8;0.1
89700;21.7;39.5;0.4
89702;21.3;38.7;0.6
89704;21.2;39;-0.2
89706;21.3;39.7;0.8
89708;21.5;39.7;0.6
89710;21.7;39.5;0
89712;21.7;39.4;0.7
89714;21.4;39;0
89716;21.4;38.7;0.4
89718;21.8;39.5;0.6
89720;21.3;39.5;0.5
89722;21.2;39.2;0.4
89724;21.3;38.9;0
89726;21.8;39.7;0.2
89728;21.2;38.4;0.8
89730;21.6;38.9;0.1
89732;21.4;39.7;0.4
89734;21.6;40;0.6
89736;21.3;39.1;0.1
89738;21.4;39.5;0
89740;21.5;39;0.7
89742;21.6;39.2;0
89744;21.7;39.3;0.7
89746;21.4;39;0.6
89748;21.6;39.7;0.2
89750;21.8;40.2;0.3
89752;21.6;39.2;0.6
89754;21.4;38.9;0.3
89756;21.6;38.8;0
89758;21.7;39.6;0.4
89760;21.2;38.8;0.2
89762;21.6;39.4;0.7
89764;21.3;39.6;0.1
89766;21.5;39.3;0.1
89768;21.4;39.2;0.2
89770;21.6;39.7;0.7
89772;21.7;39.7;0.2
89774;21.1;38.4;0.1
89776;21.5;38.7;0.1
89778;21.8;39.8;0.8
89780;21.2;39;0.1
89782;21.3;39.2;0.2
89784;21.3;39;0.2
89786;21.6;39.4;0
89788;21.9;39.1;0.5
89790;21.1;38.9;0.2
89792;21.4;39;-0.3
89794;21.4;38.7;0.4
89796;21.7;39.5;0.4
89798;21.8;40;-0.1
89800;21.5;39.1;0.7
89802;21.7;39.5;0
89804;21.4;39.1;0.2
89806;21.4;39.2;0.6
89808;21.6;39.7;-0.2
89810;21.5;39;0.4
89812;21.3;39;0.7
89814;21.3;39.1;-0.3
89816;21.6;39.7;0.7
89818;21.7;39.3;0.2
89820;21.2;39;-0.1
89822;21.3;39.1;1
89824;21.3;39.2;0.4
89826;21.6;39.4;0
89828;21;38.7;0.6
89830;21.3;38.8;0.5
89832;21.4;39.3;0.3
89834;21.7;39.3;0.4
89836;21.1;39;-0.1
89838;21.4;39.4;0.5
89840;21.7;39.5;0.3
89842;21.3;38.8;-0.2
89844;21.6;39.1;0.9
89846;21.7;39.3;0.5
89848;21.2;38.7;-0.3
89850;21.3;38.9;0.7
89852;21.5;39.4;0
89854;21.3;39.6;0
89856;21.6;39.2;1
89858;21.8;39.7;0
89860;21.3;38.7;-0.1
89862;21.3;38.5;0.7
89864;21.1;38.7;0.5
89866;21.4;39;0.1
89868;21.7;40;0.5
89870;21.5;40;0.1
89872;21.1;39.1;0.1
89874;21.3;38.8;0.7
89876;21.6;39.3;0
89878;21.7;39.4;0.4
89880;21.3;39;0.2
89882;21.4;39.7;-0.1
89884;21.1;39.4;0.7
89886;21.6;39.8;0.6
89888;21.7;40;0.1
89890;21.5;39.2;0.3
89892;21.7;39.3;0.8
89894;21.8;38.8;-0.2
89896;21.5;39;0.4
89898;21.9;39.8;0.6
89900;21.6;39.5;0
89902;21.6;39.9;0.6
89904;21.7;39.6;0.2
89906;21.5;39.1;0.2
89908;21.7;39.2;0.7
89910;21.5;39.1;0.3
89912;21.4;39.1;-0.2
89914;21.4;39.2;0.7
89916;21.8;40;0.6
89918;21.2;38.9;0.2
89920;21.7;38.7;0.9
89922;21.8;39.2;-0.2
89924;21.8;39.5;0.3
89926;21.5;39.6;0.8
89928;21.7;39.5;-0.3
89930;21.3;39;0.8
89932;21.3;39;0.7
89934;21.8;39.1;-0.2
89936;21.4;38.5;0.7
89938;21.6;39.5;0
89940;21.3;39.2;0
89942;21.7;40.2;0.4
89944;21.6;39.8;0.3
89946;21.9;39.8;0.5
89948;21.8;39.5;0.9
89950;21.4;38.8;-0.1
89952;21.7;39.8;0.2
89954;21.7;39.9;0.4
89956;21.3;39.5;0
89958;21.6;39.6;0.6
89960;21.4;38.7;0.5
89962;21.3;39;0.4
89964;21.4;38.8;0.2
89966;21.1;38.8;0
89968;21.5;39.1;0.2
89970;21.4;39.3;0.6
89972;21.5;39.5;0.2
89974;21.5;40;0
89976;21.4;39.4;0.3
89978;21.7;39.8;0.3
89980;21.7;39.4;0.2
89982;21.3;38.7;0.8
89984;21.7;39.4;0
89986;21.1;39.1;0.2
89988;21.6;39.9;0.6
89990;21.4;39.4;-0.1
89992;21.9;39.6;0.7
89994;21.8;39.6;0.5
89996;21.2;38.9;-0.4
89998;21.7;39.5;0.8
90000;21.5;39.4;0.1
90002;21.7;39.5;-0.2
90004;21.7;40;1.4
90006;21.4;39.5;-0.3
90008;21.7;39.8;0.1
90010;21.8;39.6;1
90012;21.4;39.1;-0.4
90014;21.1;38.7;0.7
90016;21.4;39.5;0.4
90018;21.7;39.8;-0.1
90020;21.4;39.4;0.8
90022;21.4;39.3;0
90024;21.7;39.9;0.4
90026;21.8;39.7;0.9
90028;21.8;39.5;0
90030;21.6;39.1;0.7
90032;21.4;39.1;0.4
90034;21.2;39.3;0
90036;21.6;39.6;0.8
90038;21.4;39.1;0.1
90040;21.4;39.3;0.3
90042;21.5;39;0.7
90044;21.4;38.6;0.1
90046;21.4;38.6;0.2
90048;21.7;39.7;0.6
90050;21.6;40.1;0.1
90052;21.7;40.4;0.1
90054;22;39.9;0.7
90056;21.6;39.3;0.2
90058;21.2;38.9;0.1
90060;21.7;39.4;0.3
90062;21.4;38.9;0.3
90064;21.7;39.9;0.2
90066;21.6;39.9;0.3
90068;21.5;39.3;0.2
90070;21.6;39.8;0.2
90072;21.4;38.8;0.5
90074;21.4;38.7;0.4
90076;21.7;39.3;0.1
90078;21.3;39.1;0.2
90080;21.7;39.7;0.7
90082;21.4;39.2;0.4
90084;21.7;40;0.4
90086;21.6;39.6;0.5
90088;21.8;39.9;0
90090;21.2;39.2;0.4
90092;21.3;38.7;0.5
90094;21.8;39.5;0
90096;21.3;38.7;0.6
90098;21.4;39.1;0.4
90100;21.3;39.3;0.1
90102;21.2;39.1;0.9
90104;21.3;39.2;0.2
90106;21.3;39.1;0.2
90108;21.4;39.2;0.7
90110;21.1;38.8;-0.1
90112;21.4;39;0.4
90114;21.7;39.7;0.5
90116;21.3;39.2;0.2
90118;21.6;40;0.6
90120;21.8;40.1;0.3
90122;21.5;39.3;0
90124;21.3;39.1;-0.1
90126;21.5;39.1;0.7
90128;21.6;39;0.6
90130;21.4;39.3;0.4
90132;21.3;39.1;0.3
90134;21.4;39.4;0.4
90136;21.6;39.8;0.4
90138;21.7;40.2;0.5
90140;21.6;39.5;0.5
90142;21.2;38.6;0.4
90144;21.3;38.5;0.2
90146;21.4;39.5;0.4
90148;21.7;39.8;0.5
90150;21.6;39.7;0.2
90152;21.2;39;0.4
90154;21.2;39;0.6
90156;21.6;39.3;0.3
90158;21.2;38.6;0.4
90160;21.7;39.5;0.4
90162;21.6;39.2;0.2
90164;21.7;39.2;0.4
90166;21.2;39;0.3
90168;21.5;39.5;-0.1
90170;21.5;39.3;0.7
90172;21.5;39.4;0.5
90174;21.9;39.7;0
90176;21.4;39.1;0.4
90178;21.8;39.7;0.3
90180;21.3;39;0
90182;21.3;39;0.5
90184;21.8;39.9;0.6
90186;21.5;39.5;0.3
90188;21.6;40;0.3
90190;21.3;39.2;0.1
90192;21.3;39.2;-0.3
90194;21.5;39.1;0.7
90196;21.6;39.2;0.6
90198;21.8;39.7;0
90200;21.5;39;0.7
90202;21.4;39;0.1
90204;21.4;39.2;0
90206;21.6;39.4;1.2
90208;21.7;39.1;0
90210;21.4;39.3;0.2
90212;21.5;39.5;1
90214;21.3;38.9;-0.1
90216;21.1;39.1;0.2
90218;21.6;39.2;0.5
90220;21.3;39.1;0
90222;21.3;39.3;0.3
90224;21.4;39.1;0.5
90226;21.5;39.2;-0.2
90228;21.7;39.9;0.5
90230;21.3;39.2;0.7
90232;21.4;39.1;-0.3
90234;21.2;39.4;0.3
90236;21.5;39.3;0.7
90238;21.6;39.4;-0.3
90240;21.4;39.3;0.6
90242;21.4;39.1;0.6
90244;21.4;39.4;-0.4
90246;21.5;39.6;0.9
90248;21.7;39.9;0
90250;21.9;40.1;0
90252;21.2;39.5;1
90254;21.2;39;-0.2
90256;21.2;39.5;0.1
90258;21.7;40;0.7
90260;21.5;39.4;-0.4
90262;21.3;39;0.6
90264;21.7;39.9;0.5
90266;21.6;39.4;0
90268;21.2;39;0.6
90270;21.3;39.2;0.5
90272;21.7;39.5;0.1
90274;21.3;38.9;0.5
90276;21.7;39.8;0.2
90278;21.7;39.9;0.5
90280;21.4;39.4;0.8
90282;21.3;39.1;0.5
90284;21.4;39.5;0.1
90286;21.4;39.5;0.1
90288;21.1;39;0.7
90290;21.7;39.9;0
90292;21.5;39;0.3
90294;21.8;39.9;0.8
90296;21.4;39.4;-0.2
90298;21.8;40;0.1
90300;21.6;39.1;0.5
90302;21.6;39.2;0
90304;21.7;39.8;1
90306;21.4;39.1;0.1
90308;21.4;39.4;-0.1
90310;21.4;39.1;0.9
90312;21.4;39.6;0
90314;21.6;40.1;0.3
90316;21.6;39.9;0.7
90318;21.6;39.5;0
90320;21.3;39;0.2
90322;21.8;39.6;0.9
90324;21.3;39.4;0
90326;21.4;39.5;0.1
90328;21.3;39.6;0.6
90330;21.8;39.9;0.3
90332;21.5;39.3;0.1
90334;21.6;39.4;0.3
90336;21.6;39.5;0.2
90338;21.6;39.9;0.4
90340;21.8;40.2;0.4
90342;21.6;39.8;0.5
90344;21.4;39.8;0.1
90346;21.8;39.9;0.2
90348;21.4;38.8;0.1
90350;21.6;39.4;0
90352;21.5;39;0.6
90354;21.6;39.6;0.4
90356;21.7;39.8;0.2
90358;21.8;40.2;0.7
90360;21.6;39;0
90362;21.9;39.7;0.2
90364;21.6;39.2;0.6
90366;21.3;39;0.4
90368;21.6;39.6;0.4
90370;21.6;39.9;0.2
90372;21.6;39.7;0.2
90374;21.6;39.4;0.8
90376;21.6;39.3;0
90378;21.7;39.4;0.4
90380;21.6;39.8;0.5
90382;21.6;40.2;-0.2
90384;21.2;39.2;0.4
90386;21.6;39.6;0.8
90388;21.2;38.5;0
90390;21.7;39.6;0.3
90392;21.6;40;0.4
90394;21.7;39.9;0.3
90396;21.2;39.9;0.4
90398;21.3;39.2;0.3
90400;21.9;39.4;0
90402;21.8;39.5;0.7
90404;21.4;39;0.4
90406;21.4;39.9;0
90408;21.6;40.4;0.1
90410;21.4;39.6;0.7
90412;21.4;39.1;0.2
90414;21.3;38.6;0.3
90416;21.3;38.7;0.4
90418;21.7;39.5;0
90420;21.6;39.6;0.3
90422;21.3;39.6;0.7
90424;21.4;39.2;0.1
90426;21.6;39.7;0.5
90428;21.5;38.9;0.8
90430;21.2;38.7;-0.1
90432;21.1;39;0.6
90434;21.4;39;0.6
90436;21.6;39.9;-0.2
90438;21.4;39.8;0.6
90440;21.6;40.2;0.1
90442;21.7;39.5;0
90444;21.4;39.3;0.5
90446;21.5;39.9;-0.1
90448;21.3;38.9;0.3
90450;21.4;39.9;0.4
90452;21.1;39.1;0.1
90454;21.3;39.4;0.4
90456;21.4;39.3;0.4
90458;21.6;39.1;0
90460;21.3;39.1;0.8
90462;21.1;39.1;0.6
90464;21.5;39;0.1
90466;21.8;39.9;0.6
90468;21.3;39.1;0
90470;21.4;39.2;0.2
90472;21.3;39.4;0.5
90474;21.5;39.4;0.3
90476;21.8;40.2;0.3
90478;21.7;40.2;0.4
90480;21.4;38.9;0.2
90482;21.6;39.3;0.2
90484;21.3;39.1;0
90486;21.4;38.8;0.7
90488;21.2;39.3;0.5
90490;21.6;39.1;0.1
90492;21.3;39.6;0.8
90494;21.4;39.8;0
90496;21.6;39.8;-0.2
90498;21.8;39.5;1
90500;21.7;39.4;0.2
90502;21.6;39.1;0
90504;21.2;39.1;0.8
90506;21.7;40.4;0.2
90508;21.6;40.3;0
90510;21.9;40;0.7
90512;21.7;39.7;0.1
90514;21.5;39.1;0.2
90516;21.8;39.8;0.5
90518;21.6;39.6;0.2
90520;21.4;39.6;0.5
90522;21.4;39.8;0.4
90524;21.4;39.4;0.4
90526;21.5;38.8;0.1
90528;21.8;39.2;0.2
90530;21.5;38.8;0.4
90532;21.2;39.5;0.7
90534;21.6;40.3;0
90536;21.3;39.5;0.7
90538;21.5;39;0.2
90540;21.2;38.6;-0.2
90542;21.4;39.1;0.6
90544;21.5;39.6;0.2
90546;21.4;39.9;-0.1
90548;21.5;39.6;1
90550;21.6;39.3;0
90552;21.7;38.7;-0.2
90554;21.4;38.6;0.8
90556;21.4;39;0.2
90558;21.8;39.7;0.5
90560;21.6;40.2;0.9
90562;21.4;39.6;0
90564;21.7;40.2;1
90566;21.4;39.1;0.4
90568;21.7;39.5;0.1
90570;21.6;39.3;0.7
90572;21.3;39.1;0.2
90574;21.5;40;0.2
90576;21.2;39.4;0.5
90578;21.6;39.7;0.4
90580;21.4;39.4;0.1
90582;21.1;38.7;0.4
90584;21.4;38.8;0.1
90586;21.6;39.1;0.2
90588;21.8;39.7;0.5
90590;21.5;39.9;0.4
90592;21.3;39.7;0.1
90594;21.6;39.5;0.2
90596;21.5;39.5;0.7
90598;21.7;40.1;0.4
90600;21.9;39.6;-0.2
90602;21.4;39.2;0.8
90604;21.3;39.2;0.5
90606;21.5;39.5;-0.1
90608;21.7;39.3;0.4
90610;21.9;40.2;0.5
90612;21.6;39.8;0.3
90614;21.9;40.1;0.4
90616;21.2;39.4;0
90618;21.7;39.9;0.2
90620;21.2;39;0.8
90622;21.4;39.2;0
90624;21.2;38.8;0
90626;21.6;40;0.9
90628;21.8;40;-0.1
90630;21.4;39.7;0.6
90632;21.4;39.5;0.5
90634;21.4;39.9;0
90636;21.6;39.7;0.9
90638;21.2;39.2;0.3
90640;21.4;39.5;0
90642;21.5;39.8;0.7
90644;21.4;39.4;0.4
90646;21.7;39.7;0
90648;21.7;40.1;0.6
90650;21.8;40.2;0.4
90652;21.2;39.7;0
90654;21.7;40;0.4
90656;21.5;39.8;0.4
90658;21.2;39;0.1
90660;21.4;39.1;0.6
90662;21.1;39.2;0.4
90664;21.5;39.3;0.1
90666;21.7;40;0.7
90668;21.3;39.5;0.3
90670;21.4;39.3;0.5
90672;21.7;39.9;0.4
90674;21.5;39.3;0
90676;21.5;39.3;0.9
90678;21.2;39;0.1
90680;21.7;39.8;0.3
90682;21.5;39.5;0.4
90684;21.6;39.3;0.1
90686;21.9;39.8;-0.1
90688;21.7;40;0.5
90690;21.5;39.3;0.6
90692;21.6;39.9;0.1
90694;21.4;39.7;-0.1
90696;21.8;40;0.9
90698;21.7;39.9;0
90700;21.6;40;0.2
90702;21.5;39.1;0.6
90704;21.4;39.3;0
90706;21.6;39.5;0
90708;21.7;39.7;0.8
90710;21.2;39;0.2
90712;21.2;39.4;-0.2
90714;21.6;39.7;0.5
90716;21.4;39.5;0.5
90718;21.6;40.2;0.2
90720;21.8;40.1;0.6
90722;21.4;39.3;0.4
90724;21.2;39.4;0
90726;21.7;39.5;0.6
90728;21.4;39.5;0.3
90730;21.4;39.1;0
90732;21.4;39.6;0.6
90734;21.6;39.1;0.4
90736;21.5;39;0.1
90738;21.7;40;0.2
90740;21.4;39.5;0.4
90742;21.8;39.9;0.3
90744;21.8;39.7;0.5
90746;21.8;40.1;0.6
90748;21.3;39.2;0.2
90750;21.4;39.5;-0.1
90752;21.4;39.5;0.4
90754;21.8;40;0.7
90756;21.6;39.6;0.4
90758;21.4;39.4;0.2
90760;21.7;40.1;0.5
90762;21.4;39.6;0.3
90764;21.8;39.6;0.1
90766;21.5;39.1;0.6
90768;21.8;39.2;0.1
90770;21.2;39.1;0.1
90772;21.1;39;0.7
90774;21.6;39.8;0
90776;21.4;39.4;0.4
90778;21.6;39.6;0.5
90780;21.4;39.5;-0.2
90782;21.4;39.7;0.2
90784;21.3;39.5;0.5
90786;21.5;39.2;-0.1
90788;21.3;39.2;0.9
90790;21.2;39.1;0.2
90792;21.4;39.4;-0.2
90794;21.2;39;1
90796;21.6;39.5;-0.5
90798;21.8;40;0.3
90800;21.7;40.3;0.8
90802;21.6;39.7;0
90804;21.4;39.7;0.6
90806;21.6;39.7;0.2
90808;21.7;39.8;0
90810;21.2;38.9;0.6
90812;21.6;39.6;0.3
90814;21.1;39.3;0
90816;21.4;39.6;0.8
90818;21.5;39.7;-0.1
90820;21.8;40.4;0.4
90822;21.1;39.3;0.7
90824;21.6;39.9;-0.4
90826;21.3;39.5;0.4
90828;21.6;39.1;0.6
90830;21.5;39.6;0.1
90832;21.2;39.5;0.6
90834;21.3;39.4;0.3
90836;21.7;40.3;0
90838;21.7;40;0.5
90840;21.3;39.4;0
90842;21.2;39.2;0.4
90844;21.3;39;0.5
90846;21.8;39.9;0.5
90848;21.3;39.5;0.1
90850;21.8;40.3;0.2
90852;21.7;40.3;0.3
90854;21.5;39.5;0.6
90856;21.6;39.4;0.4
90858;21.5;39.6;0.5
90860;21.3;38.8;0.2
90862;21.6;39.5;0.5
90864;21.4;39.3;0
90866;21.3;39.8;0.2
90868;21.5;40.6;0.5
90870;21.4;39.6;-0.1
90872;21.4;39.4;0.5
90874;21.8;39.8;0.9
90876;21.4;39.1;-0.3
90878;21.5;39.2;0.8
90880;21.6;39.5;0.2
90882;21.4;39.3;0
90884;21.2;39.5;1
90886;21.6;39.6;-0.1
90888;21.6;39.5;0.4
90890;21.6;39.7;0.7
90892;22;39.7;-0.1
90894;21.7;39.2;0.7
90896;21.3;38.8;0.6
90898;21.4;39.1;-0.1
90900;21.4;39.5;0.9
90902;21.3;39.7;0
90904;21.8;40.5;0.1
90906;21.3;39.4;0.9
90908;21.7;39.7;-0.2
90910;21.2;39.1;0.6
90912;21.4;39.5;0.4
90914;21.6;40.3;-0.1
90916;21.8;40.3;0.8
90918;21.7;40.5;0
90920;21.3;39.3;0
90922;21.2;39.3;0.9
90924;21.7;38.8;0
90926;21.5;39.1;0.2
90928;21.8;40.2;0.8
90930;21.5;40;0
90932;21.6;40.3;0.3
90934;21.3;39.9;0.7
90936;21.6;39.5;0
90938;21.2;38.9;0.2
90940;21.3;39;0.6
90942;21.7;39.6;-0.1
90944;21.3;39.5;0.4
90946;21.5;40.3;0.9
90948;21.7;40.2;-0.2
90950;21.7;40.2;0
90952;21.7;39.5;0.7
90954;21.8;39.2;0
90956;21.5;39.5;0.2
90958;21.6;40.1;0.8
90960;21.4;39.8;0
90962;21.4;39.7;0.3
90964;21.1;39.4;0.8
90966;21.8;40.1;0.4
90968;21.8;40;0
90970;21.6;39.7;0.6
90972;21.7;39.8;0.6
90974;21.5;40.2;0
90976;21.7;39.8;0.3
90978;21.7;40.2;0.4
90980;21.6;39.8;0
90982;21.6;39.2;0.2
90984;21.6;39.3;0.9
90986;21.7;39.7;0
90988;21.2;39.5;0.3
90990;21.9;40.4;0.9
90992;21.4;40.1;0
90994;21.8;39.8;0.3
90996;21.4;39.3;0.8
90998;21.4;38.8;-0.1
91000;21.7;39.3;0.3
91002;21.6;39.8;0.4
91004;21.3;39.7;0
91006;21.5;39.8;0.6
91008;21.4;39.8;0.2
91010;21.5;39.6;0
91012;21.4;39.1;0.7
91014;21.4;38.8;0.2
91016;21.6;39.1;0
91018;21.7;40;0.7
91020;21.2;39.5;0
91022;21.6;40.4;0.4
91024;21.4;39.9;1
91026;21.2;39.5;0
91028;21.3;39.5;0.1
91030;21.7;39.2;0.4
91032;21.5;39;-0.1
91034;21.4;39.5;0.4
91036;21.5;40.2;0.8
91038;21.4;40;0.1
91040;21.6;39.6;0.3
91042;21.4;39.4;0.2
91044;21.5;39;0
91046;21.5;39.5;0.6
91048;21.8;39.8;0.6
91050;21.6;40.1;-0.1
91052;21.2;40;0.2
91054;21.4;39.6;0.4
91056;21.4;39.6;0.2
91058;21.5;39.2;-0.3
91060;21.4;39.1;0.5
91062;21.3;39.2;0.4
91064;21.4;39.7;0.3
91066;21.8;40.6;0.6
91068;22;40.6;0.4
91070;21.9;40.1;0.1
91072;21.3;38.9;0.6
91074;21.4;39.8;0.6
91076;21.6;39.7;-0.1
91078;21.5;40.1;0.3
91080;21.7;40.2;0.1
91082;21.5;39.6;0.3
91084;21.2;39.3;0.9
91086;21.6;39.6;-0.2
91088;21.4;39.2;0.3
91090;21.7;39.7;0.7
91092;21.4;39.4;-0.1
91094;21.4;39.3;0.1
91096;21.7;40.3;0.7
91098;21.8;40.2;0
91100;21.8;40;0.7
91102;21.2;39.4;0.3
91104;21.2;38.8;-0.1
91106;21.8;39.4;0.4
91108;21.9;39.7;0.4
91110;21.5;39.3;0
91112;21.5;39.9;0.1
91114;21.2;39.6;0.4
91116;21.8;40.3;0.1
91118;21.5;39.3;0.5
91120;21.7;40.1;0.5
91122;21.5;39.5;0.3
91124;21.6;39.8;0.5
91126;21.4;39.2;0.6
91128;21.6;39.9;0.3
91130;21.2;39.5;0.1
91132;21.3;39.6;0.9
91134;21.7;40.2;0
91136;21.5;39.5;0.2
91138;21.6;39.5;0.9
91140;21.4;39;0.1
91142;21.4;39.1;0.4
91144;21.6;39.6;0.5
91146;21.4;39.6;-0.3
91148;21.7;40.4;0.2
91150;21.5;39.8;0.7
91152;21.5;39.5;-0.2
91154;21.7;39.7;1
91156;21.6;39;0.4
91158;21.7;39.8;0
91160;21.7;39.9;0.8
91162;21.5;39.5;0.1
91164;21.6;39.7;-0.1
91166;21.4;39.4;1.1
91168;21.5;39.3;0.1
91170;21.4;39;0
91172;21.7;39.4;0.9
91174;21.2;39.5;0
91176;21.4;39.9;0.3
91178;21.3;39.8;0.5
91180;21.2;39.2;0.1
91182;21.7;40;0.6
91184;21.5;39.6;0.8
91186;21.6;39.5;0.1
91188;21.4;39.3;0.3
91190;21.7;39.8;0.5
91192;21.3;39.6;0
91194;21.7;40.5;0.5
91196;21.6;40;0
91198;21.3;39.6;0
91200;21.6;39.5;0.5
91202;21.5;39.3;0.5
91204;21.8;39.6;0.1
91206;21.6;39;0.2
91208;21.3;39.4;0.3
91210;21.2;39.8;0.1
91212;21.4;39.6;0.8
91214;21.4;39.7;0.3
91216;21.8;40.1;-0.2
91218;21.8;39.9;1
91220;21.4;38.7;0.3
91222;21.5;39.3;-0.2
91224;21.8;39.5;1
91226;21.6;39.9;0.1
91228;21.8;40.6;0.5
91230;21.4;40;0.6
91232;21.3;39.4;0
91234;21.3;38.9;0.4
91236;21.6;39.2;0.6
91238;21.5;39.6;0.5
91240;21.2;39.5;0.2
91242;21.6;40.4;0.1
91244;21.5;39.7;0.6
91246;22;39.9;0
91248;21.8;39.8;0.7
91250;21.5;38.9;0.4
91252;21.2;39;0
91254;21.5;39.4;0.7
91256;21.8;40.1;0.6
91258;21.7;40.6;-0.3
91260;21.8;40.1;0.7
91262;21.6;39.5;0.4
91264;21.3;39.2;-0.2
91266;21.5;39.1;0.7
91268;21.3;39.2;0.1
91270;21.3;39.3;0.4
91272;21.6;39.6;0.6
91274;21.3;39.7;0.2
91276;21.7;40.2;0.2
91278;21.7;40;0.2
91280;21.2;39.4;0.4
91282;21.2;39;0.7
91284;21.5;39.7;0.7
91286;21.4;39.3;0.3
91288;21.5;39.7;0
91290;21.4;39.9;0.5
91292;21.5;39.9;0.6
91294;21.5;40;0.2
91296;21.7;39.8;0.4
91298;21.4;39.1;0.1
91300;21.9;39.7;0
91302;21.8;40;0.5
91304;21.2;39.7;0.2
91306;21.6;40.1;0
91308;21.4;39.7;0.8
91310;21.4;39.3;0
91312;21.4;38.9;0.2
91314;21.8;39.9;0.5
91316;21.6;40.1;0.2
91318;21.6;40.1;0.6
91320;21.4;40.1;0.5
91322;21.3;39.7;-0.1
91324;21.4;39.6;0.4
91326;21.5;39.3;0.5
91328;21.3;39;0
91330;21.1;39.2;0.2
91332;21.5;39.8;0.6
91334;21.2;39.7;0.3
91336;21.9;40.7;0.3
91338;21.8;40.4;0.3
91340;21.5;39.5;0.2
91342;21.7;39.3;0.7
91344;21.6;39.4;0.1
91346;21.6;40;0.1
91348;21.8;40.5;1.1
91350;22;40.8;0
91352;21.5;39.5;0.2
91354;21.4;39.6;0.7
91356;21.6;39;0
91358;21.7;39.5;0.2
91360;21.9;40;0.8
91362;21.8;40.6;0
91364;21.4;40;0.4
91366;21.8;40.5;1
91368;21.6;39.8;0.4
91370;21.8;39.5;0
91372;21.4;38.9;0.2
91374;21.5;39.2;0.2
91376;21.6;40.2;0.3
91378;22;40.4;0.9
91380;21.6;40.3;0
91382;21.4;39.5;0.5
91384;21.5;38.9;0.4
91386;21.4;38.9;0.1
91388;21.3;39;0.3
91390;21.3;39.5;0.4
91392;21.6;40.2;0.3
91394;21.8;40.3;0.3
91396;21.5;39.8;0.1
91398;21.7;40;0.4
91400;21.7;39.9;0.4
91402;21.6;39.5;0.5
91404;21.8;39.7;0.4
91406;21.7;39.2;0
91408;22;40.6;0.4
91410;21.2;39.8;0.6
91412;21.6;40;-0.1
91414;21.7;40.1;0.5
91416;21.3;39.3;0.2
91418;21.3;39;-0.1
91420;21.4;39.3;0.9
91422;21.4;39.4;0
91424;21.5;39.9;-0.2
91426;21.3;40;0.6
91428;21.5;39.8;0
91430;21.5;39.5;0
91432;21.3;39;0.7
91434;21.7;39.7;0
91436;21.8;39.8;0
91438;21.4;39.7;0.9
91440;21.5;40.2;-0.6
91442;21.3;39.8;0.5
91444;21.4;39.5;0.6
91446;21.4;39.1;-0.1
91448;21.2;38.9;0.7
91450;21.7;39.9;0
91452;21.8;40.4;0.8
91454;21.4;39.8;0.7
91456;21.6;39.6;0
91458;21.9;40.1;0.5
91460;21.6;39.3;0.6
91462;21.2;38.7;-0.3
91464;21.6;39.6;0.9
91466;21.2;39.3;0.4
91468;21.6;40.6;-0.4
91470;21.2;39.8;1
91472;21.6;39.2;-0.3
91474;21.1;39.3;0.2
91476;21.8;39.3;0.9
91478;21;39;-0.4
91480;21.4;39.6;0.1
91482;21.3;39.7;0.6
91484;21.4;40.2;-0.4
91486;21.4;39.5;0.6
91488;21.7;39.8;0.6
91490;21.2;38.8;0
91492;21.3;39.3;0.7
91494;21.6;39.8;0.3
91496;21.8;40.7;0
91498;21.4;39.9;0.8
91500;21.7;40;0.2
91502;21.7;39.8;0
91504;21.7;39.9;1.2
91506;21.5;39.3;0
91508;21.5;39.8;0
91510;21.4;39.9;1.2
91512;21.9;40.6;0
91514;21.3;39.7;0.2
91516;21.5;39.5;0.9
91518;21.5;39.6;-0.1
91520;21.2;39.1;0.3
91522;21.4;39.6;0.3
91524;21.7;40.2;-0.4
91526;21.4;39.8;0.7
91528;21.6;40.4;0.2
91530;21.5;39.4;-0.1
91532;21.6;39.3;0.9
91534;21.7;39.7;0.4
91536;21.4;39.2;0
91538;21.5;39.7;0.9
91540;21.5;40.2;0.2
91542;21.4;39.9;-0.2
91544;21.4;39.5;0.6
91546;21.7;39.3;0
91548;21.7;39.5;0.1
91550;21.4;39.9;0.7
91552;21.7;40.3;-0.5
91554;21.7;40.4;0.2
91556;21.5;39.7;0.8
91558;21.6;39.5;-0.2
91560;21.2;39.1;0.7
91562;21.8;39.7;0.4
91564;21.3;39.1;-0.1
91566;21.4;39.7;0.6
91568;21.7;40.5;0.4
91570;21.7;40;0
91572;21.5;39.8;0.2
91574;21.3;39.1;0
91576;21.6;39.4;0.3
91578;21.6;39.5;0.5
91580;21.2;39.4;0.6
91582;21.4;39.9;0.4
91584;21.7;40.8;0.4
91586;21.4;40;0
91588;21.7;39.7;0.2
91590;21.6;39.3;0.6
91592;21.2;38.8;0.4
91594;21.3;39.6;-0.2
91596;21.5;40.3;0.8
91598;21.4;40.2;0.9
91600;21.8;40.2;0
91602;21.5;39.5;0.7
91604;21.3;39.2;0.2
91606;21.4;39.5;0
91608;21.8;40.5;0.2
91610;21.4;40;0.4
91612;21.6;39.6;0
91614;21.6;39.3;0.8
91616;21.8;39.7;0.2
91618;21.7;39.5;0.1
91620;21.4;39.4;0.8
91622;21.3;40;0.2
91624;21.7;40.8;0.1
91626;21.6;40;0.3
91628;21.8;39.9;0.4
91630;21.8;39.8;0.4
91632;21.7;40;0.3
91634;21.8;40.1;0.4
91636;21.4;39.7;-0.1
91638;21.6;40.1;0.4
91640;21.6;40;0.2
91642;21.3;39;-0.1
91644;21.7;39.7;0.7
91646;21.6;39.5;0.5
91648;21.6;39.2;-0.1
91650;21.3;40.1;0.8
91652;21.4;39.9;0
91654;21.5;40.1;0.5
91656;21.4;39.7;0.9
91658;21.3;39.2;0
91660;21.5;39.4;0.7
91662;21.4;39.1;0.5
91664;21.6;39.7;-0.2
91666;21.4;39.6;0.5
91668;21.6;40.4;0.6
91670;21.3;39.5;-0.2
91672;21.8;39.7;0.9
91674;21.7;39.5;0
91676;21.9;39.8;0.4
91678;21.8;39.7;1.2
91680;21.3;39.1;-0.6
91682;21.7;40.1;0.5
91684;21.3;39.6;0.6
91686;21.7;40;-0.3
91688;21.6;39.7;0.8
91690;21.5;39.7;0.1
91692;21.7;40.2;0
91694;21.4;39.4;0.2
91696;21.8;40.2;0.1
91698;21.7;39.2;0.5
91700;21.7;39.8;0.1
91702;21.5;39.5;0
91704;21.5;39.7;0.7
91706;21.6;40;0.2
91708;21.8;40.3;0
91710;21.9;40.5;0.9
91712;21.7;39.8;-0.2
91714;21.4;39.2;0.4
91716;21.7;39.5;0.6
91718;21.6;39.9;-0.1
91720;21.8;39.8;0.8
91722;21.7;40.1;0.1
91724;21.2;39.8;0
91726;21.5;39.6;0.8
91728;21.8;40.2;0
91730;21.6;39.5;0
91732;21.6;39.4;0.5
91734;21.6;40.1;-0.1
91736;21.8;39.9;0.2
91738;21.7;39.5;0.8
91740;21.7;39.8;0.1
91742;21.4;39.7;0
91744;21.4;39.7;0.9
91746;21.7;40.1;0
91748;21.2;39.5;0.2
91750;21.7;40.2;0.8
91752;21.6;39.3;-0.2
91754;21.1;39.1;0.5
91756;21.6;39.4;0.7
91758;21.7;40.1;0
91760;21.4;39.5;0.6
91762;21.5;39.9;0.1
91764;21.7;40.2;0.3
91766;21.4;39.8;0.4
91768;21.6;39.7;0
91770;21.8;39.5;0.2
91772;21.5;38.9;0.6
91774;21.5;39.1;0.6
91776;21.6;39.7;0.6
91778;21.3;39.6;0.5
91780;21.2;39.8;-0.2
91782;21.6;39.6;0.3
91784;21.6;39.9;0.9
91786;21.4;38.8;-0.3
91788;21.6;39.8;0.6
91790;21.6;39.7;0.4
91792;21.4;39.8;0
91794;21.7;40.4;0.1
91796;21.5;39.7;0.4
91798;21.9;39.8;0.1
91800;21.6;39.5;0.2
91802;21.3;38.9;0.6
91804;21.6;39.7;0.3
91806;21.4;39.6;0
91808;21.2;39.8;0.5
91810;21.7;40.4;0.4
91812;21.3;39;0.1
91814;21.4;39;0.3
91816;21.5;38.7;0.3
91818;21.7;40.1;-0.1
91820;21.7;40.2;0.6
91822;21.4;40;0.6
91824;21.6;39.7;0
91826;21.3;39.7;0.2
91828;21.7;39.6;0.6
91830;21.9;39.2;0.5
91832;21.5;39.6;-0.2
91834;21.2;39.8;0.3
91836;21.6;40;0.1
91838;21.2;39.3;0
91840;21.5;39.4;0.6
91842;21.8;39.7;0.6
91844;21.3;38.8;0.2
91846;21.8;40;0.4
91848;21.7;40.3;0.5
91850;21.2;39.9;0.2
91852;21.8;40.3;0.5
91854;21.5;39.8;0.4
91856;21.5;39.8;0.2
91858;21.5;39;0.3
91860;21.5;39.2;0.4
91862;21.9;40.1;0
91864;21.5;39.9;0.8
91866;21.4;40;0
91868;21.4;39.6;0
91870;21.3;39.8;0.9
91872;21.5;39.3;-0.1
91874;21.5;38.9;0.7
91876;21.8;39.5;0.9
91878;21.5;40;-0.2
91880;21.7;40.6;0.8
91882;21.3;39.7;0
91884;21.3;39.4;0
91886;21.6;39.2;0.9
91888;21.7;39.1;-0.1
91890;21.4;39.4;0.2
91892;21.5;39.8;0.1
91894;21.9;40.6;0.2
91896;21.6;40.5;0.9
91898;21.7;40.1;0.1
91900;21.4;39.5;0
91902;21.3;39.5;0.7
91904;21.5;39.6;-0.3
91906;21.6;39.9;0.1
91908;21.9;40.3;1
91910;21.4;39.8;-0.4
91912;21.8;40.5;0.5
91914;21.8;40.2;0.7
91916;21.6;40;0
91918;21.8;39.5;0.5
91920;21.4;39.5;0.2
91922;21.4;39.4;0
91924;21.6;39.4;0.9
91926;21.4;39.9;-0.1
91928;21.2;39.5;0.4
91930;21.8;40.2;0.2
91932;21.4;39.7;0.1
91934;21.5;39.7;0.4
91936;21.4;39.7;0.1
91938;21.6;39.5;0.4
91940;21.5;39.5;0.2
91942;21.7;40;0.2
91944;21.8;39.5;0.3
91946;21.8;40.2;0.6
91948;21.4;39.5;-0.1
91950;21.6;40.1;0.7
91952;21.4;39.6;0.4
91954;21.2;39.7;0.1
91956;21.6;40.5;0.7
91958;21.5;39.8;0.4
91960;21.5;39.5;0.4
91962;21.3;39.4;0.6
91964;21.5;39.3;0.2
91966;21.6;39.4;0.4
91968;21.7;39.9;0.7
91970;21.5;39.1;0.6
91972;21.4;39.3;0.3
91974;21.5;39.9;0.2
91976;21.5;39.9;0.3
91978;21.8;40.8;0.2
91980;21.4;39.8;0.4
91982;21.6;39.5;0.1
91984;21.7;39.3;0
91986;21.4;39;1
91988;21.3;39;0
91990;21.4;39.6;0
91992;21.7;40.2;0.9
91994;21.8;40.9;0.4
91996;21.8;40.4;0
91998;21.7;39.6;0.7
92000;21.4;39.1;0.3
92002;21.5;39.3;0
92004;21.8;40;0.7
92006;21.5;39.8;0.5
92008;21.7;40.8;0.1
92010;21.4;40;0
92012;21.8;39.9;0.8
92014;21.2;39.1;0
92016;21.7;39.2;0.2
92018;21.8;40;0.7
92020;21.6;39.4;-0.1
92022;21.6;40;0.7
92024;21.4;39.9;0.6
92026;21.6;40;0.2
92028;21.9;40;0.5
92030;21.3;39;0
92032;21.6;39.1;0.3
92034;21.1;39;0.7
92036;21.7;40.4;0.1
92038;21.8;40.6;0.5
92040;21.5;40.1;0.2
92042;21.4;39.3;-0.2
92044;21.5;38.5;0.4
92046;22;39.8;0.4
92048;21.5;39.6;0
92050;21.8;40.8;1.1
92052;21.7;40.8;0.2
92054;21.6;39.5;0
92056;21.6;39.2;0.4
92058;21.7;39.4;0.2
92060;21.5;39.3;0.4
92062;21.3;40;0.4
92064;21.7;40.9;0.3
92066;21.6;40.7;0.2
92068;21.6;40.1;0.4
92070;21.6;39.2;0.3
92072;21.4;39.1;0.3
92074;21.4;39.5;-0.1
92076;21.6;40.3;0.1
92078;21.5;40.1;0.7
92080;21.3;39.8;0.5
92082;21.6;39.2;0
92084;21.2;39.3;0.2
92086;21.4;39.4;0.9
92088;21.9;39.4;0.2
92090;21.6;39.8;0.1
92092;21.6;39.5;0.8
92094;21.7;39.8;0.2
92096;22.1;40.4;0.3
92098;21.9;39.8;0.5
92100;21.6;39.3;0.2
92102;21.3;39;0.6
92104;21.3;39.1;0
92106;21.3;39;0.1
92108;21.6;39.4;0.5
92110;21.2;39.5;-0.1
92112;21.5;39.9;0.5
92114;21.7;40.4;0.3
92116;21.4;39.5;-0.2
92118;21.7;39.8;0.6
92120;21.7;39.8;0.2
92122;21.6;39.5;0
92124;21.8;40.1;0.1
92126;21.4;39.9;0.8
92128;21.7;40.2;0
92130;21.8;40.2;0.7
92132;21.8;39.9;0.7
92134;21.9;39.8;-0.1
92136;21.3;39;0.3
92138;22;40;0.5
92140;21.7;39.4;0.1
92142;21.5;40.1;-0.2
92144;21.4;40.1;0.6
92146;21.5;39.4;0.2
92148;21.8;40;0
92150;21.8;39.7;0.4
92152;21.6;39.1;0.4
92154;21.5;39.7;0.1
92156;21.8;40.7;0
92158;21.4;40;0.3
92160;21.3;39.7;0.6
92162;21.7;39.7;0.5
92164;21.4;39.3;-0.1
92166;21.6;39.5;0.4
92168;21.3;39.3;0.6
92170;21.7;40.5;0
92172;21.8;40.5;0.4
92174;21.3;39.7;0.6
92176;21.3;39.9;0
92178;21.8;40;0.3
92180;21.6;39.3;0.3
92182;21.3;39.1;0.4
92184;21.8;40;0.4
92186;21.7;39.9;0.3
92188;21.6;40.3;0
92190;21.6;39.9;0.5
92192;21.5;40.1;0.4
92194;21.9;39.7;-0.2
92196;21.5;39.1;0.7
92198;21.4;39.2;0.7
92200;21.8;40.2;0
92202;21.8;40.1;0.2
92204;21.2;39.8;0.1
92206;21.6;40.4;0.5
92208;21.3;39.6;0
92210;21.7;40;0.5
92212;21.4;39.4;0.2
92214;21.4;39;0
92216;21.5;39.2;0.5
92218;21.8;40;0.6
92220;21.6;40.3;-0.2
92222;21.7;39.8;0.8
92224;21.4;40;0.6
92226;21.5;40.1;-0.3
92228;21.7;39.3;0.8
92230;21.4;38.9;0.2
92232;21.3;39.1;0
92234;21.4;39.4;0.6
92236;21.4;39.8;0
92238;21.8;40.9;0.7
92240;21.5;40.2;1.1
92242;21.4;39.4;-0.4
92244;21.4;39.1;0.9
92246;21.8;39.8;0
92248;21.8;40.1;0.1
92250;21.8;40.4;1.1
92252;21.4;40;-0.3
92254;21.3;39.9;0.7
92256;21.4;39.3;0.6
92258;21.5;38.8;-0.2
92260;21.6;39.6;0.5
92262;21.6;39.5;0.5
92264;21.5;40.2;0
92266;21.7;40.3;0
92268;21.8;40.4;0.6
92270;21.7;39.6;0
92272;21.3;39.3;0.3
92274;21.6;39.1;0.8
92276;21.8;40.1;-0.2
92278;21.6;39.6;0.5
92280;21.6;40.4;0.7
92282;21.4;39.9;0
92284;21.6;39.7;0.1
92286;21.6;39.4;0.8
92288;21.9;39.5;0
92290;21.5;39.7;0.2
92292;21.7;40.6;0.9
92294;21.3;40;0.2
92296;22;40.3;0
92298;21.8;39.9;0.5
92300;21.5;38.7;0.3
92302;21.4;39.2;0
92304;21.6;40.1;0.6
92306;21.6;40.5;0.2
92308;21.5;39.8;0
92310;21.3;39.3;0.7
92312;21.7;39.6;0.6
92314;21.6;39;0
92316;21.4;39.1;0.7
92318;21.4;39.5;0.4
92320;21.4;39.7;0.1
92322;21.7;40.7;0.2
92324;21.7;39.9;0.4
92326;21.4;39;0.2
92328;21.8;39.8;0.4
92330;21.3;38.9;0.6
92332;21.8;40.1;0.2
92334;21.7;40.4;-0.1
92336;21.6;40.1;0.7
92338;21.4;39.9;0.4
92340;21.6;40.1;0.1
92342;21.7;39.4;0.8
92344;21.5;39.1;-0.1
92346;21.9;39.9;0.4
92348;21.9;40.2;1
92350;21.9;40.8;-0.2
92352;21.6;40.1;0.8
92354;21.6;39.9;0.2
92356;21.5;39.1;0.1
92358;21.8;39.7;0.8
92360;21.4;39.1;-0.5
92362;21.3;39.5;0.3
92364;21.4;39.7;0.6
92366;21.6;40.2;-0.2
92368;21.7;40.4;0.7
92370;21.6;40.1;0
92372;21.5;39.1;0.2
92374;21.7;39.7;0.6
92376;21.5;39.8;0.1
92378;21.3;39.9;0.1
92380;21.7;40.2;0.2
92382;21.9;40;0.4
92384;21.3;39.5;0.1
92386;21.3;39.4;0.2
92388;21.5;39.1;0.3
92390;21.5;39.3;0.1
92392;21.7;40.7;0.7
92394;21.4;40.9;0.4
92396;21.5;39.9;-0.3
92398;21.6;39.9;0.5
92400;21.9;39.5;0.6
92402;21.5;39;0.1
92404;21.6;39.8;0.6
92406;21.4;40;0.7
92408;21.4;39.8;0.1
92410;21.4;39.5;0.6
92412;21.3;39.2;0.2
92414;21.7;39.1;-0.2
92416;21.5;39.4;1
92418;21.8;40.3;0.2
92420;21.1;39.8;0
92422;21.4;39.8;0.9
92424;21.9;40.4;0.2
92426;21.6;39.6;-0.5
92428;21.5;39.2;1.1
92430;21.5;39.3;0
92432;21.4;39.4;0.1
92434;21.6;39.8;1.3
92436;21.5;39.9;-0.2
92438;21.4;39.7;0.6
92440;21.4;40;0.4
92442;21.7;40.1;0
92444;21.5;39.6;1.1
92446;21.5;39.4;0
92448;22;39.8;0.1
92450;21.7;40.5;1
92452;21.6;39.8;-0.5
92454;21.3;39.5;0.6
92456;21.6;39.8;0.8
92458;21.8;39.5;-0.3
92460;21.4;39.2;1.4
92462;21.6;39.5;0
92464;21.5;39.7;-0.2
92466;21.4;39.9;1.1
92468;21.6;40;-0.2
92470;21.3;39.4;0.6
92472;21.5;39.5;0.6
92474;21.7;39.5;-0.3
92476;21.5;39.5;0.7
92478;21.4;39.7;0.5
92480;21.3;39.8;0
92482;21.7;40;0.1
92484;21.3;39.7;0.1
92486;21.3;39.5;0.2
92488;21.8;39.7;0.5
92490;21.3;39.3;0.2
92492;21.3;39.3;0
92494;21.3;39.8;0.3
92496;21.6;40.4;0.5
92498;21.5;40;0.4
92500;21.8;40.4;0.6
92502;21.6;39.5;0.4
92504;21.4;38.8;0.4
92506;21.4;39.4;0.2
92508;21.7;40.4;0.7
92510;21.3;39.8;0.2
92512;21.6;39.9;-0.2
92514;21.3;39.5;0.6
92516;21.8;39.8;0.4
92518;21.6;39.3;-0.1
92520;21.3;39.3;0.5
92522;21.7;40.1;0.4
92524;21.6;40.2;0
92526;21.4;40;0.6
92528;21.4;39.3;0.1
92530;21.4;39.2;0.4
92532;21.6;39.3;0.9
92534;21.5;39.3;-0.2
92536;21.8;40.3;0.2
92538;21.4;39.8;0.7
92540;21.6;40.3;-0.2
92542;21.4;39.5;0
92544;21.9;39.9;0.8
92546;21.5;39.4;0
92548;22;39.8;0.4
92550;21.7;40.1;0.5
92552;21.3;40.1;-0.4
92554;21.9;40.3;0.8
92556;21.2;39.8;0
92558;21.5;39.9;-0.1
92560;21.2;39.1;0.7
92562;21.5;39.7;-0.2
92564;21.6;39.6;0.4
92566;21.7;40.3;0.7
92568;21.6;40.4;0.1
92570;21.9;40.5;0.4
92572;21.4;39.5;0.2
92574;21.6;39;0.4
92576;21.7;39.5;0.5
92578;21.5;39.5;0.6
92580;21.5;40.7;0.4
92582;21.5;40.3;0
92584;21.2;39.5;0.5
92586;21.4;39.5;0.4
92588;21.4;38.7;-0.1
92590;21.7;39.5;1
92592;21.8;40.5;0
92594;22;40.9;0.2
92596;21.6;40.3;1.1
92598;21.6;39.8;-0.4
92600;21.5;39.3;0.6
92602;21.8;39.5;0.2
92604;21.8;39.9;-0.1
92606;21.7;40;0.6
92608;21.4;40.9;0
92610;21.8;40.9;0
92612;21.4;39.5;0.5
92614;21.6;39.5;0
92616;21.7;39.6;0.4
92618;21.4;39.3;0.3
92620;21.5;39.7;-0.2
92622;21.5;40;0.5
92624;21.4;39.7;0.5
92626;21.5;39.9;0
92628;21.7;39.8;0.4
92630;21.3;38.9;-0.1
92632;21.2;39;0.2
92634;21.7;40.4;0.8
92636;21.7;41.2;0.2
92638;21.9;40.9;0
92640;21.2;39.4;0.2
92642;21.3;39;0.5
92644;21.7;39.7;-0.2
92646;21.7;40;0.3
92648;21.6;40.4;0.5
92650;22;40.7;0.3
92652;21.4;40;0.3
92654;21.5;39.7;0.5
92656;21.4;39.2;0.2
92658;21.8;39.7;0
92660;21.3;39.7;0.7
92662;21.5;40.1;0
92664;21.5;40.4;0.5
92666;21.6;40.4;0.5
92668;21.7;39.9;0.3
92670;21.1;38.7;0.1
92672;21.6;39.2;0.4
92674;21.5;39.3;0.1
92676;21.6;40.1;0.2
92678;21.9;40.5;0.3
92680;21.4;40.2;0.4
92682;21.6;39.3;0
92684;21.4;38.7;0.4
92686;21.5;39.4;0.2
92688;21.7;40.4;0
92690;21.5;40.2;0.4
92692;21.2;39.9;0.4
92694;21.6;39.5;0.3
92696;21.8;39.8;0.5
92698;21.8;39;0.3
92700;21.7;39.9;0.2
92702;21.5;39.7;0.4
92704;21.4;39.6;0.4
92706;21.4;39.9;0.6
92708;21.4;39.8;0
92710;21.8;40;0.4
92712;21.7;39.6;0.9
92714;21.6;39.3;0
92716;21.7;39.8;0.1
92718;21.9;40.2;0.6
92720;21.5;40.3;0.1
92722;21.5;39.8;0.2
92724;21.7;40.1;0.6
92726;21.8;39.5;0
92728;21.8;39.5;0.2
92730;21.2;39;0.7
92732;21.3;40.1;0.2
92734;21.7;40.6;0.3
92736;21.4;39.8;0.2
92738;21.5;39.4;0.1
92740;21.6;39.1;0.6
92742;21.6;38.9;0.5
92744;21.7;40.1;0
92746;21.7;40.4;0.6
92748;21.3;39.7;-0.1
92750;21.3;39.6;0.3
92752;21.3;39.7;0.8
92754;21.5;39;-0.5
92756;21.5;39.5;1
92758;21.8;40.1;0
92760;21.3;39.9;-0.1
92762;21.4;40.4;1
92764;21.4;40.1;0
92766;21.3;39.4;0
92768;21.5;39.1;0.6
92770;21.4;38.9;0.2
92772;21.5;39.7;0.1
92774;21.3;40.2;0.8
92776;21.4;40;0
92778;21.9;40.2;0.6
92780;21.5;39;0.8
92782;21.3;38.7;-0.1
92784;21.9;40;0.7
92786;21.5;40.2;0.4
92788;21.7;40.7;0
92790;21.3;39.9;0.4
92792;21.6;39.8;0.5
92794;21.7;39.4;0.2
92796;21.6;39.1;0.3
92798;21.7;40.1;0.4
92800;21.9;40.3;0
92802;21.5;40.4;0
92804;21.4;40;0.6
92806;21.6;39.6;0.3
92808;21.7;39.5;0.6
92810;21.8;39.4;0.4
92812;21.2;39;0.7
92814;21.8;40.1;0.2
92816;21.6;40.6;0.1
92818;21.9;40.8;0.6
92820;21.6;39.7;0.3
92822;21.7;39.3;0.1
92824;21.3;39.2;0.8
92826;21.7;39.5;0.2
92828;21.3;39.5;0.2
92830;21.5;39.7;0.7
92832;21.5;39.9;-0.1
92834;21.5;39.6;0.4
92836;21.5;39.6;0.8
92838;21.8;40.1;0
92840;21.7;39.5;0.9
92842;21.4;39.4;0
92844;21.8;40.2;-0.2
92846;21.7;40.5;0.8
92848;21.6;40;-0.1
92850;21.7;40.3;0.1
92852;21.4;39.1;0.6
92854;21.7;38.9;-0.1
92856;21.4;39;0.5
92858;21.2;39.7;0.5
92860;21.8;40.5;0.3
92862;21.5;39.9;0.7
92864;21.4;39.8;0.4
92866;21.3;39.7;0
92868;21.9;39.6;0.1
92870;21.4;39;0.5
92872;21.4;39.3;0.4
92874;21.4;39.8;0.1
92876;21.4;40.3;0.6
92878;21.7;40.5;0.2
92880;21.4;39.2;0.5
92882;21.6;39.4;0.3
92884;21.3;38.9;0
92886;21.3;39.4;0.5
92888;21.6;40.5;0.5
92890;21.4;40.2;0.3
92892;21.3;39.5;0.6
92894;21.7;39.4;0.4
92896;21.6;39.5;0.2
92898;21.6;39.6;0.1
92900;21.5;39.3;0.6
92902;21.5;40.2;0.4
92904;21.7;40.2;0.2
92906;21.7;40.2;1.2
92908;21.7;39.5;0.4
92910;21.8;39.4;-0.1
92912;21.5;39;0.5
92914;21.5;39.9;0.3
92916;21.3;40;0.2
92918;21.4;40.1;0.7
92920;21.8;40.1;0.2
92922;21.8;39;0.5
92924;21.8;39.8;0.2
92926;21.6;39.7;0
92928;21.8;40.6;0.9
92930;21.3;40.1;0.2
92932;21.5;39.8;0
92934;21.6;39;0.6
92936;21.6;39.1;0.2
92938;21.8;39.2;0.1
92940;21.4;39.7;0.5
92942;21.3;40.1;0.1
92944;21.3;39.7;0.2
92946;21.5;39.4;0.6
92948;21.5;38.9;0
92950;21.7;39.4;0.4
92952;21.7;39.8;0.7
92954;21.4;39.7;-0.2
92956;21.5;40.2;0.5
92958;21.6;39.6;0.3
92960;21.6;39.4;-0.1
92962;21.5;39;0.6
92964;21.8;39.8;0.3
92966;21.6;39.6;0.1
92968;21.9;39.9;0.8
92970;21.6;40;0.2
92972;21.7;40.3;0
92974;21.4;39.6;0.8
92976;21.7;39.3;0.1
92978;21.5;38.9;0
92980;21.3;38.9;0.8
92982;21.5;40.1;0
92984;21.7;40.2;0
92986;21.4;40;1.1
92988;21.6;40.3;0.1
92990;21.5;39.5;0.1
92992;21.9;40;0.6
92994;21.9;39.9;0
92996;21.5;39.2;0.6
92998;21.6;39.8;0.4
93000;21.7;40.5;0.5
93002;21.2;40.1;0.6
93004;21.8;40.3;0
93006;21.5;38.8;0.5
93008;21.7;39.4;0.6
93010;21.3;38.8;-0.1
93012;21.4;39.4;0.2
93014;21.5;40.4;0.6
93016;21.5;40.2;0
93018;21.6;39.9;0.9
93020;21.4;38.9;0.3
93022;21.4;38.9;-0.2
93024;21.3;39.2;0.5
93026;21.8;40.3;0.2
93028;21.7;40.7;0
93030;21.6;40;0.9
93032;21.6;39.5;-0.1
93034;21.2;38.9;0.6
93036;21.3;39.1;0.6
93038;21.8;40.2;0
93040;21.3;39.8;0.6
93042;21.5;40.2;0
93044;21.6;40.1;0.3
93046;21.6;39.8;1.1
93048;21.9;39.5;0
93050;21.6;39.5;0.4
93052;21.8;40.1;0.7
93054;21.4;40.3;-0.4
93056;21.8;40.9;0.5
93058;21.6;39.9;0.6
93060;21.4;38.8;-0.4
93062;21.6;38.9;0.7
93064;21.7;39.5;0
93066;21.7;40.4;0
93068;21.3;40.1;0.8
93070;21.7;40.4;0
93072;21.6;39.4;0.1
93074;21.4;39.5;0.8
93076;21.6;39.5;0.7
93078;21.5;39.6;-0.2
93080;21.7;40.4;0.4
93082;21.4;40;0.2
93084;21.8;39.9;-0.1
93086;21.7;39.5;1
93088;21.3;38.5;0.6
93090;21.7;39.8;0.2
93092;21.5;40.2;0.5
93094;21.6;40.3;0
93096;21.6;40.5;0.1
93098;21.3;39.2;0.1
93100;22;39.6;0.2
93102;21.8;38.8;0.3
93104;21.4;39.3;0.2
93106;21.6;40.2;0.6
93108;21.7;40.8;0.2
93110;21.3;39.9;0.2
93112;21.4;39;0.4
93114;21.7;38.8;0.2
93116;21.6;39.5;-0.2
93118;21.8;40.1;0.4
93120;21.7;40.7;0.2
93122;21.6;40;0
93124;21.7;39.4;0.9
93126;21.5;38.8;0
93128;21.6;38.7;0.1
93130;21.7;40.1;0.8
93132;21.4;40.3;0.4
93134;21.3;40.2;0.1
93136;21.5;39.8;0.6
93138;21.6;39.6;0.6
93140;21.5;38.8;0
93142;21.8;39.9;0.9
93144;21.6;40;0.3
93146;21.4;40.3;-0.3
93148;21.7;40.8;0.8
93150;21.7;40.1;0.5
93152;21.3;38.7;-0.1
93154;21.8;39.5;0.9
93156;21.6;39.5;0.3
93158;21.5;40.1;-0.3
93160;21.2;40;1
93162;21.8;40.4;-0.1
93164;21.4;38.5;0
93166;21.7;38.9;1
93168;21.7;39.9;-0.3
93170;21.5;40;0.4
93172;21.6;40.1;0.6
93174;21.8;40.4;0
93176;21.5;39.3;0.8
93178;21.5;38.8;0.3
93180;21.4;39.5;0
93182;21.6;40.7;0.9
93184;21.8;41.1;0.1
93186;21.6;40.1;0
93188;21.6;39;0.9
93190;21.5;38.8;0.2
93192;21.3;39.4;0
93194;21.3;39.7;0.6
93196;21.8;40.3;0.2
93198;21.8;40.8;0.1
93200;21.8;39.6;0.9
93202;21.5;38.8;0
93204;21.8;39.7;-0.3
93206;21.5;39.6;0.6
93208;21.7;40.6;0.4
93210;21.6;40.4;-0.1
93212;21.6;39.8;0.6
93214;21.6;39.2;0.1
93216;21.4;38.5;0.1
93218;21.6;39.1;0.5
93220;21.3;39.5;-0.2
93222;21.4;40.9;0.7
93224;21.4;39.9;0.6
93226;21.7;40;-0.1
93228;21.5;39.1;0.8
93230;21.6;39.3;0.4
93232;21.8;39.7;0.2
93234;21;39.8;0.5
93236;21.7;40.7;-0.2
93238;21.9;40.5;0.4
93240;21.3;39;0.4
93242;21.5;38.7;0
93244;21.5;38.9;0.4
93246;21.6;39.9;0.2
93248;21.5;40.3;0.2
93250;21.8;40.5;0.5
93252;21.4;39.6;0.2
93254;21.4;39.5;0.5
93256;21.4;38.9;0.5
93258;21.9;39.8;0.4
93260;21.3;39.2;0.3
93262;21.4;39.8;0
93264;21.4;40.1;0
93266;21.6;40.2;0.5
93268;21.7;40;0.1
93270;21.4;39.1;0
93272;21.5;39.4;0.6
93274;21.4;39.2;0.4
93276;21.8;40.1;0.1
93278;21.4;39.9;0.9
93280;21.3;40.1;0.2
93282;21.3;39.5;0.4
93284;21.7;39.4;0.9
93286;21.5;39;0
93288;21.6;39.9;0.3
93290;21.7;40.2;0.8
93292;21.7;40.1;-0.1
93294;21.8;40.8;0.5
93296;21.7;40.5;0.8
93298;21.4;39.5;-0.2
93300;21.5;39.2;0.3
93302;21.6;39.1;0.7
93304;21.8;40.1;-0.2
93306;21.5;39.5;0.6
93308;21.4;39.7;0.5
93310;21.3;39.7;-0.1
93312;21.3;39.9;0.5
93314;21.4;39.3;0.5
93316;21.5;38.8;0
93318;21.7;39.6;1
93320;21.2;39.2;0.2
93322;21.3;39.7;0.1
93324;21.7;40.4;0.7
93326;21.7;40.8;0
93328;21.5;39.5;-0.1
93330;21.4;38.9;0.8
93332;21.3;38.7;0
93334;21.7;40;-0.1
93336;21.6;40;0.4
93338;21.7;40.8;0.2
93340;21.4;39.9;0.1
93342;21.7;39.3;0.3
93344;21.5;39;0.2
93346;21.7;39.4;0
93348;21.8;40.1;0.5
93350;22;40.8;0.2
93352;21.7;40.5;-0.2
93354;21.4;39.4;0.4
93356;21.7;39.3;0.2
93358;21.8;39.5;0
93360;21.6;39.8;0.4
93362;21.6;39.9;0.6
93364;21.3;40.2;0.4
93366;21.7;40.1;0
93368;21.6;39.3;0
93370;21.5;39;0.8
93372;21.4;38.4;0
93374;21.4;39.2;0
93376;21.5;40.1;0.9
93378;21.4;40.4;0
93380;21.4;39.6;0.2
93382;21.8;40.1;0.7
93384;21.6;39.1;-0.1
93386;21.6;39.2;0.2
93388;21.6;39.8;1.1
93390;21.5;39.9;-0.1
93392;21.4;40.3;0.8
93394;21.5;40.3;0.6
93396;21.3;39.1;-0.3
93398;21.4;38.8;0.7
93400;21.3;39.1;0
93402;21.5;39.6;0.1
93404;21.6;40.1;0.4
93406;21.6;40.3;0.4
93408;21.4;39.8;0.1
93410;21.7;40;0.1
93412;21.7;39.1;0.1
93414;21.4;39.1;0
93416;21.8;40.3;0.3
93418;21.8;40.8;0.6
93420;21.5;40;0
93422;21.4;39.1;-0.1
93424;21.6;39.2;0.4
93426;21.4;38.7;0.3
93428;21.4;39.2;0.4
93430;21.4;39.8;0.1
93432;21.3;39.9;0.2
93434;21.4;39.8;0.3
93436;21.4;39.4;0.2
93438;21.7;39.4;0.3
93440;21.4;39.4;0.2
93442;21.6;39.9;0
93444;21.6;40.2;0.4
93446;21.6;40.1;0.7
93448;21.6;40;-0.4
93450;21.7;39.7;0.5
93452;21.3;38.6;0.8
93454;21.3;39.5;-0.4
93456;21.6;40.3;0.5
93458;21.1;40.3;0.5
93460;21.6;40.6;-0.1
93462;21.5;39.1;0.7
93464;21.5;39.1;-0.1
93466;21.6;39.4;0.1
93468;21.7;40.5;0.7
93470;21.6;40.1;0.1
93472;21.3;39.9;0.5
93474;21.5;39.2;0.4
93476;21.6;39.5;0.2
93478;21.7;38.9;0.2
93480;21.5;39.5;0.3
93482;21.5;40.6;0.2
93484;21.5;40.2;0
93486;21.7;39.9;0.5
93488;21.3;38.6;0.5
93490;21.4;38.8;0.6
93492;21.8;40;0.5
93494;21.3;39.9;0.4
93496;21.8;40.7;0.3
93498;21.8;40.2;0
93500;21.6;38.9;0.3
93502;21.4;38.5;0.3
93504;21.7;39.6;-0.1
93506;21.4;40;0.2
93508;21.5;40.4;0.5
93510;21.3;39.6;0.2
93512;21.6;39.5;0.3
93514;21.5;39.5;0.4
93516;21.6;39.4;0
93518;21.3;39.6;0.5
93520;21.3;40.1;0.3
93522;21.5;39.8;0.3
93524;21.3;39.3;0
93526;21.4;38.9;0.4
93528;21.3;39;0.1
93530;21.5;39.3;0
93532;21.4;39.9;0.5
93534;21.6;40.2;0.6
93536;21.2;39.6;0.4
93538;21.8;40;0.5
93540;21.3;39.3;0
93542;21.4;38.8;0.2
93544;21.8;40.1;0.2
93546;21.5;39.9;0
93548;21.8;40.9;0.2
93550;21.9;40.3;0.7
93552;21.8;39.8;0
93554;21.2;38.9;0
93556;21.7;39.2;0.3
93558;21.7;40;0
93560;21.4;40.1;0.2
93562;21.4;40;0.7
93564;21.6;39.5;0.2
93566;21.7;39.3;0.4
93568;21.7;39.1;0.4
93570;21.7;39.6;0.5
93572;21.6;40.5;0.4
93574;21.7;41.1;0.1
93576;21.5;40.4;0.6
93578;21.4;39.1;0.7
93580;21.4;38.8;-0.2
93582;21.4;38.8;0.6
93584;21.5;39.7;0.7
93586;21.5;40.4;-0.3
93588;21.4;40.2;0.6
93590;21.6;40;0.5
93592;21.7;39.6;-0.2
93594;21.8;39.8;0.9
93596;21.9;40.2;0.2
93598;21.8;40.4;-0.1
93600;21.6;40.7;0.8
93602;21.8;40.3;0.1
93604;21.5;39.6;0
93606;21.2;38.8;0.7
93608;21.9;39.9;-0.1
93610;21.6;40;0.5
93612;21.4;39.8;0.7
93614;21.4;39.9;0.2
93616;21.4;40.1;0.4
93618;21.7;40;0.3
93620;21.3;39.1;0
93622;21.4;38.7;0.1
93624;21.8;40;0.6
93626;21.6;40.2;0.3
93628;21.4;40.1;0
93630;21.4;40.1;0.8
93632;21.7;39.5;0.3
93634;21.9;39.5;0
93636;21.5;38.9;0.6
93638;21.6;39.9;0.5
93640;21.6;40.3;0.5
93642;21.5;40.2;0.1
93644;21.7;40.5;0.2
93646;21.6;39.7;0.5
93648;21.6;39.4;0
93650;21.7;39.9;0.4
93652;21.8;40;0.9
93654;21.3;39.9;0
93656;21.7;40.3;0.1
93658;21.7;40.4;0.9
93660;21.5;39.4;-0.4
93662;21.7;39.5;0.7
93664;21.6;39.2;0.3
93666;21.6;40;-0.2
93668;21.9;40.7;1
93670;21.4;40;0
93672;21.1;39.5;0.1
93674;21.5;39.4;0.9
93676;21.8;39.1;0.1
93678;21.6;39.5;0.6
93680;21.5;39.6;0.5
93682;21.3;39.9;-0.1
93684;21.4;39.9;0.4
93686;21.6;40.4;0.3
93688;21.8;40;-0.3
93690;21.6;39.3;0.8
93692;21.4;39.1;0.2
93694;21.4;39.4;-0.1
93696;21.7;40.4;0.7
93698;21.3;40.1;0
93700;21.7;40.6;0.4
93702;21.8;40;0.5
93704;21.4;39;0
93706;21.5;39;0.2
93708;21.7;40;0.6
93710;21.4;39.9;-0.3
93712;21.7;40.7;0.4
93714;21.7;40.5;0.6
93716;21.9;40;-0.2
93718;21.7;39.4;1.1
93720;21.6;39.5;0.1
93722;21.7;39.8;-0.1
93724;21.8;39.6;0.8
93726;21.5;39.9;0.5
93728;21.5;39.6;0
93730;21.8;40.6;0.7
93732;21.8;40.4;0.1
93734;21.8;39.9;-0.1
93736;21.5;39.3;1
93738;21.4;39.3;0
93740;21.6;40.2;0.4
93742;21.3;39.6;0.6
93744;21.3;39.9;0.1
93746;21.5;40.3;0.7
93748;22;40.7;0.1
93750;21.9;40;0.1
93752;21.3;38.9;0.6
93754;21.7;39.3;-0.2
93756;21.3;38.8;0.5
93758;21.5;39.7;0.2
93760;21.4;40.4;0
93762;21.5;40.4;0.4
93764;21.6;39.8;0.2
93766;21.5;39.4;0
93768;21.7;39.7;0.7
93770;21.5;39.4;0.2
93772;21.4;39.8;0
93774;21.4;39.9;0.5
93776;21.6;40.7;0.6
93778;21.9;40.3;0
93780;21.2;38.6;0.5
93782;21.6;38.8;0.3
93784;21.6;39.8;-0.1
93786;21.4;40.3;0.5
93788;21.9;41.4;0.2
93790;21.4;39.8;0.2
93792;21.5;38.9;0.5
93794;21.6;39;0.3
93796;21.8;39.8;0.2
93798;21.6;40.2;0.4
93800;21.6;40.8;0.3
93802;21.7;40.8;0
93804;21.5;39.8;0.1
93806;21.4;38.8;0.4
93808;21.8;39.8;0
93810;21.3;39.9;0.4
93812;21.7;40.6;0.5
93814;21.8;40.1;0.2
93816;21.7;39.8;0.5
93818;21.5;38.9;0.2
93820;21.4;38.9;0.1
93822;21.7;39.5;0.3
93824;21.4;40;0.4
93826;21.8;40.7;0.4
93828;21.3;39.6;0.7
93830;21.6;39.2;0.1
93832;21.4;38.7;0
93834;21.5;39.4;0.8
93836;21.4;39.7;0
93838;21.7;41.1;0
93840;21.3;40.3;0.5
93842;21.4;39.6;0.1
93844;21.7;39.5;0
93846;21.6;39.2;0.3
93848;21.3;39.3;0.5
93850;21.7;40.7;0.5
93852;21.8;41;0.3
93854;21.5;39.8;0.2
93856;21.5;39.3;0.4
93858;21.7;39.5;0.2
93860;21.6;39.4;0.1
93862;21.6;40;0.5
93864;21.5;40.5;0.4
93866;21.4;40;0.2
93868;21.8;39.9;0.4
93870;21.6;39;0.4
93872;21.5;39.3;0.8
93874;21.2;39.7;0
93876;21.6;40.6;0.2
93878;21.6;40.1;0.5
93880;21.4;38.9;0.3
93882;21.6;38.6;0.5
93884;21.4;39;0.1
93886;21.6;39.7;0.4
93888;21.7;40.9;0.9
93890;21.5;40.3;0.6
93892;21.4;39.2;0.3
93894;21.6;39;0.6
93896;21.8;39.5;0.6
93898;21.6;39.8;-0.4
93900;21.8;40.8;0.9
93902;21.2;39.9;0.6
93904;21.4;39.5;0
93906;21.5;39.1;0.8
93908;21.4;39;0
93910;21.7;39.5;0
93912;21.4;40.3;0.4
93914;21.5;40.6;0.5
93916;21.5;39.8;0
93918;21.7;39.5;0.1
93920;21.4;38.6;0.4
93922;21.1;38.9;-0.1
93924;21.8;40.5;0.9
93926;21.7;40.8;0.4
93928;21.8;40.7;0
93930;21.5;39.1;0.4
93932;21.6;38.8;-0.1
93934;21.5;39.1;0.4
93936;21.3;39.6;0.6
93938;21.5;39.9;-0.1
93940;21.6;40.7;0.6
93942;21.4;39.5;0.6
93944;21.4;39.2;0
93946;21.4;38.8;0.4
93948;21.6;39.9;0.2
93950;21.8;40.1;0.4
93952;21.3;40.3;0.2
93954;21.9;40.6;0.1
93956;21.7;40.4;0.5
93958;21.2;39;0.1
93960;21.6;39;0.2
93962;21.8;39.3;0.4
93964;21.3;39.3;0
93966;21.4;39.9;0.3
93968;21.4;40.2;0.8
93970;21.3;39.7;-0.3
93972;21.4;39.3;0.6
93974;21.4;39.2;0.2
93976;21.4;38.9;0
93978;21.9;40;0.5
93980;21.3;39.8;0.2
93982;21.5;40;0.1
93984;21.7;39.8;0.3
93986;21.4;39.6;0.1
93988;21.6;39.8;0.4
93990;21.6;39.2;0.2
93992;21.3;39.4;0.4
93994;21.6;39.5;0.5
93996;21.7;40.3;0.1
93998;21.8;40.6;0.2
94000;22.1;40.3;0.5
94002;21.8;39.7;0.3
94004;21.5;39.1;-0.2
94006;21.6;39.5;0.4
94008;21.8;40.2;0.9
94010;21.9;40.9;0.1
94012;21.9;40.7;0.4
94014;21.4;40;0.2
94016;21.5;39.5;0
94018;21.8;40;0.1
94020;21.7;39.6;0.7
94022;21.5;39.5;0
94024;21.5;39.9;0
94026;21.3;40.3;1.1
94028;21.5;40.2;0
94030;21.3;39.5;0
94032;21.8;39.7;0.9
94034;21.7;39.1;0.1
94036;21.4;39.7;0.1
94038;21.4;39.9;0.6
94040;21.5;40.2;0.1
94042;21.7;40.8;0.3
94044;21.4;40;0.4
94046;21.7;39.7;-0.4
94048;21.5;38.7;0.6
94050;21.5;39.4;0.7
94052;21.5;40.4;0
94054;21.9;41.1;1
94056;21.4;40;0.1
94058;21.3;38.8;0.2
94060;21.4;38.6;0.9
94062;21.7;39;0
94064;21.6;40;0.6
94066;21.6;40.5;0.7
94068;21.9;40.7;0
94070;21.4;39.5;0.5
94072;21.7;39;0.6
94074;21.5;38.9;0
94076;21.7;39.7;0.2
94078;21.2;39.9;0.4
94080;21.7;40.6;0.4
94082;21.6;40;0.5
94084;21.2;38.9;0.2
94086;21.5;39;0.2
94088;21.2;39.1;0.5
94090;21.6;40.4;0.2
94092;21.4;40.2;0.4
94094;21.2;39.7;0
94096;21.6;40.2;0.2
94098;21.7;39.3;0.8
94100;21.7;39.8;0
94102;21.6;39.9;0.2
94104;21.7;40.9;0.4
94106;21.5;40.6;0.6
94108;21.7;40.2;0.4
94110;21.3;38.8;0.4
94112;21.8;39.2;0.8
94114;21.5;39.3;0.1
94116;21.5;40.2;0.2
94118;21.2;40.4;0.6
94120;21.9;40.8;-0.1
94122;21.5;39.5;0.7
94124;21.4;39.5;0.3
94126;21.7;39.6;0
94128;21.7;40.1;0.6
94130;21.5;40.4;0.1
94132;21.5;40.5;-0.1
94134;21.9;40.5;0.9
94136;21.6;39.4;0.6
94138;21.6;39;0
94140;21.6;40;0.9
94142;21.3;40;0.1
94144;21.6;40.4;0
94146;21.7;40.6;1.2
94148;21.7;40;-0.3
94150;21.4;39.1;0.2
94152;21.9;39.9;1
94154;21.9;39.7;-0.2
94156;21.4;40.1;0.7
94158;21.9;40.8;0.5
94160;21.2;39.2;-0.5
94162;21.3;38.8;1.1
94164;21.7;39.7;0.1
94166;21.7;39.7;-0.1
94168;21.9;40.6;0.8
94170;21.4;40.3;0.1
94172;21.5;40.4;0.4
94174;21.4;39;0.7
94176;21.6;38.8;0
94178;21.3;38.8;0.2
94180;21.6;40.2;0.6
94182;21.8;40.9;0
94184;21.4;40.2;0.4
94186;21.3;39.3;1.1
94188;21.4;38.8;0
94190;21.6;39.3;0.3
94192;21.4;39.5;0.7
94194;21.3;40.4;-0.4
94196;21.8;40.9;0.6
94198;21.8;40.1;0.8
94200;21.7;39.1;0.1
94202;21.2;38.8;0.5
94204;21.7;40.2;0.5
94206;21.6;40.3;0.1
94208;21.8;40.8;0.2
94210;21.7;39.8;0.2
94212;21.3;38.5;0.3
94214;21.5;39.2;0.6
94216;21.6;39.5;0.1
94218;21.8;40.9;-0.1
94220;21.7;40.3;1.2
94222;21.1;39.6;0.1
94224;21.6;38.9;0.1
94226;21.7;39.3;0.8
94228;21.4;39.6;-0.3
94230;21.8;40.5;0.1
94232;21.6;40.6;0.6
94234;21.3;39.8;-0.5
94236;21.7;39.4;0.7
94238;21.9;39.3;0.4
94240;21.4;39.1;-0.3
94242;21.8;40.4;1.2
94244;21.7;40.6;0
94246;21.6;40.2;0.1
94248;21.6;39.4;1
94250;21.5;39.2;-0.2
94252;21.8;39.8;0.6
94254;21.2;39.6;0.4
94256;21.7;41.1;-0.4
94258;21.4;40.3;0.5
94260;21.6;39.8;0.4
94262;21.7;39.2;0.1
94264;21.6;38.9;0.5
94266;21.5;39.5;0
94268;21.4;40.4;0.1
94270;21.5;40.4;0.5
94272;21.4;39.2;0.4
94274;21.5;39;-0.1
94276;21.7;39.1;0.6
94278;21.3;39.1;0.7
94280;21.7;40.4;0
94282;21.3;39.9;0.4
94284;21.4;39.7;0.4
94286;21.4;39.4;0
94288;21.9;39.5;0.8
94290;21.6;39.4;0.4
94292;21.7;39.9;0
94294;21.6;40.9;0.3
94296;21.4;40.2;0.1
94298;21.4;39.7;0.1
94300;21.3;39;0.2
94302;21.7;39;0.4
94304;21.3;39.7;0.2
94306;21.5;40.5;0.4
94308;21.9;40.8;0.1
94310;21.3;39.6;0.5
94312;21.4;38.9;0.5
94314;21.5;38.6;0
94316;21.7;39.7;0.2
94318;21.9;40.5;0.8
94320;21.6;41;0.2
94322;21.5;39.8;0.3
94324;21.5;39.1;0.6
94326;21.5;38.6;0.4
94328;21.4;39.3;0.5
94330;21.7;40.5;0.2
94332;21.7;40.8;0.3
94334;21.3;39.9;0.2
94336;21.3;39.2;0.2
94338;21.7;39.5;0.5
94340;21.4;38.7;0.2
94342;21.3;39.5;0.1
94344;22;41;0.7
94346;21.8;40.7;0.3
94348;21.7;40.2;0.5
94350;21.3;39.1;0.6
94352;21.5;39.2;0
94354;21.6;39.5;0.2
94356;21.6;40.4;0.6
94358;21.4;40;0
94360;21.4;39.8;0.3
94362;21.8;39.1;0.4
94364;21.4;38.9;0
94366;21.7;39.3;0.7
94368;21.7;40.3;0.1
94370;21.4;40.2;0.1
94372;21.6;40.1;1
94374;21.7;40.1;-0.2
94376;21.7;39.5;0.2
94378;21.5;38.9;0.6
94380;21.6;39.5;-0.3
94382;21.7;40.1;0.7
94384;21.7;40.7;0.1
94386;21.3;40.1;0.1
94388;21.4;39.5;0.7
94390;21.2;39;0
94392;21.4;39.3;0.5
94394;21.5;39.5;0.6
94396;21.6;40;-0.1
94398;21.8;40.8;0.9
94400;21.5;40;0.5
94402;21.4;39.3;0
94404;21.4;39.2;0.3
94406;21.4;39.1;0.5
94408;21.7;39.9;0
94410;21.3;39.7;0.1
94412;21.7;40.8;0.5
94414;21.7;40.6;0.5
94416;21.5;39.6;0.2
94418;21.9;39.6;0.9
94420;21.4;38.8;0.4
94422;21.7;39.3;-0.4
94424;22.1;40.4;0.6
94426;21.6;40.4;0.2
94428;21.6;40.4;-0.2
94430;21.5;39.6;0.8
94432;21.6;39.1;0
94434;21.3;39.1;0.1
94436;21.8;39.4;0.9
94438;22;40.4;0
94440;21.4;39.8;0.4
94442;21.7;40.2;0.8
94444;21.6;39.9;0
94446;21.4;39.2;0.8
94448;21.6;39;0.3
94450;21.9;39.6;0.2
94452;21.6;39.8;1.1
94454;21.6;40.3;-0.1
94456;21.5;40.2;0
94458;21.8;40.3;0.8
94460;21.5;39.2;-0.5
94462;21.6;38.9;0.6
94464;21.8;39.6;0.7
94466;21.7;40.4;-0.3
94468;21.6;40.9;0.8
94470;21.6;40;0.5
94472;21.4;39.4;-0.1
94474;21.4;39;1
94476;21.7;39.4;0.3
94478;21.5;39.7;0
94480;21.5;40;0.6
94482;21.6;40.4;0.6
94484;21.5;39.9;0.1
94486;21.4;39.2;0.2
94488;21.5;39.2;0.6
94490;21.8;39.4;0.8
94492;21.4;39.6;0
94494;21.9;41;0
94496;21.8;40.9;0.6
94498;21.8;40.1;0.3
94500;21.4;39.2;0
94502;21.4;39.2;0.5
94504;21.5;39.5;0.2
94506;21.6;40.5;0
94508;21.2;40.1;0.6
94510;21.3;39.6;0.1
94512;21.3;39;0.1
94514;21.5;38.6;0.6
94516;21.5;38.9;0.1
94518;21.9;40.5;0.2
94520;21.5;40.4;0.2
94522;21.4;40;-0.1
94524;21.7;40;0.2
94526;21.5;38.9;0.3
94528;21.6;39.5;0.1
94530;21.4;39.2;0.2
94532;21.5;40;0.6
94534;21.7;40.1;0
94536;21.4;40;0.4
94538;21.8;40.2;0.2
94540;21.3;38.9;0.1
94542;21.4;39.1;0.4
94544;21.4;39.1;0
94546;21.7;40;0.5
94548;21.6;40.3;0.7
94550;21.9;40.5;0
94552;21.7;40.2;0.4
94554;21.6;39.8;0.2
94556;21.4;39.1;0
94558;21.5;38.9;0.6
94560;21.7;40.6;0
94562;21.6;40;0
94564;21.4;39.8;0.5
94566;21.6;40.3;0
94568;21.7;39.2;0.2
94570;21.4;39;0.6
94572;21.5;39.8;0.3
94574;21.8;40.5;0.2
94576;21.4;40.4;0.6
94578;21.8;40.3;0.4
94580;21.5;39.5;0.4
94582;21.7;39.1;0.1
94584;21.7;39;0
94586;21.7;40;0.6
94588;21.3;39.9;0.5
94590;21.6;40.9;0.2
94592;21.7;40.1;0.6
94594;21.9;39.8;0.1
94596;21.9;39.4;0
94598;21.3;39.2;0.2
94600;21.7;40.6;0.5
94602;22;41;0.1
94604;21.7;40.7;0.4
94606;21.7;39.8;0.7
94608;21.3;38.7;-0.2
94610;21.9;39.3;0.2
94612;21.4;39.6;1
94614;21.4;40.5;-0.2
94616;21.7;40.8;1.1
94618;21.6;40;0.2
94620;21.6;38.7;0
94622;21.6;39.2;0.7
94624;21.6;40.2;0.1
94626;21.4;40.5;0.3
94628;21.7;40.4;0.2
94630;21.6;39.9;0
94632;21.4;39;0.7
94634;21.4;38.7;0.6
94636;21.5;39.5;0
94638;21.8;40.9;0
94640;21.4;40.6;0.6
94642;21.3;39.9;0.3
94644;21.4;38.8;0.2
94646;21.5;38.7;0
94648;21.7;39.9;0.4
94650;21.6;40.1;0.4
94652;21.6;40.5;0.3
94654;21.8;40.2;0.5
94656;21.5;39.3;0.4
94658;21.6;38.9;-0.1
94660;21.3;39.6;0.6
94662;21.7;39.9;-0.1
94664;21.8;41.1;-0.1
94666;21.5;40.1;0.8
94668;21.7;39.8;0.1
94670;21.4;38.5;0.4
94672;22;39.5;0.5
94674;21.6;39.8;0.1
94676;21.7;41.1;0.8
94678;21.6;40.9;0.6
94680;21.6;39.3;0
94682;21.5;38.6;0.5
94684;21.4;39.1;0.2
